step,train_loss,val_loss,train_acc,val_acc,in_context_acc
0,0.6931473612785339,0.6921588182449341,0.5230000019073486,0.8740000128746033,0.9713500142097473
1,0.6921417713165283,0.6921588182449341,0.8889999985694885,0.8740000128746033,0.9713500142097473
2,0.6910799145698547,0.6921588182449341,0.9300000071525574,0.8740000128746033,0.9713500142097473
3,0.690114438533783,0.6921588182449341,0.9350000023841858,0.8740000128746033,0.9713500142097473
4,0.6891769766807556,0.6921588182449341,0.9399999976158142,0.8740000128746033,0.9713500142097473
5,0.6881921291351318,0.6921588182449341,0.9539999961853027,0.8740000128746033,0.9713500142097473
6,0.6870031952857971,0.6921588182449341,0.9589999914169312,0.8740000128746033,0.9713500142097473
7,0.6861412525177002,0.6921588182449341,0.9430000185966492,0.8740000128746033,0.9713500142097473
8,0.685411810874939,0.6921588182449341,0.9359999895095825,0.8740000128746033,0.9713500142097473
9,0.6843787431716919,0.6921588182449341,0.9419999718666077,0.8740000128746033,0.9713500142097473
10,0.6833280920982361,0.6921588182449341,0.9490000009536743,0.8740000128746033,0.9713500142097473
11,0.6826749444007874,0.6921588182449341,0.9440000057220459,0.8740000128746033,0.9713500142097473
12,0.6816728711128235,0.6921588182449341,0.9409999847412109,0.8740000128746033,0.9713500142097473
13,0.680630624294281,0.6921588182449341,0.9440000057220459,0.8740000128746033,0.9713500142097473
14,0.6791423559188843,0.6921588182449341,0.9480000138282776,0.8740000128746033,0.9713500142097473
15,0.6787886023521423,0.6921588182449341,0.9440000057220459,0.8740000128746033,0.9713500142097473
16,0.6770825982093811,0.6921588182449341,0.9509999752044678,0.8740000128746033,0.9713500142097473
17,0.6764931678771973,0.6921588182449341,0.9480000138282776,0.8740000128746033,0.9713500142097473
18,0.6752867698669434,0.6921588182449341,0.9539999961853027,0.8740000128746033,0.9713500142097473
19,0.674267590045929,0.6921588182449341,0.9459999799728394,0.8740000128746033,0.9713500142097473
20,0.6740805506706238,0.6921588182449341,0.9610000252723694,0.8740000128746033,0.9713500142097473
21,0.6727497577667236,0.6921588182449341,0.9639999866485596,0.8740000128746033,0.9713500142097473
22,0.6714652180671692,0.6921588182449341,0.949999988079071,0.8740000128746033,0.9713500142097473
23,0.6702224016189575,0.6921588182449341,0.9639999866485596,0.8740000128746033,0.9713500142097473
24,0.6700661182403564,0.6921588182449341,0.9430000185966492,0.8740000128746033,0.9713500142097473
25,0.6674026250839233,0.6921588182449341,0.9679999947547913,0.8740000128746033,0.9713500142097473
26,0.6674346923828125,0.6921588182449341,0.9660000205039978,0.8740000128746033,0.9713500142097473
27,0.6681492328643799,0.6921588182449341,0.9440000057220459,0.8740000128746033,0.9713500142097473
28,0.6668630242347717,0.6921588182449341,0.949999988079071,0.8740000128746033,0.9713500142097473
29,0.6645910739898682,0.6921588182449341,0.9470000267028809,0.8740000128746033,0.9713500142097473
30,0.6638686656951904,0.6921588182449341,0.9419999718666077,0.8740000128746033,0.9713500142097473
31,0.6621263027191162,0.6921588182449341,0.9509999752044678,0.8740000128746033,0.9713500142097473
32,0.6626039147377014,0.6921588182449341,0.9490000009536743,0.8740000128746033,0.9713500142097473
33,0.6614432334899902,0.6921588182449341,0.9539999961853027,0.8740000128746033,0.9713500142097473
34,0.6599336862564087,0.6921588182449341,0.9470000267028809,0.8740000128746033,0.9713500142097473
35,0.6598858833312988,0.6921588182449341,0.9549999833106995,0.8740000128746033,0.9713500142097473
36,0.6582835912704468,0.6921588182449341,0.9670000076293945,0.8740000128746033,0.9713500142097473
37,0.6580356955528259,0.6921588182449341,0.9509999752044678,0.8740000128746033,0.9713500142097473
38,0.6555820107460022,0.6921588182449341,0.9580000042915344,0.8740000128746033,0.9713500142097473
39,0.6546781063079834,0.6921588182449341,0.9520000219345093,0.8740000128746033,0.9713500142097473
40,0.6539722681045532,0.6921588182449341,0.9570000171661377,0.8740000128746033,0.9713500142097473
41,0.6543015241622925,0.6921588182449341,0.9589999914169312,0.8740000128746033,0.9713500142097473
42,0.6536552309989929,0.6921588182449341,0.9549999833106995,0.8740000128746033,0.9713500142097473
43,0.6514879465103149,0.6921588182449341,0.9480000138282776,0.8740000128746033,0.9713500142097473
44,0.6511549353599548,0.6921588182449341,0.9539999961853027,0.8740000128746033,0.9713500142097473
45,0.6491332650184631,0.6921588182449341,0.949999988079071,0.8740000128746033,0.9713500142097473
46,0.6505581140518188,0.6921588182449341,0.9390000104904175,0.8740000128746033,0.9713500142097473
47,0.6477672457695007,0.6921588182449341,0.9509999752044678,0.8740000128746033,0.9713500142097473
48,0.6474931836128235,0.6921588182449341,0.9580000042915344,0.8740000128746033,0.9713500142097473
49,0.6471520662307739,0.6921588182449341,0.9580000042915344,0.8740000128746033,0.9713500142097473
50,0.6466716527938843,0.6461775898933411,0.9599999785423279,0.9419999718666077,0.9957000017166138
51,0.6441669464111328,0.6461775898933411,0.9580000042915344,0.9419999718666077,0.9957000017166138
52,0.6441837549209595,0.6461775898933411,0.9559999704360962,0.9419999718666077,0.9957000017166138
53,0.641701340675354,0.6461775898933411,0.9539999961853027,0.9419999718666077,0.9957000017166138
54,0.6420877575874329,0.6461775898933411,0.9559999704360962,0.9419999718666077,0.9957000017166138
55,0.6443572640419006,0.6461775898933411,0.9359999895095825,0.9419999718666077,0.9957000017166138
56,0.6399268507957458,0.6461775898933411,0.9430000185966492,0.9419999718666077,0.9957000017166138
57,0.6399474143981934,0.6461775898933411,0.9549999833106995,0.9419999718666077,0.9957000017166138
58,0.6388055086135864,0.6461775898933411,0.9520000219345093,0.9419999718666077,0.9957000017166138
59,0.6376261115074158,0.6461775898933411,0.9490000009536743,0.9419999718666077,0.9957000017166138
60,0.6369239091873169,0.6461775898933411,0.9559999704360962,0.9419999718666077,0.9957000017166138
61,0.6372528076171875,0.6461775898933411,0.9559999704360962,0.9419999718666077,0.9957000017166138
62,0.6346101760864258,0.6461775898933411,0.9480000138282776,0.9419999718666077,0.9957000017166138
63,0.6333329081535339,0.6461775898933411,0.9620000123977661,0.9419999718666077,0.9957000017166138
64,0.6346721053123474,0.6461775898933411,0.9580000042915344,0.9419999718666077,0.9957000017166138
65,0.6323967576026917,0.6461775898933411,0.9520000219345093,0.9419999718666077,0.9957000017166138
66,0.6327767968177795,0.6461775898933411,0.9570000171661377,0.9419999718666077,0.9957000017166138
67,0.6322389841079712,0.6461775898933411,0.9409999847412109,0.9419999718666077,0.9957000017166138
68,0.6303400993347168,0.6461775898933411,0.9559999704360962,0.9419999718666077,0.9957000017166138
69,0.6314219236373901,0.6461775898933411,0.9440000057220459,0.9419999718666077,0.9957000017166138
70,0.6296011805534363,0.6461775898933411,0.9449999928474426,0.9419999718666077,0.9957000017166138
71,0.6262134313583374,0.6461775898933411,0.9509999752044678,0.9419999718666077,0.9957000017166138
72,0.6271514892578125,0.6461775898933411,0.9570000171661377,0.9419999718666077,0.9957000017166138
73,0.6256852746009827,0.6461775898933411,0.9580000042915344,0.9419999718666077,0.9957000017166138
74,0.6257289052009583,0.6461775898933411,0.9559999704360962,0.9419999718666077,0.9957000017166138
75,0.6242693662643433,0.6461775898933411,0.9589999914169312,0.9419999718666077,0.9957000017166138
76,0.6226941347122192,0.6461775898933411,0.953000009059906,0.9419999718666077,0.9957000017166138
77,0.621963381767273,0.6461775898933411,0.9520000219345093,0.9419999718666077,0.9957000017166138
78,0.6215673089027405,0.6461775898933411,0.953000009059906,0.9419999718666077,0.9957000017166138
79,0.6204920411109924,0.6461775898933411,0.9580000042915344,0.9419999718666077,0.9957000017166138
80,0.6203378438949585,0.6461775898933411,0.9610000252723694,0.9419999718666077,0.9957000017166138
81,0.6197868585586548,0.6461775898933411,0.953000009059906,0.9419999718666077,0.9957000017166138
82,0.6194188594818115,0.6461775898933411,0.9539999961853027,0.9419999718666077,0.9957000017166138
83,0.6171371340751648,0.6461775898933411,0.9589999914169312,0.9419999718666077,0.9957000017166138
84,0.616439700126648,0.6461775898933411,0.9599999785423279,0.9419999718666077,0.9957000017166138
85,0.6177390217781067,0.6461775898933411,0.9470000267028809,0.9419999718666077,0.9957000017166138
86,0.6153187155723572,0.6461775898933411,0.9559999704360962,0.9419999718666077,0.9957000017166138
87,0.6148936748504639,0.6461775898933411,0.9490000009536743,0.9419999718666077,0.9957000017166138
88,0.6146886944770813,0.6461775898933411,0.9629999995231628,0.9419999718666077,0.9957000017166138
89,0.6126787662506104,0.6461775898933411,0.9539999961853027,0.9419999718666077,0.9957000017166138
90,0.6108623147010803,0.6461775898933411,0.9610000252723694,0.9419999718666077,0.9957000017166138
91,0.6150739192962646,0.6461775898933411,0.9440000057220459,0.9419999718666077,0.9957000017166138
92,0.6105774641036987,0.6461775898933411,0.9649999737739563,0.9419999718666077,0.9957000017166138
93,0.6127449870109558,0.6461775898933411,0.9409999847412109,0.9419999718666077,0.9957000017166138
94,0.6113209128379822,0.6461775898933411,0.9449999928474426,0.9419999718666077,0.9957000017166138
95,0.6082459688186646,0.6461775898933411,0.9610000252723694,0.9419999718666077,0.9957000017166138
96,0.6078025102615356,0.6461775898933411,0.9599999785423279,0.9419999718666077,0.9957000017166138
97,0.609464704990387,0.6461775898933411,0.949999988079071,0.9419999718666077,0.9957000017166138
98,0.6064040660858154,0.6461775898933411,0.9580000042915344,0.9419999718666077,0.9957000017166138
99,0.6061623692512512,0.6461775898933411,0.9509999752044678,0.9419999718666077,0.9957000017166138
100,0.6060744524002075,0.603959858417511,0.9559999704360962,0.9670000076293945,0.9958999752998352
101,0.6076529622077942,0.603959858417511,0.9380000233650208,0.9670000076293945,0.9958999752998352
102,0.6033817529678345,0.603959858417511,0.953000009059906,0.9670000076293945,0.9958999752998352
103,0.6005300879478455,0.603959858417511,0.9520000219345093,0.9670000076293945,0.9958999752998352
104,0.60047447681427,0.603959858417511,0.9570000171661377,0.9670000076293945,0.9958999752998352
105,0.5994623303413391,0.603959858417511,0.9629999995231628,0.9670000076293945,0.9958999752998352
106,0.601141095161438,0.603959858417511,0.9620000123977661,0.9670000076293945,0.9958999752998352
107,0.6023538708686829,0.603959858417511,0.9549999833106995,0.9670000076293945,0.9958999752998352
108,0.6008374691009521,0.603959858417511,0.949999988079071,0.9670000076293945,0.9958999752998352
109,0.5998750329017639,0.603959858417511,0.9509999752044678,0.9670000076293945,0.9958999752998352
110,0.5954570174217224,0.603959858417511,0.9679999947547913,0.9670000076293945,0.9958999752998352
111,0.5953266024589539,0.603959858417511,0.9509999752044678,0.9670000076293945,0.9958999752998352
112,0.5973566174507141,0.603959858417511,0.9459999799728394,0.9670000076293945,0.9958999752998352
113,0.5952922701835632,0.603959858417511,0.9549999833106995,0.9670000076293945,0.9958999752998352
114,0.5954532623291016,0.603959858417511,0.949999988079071,0.9670000076293945,0.9958999752998352
115,0.5915419459342957,0.603959858417511,0.953000009059906,0.9670000076293945,0.9958999752998352
116,0.5921506285667419,0.603959858417511,0.9490000009536743,0.9670000076293945,0.9958999752998352
117,0.588339626789093,0.603959858417511,0.9639999866485596,0.9670000076293945,0.9958999752998352
118,0.5891644954681396,0.603959858417511,0.953000009059906,0.9670000076293945,0.9958999752998352
119,0.5915704369544983,0.603959858417511,0.9380000233650208,0.9670000076293945,0.9958999752998352
120,0.5900979042053223,0.603959858417511,0.9589999914169312,0.9670000076293945,0.9958999752998352
121,0.5914976000785828,0.603959858417511,0.9580000042915344,0.9670000076293945,0.9958999752998352
122,0.5889042615890503,0.603959858417511,0.9559999704360962,0.9670000076293945,0.9958999752998352
123,0.5895788669586182,0.603959858417511,0.9490000009536743,0.9670000076293945,0.9958999752998352
124,0.5850301384925842,0.603959858417511,0.9620000123977661,0.9670000076293945,0.9958999752998352
125,0.5849401950836182,0.603959858417511,0.9580000042915344,0.9670000076293945,0.9958999752998352
126,0.5862533450126648,0.603959858417511,0.9599999785423279,0.9670000076293945,0.9958999752998352
127,0.5884743332862854,0.603959858417511,0.9430000185966492,0.9670000076293945,0.9958999752998352
128,0.5843262076377869,0.603959858417511,0.9549999833106995,0.9670000076293945,0.9958999752998352
129,0.5803918242454529,0.603959858417511,0.9520000219345093,0.9670000076293945,0.9958999752998352
130,0.5809114575386047,0.603959858417511,0.9480000138282776,0.9670000076293945,0.9958999752998352
131,0.5810054540634155,0.603959858417511,0.9599999785423279,0.9670000076293945,0.9958999752998352
132,0.5772668719291687,0.603959858417511,0.9599999785423279,0.9670000076293945,0.9958999752998352
133,0.5805923342704773,0.603959858417511,0.9639999866485596,0.9670000076293945,0.9958999752998352
134,0.5767371654510498,0.603959858417511,0.953000009059906,0.9670000076293945,0.9958999752998352
135,0.5808843970298767,0.603959858417511,0.9509999752044678,0.9670000076293945,0.9958999752998352
136,0.5800551176071167,0.603959858417511,0.9459999799728394,0.9670000076293945,0.9958999752998352
137,0.5825684666633606,0.603959858417511,0.9480000138282776,0.9670000076293945,0.9958999752998352
138,0.579602062702179,0.603959858417511,0.9409999847412109,0.9670000076293945,0.9958999752998352
139,0.5722920894622803,0.603959858417511,0.9610000252723694,0.9670000076293945,0.9958999752998352
140,0.5772408843040466,0.603959858417511,0.9589999914169312,0.9670000076293945,0.9958999752998352
141,0.5750088691711426,0.603959858417511,0.9520000219345093,0.9670000076293945,0.9958999752998352
142,0.5766016840934753,0.603959858417511,0.9490000009536743,0.9670000076293945,0.9958999752998352
143,0.5758129954338074,0.603959858417511,0.9470000267028809,0.9670000076293945,0.9958999752998352
144,0.5697546601295471,0.603959858417511,0.9549999833106995,0.9670000076293945,0.9958999752998352
145,0.5748534202575684,0.603959858417511,0.9440000057220459,0.9670000076293945,0.9958999752998352
146,0.5741285681724548,0.603959858417511,0.9610000252723694,0.9670000076293945,0.9958999752998352
147,0.5687897801399231,0.603959858417511,0.9459999799728394,0.9670000076293945,0.9958999752998352
148,0.5715278387069702,0.603959858417511,0.9520000219345093,0.9670000076293945,0.9958999752998352
149,0.5699930191040039,0.603959858417511,0.9570000171661377,0.9670000076293945,0.9958999752998352
150,0.5688571929931641,0.5656390190124512,0.9440000057220459,0.9580000042915344,0.9955000281333923
151,0.5682181119918823,0.5656390190124512,0.9559999704360962,0.9580000042915344,0.9955000281333923
152,0.5672981142997742,0.5656390190124512,0.9509999752044678,0.9580000042915344,0.9955000281333923
153,0.5659893751144409,0.5656390190124512,0.9520000219345093,0.9580000042915344,0.9955000281333923
154,0.5653560757637024,0.5656390190124512,0.953000009059906,0.9580000042915344,0.9955000281333923
155,0.5659386515617371,0.5656390190124512,0.9549999833106995,0.9580000042915344,0.9955000281333923
156,0.5617546439170837,0.5656390190124512,0.9599999785423279,0.9580000042915344,0.9955000281333923
157,0.5606427192687988,0.5656390190124512,0.953000009059906,0.9580000042915344,0.9955000281333923
158,0.5603160262107849,0.5656390190124512,0.9559999704360962,0.9580000042915344,0.9955000281333923
159,0.5620725154876709,0.5656390190124512,0.9559999704360962,0.9580000042915344,0.9955000281333923
160,0.5583280324935913,0.5656390190124512,0.9599999785423279,0.9580000042915344,0.9955000281333923
161,0.5643478631973267,0.5656390190124512,0.9520000219345093,0.9580000042915344,0.9955000281333923
162,0.5587981343269348,0.5656390190124512,0.9620000123977661,0.9580000042915344,0.9955000281333923
163,0.5575159788131714,0.5656390190124512,0.9629999995231628,0.9580000042915344,0.9955000281333923
164,0.5553754568099976,0.5656390190124512,0.9660000205039978,0.9580000042915344,0.9955000281333923
165,0.5585296750068665,0.5656390190124512,0.9580000042915344,0.9580000042915344,0.9955000281333923
166,0.5603072047233582,0.5656390190124512,0.9589999914169312,0.9580000042915344,0.9955000281333923
167,0.5589282512664795,0.5656390190124512,0.9559999704360962,0.9580000042915344,0.9955000281333923
168,0.5540859699249268,0.5656390190124512,0.9599999785423279,0.9580000042915344,0.9955000281333923
169,0.5567668080329895,0.5656390190124512,0.9449999928474426,0.9580000042915344,0.9955000281333923
170,0.5580406785011292,0.5656390190124512,0.9610000252723694,0.9580000042915344,0.9955000281333923
171,0.5567008256912231,0.5656390190124512,0.9520000219345093,0.9580000042915344,0.9955000281333923
172,0.5580682158470154,0.5656390190124512,0.9390000104904175,0.9580000042915344,0.9955000281333923
173,0.5516901016235352,0.5656390190124512,0.9589999914169312,0.9580000042915344,0.9955000281333923
174,0.5513373017311096,0.5656390190124512,0.9610000252723694,0.9580000042915344,0.9955000281333923
175,0.5476810336112976,0.5656390190124512,0.949999988079071,0.9580000042915344,0.9955000281333923
176,0.547038197517395,0.5656390190124512,0.9539999961853027,0.9580000042915344,0.9955000281333923
177,0.5523444414138794,0.5656390190124512,0.9490000009536743,0.9580000042915344,0.9955000281333923
178,0.5545753240585327,0.5656390190124512,0.9459999799728394,0.9580000042915344,0.9955000281333923
179,0.5492602586746216,0.5656390190124512,0.9570000171661377,0.9580000042915344,0.9955000281333923
180,0.5452466607093811,0.5656390190124512,0.9570000171661377,0.9580000042915344,0.9955000281333923
181,0.5504885911941528,0.5656390190124512,0.9459999799728394,0.9580000042915344,0.9955000281333923
182,0.5516846179962158,0.5656390190124512,0.953000009059906,0.9580000042915344,0.9955000281333923
183,0.5519760847091675,0.5656390190124512,0.9480000138282776,0.9580000042915344,0.9955000281333923
184,0.5439842343330383,0.5656390190124512,0.9589999914169312,0.9580000042915344,0.9955000281333923
185,0.5453855991363525,0.5656390190124512,0.9520000219345093,0.9580000042915344,0.9955000281333923
186,0.5507203936576843,0.5656390190124512,0.9480000138282776,0.9580000042915344,0.9955000281333923
187,0.5501610636711121,0.5656390190124512,0.9419999718666077,0.9580000042915344,0.9955000281333923
188,0.5448929667472839,0.5656390190124512,0.9570000171661377,0.9580000042915344,0.9955000281333923
189,0.5446951985359192,0.5656390190124512,0.9549999833106995,0.9580000042915344,0.9955000281333923
190,0.546462893486023,0.5656390190124512,0.9459999799728394,0.9580000042915344,0.9955000281333923
191,0.5469947457313538,0.5656390190124512,0.9559999704360962,0.9580000042915344,0.9955000281333923
192,0.5380955934524536,0.5656390190124512,0.9589999914169312,0.9580000042915344,0.9955000281333923
193,0.5407005548477173,0.5656390190124512,0.9599999785423279,0.9580000042915344,0.9955000281333923
194,0.5426051020622253,0.5656390190124512,0.9570000171661377,0.9580000042915344,0.9955000281333923
195,0.5426297783851624,0.5656390190124512,0.9570000171661377,0.9580000042915344,0.9955000281333923
196,0.5430673956871033,0.5656390190124512,0.949999988079071,0.9580000042915344,0.9955000281333923
197,0.5386388897895813,0.5656390190124512,0.9649999737739563,0.9580000042915344,0.9955000281333923
198,0.5350654125213623,0.5656390190124512,0.9559999704360962,0.9580000042915344,0.9955000281333923
199,0.5405565500259399,0.5656390190124512,0.9599999785423279,0.9580000042915344,0.9955000281333923
200,0.5340974926948547,0.5337563753128052,0.9520000219345093,0.9599999785423279,0.9952999949455261
201,0.5352077484130859,0.5337563753128052,0.9549999833106995,0.9599999785423279,0.9952999949455261
202,0.5369200706481934,0.5337563753128052,0.9559999704360962,0.9599999785423279,0.9952999949455261
203,0.5331699252128601,0.5337563753128052,0.9570000171661377,0.9599999785423279,0.9952999949455261
204,0.5329152941703796,0.5337563753128052,0.9580000042915344,0.9599999785423279,0.9952999949455261
205,0.5350568890571594,0.5337563753128052,0.9459999799728394,0.9599999785423279,0.9952999949455261
206,0.5277280807495117,0.5337563753128052,0.9610000252723694,0.9599999785423279,0.9952999949455261
207,0.531520426273346,0.5337563753128052,0.9470000267028809,0.9599999785423279,0.9952999949455261
208,0.5281183123588562,0.5337563753128052,0.9549999833106995,0.9599999785423279,0.9952999949455261
209,0.528806746006012,0.5337563753128052,0.9480000138282776,0.9599999785423279,0.9952999949455261
210,0.533454418182373,0.5337563753128052,0.949999988079071,0.9599999785423279,0.9952999949455261
211,0.5295788645744324,0.5337563753128052,0.9470000267028809,0.9599999785423279,0.9952999949455261
212,0.5326330661773682,0.5337563753128052,0.9520000219345093,0.9599999785423279,0.9952999949455261
213,0.528862476348877,0.5337563753128052,0.9589999914169312,0.9599999785423279,0.9952999949455261
214,0.5334011912345886,0.5337563753128052,0.953000009059906,0.9599999785423279,0.9952999949455261
215,0.523942232131958,0.5337563753128052,0.9509999752044678,0.9599999785423279,0.9952999949455261
216,0.53508460521698,0.5337563753128052,0.9480000138282776,0.9599999785423279,0.9952999949455261
217,0.529861330986023,0.5337563753128052,0.9430000185966492,0.9599999785423279,0.9952999949455261
218,0.5316968560218811,0.5337563753128052,0.9580000042915344,0.9599999785423279,0.9952999949455261
219,0.5261673927307129,0.5337563753128052,0.9649999737739563,0.9599999785423279,0.9952999949455261
220,0.5273275375366211,0.5337563753128052,0.9559999704360962,0.9599999785423279,0.9952999949455261
221,0.524713933467865,0.5337563753128052,0.9520000219345093,0.9599999785423279,0.9952999949455261
222,0.525587797164917,0.5337563753128052,0.9580000042915344,0.9599999785423279,0.9952999949455261
223,0.5243417024612427,0.5337563753128052,0.953000009059906,0.9599999785423279,0.9952999949455261
224,0.5197790265083313,0.5337563753128052,0.9580000042915344,0.9599999785423279,0.9952999949455261
225,0.5232751369476318,0.5337563753128052,0.9490000009536743,0.9599999785423279,0.9952999949455261
226,0.5225881934165955,0.5337563753128052,0.9549999833106995,0.9599999785423279,0.9952999949455261
227,0.5212222933769226,0.5337563753128052,0.9390000104904175,0.9599999785423279,0.9952999949455261
228,0.5215285420417786,0.5337563753128052,0.949999988079071,0.9599999785423279,0.9952999949455261
229,0.5193360447883606,0.5337563753128052,0.9470000267028809,0.9599999785423279,0.9952999949455261
230,0.5173574686050415,0.5337563753128052,0.9620000123977661,0.9599999785423279,0.9952999949455261
231,0.5165420174598694,0.5337563753128052,0.9660000205039978,0.9599999785423279,0.9952999949455261
232,0.5172213912010193,0.5337563753128052,0.9490000009536743,0.9599999785423279,0.9952999949455261
233,0.5213327407836914,0.5337563753128052,0.949999988079071,0.9599999785423279,0.9952999949455261
234,0.5116921663284302,0.5337563753128052,0.9660000205039978,0.9599999785423279,0.9952999949455261
235,0.5187926292419434,0.5337563753128052,0.953000009059906,0.9599999785423279,0.9952999949455261
236,0.5164241790771484,0.5337563753128052,0.9559999704360962,0.9599999785423279,0.9952999949455261
237,0.5150052309036255,0.5337563753128052,0.9599999785423279,0.9599999785423279,0.9952999949455261
238,0.5190999507904053,0.5337563753128052,0.9570000171661377,0.9599999785423279,0.9952999949455261
239,0.5128728151321411,0.5337563753128052,0.9539999961853027,0.9599999785423279,0.9952999949455261
240,0.513103187084198,0.5337563753128052,0.9549999833106995,0.9599999785423279,0.9952999949455261
241,0.5108435153961182,0.5337563753128052,0.9629999995231628,0.9599999785423279,0.9952999949455261
242,0.5150787234306335,0.5337563753128052,0.9480000138282776,0.9599999785423279,0.9952999949455261
243,0.5093719363212585,0.5337563753128052,0.9580000042915344,0.9599999785423279,0.9952999949455261
244,0.5143128633499146,0.5337563753128052,0.9440000057220459,0.9599999785423279,0.9952999949455261
245,0.5165132284164429,0.5337563753128052,0.953000009059906,0.9599999785423279,0.9952999949455261
246,0.5129891633987427,0.5337563753128052,0.9559999704360962,0.9599999785423279,0.9952999949455261
247,0.5130965113639832,0.5337563753128052,0.9580000042915344,0.9599999785423279,0.9952999949455261
248,0.5112095475196838,0.5337563753128052,0.9589999914169312,0.9599999785423279,0.9952999949455261
249,0.5087734460830688,0.5337563753128052,0.9480000138282776,0.9599999785423279,0.9952999949455261
250,0.5084125399589539,0.5073621273040771,0.9520000219345093,0.9599999785423279,0.996150016784668
251,0.5097352266311646,0.5073621273040771,0.953000009059906,0.9599999785423279,0.996150016784668
252,0.5113949179649353,0.5073621273040771,0.9570000171661377,0.9599999785423279,0.996150016784668
253,0.5094163417816162,0.5073621273040771,0.9580000042915344,0.9599999785423279,0.996150016784668
254,0.5041272640228271,0.5073621273040771,0.9570000171661377,0.9599999785423279,0.996150016784668
255,0.5079231858253479,0.5073621273040771,0.9490000009536743,0.9599999785423279,0.996150016784668
256,0.5062091946601868,0.5073621273040771,0.9539999961853027,0.9599999785423279,0.996150016784668
257,0.5064941048622131,0.5073621273040771,0.9549999833106995,0.9599999785423279,0.996150016784668
258,0.5087658762931824,0.5073621273040771,0.9580000042915344,0.9599999785423279,0.996150016784668
259,0.5024850368499756,0.5073621273040771,0.9620000123977661,0.9599999785423279,0.996150016784668
260,0.5046144127845764,0.5073621273040771,0.953000009059906,0.9599999785423279,0.996150016784668
261,0.4997449219226837,0.5073621273040771,0.9580000042915344,0.9599999785423279,0.996150016784668
262,0.5077942609786987,0.5073621273040771,0.9419999718666077,0.9599999785423279,0.996150016784668
263,0.5069864988327026,0.5073621273040771,0.9570000171661377,0.9599999785423279,0.996150016784668
264,0.5035499334335327,0.5073621273040771,0.9520000219345093,0.9599999785423279,0.996150016784668
265,0.5014688372612,0.5073621273040771,0.9610000252723694,0.9599999785423279,0.996150016784668
266,0.5098832249641418,0.5073621273040771,0.9449999928474426,0.9599999785423279,0.996150016784668
267,0.50258469581604,0.5073621273040771,0.9520000219345093,0.9599999785423279,0.996150016784668
268,0.4962906837463379,0.5073621273040771,0.9570000171661377,0.9599999785423279,0.996150016784668
269,0.4966689348220825,0.5073621273040771,0.9610000252723694,0.9599999785423279,0.996150016784668
270,0.5011188983917236,0.5073621273040771,0.9559999704360962,0.9599999785423279,0.996150016784668
271,0.5035977363586426,0.5073621273040771,0.9399999976158142,0.9599999785423279,0.996150016784668
272,0.5004726648330688,0.5073621273040771,0.9480000138282776,0.9599999785423279,0.996150016784668
273,0.49674713611602783,0.5073621273040771,0.9520000219345093,0.9599999785423279,0.996150016784668
274,0.4959273636341095,0.5073621273040771,0.949999988079071,0.9599999785423279,0.996150016784668
275,0.49664413928985596,0.5073621273040771,0.9570000171661377,0.9599999785423279,0.996150016784668
276,0.4881862998008728,0.5073621273040771,0.9660000205039978,0.9599999785423279,0.996150016784668
277,0.49031686782836914,0.5073621273040771,0.9620000123977661,0.9599999785423279,0.996150016784668
278,0.48752331733703613,0.5073621273040771,0.9539999961853027,0.9599999785423279,0.996150016784668
279,0.49686917662620544,0.5073621273040771,0.949999988079071,0.9599999785423279,0.996150016784668
280,0.48929309844970703,0.5073621273040771,0.9580000042915344,0.9599999785423279,0.996150016784668
281,0.49352574348449707,0.5073621273040771,0.9580000042915344,0.9599999785423279,0.996150016784668
282,0.49010589718818665,0.5073621273040771,0.9599999785423279,0.9599999785423279,0.996150016784668
283,0.489197313785553,0.5073621273040771,0.9620000123977661,0.9599999785423279,0.996150016784668
284,0.49393439292907715,0.5073621273040771,0.9449999928474426,0.9599999785423279,0.996150016784668
285,0.4853307008743286,0.5073621273040771,0.9559999704360962,0.9599999785423279,0.996150016784668
286,0.4915200471878052,0.5073621273040771,0.9589999914169312,0.9599999785423279,0.996150016784668
287,0.49034246802330017,0.5073621273040771,0.9570000171661377,0.9599999785423279,0.996150016784668
288,0.4920407831668854,0.5073621273040771,0.9620000123977661,0.9599999785423279,0.996150016784668
289,0.4857274889945984,0.5073621273040771,0.9629999995231628,0.9599999785423279,0.996150016784668
290,0.4912819564342499,0.5073621273040771,0.949999988079071,0.9599999785423279,0.996150016784668
291,0.4870958924293518,0.5073621273040771,0.9570000171661377,0.9599999785423279,0.996150016784668
292,0.49029234051704407,0.5073621273040771,0.949999988079071,0.9599999785423279,0.996150016784668
293,0.4872613549232483,0.5073621273040771,0.9610000252723694,0.9599999785423279,0.996150016784668
294,0.4886505603790283,0.5073621273040771,0.9580000042915344,0.9599999785423279,0.996150016784668
295,0.48705700039863586,0.5073621273040771,0.9459999799728394,0.9599999785423279,0.996150016784668
296,0.48031923174858093,0.5073621273040771,0.9670000076293945,0.9599999785423279,0.996150016784668
297,0.48274165391921997,0.5073621273040771,0.9570000171661377,0.9599999785423279,0.996150016784668
298,0.4863489270210266,0.5073621273040771,0.9549999833106995,0.9599999785423279,0.996150016784668
299,0.4848547875881195,0.5073621273040771,0.9620000123977661,0.9599999785423279,0.996150016784668
300,0.48493316769599915,0.4825989603996277,0.9570000171661377,0.9549999833106995,0.9955000281333923
301,0.48418092727661133,0.4825989603996277,0.9620000123977661,0.9549999833106995,0.9955000281333923
302,0.4859563112258911,0.4825989603996277,0.9390000104904175,0.9549999833106995,0.9955000281333923
303,0.47805914282798767,0.4825989603996277,0.9549999833106995,0.9549999833106995,0.9955000281333923
304,0.48365887999534607,0.4825989603996277,0.9620000123977661,0.9549999833106995,0.9955000281333923
305,0.4787956476211548,0.4825989603996277,0.9620000123977661,0.9549999833106995,0.9955000281333923
306,0.484123557806015,0.4825989603996277,0.9459999799728394,0.9549999833106995,0.9955000281333923
307,0.4817419946193695,0.4825989603996277,0.9639999866485596,0.9549999833106995,0.9955000281333923
308,0.4798350930213928,0.4825989603996277,0.9589999914169312,0.9549999833106995,0.9955000281333923
309,0.48135095834732056,0.4825989603996277,0.9580000042915344,0.9549999833106995,0.9955000281333923
310,0.4839077293872833,0.4825989603996277,0.9520000219345093,0.9549999833106995,0.9955000281333923
311,0.484794020652771,0.4825989603996277,0.9480000138282776,0.9549999833106995,0.9955000281333923
312,0.47617584466934204,0.4825989603996277,0.9509999752044678,0.9549999833106995,0.9955000281333923
313,0.48169177770614624,0.4825989603996277,0.9559999704360962,0.9549999833106995,0.9955000281333923
314,0.475857675075531,0.4825989603996277,0.9710000157356262,0.9549999833106995,0.9955000281333923
315,0.47743847966194153,0.4825989603996277,0.9520000219345093,0.9549999833106995,0.9955000281333923
316,0.48038625717163086,0.4825989603996277,0.9509999752044678,0.9549999833106995,0.9955000281333923
317,0.47786641120910645,0.4825989603996277,0.9539999961853027,0.9549999833106995,0.9955000281333923
318,0.4808606207370758,0.4825989603996277,0.953000009059906,0.9549999833106995,0.9955000281333923
319,0.4820585250854492,0.4825989603996277,0.953000009059906,0.9549999833106995,0.9955000281333923
320,0.47161298990249634,0.4825989603996277,0.9660000205039978,0.9549999833106995,0.9955000281333923
321,0.4719252288341522,0.4825989603996277,0.9629999995231628,0.9549999833106995,0.9955000281333923
322,0.4694879353046417,0.4825989603996277,0.9549999833106995,0.9549999833106995,0.9955000281333923
323,0.4687274694442749,0.4825989603996277,0.9559999704360962,0.9549999833106995,0.9955000281333923
324,0.46955791115760803,0.4825989603996277,0.9539999961853027,0.9549999833106995,0.9955000281333923
325,0.4652376174926758,0.4825989603996277,0.9739999771118164,0.9549999833106995,0.9955000281333923
326,0.47582098841667175,0.4825989603996277,0.9610000252723694,0.9549999833106995,0.9955000281333923
327,0.47206830978393555,0.4825989603996277,0.9580000042915344,0.9549999833106995,0.9955000281333923
328,0.47327086329460144,0.4825989603996277,0.9470000267028809,0.9549999833106995,0.9955000281333923
329,0.47395727038383484,0.4825989603996277,0.953000009059906,0.9549999833106995,0.9955000281333923
330,0.46716856956481934,0.4825989603996277,0.9480000138282776,0.9549999833106995,0.9955000281333923
331,0.47495245933532715,0.4825989603996277,0.953000009059906,0.9549999833106995,0.9955000281333923
332,0.4700867235660553,0.4825989603996277,0.9670000076293945,0.9549999833106995,0.9955000281333923
333,0.4701192080974579,0.4825989603996277,0.9610000252723694,0.9549999833106995,0.9955000281333923
334,0.46547725796699524,0.4825989603996277,0.9570000171661377,0.9549999833106995,0.9955000281333923
335,0.4684697985649109,0.4825989603996277,0.9470000267028809,0.9549999833106995,0.9955000281333923
336,0.4654981195926666,0.4825989603996277,0.9599999785423279,0.9549999833106995,0.9955000281333923
337,0.4753999412059784,0.4825989603996277,0.9559999704360962,0.9549999833106995,0.9955000281333923
338,0.46404939889907837,0.4825989603996277,0.9599999785423279,0.9549999833106995,0.9955000281333923
339,0.46413323283195496,0.4825989603996277,0.9559999704360962,0.9549999833106995,0.9955000281333923
340,0.46633028984069824,0.4825989603996277,0.9459999799728394,0.9549999833106995,0.9955000281333923
341,0.46226829290390015,0.4825989603996277,0.9580000042915344,0.9549999833106995,0.9955000281333923
342,0.465270459651947,0.4825989603996277,0.9449999928474426,0.9549999833106995,0.9955000281333923
343,0.4682796597480774,0.4825989603996277,0.9539999961853027,0.9549999833106995,0.9955000281333923
344,0.4655957520008087,0.4825989603996277,0.9539999961853027,0.9549999833106995,0.9955000281333923
345,0.46675828099250793,0.4825989603996277,0.9520000219345093,0.9549999833106995,0.9955000281333923
346,0.46274498105049133,0.4825989603996277,0.9589999914169312,0.9549999833106995,0.9955000281333923
347,0.4630211293697357,0.4825989603996277,0.9539999961853027,0.9549999833106995,0.9955000281333923
348,0.46461960673332214,0.4825989603996277,0.9629999995231628,0.9549999833106995,0.9955000281333923
349,0.46032148599624634,0.4825989603996277,0.9610000252723694,0.9549999833106995,0.9955000281333923
350,0.4630920886993408,0.4558852016925812,0.9599999785423279,0.9520000219345093,0.9958000183105469
351,0.4630105495452881,0.4558852016925812,0.9459999799728394,0.9520000219345093,0.9958000183105469
352,0.4620557725429535,0.4558852016925812,0.9490000009536743,0.9520000219345093,0.9958000183105469
353,0.46603506803512573,0.4558852016925812,0.9559999704360962,0.9520000219345093,0.9958000183105469
354,0.4579513669013977,0.4558852016925812,0.9580000042915344,0.9520000219345093,0.9958000183105469
355,0.45903146266937256,0.4558852016925812,0.9589999914169312,0.9520000219345093,0.9958000183105469
356,0.45453357696533203,0.4558852016925812,0.9610000252723694,0.9520000219345093,0.9958000183105469
357,0.4567684233188629,0.4558852016925812,0.9570000171661377,0.9520000219345093,0.9958000183105469
358,0.46178296208381653,0.4558852016925812,0.9470000267028809,0.9520000219345093,0.9958000183105469
359,0.4565355181694031,0.4558852016925812,0.9490000009536743,0.9520000219345093,0.9958000183105469
360,0.4483930766582489,0.4558852016925812,0.9660000205039978,0.9520000219345093,0.9958000183105469
361,0.45348793268203735,0.4558852016925812,0.9670000076293945,0.9520000219345093,0.9958000183105469
362,0.45759066939353943,0.4558852016925812,0.949999988079071,0.9520000219345093,0.9958000183105469
363,0.4572243094444275,0.4558852016925812,0.9599999785423279,0.9520000219345093,0.9958000183105469
364,0.4595780372619629,0.4558852016925812,0.949999988079071,0.9520000219345093,0.9958000183105469
365,0.4522242546081543,0.4558852016925812,0.9710000157356262,0.9520000219345093,0.9958000183105469
366,0.451755166053772,0.4558852016925812,0.9559999704360962,0.9520000219345093,0.9958000183105469
367,0.4581720530986786,0.4558852016925812,0.9509999752044678,0.9520000219345093,0.9958000183105469
368,0.4587756395339966,0.4558852016925812,0.9430000185966492,0.9520000219345093,0.9958000183105469
369,0.45390206575393677,0.4558852016925812,0.9629999995231628,0.9520000219345093,0.9958000183105469
370,0.45651012659072876,0.4558852016925812,0.9509999752044678,0.9520000219345093,0.9958000183105469
371,0.4479508697986603,0.4558852016925812,0.9639999866485596,0.9520000219345093,0.9958000183105469
372,0.45427432656288147,0.4558852016925812,0.9520000219345093,0.9520000219345093,0.9958000183105469
373,0.449454665184021,0.4558852016925812,0.9599999785423279,0.9520000219345093,0.9958000183105469
374,0.45389264822006226,0.4558852016925812,0.9620000123977661,0.9520000219345093,0.9958000183105469
375,0.45557892322540283,0.4558852016925812,0.9589999914169312,0.9520000219345093,0.9958000183105469
376,0.4534400701522827,0.4558852016925812,0.9570000171661377,0.9520000219345093,0.9958000183105469
377,0.4503864645957947,0.4558852016925812,0.9559999704360962,0.9520000219345093,0.9958000183105469
378,0.4618198573589325,0.4558852016925812,0.9440000057220459,0.9520000219345093,0.9958000183105469
379,0.44527196884155273,0.4558852016925812,0.953000009059906,0.9520000219345093,0.9958000183105469
380,0.44871723651885986,0.4558852016925812,0.9620000123977661,0.9520000219345093,0.9958000183105469
381,0.44680550694465637,0.4558852016925812,0.9570000171661377,0.9520000219345093,0.9958000183105469
382,0.44906702637672424,0.4558852016925812,0.9660000205039978,0.9520000219345093,0.9958000183105469
383,0.4516170024871826,0.4558852016925812,0.9620000123977661,0.9520000219345093,0.9958000183105469
384,0.445681095123291,0.4558852016925812,0.9549999833106995,0.9520000219345093,0.9958000183105469
385,0.4523853063583374,0.4558852016925812,0.9580000042915344,0.9520000219345093,0.9958000183105469
386,0.4462818503379822,0.4558852016925812,0.9610000252723694,0.9520000219345093,0.9958000183105469
387,0.4471791386604309,0.4558852016925812,0.9570000171661377,0.9520000219345093,0.9958000183105469
388,0.44165369868278503,0.4558852016925812,0.9539999961853027,0.9520000219345093,0.9958000183105469
389,0.44838574528694153,0.4558852016925812,0.9520000219345093,0.9520000219345093,0.9958000183105469
390,0.4433344006538391,0.4558852016925812,0.9589999914169312,0.9520000219345093,0.9958000183105469
391,0.4468196928501129,0.4558852016925812,0.9549999833106995,0.9520000219345093,0.9958000183105469
392,0.441697895526886,0.4558852016925812,0.9490000009536743,0.9520000219345093,0.9958000183105469
393,0.44942954182624817,0.4558852016925812,0.949999988079071,0.9520000219345093,0.9958000183105469
394,0.4411761164665222,0.4558852016925812,0.9610000252723694,0.9520000219345093,0.9958000183105469
395,0.44412076473236084,0.4558852016925812,0.9580000042915344,0.9520000219345093,0.9958000183105469
396,0.4415118098258972,0.4558852016925812,0.9589999914169312,0.9520000219345093,0.9958000183105469
397,0.44235384464263916,0.4558852016925812,0.949999988079071,0.9520000219345093,0.9958000183105469
398,0.4373157322406769,0.4558852016925812,0.9620000123977661,0.9520000219345093,0.9958000183105469
399,0.43616753816604614,0.4558852016925812,0.9610000252723694,0.9520000219345093,0.9958000183105469
400,0.44189608097076416,0.43873733282089233,0.9509999752044678,0.9490000009536743,0.996150016784668
401,0.4399047791957855,0.43873733282089233,0.9559999704360962,0.9490000009536743,0.996150016784668
402,0.4379216134548187,0.43873733282089233,0.9660000205039978,0.9490000009536743,0.996150016784668
403,0.44607552886009216,0.43873733282089233,0.9470000267028809,0.9490000009536743,0.996150016784668
404,0.4382319450378418,0.43873733282089233,0.9610000252723694,0.9490000009536743,0.996150016784668
405,0.43787720799446106,0.43873733282089233,0.949999988079071,0.9490000009536743,0.996150016784668
406,0.4334317743778229,0.43873733282089233,0.9620000123977661,0.9490000009536743,0.996150016784668
407,0.43955597281455994,0.43873733282089233,0.9459999799728394,0.9490000009536743,0.996150016784668
408,0.4354695975780487,0.43873733282089233,0.9470000267028809,0.9490000009536743,0.996150016784668
409,0.4406146705150604,0.43873733282089233,0.9559999704360962,0.9490000009536743,0.996150016784668
410,0.4319668114185333,0.43873733282089233,0.9549999833106995,0.9490000009536743,0.996150016784668
411,0.4416743814945221,0.43873733282089233,0.9549999833106995,0.9490000009536743,0.996150016784668
412,0.43572330474853516,0.43873733282089233,0.9559999704360962,0.9490000009536743,0.996150016784668
413,0.4308835566043854,0.43873733282089233,0.9589999914169312,0.9490000009536743,0.996150016784668
414,0.44076740741729736,0.43873733282089233,0.949999988079071,0.9490000009536743,0.996150016784668
415,0.4396233558654785,0.43873733282089233,0.9549999833106995,0.9490000009536743,0.996150016784668
416,0.44047051668167114,0.43873733282089233,0.949999988079071,0.9490000009536743,0.996150016784668
417,0.43840378522872925,0.43873733282089233,0.953000009059906,0.9490000009536743,0.996150016784668
418,0.4382491707801819,0.43873733282089233,0.949999988079071,0.9490000009536743,0.996150016784668
419,0.42952820658683777,0.43873733282089233,0.9549999833106995,0.9490000009536743,0.996150016784668
420,0.4298091232776642,0.43873733282089233,0.9620000123977661,0.9490000009536743,0.996150016784668
421,0.42715853452682495,0.43873733282089233,0.9580000042915344,0.9490000009536743,0.996150016784668
422,0.4360972046852112,0.43873733282089233,0.9520000219345093,0.9490000009536743,0.996150016784668
423,0.43624383211135864,0.43873733282089233,0.9520000219345093,0.9490000009536743,0.996150016784668
424,0.43175265192985535,0.43873733282089233,0.9549999833106995,0.9490000009536743,0.996150016784668
425,0.43559473752975464,0.43873733282089233,0.9459999799728394,0.9490000009536743,0.996150016784668
426,0.440490186214447,0.43873733282089233,0.9660000205039978,0.9490000009536743,0.996150016784668
427,0.4359423518180847,0.43873733282089233,0.9409999847412109,0.9490000009536743,0.996150016784668
428,0.4297367036342621,0.43873733282089233,0.9589999914169312,0.9490000009536743,0.996150016784668
429,0.4304128587245941,0.43873733282089233,0.953000009059906,0.9490000009536743,0.996150016784668
430,0.4255388081073761,0.43873733282089233,0.9589999914169312,0.9490000009536743,0.996150016784668
431,0.4303925633430481,0.43873733282089233,0.9629999995231628,0.9490000009536743,0.996150016784668
432,0.4358580410480499,0.43873733282089233,0.9570000171661377,0.9490000009536743,0.996150016784668
433,0.4251052737236023,0.43873733282089233,0.9649999737739563,0.9490000009536743,0.996150016784668
434,0.4326113760471344,0.43873733282089233,0.9520000219345093,0.9490000009536743,0.996150016784668
435,0.42851999402046204,0.43873733282089233,0.9580000042915344,0.9490000009536743,0.996150016784668
436,0.4324434697628021,0.43873733282089233,0.9539999961853027,0.9490000009536743,0.996150016784668
437,0.4288122355937958,0.43873733282089233,0.9509999752044678,0.9490000009536743,0.996150016784668
438,0.42842531204223633,0.43873733282089233,0.9520000219345093,0.9490000009536743,0.996150016784668
439,0.4318057596683502,0.43873733282089233,0.9470000267028809,0.9490000009536743,0.996150016784668
440,0.4295654296875,0.43873733282089233,0.9509999752044678,0.9490000009536743,0.996150016784668
441,0.4247830808162689,0.43873733282089233,0.9509999752044678,0.9490000009536743,0.996150016784668
442,0.4268586337566376,0.43873733282089233,0.9470000267028809,0.9490000009536743,0.996150016784668
443,0.4186387062072754,0.43873733282089233,0.9549999833106995,0.9490000009536743,0.996150016784668
444,0.42674964666366577,0.43873733282089233,0.953000009059906,0.9490000009536743,0.996150016784668
445,0.42573094367980957,0.43873733282089233,0.9549999833106995,0.9490000009536743,0.996150016784668
446,0.4275452792644501,0.43873733282089233,0.9539999961853027,0.9490000009536743,0.996150016784668
447,0.4226428270339966,0.43873733282089233,0.9639999866485596,0.9490000009536743,0.996150016784668
448,0.42800065875053406,0.43873733282089233,0.9580000042915344,0.9490000009536743,0.996150016784668
449,0.4258149266242981,0.43873733282089233,0.9549999833106995,0.9490000009536743,0.996150016784668
450,0.4270939826965332,0.42082905769348145,0.9570000171661377,0.9539999961853027,0.9958000183105469
451,0.4273798167705536,0.42082905769348145,0.9559999704360962,0.9539999961853027,0.9958000183105469
452,0.4329703450202942,0.42082905769348145,0.953000009059906,0.9539999961853027,0.9958000183105469
453,0.4177733361721039,0.42082905769348145,0.9610000252723694,0.9539999961853027,0.9958000183105469
454,0.4234755337238312,0.42082905769348145,0.949999988079071,0.9539999961853027,0.9958000183105469
455,0.420028418302536,0.42082905769348145,0.9610000252723694,0.9539999961853027,0.9958000183105469
456,0.42535847425460815,0.42082905769348145,0.9480000138282776,0.9539999961853027,0.9958000183105469
457,0.4208751320838928,0.42082905769348145,0.9559999704360962,0.9539999961853027,0.9958000183105469
458,0.41940754652023315,0.42082905769348145,0.9570000171661377,0.9539999961853027,0.9958000183105469
459,0.419288694858551,0.42082905769348145,0.9570000171661377,0.9539999961853027,0.9958000183105469
460,0.4233296811580658,0.42082905769348145,0.9509999752044678,0.9539999961853027,0.9958000183105469
461,0.4126602113246918,0.42082905769348145,0.9700000286102295,0.9539999961853027,0.9958000183105469
462,0.42059510946273804,0.42082905769348145,0.9509999752044678,0.9539999961853027,0.9958000183105469
463,0.4183598756790161,0.42082905769348145,0.9449999928474426,0.9539999961853027,0.9958000183105469
464,0.4141937792301178,0.42082905769348145,0.9589999914169312,0.9539999961853027,0.9958000183105469
465,0.42756569385528564,0.42082905769348145,0.953000009059906,0.9539999961853027,0.9958000183105469
466,0.4208485782146454,0.42082905769348145,0.953000009059906,0.9539999961853027,0.9958000183105469
467,0.4227905869483948,0.42082905769348145,0.953000009059906,0.9539999961853027,0.9958000183105469
468,0.4222917854785919,0.42082905769348145,0.9459999799728394,0.9539999961853027,0.9958000183105469
469,0.4252522587776184,0.42082905769348145,0.9549999833106995,0.9539999961853027,0.9958000183105469
470,0.4149026572704315,0.42082905769348145,0.9570000171661377,0.9539999961853027,0.9958000183105469
471,0.41302746534347534,0.42082905769348145,0.9660000205039978,0.9539999961853027,0.9958000183105469
472,0.4234693944454193,0.42082905769348145,0.9459999799728394,0.9539999961853027,0.9958000183105469
473,0.42079102993011475,0.42082905769348145,0.9459999799728394,0.9539999961853027,0.9958000183105469
474,0.41030341386795044,0.42082905769348145,0.9559999704360962,0.9539999961853027,0.9958000183105469
475,0.4206627309322357,0.42082905769348145,0.9399999976158142,0.9539999961853027,0.9958000183105469
476,0.41218024492263794,0.42082905769348145,0.9629999995231628,0.9539999961853027,0.9958000183105469
477,0.4227057993412018,0.42082905769348145,0.9319999814033508,0.9539999961853027,0.9958000183105469
478,0.4084346294403076,0.42082905769348145,0.953000009059906,0.9539999961853027,0.9958000183105469
479,0.4161187708377838,0.42082905769348145,0.9649999737739563,0.9539999961853027,0.9958000183105469
480,0.41001561284065247,0.42082905769348145,0.9549999833106995,0.9539999961853027,0.9958000183105469
481,0.4199877083301544,0.42082905769348145,0.9459999799728394,0.9539999961853027,0.9958000183105469
482,0.4130623936653137,0.42082905769348145,0.9739999771118164,0.9539999961853027,0.9958000183105469
483,0.4239375591278076,0.42082905769348145,0.949999988079071,0.9539999961853027,0.9958000183105469
484,0.4157530963420868,0.42082905769348145,0.9509999752044678,0.9539999961853027,0.9958000183105469
485,0.41723090410232544,0.42082905769348145,0.9509999752044678,0.9539999961853027,0.9958000183105469
486,0.4206903576850891,0.42082905769348145,0.9539999961853027,0.9539999961853027,0.9958000183105469
487,0.41035953164100647,0.42082905769348145,0.9520000219345093,0.9539999961853027,0.9958000183105469
488,0.41480299830436707,0.42082905769348145,0.9549999833106995,0.9539999961853027,0.9958000183105469
489,0.409949392080307,0.42082905769348145,0.9599999785423279,0.9539999961853027,0.9958000183105469
490,0.41219544410705566,0.42082905769348145,0.9589999914169312,0.9539999961853027,0.9958000183105469
491,0.4181162714958191,0.42082905769348145,0.9490000009536743,0.9539999961853027,0.9958000183105469
492,0.40917354822158813,0.42082905769348145,0.9559999704360962,0.9539999961853027,0.9958000183105469
493,0.4125404357910156,0.42082905769348145,0.9520000219345093,0.9539999961853027,0.9958000183105469
494,0.414273202419281,0.42082905769348145,0.9549999833106995,0.9539999961853027,0.9958000183105469
495,0.40949419140815735,0.42082905769348145,0.9559999704360962,0.9539999961853027,0.9958000183105469
496,0.41209009289741516,0.42082905769348145,0.9509999752044678,0.9539999961853027,0.9958000183105469
497,0.40476498007774353,0.42082905769348145,0.9629999995231628,0.9539999961853027,0.9958000183105469
498,0.4080468416213989,0.42082905769348145,0.9610000252723694,0.9539999961853027,0.9958000183105469
499,0.4137083888053894,0.42082905769348145,0.9520000219345093,0.9539999961853027,0.9958000183105469
500,0.4103511869907379,0.4191155433654785,0.9520000219345093,0.9520000219345093,0.9961000084877014
501,0.400884211063385,0.4191155433654785,0.9629999995231628,0.9520000219345093,0.9961000084877014
502,0.4177803695201874,0.4191155433654785,0.9470000267028809,0.9520000219345093,0.9961000084877014
503,0.4108254015445709,0.4191155433654785,0.9449999928474426,0.9520000219345093,0.9961000084877014
504,0.41045257449150085,0.4191155433654785,0.9490000009536743,0.9520000219345093,0.9961000084877014
505,0.4099259674549103,0.4191155433654785,0.9520000219345093,0.9520000219345093,0.9961000084877014
506,0.40393954515457153,0.4191155433654785,0.9629999995231628,0.9520000219345093,0.9961000084877014
507,0.3955160081386566,0.4191155433654785,0.9679999947547913,0.9520000219345093,0.9961000084877014
508,0.4028611481189728,0.4191155433654785,0.9570000171661377,0.9520000219345093,0.9961000084877014
509,0.4124552607536316,0.4191155433654785,0.9520000219345093,0.9520000219345093,0.9961000084877014
510,0.4038589596748352,0.4191155433654785,0.9509999752044678,0.9520000219345093,0.9961000084877014
511,0.4074079692363739,0.4191155433654785,0.9559999704360962,0.9520000219345093,0.9961000084877014
512,0.40336084365844727,0.4191155433654785,0.9549999833106995,0.9520000219345093,0.9961000084877014
513,0.39829450845718384,0.4191155433654785,0.9549999833106995,0.9520000219345093,0.9961000084877014
514,0.3939588963985443,0.4191155433654785,0.9679999947547913,0.9520000219345093,0.9961000084877014
515,0.3964874744415283,0.4191155433654785,0.9620000123977661,0.9520000219345093,0.9961000084877014
516,0.39664769172668457,0.4191155433654785,0.9639999866485596,0.9520000219345093,0.9961000084877014
517,0.401425838470459,0.4191155433654785,0.9639999866485596,0.9520000219345093,0.9961000084877014
518,0.4102779030799866,0.4191155433654785,0.9509999752044678,0.9520000219345093,0.9961000084877014
519,0.39741790294647217,0.4191155433654785,0.9559999704360962,0.9520000219345093,0.9961000084877014
520,0.4022027850151062,0.4191155433654785,0.9520000219345093,0.9520000219345093,0.9961000084877014
521,0.41059601306915283,0.4191155433654785,0.9459999799728394,0.9520000219345093,0.9961000084877014
522,0.398481547832489,0.4191155433654785,0.9620000123977661,0.9520000219345093,0.9961000084877014
523,0.3966442942619324,0.4191155433654785,0.9610000252723694,0.9520000219345093,0.9961000084877014
524,0.40176841616630554,0.4191155433654785,0.9539999961853027,0.9520000219345093,0.9961000084877014
525,0.4028204679489136,0.4191155433654785,0.9539999961853027,0.9520000219345093,0.9961000084877014
526,0.3976559340953827,0.4191155433654785,0.9599999785423279,0.9520000219345093,0.9961000084877014
527,0.40728217363357544,0.4191155433654785,0.9539999961853027,0.9520000219345093,0.9961000084877014
528,0.3988063633441925,0.4191155433654785,0.9589999914169312,0.9520000219345093,0.9961000084877014
529,0.3995664119720459,0.4191155433654785,0.949999988079071,0.9520000219345093,0.9961000084877014
530,0.3955630958080292,0.4191155433654785,0.9649999737739563,0.9520000219345093,0.9961000084877014
531,0.3930971026420593,0.4191155433654785,0.9710000157356262,0.9520000219345093,0.9961000084877014
532,0.4000603258609772,0.4191155433654785,0.9580000042915344,0.9520000219345093,0.9961000084877014
533,0.39725401997566223,0.4191155433654785,0.9509999752044678,0.9520000219345093,0.9961000084877014
534,0.3977634608745575,0.4191155433654785,0.9509999752044678,0.9520000219345093,0.9961000084877014
535,0.401312917470932,0.4191155433654785,0.9589999914169312,0.9520000219345093,0.9961000084877014
536,0.40145039558410645,0.4191155433654785,0.9610000252723694,0.9520000219345093,0.9961000084877014
537,0.39236560463905334,0.4191155433654785,0.9620000123977661,0.9520000219345093,0.9961000084877014
538,0.3962494432926178,0.4191155433654785,0.9649999737739563,0.9520000219345093,0.9961000084877014
539,0.3944165110588074,0.4191155433654785,0.9610000252723694,0.9520000219345093,0.9961000084877014
540,0.39312314987182617,0.4191155433654785,0.9679999947547913,0.9520000219345093,0.9961000084877014
541,0.3946927487850189,0.4191155433654785,0.9610000252723694,0.9520000219345093,0.9961000084877014
542,0.39707282185554504,0.4191155433654785,0.9589999914169312,0.9520000219345093,0.9961000084877014
543,0.4089180529117584,0.4191155433654785,0.9509999752044678,0.9520000219345093,0.9961000084877014
544,0.3987085223197937,0.4191155433654785,0.9480000138282776,0.9520000219345093,0.9961000084877014
545,0.40333467721939087,0.4191155433654785,0.9509999752044678,0.9520000219345093,0.9961000084877014
546,0.40444058179855347,0.4191155433654785,0.953000009059906,0.9520000219345093,0.9961000084877014
547,0.39533382654190063,0.4191155433654785,0.9589999914169312,0.9520000219345093,0.9961000084877014
548,0.39409151673316956,0.4191155433654785,0.9570000171661377,0.9520000219345093,0.9961000084877014
549,0.39455199241638184,0.4191155433654785,0.9679999947547913,0.9520000219345093,0.9961000084877014
550,0.4001414179801941,0.3928363025188446,0.9520000219345093,0.9599999785423279,0.9960500001907349
551,0.3897733986377716,0.3928363025188446,0.9589999914169312,0.9599999785423279,0.9960500001907349
552,0.3836592733860016,0.3928363025188446,0.9520000219345093,0.9599999785423279,0.9960500001907349
553,0.3972674608230591,0.3928363025188446,0.9459999799728394,0.9599999785423279,0.9960500001907349
554,0.3882749676704407,0.3928363025188446,0.9509999752044678,0.9599999785423279,0.9960500001907349
555,0.3888598680496216,0.3928363025188446,0.9589999914169312,0.9599999785423279,0.9960500001907349
556,0.38647204637527466,0.3928363025188446,0.9549999833106995,0.9599999785423279,0.9960500001907349
557,0.3920323848724365,0.3928363025188446,0.949999988079071,0.9599999785423279,0.9960500001907349
558,0.3913165330886841,0.3928363025188446,0.9620000123977661,0.9599999785423279,0.9960500001907349
559,0.3898506164550781,0.3928363025188446,0.9570000171661377,0.9599999785423279,0.9960500001907349
560,0.39879223704338074,0.3928363025188446,0.9449999928474426,0.9599999785423279,0.9960500001907349
561,0.37995171546936035,0.3928363025188446,0.9710000157356262,0.9599999785423279,0.9960500001907349
562,0.392375111579895,0.3928363025188446,0.9459999799728394,0.9599999785423279,0.9960500001907349
563,0.3978240489959717,0.3928363025188446,0.9390000104904175,0.9599999785423279,0.9960500001907349
564,0.3963252604007721,0.3928363025188446,0.9440000057220459,0.9599999785423279,0.9960500001907349
565,0.38882672786712646,0.3928363025188446,0.953000009059906,0.9599999785423279,0.9960500001907349
566,0.38817164301872253,0.3928363025188446,0.9570000171661377,0.9599999785423279,0.9960500001907349
567,0.38339173793792725,0.3928363025188446,0.9490000009536743,0.9599999785423279,0.9960500001907349
568,0.39506465196609497,0.3928363025188446,0.9459999799728394,0.9599999785423279,0.9960500001907349
569,0.3862135112285614,0.3928363025188446,0.9589999914169312,0.9599999785423279,0.9960500001907349
570,0.38165614008903503,0.3928363025188446,0.9549999833106995,0.9599999785423279,0.9960500001907349
571,0.3892611861228943,0.3928363025188446,0.9509999752044678,0.9599999785423279,0.9960500001907349
572,0.38872432708740234,0.3928363025188446,0.9629999995231628,0.9599999785423279,0.9960500001907349
573,0.3910507261753082,0.3928363025188446,0.9620000123977661,0.9599999785423279,0.9960500001907349
574,0.39177000522613525,0.3928363025188446,0.953000009059906,0.9599999785423279,0.9960500001907349
575,0.39221853017807007,0.3928363025188446,0.9559999704360962,0.9599999785423279,0.9960500001907349
576,0.38583576679229736,0.3928363025188446,0.9470000267028809,0.9599999785423279,0.9960500001907349
577,0.3912111222743988,0.3928363025188446,0.9599999785423279,0.9599999785423279,0.9960500001907349
578,0.3944595754146576,0.3928363025188446,0.9430000185966492,0.9599999785423279,0.9960500001907349
579,0.37968698143959045,0.3928363025188446,0.9549999833106995,0.9599999785423279,0.9960500001907349
580,0.39273422956466675,0.3928363025188446,0.9470000267028809,0.9599999785423279,0.9960500001907349
581,0.3816348612308502,0.3928363025188446,0.9599999785423279,0.9599999785423279,0.9960500001907349
582,0.3831741213798523,0.3928363025188446,0.9470000267028809,0.9599999785423279,0.9960500001907349
583,0.3887277841567993,0.3928363025188446,0.9490000009536743,0.9599999785423279,0.9960500001907349
584,0.3898651599884033,0.3928363025188446,0.9490000009536743,0.9599999785423279,0.9960500001907349
585,0.381655216217041,0.3928363025188446,0.9670000076293945,0.9599999785423279,0.9960500001907349
586,0.37727880477905273,0.3928363025188446,0.9589999914169312,0.9599999785423279,0.9960500001907349
587,0.3857080042362213,0.3928363025188446,0.9509999752044678,0.9599999785423279,0.9960500001907349
588,0.3812437653541565,0.3928363025188446,0.9679999947547913,0.9599999785423279,0.9960500001907349
589,0.37759238481521606,0.3928363025188446,0.9599999785423279,0.9599999785423279,0.9960500001907349
590,0.37645822763442993,0.3928363025188446,0.9599999785423279,0.9599999785423279,0.9960500001907349
591,0.3826039135456085,0.3928363025188446,0.9549999833106995,0.9599999785423279,0.9960500001907349
592,0.3839343786239624,0.3928363025188446,0.9520000219345093,0.9599999785423279,0.9960500001907349
593,0.37946146726608276,0.3928363025188446,0.9580000042915344,0.9599999785423279,0.9960500001907349
594,0.38801848888397217,0.3928363025188446,0.9539999961853027,0.9599999785423279,0.9960500001907349
595,0.3843960165977478,0.3928363025188446,0.9539999961853027,0.9599999785423279,0.9960500001907349
596,0.3822156488895416,0.3928363025188446,0.9610000252723694,0.9599999785423279,0.9960500001907349
597,0.3834415674209595,0.3928363025188446,0.953000009059906,0.9599999785423279,0.9960500001907349
598,0.37919265031814575,0.3928363025188446,0.9610000252723694,0.9599999785423279,0.9960500001907349
599,0.37767454981803894,0.3928363025188446,0.953000009059906,0.9599999785423279,0.9960500001907349
600,0.38702303171157837,0.3818196654319763,0.9580000042915344,0.953000009059906,0.9958000183105469
601,0.38245078921318054,0.3818196654319763,0.953000009059906,0.953000009059906,0.9958000183105469
602,0.38178595900535583,0.3818196654319763,0.9549999833106995,0.953000009059906,0.9958000183105469
603,0.37923866510391235,0.3818196654319763,0.9470000267028809,0.953000009059906,0.9958000183105469
604,0.3858029842376709,0.3818196654319763,0.9430000185966492,0.953000009059906,0.9958000183105469
605,0.3815738558769226,0.3818196654319763,0.9599999785423279,0.953000009059906,0.9958000183105469
606,0.37826764583587646,0.3818196654319763,0.9520000219345093,0.953000009059906,0.9958000183105469
607,0.3787098228931427,0.3818196654319763,0.9520000219345093,0.953000009059906,0.9958000183105469
608,0.37286633253097534,0.3818196654319763,0.9559999704360962,0.953000009059906,0.9958000183105469
609,0.38520434498786926,0.3818196654319763,0.9620000123977661,0.953000009059906,0.9958000183105469
610,0.3775096535682678,0.3818196654319763,0.953000009059906,0.953000009059906,0.9958000183105469
611,0.38474348187446594,0.3818196654319763,0.9599999785423279,0.953000009059906,0.9958000183105469
612,0.38178732991218567,0.3818196654319763,0.9610000252723694,0.953000009059906,0.9958000183105469
613,0.3787737190723419,0.3818196654319763,0.9570000171661377,0.953000009059906,0.9958000183105469
614,0.38723790645599365,0.3818196654319763,0.949999988079071,0.953000009059906,0.9958000183105469
615,0.3766941428184509,0.3818196654319763,0.9509999752044678,0.953000009059906,0.9958000183105469
616,0.3762630820274353,0.3818196654319763,0.9580000042915344,0.953000009059906,0.9958000183105469
617,0.38139432668685913,0.3818196654319763,0.9570000171661377,0.953000009059906,0.9958000183105469
618,0.36920493841171265,0.3818196654319763,0.972000002861023,0.953000009059906,0.9958000183105469
619,0.37494537234306335,0.3818196654319763,0.9620000123977661,0.953000009059906,0.9958000183105469
620,0.3759707510471344,0.3818196654319763,0.949999988079071,0.953000009059906,0.9958000183105469
621,0.3707081377506256,0.3818196654319763,0.9620000123977661,0.953000009059906,0.9958000183105469
622,0.37528619170188904,0.3818196654319763,0.9559999704360962,0.953000009059906,0.9958000183105469
623,0.3753093183040619,0.3818196654319763,0.9559999704360962,0.953000009059906,0.9958000183105469
624,0.37754857540130615,0.3818196654319763,0.9559999704360962,0.953000009059906,0.9958000183105469
625,0.3774528503417969,0.3818196654319763,0.9660000205039978,0.953000009059906,0.9958000183105469
626,0.3736365735530853,0.3818196654319763,0.9539999961853027,0.953000009059906,0.9958000183105469
627,0.3747778832912445,0.3818196654319763,0.9520000219345093,0.953000009059906,0.9958000183105469
628,0.3778919577598572,0.3818196654319763,0.9620000123977661,0.953000009059906,0.9958000183105469
629,0.3771167993545532,0.3818196654319763,0.9620000123977661,0.953000009059906,0.9958000183105469
630,0.3723118305206299,0.3818196654319763,0.9589999914169312,0.953000009059906,0.9958000183105469
631,0.37348154187202454,0.3818196654319763,0.953000009059906,0.953000009059906,0.9958000183105469
632,0.374956339597702,0.3818196654319763,0.9490000009536743,0.953000009059906,0.9958000183105469
633,0.3761464059352875,0.3818196654319763,0.949999988079071,0.953000009059906,0.9958000183105469
634,0.3773421049118042,0.3818196654319763,0.9459999799728394,0.953000009059906,0.9958000183105469
635,0.3741624057292938,0.3818196654319763,0.949999988079071,0.953000009059906,0.9958000183105469
636,0.3799612522125244,0.3818196654319763,0.9490000009536743,0.953000009059906,0.9958000183105469
637,0.37635451555252075,0.3818196654319763,0.9520000219345093,0.953000009059906,0.9958000183105469
638,0.3730037212371826,0.3818196654319763,0.9549999833106995,0.953000009059906,0.9958000183105469
639,0.374216765165329,0.3818196654319763,0.9440000057220459,0.953000009059906,0.9958000183105469
640,0.378023624420166,0.3818196654319763,0.9440000057220459,0.953000009059906,0.9958000183105469
641,0.36813652515411377,0.3818196654319763,0.9470000267028809,0.953000009059906,0.9958000183105469
642,0.37149468064308167,0.3818196654319763,0.953000009059906,0.953000009059906,0.9958000183105469
643,0.37118130922317505,0.3818196654319763,0.9520000219345093,0.953000009059906,0.9958000183105469
644,0.375328928232193,0.3818196654319763,0.953000009059906,0.953000009059906,0.9958000183105469
645,0.3733651041984558,0.3818196654319763,0.9589999914169312,0.953000009059906,0.9958000183105469
646,0.36495718359947205,0.3818196654319763,0.9599999785423279,0.953000009059906,0.9958000183105469
647,0.3672043979167938,0.3818196654319763,0.9599999785423279,0.953000009059906,0.9958000183105469
648,0.3766520321369171,0.3818196654319763,0.9459999799728394,0.953000009059906,0.9958000183105469
649,0.36577874422073364,0.3818196654319763,0.9559999704360962,0.953000009059906,0.9958000183105469
650,0.36782750487327576,0.3678506016731262,0.9509999752044678,0.9480000138282776,0.9955999851226807
651,0.37205836176872253,0.3678506016731262,0.9520000219345093,0.9480000138282776,0.9955999851226807
652,0.3712611794471741,0.3678506016731262,0.9419999718666077,0.9480000138282776,0.9955999851226807
653,0.37390804290771484,0.3678506016731262,0.9520000219345093,0.9480000138282776,0.9955999851226807
654,0.36531195044517517,0.3678506016731262,0.9570000171661377,0.9480000138282776,0.9955999851226807
655,0.3637517988681793,0.3678506016731262,0.9620000123977661,0.9480000138282776,0.9955999851226807
656,0.37570226192474365,0.3678506016731262,0.9580000042915344,0.9480000138282776,0.9955999851226807
657,0.36257562041282654,0.3678506016731262,0.9559999704360962,0.9480000138282776,0.9955999851226807
658,0.3749583065509796,0.3678506016731262,0.9419999718666077,0.9480000138282776,0.9955999851226807
659,0.3669024705886841,0.3678506016731262,0.9549999833106995,0.9480000138282776,0.9955999851226807
660,0.3773254454135895,0.3678506016731262,0.9430000185966492,0.9480000138282776,0.9955999851226807
661,0.3653426170349121,0.3678506016731262,0.9580000042915344,0.9480000138282776,0.9955999851226807
662,0.36497563123703003,0.3678506016731262,0.949999988079071,0.9480000138282776,0.9955999851226807
663,0.3630402088165283,0.3678506016731262,0.972000002861023,0.9480000138282776,0.9955999851226807
664,0.36722198128700256,0.3678506016731262,0.9610000252723694,0.9480000138282776,0.9955999851226807
665,0.3750661611557007,0.3678506016731262,0.9509999752044678,0.9480000138282776,0.9955999851226807
666,0.37053191661834717,0.3678506016731262,0.953000009059906,0.9480000138282776,0.9955999851226807
667,0.3659605085849762,0.3678506016731262,0.9480000138282776,0.9480000138282776,0.9955999851226807
668,0.36162397265434265,0.3678506016731262,0.9509999752044678,0.9480000138282776,0.9955999851226807
669,0.36301907896995544,0.3678506016731262,0.9629999995231628,0.9480000138282776,0.9955999851226807
670,0.3585919737815857,0.3678506016731262,0.9570000171661377,0.9480000138282776,0.9955999851226807
671,0.36016082763671875,0.3678506016731262,0.9520000219345093,0.9480000138282776,0.9955999851226807
672,0.3616679608821869,0.3678506016731262,0.9599999785423279,0.9480000138282776,0.9955999851226807
673,0.36527714133262634,0.3678506016731262,0.9480000138282776,0.9480000138282776,0.9955999851226807
674,0.35245996713638306,0.3678506016731262,0.9649999737739563,0.9480000138282776,0.9955999851226807
675,0.363974392414093,0.3678506016731262,0.953000009059906,0.9480000138282776,0.9955999851226807
676,0.36992254853248596,0.3678506016731262,0.9509999752044678,0.9480000138282776,0.9955999851226807
677,0.3692725598812103,0.3678506016731262,0.9539999961853027,0.9480000138282776,0.9955999851226807
678,0.36068305373191833,0.3678506016731262,0.9610000252723694,0.9480000138282776,0.9955999851226807
679,0.36347290873527527,0.3678506016731262,0.9539999961853027,0.9480000138282776,0.9955999851226807
680,0.36794114112854004,0.3678506016731262,0.9409999847412109,0.9480000138282776,0.9955999851226807
681,0.36192992329597473,0.3678506016731262,0.953000009059906,0.9480000138282776,0.9955999851226807
682,0.3664892315864563,0.3678506016731262,0.9520000219345093,0.9480000138282776,0.9955999851226807
683,0.37189361453056335,0.3678506016731262,0.9480000138282776,0.9480000138282776,0.9955999851226807
684,0.36147916316986084,0.3678506016731262,0.9599999785423279,0.9480000138282776,0.9955999851226807
685,0.3610195815563202,0.3678506016731262,0.9470000267028809,0.9480000138282776,0.9955999851226807
686,0.3673560917377472,0.3678506016731262,0.9430000185966492,0.9480000138282776,0.9955999851226807
687,0.35023707151412964,0.3678506016731262,0.9639999866485596,0.9480000138282776,0.9955999851226807
688,0.3616987466812134,0.3678506016731262,0.9570000171661377,0.9480000138282776,0.9955999851226807
689,0.3631575405597687,0.3678506016731262,0.9580000042915344,0.9480000138282776,0.9955999851226807
690,0.3713642954826355,0.3678506016731262,0.9430000185966492,0.9480000138282776,0.9955999851226807
691,0.36836516857147217,0.3678506016731262,0.9440000057220459,0.9480000138282776,0.9955999851226807
692,0.3648040294647217,0.3678506016731262,0.949999988079071,0.9480000138282776,0.9955999851226807
693,0.36112576723098755,0.3678506016731262,0.9520000219345093,0.9480000138282776,0.9955999851226807
694,0.3627777695655823,0.3678506016731262,0.953000009059906,0.9480000138282776,0.9955999851226807
695,0.35986799001693726,0.3678506016731262,0.9629999995231628,0.9480000138282776,0.9955999851226807
696,0.35053354501724243,0.3678506016731262,0.9629999995231628,0.9480000138282776,0.9955999851226807
697,0.35165131092071533,0.3678506016731262,0.9580000042915344,0.9480000138282776,0.9955999851226807
698,0.35487866401672363,0.3678506016731262,0.9620000123977661,0.9480000138282776,0.9955999851226807
699,0.3457472026348114,0.3678506016731262,0.9639999866485596,0.9480000138282776,0.9955999851226807
700,0.35725367069244385,0.3574010133743286,0.953000009059906,0.9520000219345093,0.9958999752998352
701,0.3581761419773102,0.3574010133743286,0.9549999833106995,0.9520000219345093,0.9958999752998352
702,0.3547448217868805,0.3574010133743286,0.9589999914169312,0.9520000219345093,0.9958999752998352
703,0.35745319724082947,0.3574010133743286,0.9559999704360962,0.9520000219345093,0.9958999752998352
704,0.3526054918766022,0.3574010133743286,0.9559999704360962,0.9520000219345093,0.9958999752998352
705,0.35329335927963257,0.3574010133743286,0.9549999833106995,0.9520000219345093,0.9958999752998352
706,0.3684180974960327,0.3574010133743286,0.9440000057220459,0.9520000219345093,0.9958999752998352
707,0.3547619581222534,0.3574010133743286,0.9649999737739563,0.9520000219345093,0.9958999752998352
708,0.35199660062789917,0.3574010133743286,0.9559999704360962,0.9520000219345093,0.9958999752998352
709,0.3611300587654114,0.3574010133743286,0.9430000185966492,0.9520000219345093,0.9958999752998352
710,0.3589518964290619,0.3574010133743286,0.9589999914169312,0.9520000219345093,0.9958999752998352
711,0.3550244867801666,0.3574010133743286,0.9599999785423279,0.9520000219345093,0.9958999752998352
712,0.35098761320114136,0.3574010133743286,0.9599999785423279,0.9520000219345093,0.9958999752998352
713,0.35713890194892883,0.3574010133743286,0.9440000057220459,0.9520000219345093,0.9958999752998352
714,0.3659583032131195,0.3574010133743286,0.9470000267028809,0.9520000219345093,0.9958999752998352
715,0.3544909656047821,0.3574010133743286,0.9559999704360962,0.9520000219345093,0.9958999752998352
716,0.3494860529899597,0.3574010133743286,0.9670000076293945,0.9520000219345093,0.9958999752998352
717,0.36259976029396057,0.3574010133743286,0.9470000267028809,0.9520000219345093,0.9958999752998352
718,0.3531414866447449,0.3574010133743286,0.953000009059906,0.9520000219345093,0.9958999752998352
719,0.35551688075065613,0.3574010133743286,0.9570000171661377,0.9520000219345093,0.9958999752998352
720,0.3477070927619934,0.3574010133743286,0.9610000252723694,0.9520000219345093,0.9958999752998352
721,0.3468538820743561,0.3574010133743286,0.9589999914169312,0.9520000219345093,0.9958999752998352
722,0.3541119396686554,0.3574010133743286,0.9509999752044678,0.9520000219345093,0.9958999752998352
723,0.34490931034088135,0.3574010133743286,0.9610000252723694,0.9520000219345093,0.9958999752998352
724,0.3500695526599884,0.3574010133743286,0.9570000171661377,0.9520000219345093,0.9958999752998352
725,0.3526168763637543,0.3574010133743286,0.9549999833106995,0.9520000219345093,0.9958999752998352
726,0.3543080985546112,0.3574010133743286,0.9539999961853027,0.9520000219345093,0.9958999752998352
727,0.3546784520149231,0.3574010133743286,0.953000009059906,0.9520000219345093,0.9958999752998352
728,0.34891095757484436,0.3574010133743286,0.9570000171661377,0.9520000219345093,0.9958999752998352
729,0.3430893123149872,0.3574010133743286,0.9639999866485596,0.9520000219345093,0.9958999752998352
730,0.3547413647174835,0.3574010133743286,0.949999988079071,0.9520000219345093,0.9958999752998352
731,0.3465164601802826,0.3574010133743286,0.9549999833106995,0.9520000219345093,0.9958999752998352
732,0.35240671038627625,0.3574010133743286,0.9599999785423279,0.9520000219345093,0.9958999752998352
733,0.3596518039703369,0.3574010133743286,0.9419999718666077,0.9520000219345093,0.9958999752998352
734,0.3524866998195648,0.3574010133743286,0.9639999866485596,0.9520000219345093,0.9958999752998352
735,0.34596455097198486,0.3574010133743286,0.9610000252723694,0.9520000219345093,0.9958999752998352
736,0.349447101354599,0.3574010133743286,0.9580000042915344,0.9520000219345093,0.9958999752998352
737,0.35650092363357544,0.3574010133743286,0.9559999704360962,0.9520000219345093,0.9958999752998352
738,0.35300150513648987,0.3574010133743286,0.9549999833106995,0.9520000219345093,0.9958999752998352
739,0.3530313968658447,0.3574010133743286,0.9570000171661377,0.9520000219345093,0.9958999752998352
740,0.34986045956611633,0.3574010133743286,0.9610000252723694,0.9520000219345093,0.9958999752998352
741,0.3475130796432495,0.3574010133743286,0.9459999799728394,0.9520000219345093,0.9958999752998352
742,0.3525574207305908,0.3574010133743286,0.949999988079071,0.9520000219345093,0.9958999752998352
743,0.3493916988372803,0.3574010133743286,0.9580000042915344,0.9520000219345093,0.9958999752998352
744,0.35127323865890503,0.3574010133743286,0.9580000042915344,0.9520000219345093,0.9958999752998352
745,0.34388694167137146,0.3574010133743286,0.9539999961853027,0.9520000219345093,0.9958999752998352
746,0.35293224453926086,0.3574010133743286,0.9559999704360962,0.9520000219345093,0.9958999752998352
747,0.3532935082912445,0.3574010133743286,0.9490000009536743,0.9520000219345093,0.9958999752998352
748,0.3476867079734802,0.3574010133743286,0.9599999785423279,0.9520000219345093,0.9958999752998352
749,0.3395223915576935,0.3574010133743286,0.9559999704360962,0.9520000219345093,0.9958999752998352
750,0.3540422320365906,0.3466947674751282,0.9539999961853027,0.9570000171661377,0.9957000017166138
751,0.3486500382423401,0.3466947674751282,0.9580000042915344,0.9570000171661377,0.9957000017166138
752,0.3388986587524414,0.3466947674751282,0.9649999737739563,0.9570000171661377,0.9957000017166138
753,0.3531658351421356,0.3466947674751282,0.9490000009536743,0.9570000171661377,0.9957000017166138
754,0.34527307748794556,0.3466947674751282,0.9620000123977661,0.9570000171661377,0.9957000017166138
755,0.3484753966331482,0.3466947674751282,0.9490000009536743,0.9570000171661377,0.9957000017166138
756,0.3623883128166199,0.3466947674751282,0.9409999847412109,0.9570000171661377,0.9957000017166138
757,0.34949713945388794,0.3466947674751282,0.9580000042915344,0.9570000171661377,0.9957000017166138
758,0.3347979485988617,0.3466947674751282,0.9660000205039978,0.9570000171661377,0.9957000017166138
759,0.3550902009010315,0.3466947674751282,0.9419999718666077,0.9570000171661377,0.9957000017166138
760,0.34907978773117065,0.3466947674751282,0.9599999785423279,0.9570000171661377,0.9957000017166138
761,0.3427066504955292,0.3466947674751282,0.9629999995231628,0.9570000171661377,0.9957000017166138
762,0.34233564138412476,0.3466947674751282,0.9520000219345093,0.9570000171661377,0.9957000017166138
763,0.3396339416503906,0.3466947674751282,0.9580000042915344,0.9570000171661377,0.9957000017166138
764,0.3460909426212311,0.3466947674751282,0.9520000219345093,0.9570000171661377,0.9957000017166138
765,0.34079837799072266,0.3466947674751282,0.9589999914169312,0.9570000171661377,0.9957000017166138
766,0.34992295503616333,0.3466947674751282,0.9480000138282776,0.9570000171661377,0.9957000017166138
767,0.3549298644065857,0.3466947674751282,0.9470000267028809,0.9570000171661377,0.9957000017166138
768,0.35271093249320984,0.3466947674751282,0.9520000219345093,0.9570000171661377,0.9957000017166138
769,0.3429337441921234,0.3466947674751282,0.9549999833106995,0.9570000171661377,0.9957000017166138
770,0.3491322994232178,0.3466947674751282,0.9459999799728394,0.9570000171661377,0.9957000017166138
771,0.3472346067428589,0.3466947674751282,0.9430000185966492,0.9570000171661377,0.9957000017166138
772,0.34844204783439636,0.3466947674751282,0.9509999752044678,0.9570000171661377,0.9957000017166138
773,0.34273430705070496,0.3466947674751282,0.9559999704360962,0.9570000171661377,0.9957000017166138
774,0.33630406856536865,0.3466947674751282,0.9610000252723694,0.9570000171661377,0.9957000017166138
775,0.3430105447769165,0.3466947674751282,0.953000009059906,0.9570000171661377,0.9957000017166138
776,0.3348841667175293,0.3466947674751282,0.9610000252723694,0.9570000171661377,0.9957000017166138
777,0.3507641553878784,0.3466947674751282,0.9470000267028809,0.9570000171661377,0.9957000017166138
778,0.3491867780685425,0.3466947674751282,0.9480000138282776,0.9570000171661377,0.9957000017166138
779,0.3591741919517517,0.3466947674751282,0.9409999847412109,0.9570000171661377,0.9957000017166138
780,0.33709007501602173,0.3466947674751282,0.9559999704360962,0.9570000171661377,0.9957000017166138
781,0.34130388498306274,0.3466947674751282,0.9610000252723694,0.9570000171661377,0.9957000017166138
782,0.3516694903373718,0.3466947674751282,0.9559999704360962,0.9570000171661377,0.9957000017166138
783,0.3467448055744171,0.3466947674751282,0.9409999847412109,0.9570000171661377,0.9957000017166138
784,0.3441445827484131,0.3466947674751282,0.953000009059906,0.9570000171661377,0.9957000017166138
785,0.345270037651062,0.3466947674751282,0.953000009059906,0.9570000171661377,0.9957000017166138
786,0.3436034023761749,0.3466947674751282,0.953000009059906,0.9570000171661377,0.9957000017166138
787,0.34213221073150635,0.3466947674751282,0.9610000252723694,0.9570000171661377,0.9957000017166138
788,0.3445442020893097,0.3466947674751282,0.9520000219345093,0.9570000171661377,0.9957000017166138
789,0.3387671411037445,0.3466947674751282,0.949999988079071,0.9570000171661377,0.9957000017166138
790,0.3498227000236511,0.3466947674751282,0.9539999961853027,0.9570000171661377,0.9957000017166138
791,0.33788391947746277,0.3466947674751282,0.9610000252723694,0.9570000171661377,0.9957000017166138
792,0.34413930773735046,0.3466947674751282,0.9509999752044678,0.9570000171661377,0.9957000017166138
793,0.34467458724975586,0.3466947674751282,0.9470000267028809,0.9570000171661377,0.9957000017166138
794,0.3303997814655304,0.3466947674751282,0.9679999947547913,0.9570000171661377,0.9957000017166138
795,0.33975180983543396,0.3466947674751282,0.9570000171661377,0.9570000171661377,0.9957000017166138
796,0.3404453694820404,0.3466947674751282,0.9610000252723694,0.9570000171661377,0.9957000017166138
797,0.3330440819263458,0.3466947674751282,0.972000002861023,0.9570000171661377,0.9957000017166138
798,0.33554673194885254,0.3466947674751282,0.9539999961853027,0.9570000171661377,0.9957000017166138
799,0.3363426625728607,0.3466947674751282,0.9589999914169312,0.9570000171661377,0.9957000017166138
800,0.3443777859210968,0.3430115878582001,0.9490000009536743,0.9570000171661377,0.996749997138977
801,0.34497466683387756,0.3430115878582001,0.9580000042915344,0.9570000171661377,0.996749997138977
802,0.34466055035591125,0.3430115878582001,0.9589999914169312,0.9570000171661377,0.996749997138977
803,0.33358973264694214,0.3430115878582001,0.9589999914169312,0.9570000171661377,0.996749997138977
804,0.32947713136672974,0.3430115878582001,0.968999981880188,0.9570000171661377,0.996749997138977
805,0.336408406496048,0.3430115878582001,0.953000009059906,0.9570000171661377,0.996749997138977
806,0.3478250205516815,0.3430115878582001,0.9539999961853027,0.9570000171661377,0.996749997138977
807,0.3394201099872589,0.3430115878582001,0.9539999961853027,0.9570000171661377,0.996749997138977
808,0.34382501244544983,0.3430115878582001,0.9409999847412109,0.9570000171661377,0.996749997138977
809,0.33090949058532715,0.3430115878582001,0.9610000252723694,0.9570000171661377,0.996749997138977
810,0.3381093442440033,0.3430115878582001,0.9570000171661377,0.9570000171661377,0.996749997138977
811,0.3357318043708801,0.3430115878582001,0.9620000123977661,0.9570000171661377,0.996749997138977
812,0.3301023840904236,0.3430115878582001,0.949999988079071,0.9570000171661377,0.996749997138977
813,0.3380340039730072,0.3430115878582001,0.9620000123977661,0.9570000171661377,0.996749997138977
814,0.3356657028198242,0.3430115878582001,0.9620000123977661,0.9570000171661377,0.996749997138977
815,0.33303114771842957,0.3430115878582001,0.9589999914169312,0.9570000171661377,0.996749997138977
816,0.33687254786491394,0.3430115878582001,0.9449999928474426,0.9570000171661377,0.996749997138977
817,0.33613359928131104,0.3430115878582001,0.9549999833106995,0.9570000171661377,0.996749997138977
818,0.3419720530509949,0.3430115878582001,0.949999988079071,0.9570000171661377,0.996749997138977
819,0.3399640619754791,0.3430115878582001,0.9520000219345093,0.9570000171661377,0.996749997138977
820,0.330994576215744,0.3430115878582001,0.9509999752044678,0.9570000171661377,0.996749997138977
821,0.3370969295501709,0.3430115878582001,0.953000009059906,0.9570000171661377,0.996749997138977
822,0.3285454213619232,0.3430115878582001,0.9710000157356262,0.9570000171661377,0.996749997138977
823,0.32929956912994385,0.3430115878582001,0.9589999914169312,0.9570000171661377,0.996749997138977
824,0.33494704961776733,0.3430115878582001,0.9570000171661377,0.9570000171661377,0.996749997138977
825,0.34323781728744507,0.3430115878582001,0.9480000138282776,0.9570000171661377,0.996749997138977
826,0.346008837223053,0.3430115878582001,0.9520000219345093,0.9570000171661377,0.996749997138977
827,0.33918365836143494,0.3430115878582001,0.9470000267028809,0.9570000171661377,0.996749997138977
828,0.3362451195716858,0.3430115878582001,0.953000009059906,0.9570000171661377,0.996749997138977
829,0.3345928490161896,0.3430115878582001,0.9520000219345093,0.9570000171661377,0.996749997138977
830,0.34147316217422485,0.3430115878582001,0.9589999914169312,0.9570000171661377,0.996749997138977
831,0.33267372846603394,0.3430115878582001,0.9620000123977661,0.9570000171661377,0.996749997138977
832,0.3340679109096527,0.3430115878582001,0.9520000219345093,0.9570000171661377,0.996749997138977
833,0.3343970477581024,0.3430115878582001,0.9570000171661377,0.9570000171661377,0.996749997138977
834,0.3386000990867615,0.3430115878582001,0.9589999914169312,0.9570000171661377,0.996749997138977
835,0.327566534280777,0.3430115878582001,0.9580000042915344,0.9570000171661377,0.996749997138977
836,0.3384527266025543,0.3430115878582001,0.9580000042915344,0.9570000171661377,0.996749997138977
837,0.3359047472476959,0.3430115878582001,0.9559999704360962,0.9570000171661377,0.996749997138977
838,0.33111217617988586,0.3430115878582001,0.9670000076293945,0.9570000171661377,0.996749997138977
839,0.32838037610054016,0.3430115878582001,0.9580000042915344,0.9570000171661377,0.996749997138977
840,0.331758052110672,0.3430115878582001,0.9610000252723694,0.9570000171661377,0.996749997138977
841,0.34736621379852295,0.3430115878582001,0.9390000104904175,0.9570000171661377,0.996749997138977
842,0.32544776797294617,0.3430115878582001,0.9639999866485596,0.9570000171661377,0.996749997138977
843,0.3304896950721741,0.3430115878582001,0.9559999704360962,0.9570000171661377,0.996749997138977
844,0.3293319046497345,0.3430115878582001,0.9549999833106995,0.9570000171661377,0.996749997138977
845,0.33449530601501465,0.3430115878582001,0.9610000252723694,0.9570000171661377,0.996749997138977
846,0.331748366355896,0.3430115878582001,0.9520000219345093,0.9570000171661377,0.996749997138977
847,0.3266797959804535,0.3430115878582001,0.9539999961853027,0.9570000171661377,0.996749997138977
848,0.33265987038612366,0.3430115878582001,0.9570000171661377,0.9570000171661377,0.996749997138977
849,0.3329106569290161,0.3430115878582001,0.9549999833106995,0.9570000171661377,0.996749997138977
850,0.34583017230033875,0.32277050614356995,0.9419999718666077,0.9670000076293945,0.9960500001907349
851,0.32737210392951965,0.32277050614356995,0.9620000123977661,0.9670000076293945,0.9960500001907349
852,0.3214341998100281,0.32277050614356995,0.9620000123977661,0.9670000076293945,0.9960500001907349
853,0.32416966557502747,0.32277050614356995,0.9649999737739563,0.9670000076293945,0.9960500001907349
854,0.3238791525363922,0.32277050614356995,0.9610000252723694,0.9670000076293945,0.9960500001907349
855,0.3374377191066742,0.32277050614356995,0.9470000267028809,0.9670000076293945,0.9960500001907349
856,0.3369095027446747,0.32277050614356995,0.953000009059906,0.9670000076293945,0.9960500001907349
857,0.3310004770755768,0.32277050614356995,0.9449999928474426,0.9670000076293945,0.9960500001907349
858,0.33525875210762024,0.32277050614356995,0.949999988079071,0.9670000076293945,0.9960500001907349
859,0.3252195119857788,0.32277050614356995,0.9589999914169312,0.9670000076293945,0.9960500001907349
860,0.327208936214447,0.32277050614356995,0.9520000219345093,0.9670000076293945,0.9960500001907349
861,0.3394886553287506,0.32277050614356995,0.9490000009536743,0.9670000076293945,0.9960500001907349
862,0.3385986089706421,0.32277050614356995,0.953000009059906,0.9670000076293945,0.9960500001907349
863,0.33724290132522583,0.32277050614356995,0.9480000138282776,0.9670000076293945,0.9960500001907349
864,0.3378467857837677,0.32277050614356995,0.9440000057220459,0.9670000076293945,0.9960500001907349
865,0.32954204082489014,0.32277050614356995,0.953000009059906,0.9670000076293945,0.9960500001907349
866,0.3293566405773163,0.32277050614356995,0.9490000009536743,0.9670000076293945,0.9960500001907349
867,0.3294260501861572,0.32277050614356995,0.953000009059906,0.9670000076293945,0.9960500001907349
868,0.33830711245536804,0.32277050614356995,0.949999988079071,0.9670000076293945,0.9960500001907349
869,0.3276822865009308,0.32277050614356995,0.9589999914169312,0.9670000076293945,0.9960500001907349
870,0.3279190957546234,0.32277050614356995,0.9549999833106995,0.9670000076293945,0.9960500001907349
871,0.3228222727775574,0.32277050614356995,0.9589999914169312,0.9670000076293945,0.9960500001907349
872,0.3296879231929779,0.32277050614356995,0.9549999833106995,0.9670000076293945,0.9960500001907349
873,0.32090088725090027,0.32277050614356995,0.9629999995231628,0.9670000076293945,0.9960500001907349
874,0.33606866002082825,0.32277050614356995,0.9509999752044678,0.9670000076293945,0.9960500001907349
875,0.32436758279800415,0.32277050614356995,0.9549999833106995,0.9670000076293945,0.9960500001907349
876,0.32978349924087524,0.32277050614356995,0.9509999752044678,0.9670000076293945,0.9960500001907349
877,0.3277600109577179,0.32277050614356995,0.9589999914169312,0.9670000076293945,0.9960500001907349
878,0.31655624508857727,0.32277050614356995,0.9599999785423279,0.9670000076293945,0.9960500001907349
879,0.3296559154987335,0.32277050614356995,0.9470000267028809,0.9670000076293945,0.9960500001907349
880,0.32736408710479736,0.32277050614356995,0.9580000042915344,0.9670000076293945,0.9960500001907349
881,0.32505932450294495,0.32277050614356995,0.953000009059906,0.9670000076293945,0.9960500001907349
882,0.3225216865539551,0.32277050614356995,0.9559999704360962,0.9670000076293945,0.9960500001907349
883,0.3339737355709076,0.32277050614356995,0.9509999752044678,0.9670000076293945,0.9960500001907349
884,0.3171343207359314,0.32277050614356995,0.9589999914169312,0.9670000076293945,0.9960500001907349
885,0.32998108863830566,0.32277050614356995,0.9470000267028809,0.9670000076293945,0.9960500001907349
886,0.31841638684272766,0.32277050614356995,0.9520000219345093,0.9670000076293945,0.9960500001907349
887,0.32932066917419434,0.32277050614356995,0.953000009059906,0.9670000076293945,0.9960500001907349
888,0.3265511393547058,0.32277050614356995,0.9549999833106995,0.9670000076293945,0.9960500001907349
889,0.3356463611125946,0.32277050614356995,0.9440000057220459,0.9670000076293945,0.9960500001907349
890,0.3220006227493286,0.32277050614356995,0.9620000123977661,0.9670000076293945,0.9960500001907349
891,0.3287326693534851,0.32277050614356995,0.9539999961853027,0.9670000076293945,0.9960500001907349
892,0.3251654803752899,0.32277050614356995,0.9559999704360962,0.9670000076293945,0.9960500001907349
893,0.3244187831878662,0.32277050614356995,0.9539999961853027,0.9670000076293945,0.9960500001907349
894,0.31665295362472534,0.32277050614356995,0.953000009059906,0.9670000076293945,0.9960500001907349
895,0.3240930140018463,0.32277050614356995,0.9509999752044678,0.9670000076293945,0.9960500001907349
896,0.319611519575119,0.32277050614356995,0.953000009059906,0.9670000076293945,0.9960500001907349
897,0.3250027298927307,0.32277050614356995,0.9639999866485596,0.9670000076293945,0.9960500001907349
898,0.3193801939487457,0.32277050614356995,0.9629999995231628,0.9670000076293945,0.9960500001907349
899,0.33861058950424194,0.32277050614356995,0.9430000185966492,0.9670000076293945,0.9960500001907349
900,0.3124839663505554,0.32686689496040344,0.9660000205039978,0.9539999961853027,0.9957500100135803
901,0.3272162079811096,0.32686689496040344,0.9580000042915344,0.9539999961853027,0.9957500100135803
902,0.3265046179294586,0.32686689496040344,0.9509999752044678,0.9539999961853027,0.9957500100135803
903,0.3187253177165985,0.32686689496040344,0.9599999785423279,0.9539999961853027,0.9957500100135803
904,0.3331916928291321,0.32686689496040344,0.9449999928474426,0.9539999961853027,0.9957500100135803
905,0.3207851052284241,0.32686689496040344,0.9599999785423279,0.9539999961853027,0.9957500100135803
906,0.3140878975391388,0.32686689496040344,0.9599999785423279,0.9539999961853027,0.9957500100135803
907,0.33344751596450806,0.32686689496040344,0.9520000219345093,0.9539999961853027,0.9957500100135803
908,0.31905117630958557,0.32686689496040344,0.9549999833106995,0.9539999961853027,0.9957500100135803
909,0.33002933859825134,0.32686689496040344,0.9520000219345093,0.9539999961853027,0.9957500100135803
910,0.32235777378082275,0.32686689496040344,0.9599999785423279,0.9539999961853027,0.9957500100135803
911,0.32853609323501587,0.32686689496040344,0.9549999833106995,0.9539999961853027,0.9957500100135803
912,0.32443347573280334,0.32686689496040344,0.9580000042915344,0.9539999961853027,0.9957500100135803
913,0.3303205072879791,0.32686689496040344,0.9480000138282776,0.9539999961853027,0.9957500100135803
914,0.31872063875198364,0.32686689496040344,0.949999988079071,0.9539999961853027,0.9957500100135803
915,0.3222167491912842,0.32686689496040344,0.9599999785423279,0.9539999961853027,0.9957500100135803
916,0.32307738065719604,0.32686689496040344,0.9559999704360962,0.9539999961853027,0.9957500100135803
917,0.32339856028556824,0.32686689496040344,0.949999988079071,0.9539999961853027,0.9957500100135803
918,0.32198432087898254,0.32686689496040344,0.9520000219345093,0.9539999961853027,0.9957500100135803
919,0.3309746980667114,0.32686689496040344,0.9459999799728394,0.9539999961853027,0.9957500100135803
920,0.31584420800209045,0.32686689496040344,0.9539999961853027,0.9539999961853027,0.9957500100135803
921,0.31403470039367676,0.32686689496040344,0.9589999914169312,0.9539999961853027,0.9957500100135803
922,0.3195064067840576,0.32686689496040344,0.9580000042915344,0.9539999961853027,0.9957500100135803
923,0.32063835859298706,0.32686689496040344,0.9520000219345093,0.9539999961853027,0.9957500100135803
924,0.3138616979122162,0.32686689496040344,0.9610000252723694,0.9539999961853027,0.9957500100135803
925,0.31885066628456116,0.32686689496040344,0.9599999785423279,0.9539999961853027,0.9957500100135803
926,0.3250354528427124,0.32686689496040344,0.9599999785423279,0.9539999961853027,0.9957500100135803
927,0.3141143321990967,0.32686689496040344,0.9610000252723694,0.9539999961853027,0.9957500100135803
928,0.3242339491844177,0.32686689496040344,0.9440000057220459,0.9539999961853027,0.9957500100135803
929,0.3156554400920868,0.32686689496040344,0.9520000219345093,0.9539999961853027,0.9957500100135803
930,0.3250029981136322,0.32686689496040344,0.9539999961853027,0.9539999961853027,0.9957500100135803
931,0.3191792666912079,0.32686689496040344,0.9679999947547913,0.9539999961853027,0.9957500100135803
932,0.3197955787181854,0.32686689496040344,0.9549999833106995,0.9539999961853027,0.9957500100135803
933,0.3183569014072418,0.32686689496040344,0.9679999947547913,0.9539999961853027,0.9957500100135803
934,0.3173448443412781,0.32686689496040344,0.9589999914169312,0.9539999961853027,0.9957500100135803
935,0.30864763259887695,0.32686689496040344,0.9610000252723694,0.9539999961853027,0.9957500100135803
936,0.3184211552143097,0.32686689496040344,0.9620000123977661,0.9539999961853027,0.9957500100135803
937,0.3161325752735138,0.32686689496040344,0.9589999914169312,0.9539999961853027,0.9957500100135803
938,0.32176175713539124,0.32686689496040344,0.9570000171661377,0.9539999961853027,0.9957500100135803
939,0.3177626132965088,0.32686689496040344,0.9520000219345093,0.9539999961853027,0.9957500100135803
940,0.3072108328342438,0.32686689496040344,0.9610000252723694,0.9539999961853027,0.9957500100135803
941,0.31412261724472046,0.32686689496040344,0.9549999833106995,0.9539999961853027,0.9957500100135803
942,0.3181786835193634,0.32686689496040344,0.953000009059906,0.9539999961853027,0.9957500100135803
943,0.31222376227378845,0.32686689496040344,0.9480000138282776,0.9539999961853027,0.9957500100135803
944,0.323006808757782,0.32686689496040344,0.9440000057220459,0.9539999961853027,0.9957500100135803
945,0.3144415616989136,0.32686689496040344,0.9539999961853027,0.9539999961853027,0.9957500100135803
946,0.3057255744934082,0.32686689496040344,0.949999988079071,0.9539999961853027,0.9957500100135803
947,0.31765928864479065,0.32686689496040344,0.9520000219345093,0.9539999961853027,0.9957500100135803
948,0.3093867599964142,0.32686689496040344,0.9599999785423279,0.9539999961853027,0.9957500100135803
949,0.3179173469543457,0.32686689496040344,0.9490000009536743,0.9539999961853027,0.9957500100135803
950,0.31039300560951233,0.3068406283855438,0.9649999737739563,0.9559999704360962,0.9965500235557556
951,0.3222372829914093,0.3068406283855438,0.9480000138282776,0.9559999704360962,0.9965500235557556
952,0.3225194811820984,0.3068406283855438,0.9549999833106995,0.9559999704360962,0.9965500235557556
953,0.3253510296344757,0.3068406283855438,0.9399999976158142,0.9559999704360962,0.9965500235557556
954,0.31671208143234253,0.3068406283855438,0.9559999704360962,0.9559999704360962,0.9965500235557556
955,0.3190726339817047,0.3068406283855438,0.9520000219345093,0.9559999704360962,0.9965500235557556
956,0.3147146701812744,0.3068406283855438,0.9589999914169312,0.9559999704360962,0.9965500235557556
957,0.3211090564727783,0.3068406283855438,0.9449999928474426,0.9559999704360962,0.9965500235557556
958,0.3132418990135193,0.3068406283855438,0.9580000042915344,0.9559999704360962,0.9965500235557556
959,0.32494792342185974,0.3068406283855438,0.9509999752044678,0.9559999704360962,0.9965500235557556
960,0.30918580293655396,0.3068406283855438,0.9580000042915344,0.9559999704360962,0.9965500235557556
961,0.30979636311531067,0.3068406283855438,0.9589999914169312,0.9559999704360962,0.9965500235557556
962,0.31477561593055725,0.3068406283855438,0.9509999752044678,0.9559999704360962,0.9965500235557556
963,0.3189641237258911,0.3068406283855438,0.9449999928474426,0.9559999704360962,0.9965500235557556
964,0.3203294277191162,0.3068406283855438,0.9399999976158142,0.9559999704360962,0.9965500235557556
965,0.3180410861968994,0.3068406283855438,0.9440000057220459,0.9559999704360962,0.9965500235557556
966,0.31795549392700195,0.3068406283855438,0.9610000252723694,0.9559999704360962,0.9965500235557556
967,0.32015785574913025,0.3068406283855438,0.9559999704360962,0.9559999704360962,0.9965500235557556
968,0.3010425865650177,0.3068406283855438,0.9580000042915344,0.9559999704360962,0.9965500235557556
969,0.3172808885574341,0.3068406283855438,0.9559999704360962,0.9559999704360962,0.9965500235557556
970,0.31218409538269043,0.3068406283855438,0.949999988079071,0.9559999704360962,0.9965500235557556
971,0.31353306770324707,0.3068406283855438,0.9490000009536743,0.9559999704360962,0.9965500235557556
972,0.3111879825592041,0.3068406283855438,0.9629999995231628,0.9559999704360962,0.9965500235557556
973,0.31997406482696533,0.3068406283855438,0.9559999704360962,0.9559999704360962,0.9965500235557556
974,0.313083291053772,0.3068406283855438,0.9649999737739563,0.9559999704360962,0.9965500235557556
975,0.31969550251960754,0.3068406283855438,0.9480000138282776,0.9559999704360962,0.9965500235557556
976,0.3090488612651825,0.3068406283855438,0.9599999785423279,0.9559999704360962,0.9965500235557556
977,0.32444605231285095,0.3068406283855438,0.9480000138282776,0.9559999704360962,0.9965500235557556
978,0.3192579448223114,0.3068406283855438,0.9559999704360962,0.9559999704360962,0.9965500235557556
979,0.3070988953113556,0.3068406283855438,0.972000002861023,0.9559999704360962,0.9965500235557556
980,0.3106686770915985,0.3068406283855438,0.9559999704360962,0.9559999704360962,0.9965500235557556
981,0.30666884779930115,0.3068406283855438,0.9559999704360962,0.9559999704360962,0.9965500235557556
982,0.3184392750263214,0.3068406283855438,0.949999988079071,0.9559999704360962,0.9965500235557556
983,0.30924031138420105,0.3068406283855438,0.9580000042915344,0.9559999704360962,0.9965500235557556
984,0.3222007155418396,0.3068406283855438,0.953000009059906,0.9559999704360962,0.9965500235557556
985,0.31304389238357544,0.3068406283855438,0.9660000205039978,0.9559999704360962,0.9965500235557556
986,0.3135082721710205,0.3068406283855438,0.9599999785423279,0.9559999704360962,0.9965500235557556
987,0.31201156973838806,0.3068406283855438,0.9490000009536743,0.9559999704360962,0.9965500235557556
988,0.32221338152885437,0.3068406283855438,0.9359999895095825,0.9559999704360962,0.9965500235557556
989,0.3034055233001709,0.3068406283855438,0.9589999914169312,0.9559999704360962,0.9965500235557556
990,0.309201717376709,0.3068406283855438,0.9539999961853027,0.9559999704360962,0.9965500235557556
991,0.31183549761772156,0.3068406283855438,0.953000009059906,0.9559999704360962,0.9965500235557556
992,0.3096974790096283,0.3068406283855438,0.949999988079071,0.9559999704360962,0.9965500235557556
993,0.3138056695461273,0.3068406283855438,0.9649999737739563,0.9559999704360962,0.9965500235557556
994,0.3011474609375,0.3068406283855438,0.9610000252723694,0.9559999704360962,0.9965500235557556
995,0.3051172196865082,0.3068406283855438,0.9599999785423279,0.9559999704360962,0.9965500235557556
996,0.31063735485076904,0.3068406283855438,0.9490000009536743,0.9559999704360962,0.9965500235557556
997,0.30425381660461426,0.3068406283855438,0.9380000233650208,0.9559999704360962,0.9965500235557556
998,0.30698689818382263,0.3068406283855438,0.9539999961853027,0.9559999704360962,0.9965500235557556
999,0.3081393837928772,0.3068406283855438,0.9570000171661377,0.9559999704360962,0.9965500235557556
