step,train_loss,val_loss,train_acc,val_acc,in_context_acc
0,0.6931473612785339,0.6921403408050537,0.492000013589859,0.8870000243186951,0.972100019454956
1,0.6921228766441345,0.6921403408050537,0.8859999775886536,0.8870000243186951,0.972100019454956
2,0.6911836266517639,0.6921403408050537,0.9200000166893005,0.8870000243186951,0.972100019454956
3,0.6900753378868103,0.6921403408050537,0.9369999766349792,0.8870000243186951,0.972100019454956
4,0.6890043020248413,0.6921403408050537,0.949999988079071,0.8870000243186951,0.972100019454956
5,0.6881022453308105,0.6921403408050537,0.9480000138282776,0.8870000243186951,0.972100019454956
6,0.6871941685676575,0.6921403408050537,0.9440000057220459,0.8870000243186951,0.972100019454956
7,0.6861821413040161,0.6921403408050537,0.9599999785423279,0.8870000243186951,0.972100019454956
8,0.6849949955940247,0.6921403408050537,0.9559999704360962,0.8870000243186951,0.972100019454956
9,0.6841495037078857,0.6921403408050537,0.9470000267028809,0.8870000243186951,0.972100019454956
10,0.6835488080978394,0.6921403408050537,0.9340000152587891,0.8870000243186951,0.972100019454956
11,0.6824438571929932,0.6921403408050537,0.9399999976158142,0.8870000243186951,0.972100019454956
12,0.6813931465148926,0.6921403408050537,0.9470000267028809,0.8870000243186951,0.972100019454956
13,0.680755615234375,0.6921403408050537,0.9459999799728394,0.8870000243186951,0.972100019454956
14,0.6797935366630554,0.6921403408050537,0.9399999976158142,0.8870000243186951,0.972100019454956
15,0.6787128448486328,0.6921403408050537,0.9480000138282776,0.8870000243186951,0.972100019454956
16,0.6771613955497742,0.6921403408050537,0.9470000267028809,0.8870000243186951,0.972100019454956
17,0.676903486251831,0.6921403408050537,0.9399999976158142,0.8870000243186951,0.972100019454956
18,0.6750916838645935,0.6921403408050537,0.9509999752044678,0.8870000243186951,0.972100019454956
19,0.6745824217796326,0.6921403408050537,0.949999988079071,0.8870000243186951,0.972100019454956
20,0.6733860373497009,0.6921403408050537,0.9559999704360962,0.8870000243186951,0.972100019454956
21,0.6723291873931885,0.6921403408050537,0.9490000009536743,0.8870000243186951,0.972100019454956
22,0.6722084879875183,0.6921403408050537,0.9549999833106995,0.8870000243186951,0.972100019454956
23,0.6708395481109619,0.6921403408050537,0.9620000123977661,0.8870000243186951,0.972100019454956
24,0.6695194840431213,0.6921403408050537,0.953000009059906,0.8870000243186951,0.972100019454956
25,0.6682854294776917,0.6921403408050537,0.9660000205039978,0.8870000243186951,0.972100019454956
26,0.6682174205780029,0.6921403408050537,0.9440000057220459,0.8870000243186951,0.972100019454956
27,0.6654098033905029,0.6921403408050537,0.9679999947547913,0.8870000243186951,0.972100019454956
28,0.6655688285827637,0.6921403408050537,0.9649999737739563,0.8870000243186951,0.972100019454956
29,0.6663787364959717,0.6921403408050537,0.9459999799728394,0.8870000243186951,0.972100019454956
30,0.6650251746177673,0.6921403408050537,0.949999988079071,0.8870000243186951,0.972100019454956
31,0.6626699566841125,0.6921403408050537,0.9480000138282776,0.8870000243186951,0.972100019454956
32,0.6620336771011353,0.6921403408050537,0.9490000009536743,0.8870000243186951,0.972100019454956
33,0.6601921319961548,0.6921403408050537,0.9490000009536743,0.8870000243186951,0.972100019454956
34,0.6607814431190491,0.6921403408050537,0.9470000267028809,0.8870000243186951,0.972100019454956
35,0.6596600413322449,0.6921403408050537,0.9570000171661377,0.8870000243186951,0.972100019454956
36,0.6580520272254944,0.6921403408050537,0.9459999799728394,0.8870000243186951,0.972100019454956
37,0.6580468416213989,0.6921403408050537,0.9549999833106995,0.8870000243186951,0.972100019454956
38,0.6564342379570007,0.6921403408050537,0.9649999737739563,0.8870000243186951,0.972100019454956
39,0.6562447547912598,0.6921403408050537,0.9480000138282776,0.8870000243186951,0.972100019454956
40,0.6536401510238647,0.6921403408050537,0.9580000042915344,0.8870000243186951,0.972100019454956
41,0.6527983546257019,0.6921403408050537,0.9520000219345093,0.8870000243186951,0.972100019454956
42,0.6521501541137695,0.6921403408050537,0.9570000171661377,0.8870000243186951,0.972100019454956
43,0.652500331401825,0.6921403408050537,0.9580000042915344,0.8870000243186951,0.972100019454956
44,0.6518329381942749,0.6921403408050537,0.9539999961853027,0.8870000243186951,0.972100019454956
45,0.6496942639350891,0.6921403408050537,0.9520000219345093,0.8870000243186951,0.972100019454956
46,0.6493188738822937,0.6921403408050537,0.9570000171661377,0.8870000243186951,0.972100019454956
47,0.6472940444946289,0.6921403408050537,0.9509999752044678,0.8870000243186951,0.972100019454956
48,0.6488100290298462,0.6921403408050537,0.9409999847412109,0.8870000243186951,0.972100019454956
49,0.6459400057792664,0.6921403408050537,0.9520000219345093,0.8870000243186951,0.972100019454956
50,0.6456981897354126,0.6444784998893738,0.9580000042915344,0.9520000219345093,0.9962999820709229
51,0.6453986167907715,0.6444784998893738,0.9580000042915344,0.9520000219345093,0.9962999820709229
52,0.6449103355407715,0.6444784998893738,0.9610000252723694,0.9520000219345093,0.9962999820709229
53,0.6423885226249695,0.6444784998893738,0.9570000171661377,0.9520000219345093,0.9962999820709229
54,0.642383873462677,0.6444784998893738,0.9570000171661377,0.9520000219345093,0.9962999820709229
55,0.6399045586585999,0.6444784998893738,0.9539999961853027,0.9520000219345093,0.9962999820709229
56,0.6403622031211853,0.6444784998893738,0.9549999833106995,0.9520000219345093,0.9962999820709229
57,0.6427664756774902,0.6444784998893738,0.9359999895095825,0.9520000219345093,0.9962999820709229
58,0.63820481300354,0.6444784998893738,0.9419999718666077,0.9520000219345093,0.9962999820709229
59,0.6382250785827637,0.6444784998893738,0.9539999961853027,0.9520000219345093,0.9962999820709229
60,0.6370931267738342,0.6444784998893738,0.9520000219345093,0.9520000219345093,0.9962999820709229
61,0.6359237432479858,0.6444784998893738,0.9470000267028809,0.9520000219345093,0.9962999820709229
62,0.635139524936676,0.6444784998893738,0.9559999704360962,0.9520000219345093,0.9962999820709229
63,0.6355484127998352,0.6444784998893738,0.9539999961853027,0.9520000219345093,0.9962999820709229
64,0.6329165101051331,0.6444784998893738,0.9470000267028809,0.9520000219345093,0.9962999820709229
65,0.6315945982933044,0.6444784998893738,0.9610000252723694,0.9520000219345093,0.9962999820709229
66,0.6330356001853943,0.6444784998893738,0.9570000171661377,0.9520000219345093,0.9962999820709229
67,0.6306957006454468,0.6444784998893738,0.9509999752044678,0.9520000219345093,0.9962999820709229
68,0.6310789585113525,0.6444784998893738,0.9559999704360962,0.9520000219345093,0.9962999820709229
69,0.6305914521217346,0.6444784998893738,0.9430000185966492,0.9520000219345093,0.9962999820709229
70,0.6286353468894958,0.6444784998893738,0.9589999914169312,0.9520000219345093,0.9962999820709229
71,0.6297754049301147,0.6444784998893738,0.9459999799728394,0.9520000219345093,0.9962999820709229
72,0.6279654502868652,0.6444784998893738,0.9440000057220459,0.9520000219345093,0.9962999820709229
73,0.6244977712631226,0.6444784998893738,0.9509999752044678,0.9520000219345093,0.9962999820709229
74,0.6254896521568298,0.6444784998893738,0.9559999704360962,0.9520000219345093,0.9962999820709229
75,0.623984158039093,0.6444784998893738,0.9589999914169312,0.9520000219345093,0.9962999820709229
76,0.6240554451942444,0.6444784998893738,0.9539999961853027,0.9520000219345093,0.9962999820709229
77,0.6226239204406738,0.6444784998893738,0.9599999785423279,0.9520000219345093,0.9962999820709229
78,0.6210237741470337,0.6444784998893738,0.9520000219345093,0.9520000219345093,0.9962999820709229
79,0.6203501224517822,0.6444784998893738,0.9520000219345093,0.9520000219345093,0.9962999820709229
80,0.6199019551277161,0.6444784998893738,0.953000009059906,0.9520000219345093,0.9962999820709229
81,0.6188600063323975,0.6444784998893738,0.9599999785423279,0.9520000219345093,0.9962999820709229
82,0.6187419295310974,0.6444784998893738,0.9610000252723694,0.9520000219345093,0.9962999820709229
83,0.6181576251983643,0.6444784998893738,0.9539999961853027,0.9520000219345093,0.9962999820709229
84,0.617822527885437,0.6444784998893738,0.9539999961853027,0.9520000219345093,0.9962999820709229
85,0.6155505776405334,0.6444784998893738,0.9580000042915344,0.9520000219345093,0.9962999820709229
86,0.6147806644439697,0.6444784998893738,0.9620000123977661,0.9520000219345093,0.9962999820709229
87,0.616192638874054,0.6444784998893738,0.9480000138282776,0.9520000219345093,0.9962999820709229
88,0.613692045211792,0.6444784998893738,0.9570000171661377,0.9520000219345093,0.9962999820709229
89,0.6133196949958801,0.6444784998893738,0.949999988079071,0.9520000219345093,0.9962999820709229
90,0.6131107211112976,0.6444784998893738,0.9629999995231628,0.9520000219345093,0.9962999820709229
91,0.6111147403717041,0.6444784998893738,0.9520000219345093,0.9520000219345093,0.9962999820709229
92,0.6092511415481567,0.6444784998893738,0.9610000252723694,0.9520000219345093,0.9962999820709229
93,0.613512396812439,0.6444784998893738,0.9430000185966492,0.9520000219345093,0.9962999820709229
94,0.6089906096458435,0.6444784998893738,0.9649999737739563,0.9520000219345093,0.9962999820709229
95,0.6112456917762756,0.6444784998893738,0.9419999718666077,0.9520000219345093,0.9962999820709229
96,0.6097858548164368,0.6444784998893738,0.9440000057220459,0.9520000219345093,0.9962999820709229
97,0.6067038774490356,0.6444784998893738,0.9620000123977661,0.9520000219345093,0.9962999820709229
98,0.6062832474708557,0.6444784998893738,0.9599999785423279,0.9520000219345093,0.9962999820709229
99,0.6080029010772705,0.6444784998893738,0.9480000138282776,0.9520000219345093,0.9962999820709229
100,0.604844331741333,0.6053678393363953,0.9589999914169312,0.9589999914169312,0.9965000152587891
101,0.6046519875526428,0.6053678393363953,0.9480000138282776,0.9589999914169312,0.9965000152587891
102,0.6045736074447632,0.6053678393363953,0.9539999961853027,0.9589999914169312,0.9965000152587891
103,0.6061601042747498,0.6053678393363953,0.9380000233650208,0.9589999914169312,0.9965000152587891
104,0.6018424034118652,0.6053678393363953,0.9539999961853027,0.9589999914169312,0.9965000152587891
105,0.5989641547203064,0.6053678393363953,0.949999988079071,0.9589999914169312,0.9965000152587891
106,0.5989454984664917,0.6053678393363953,0.9559999704360962,0.9589999914169312,0.9965000152587891
107,0.5979123711585999,0.6053678393363953,0.9629999995231628,0.9589999914169312,0.9965000152587891
108,0.5996425747871399,0.6053678393363953,0.9629999995231628,0.9589999914169312,0.9965000152587891
109,0.6008766889572144,0.6053678393363953,0.9539999961853027,0.9589999914169312,0.9965000152587891
110,0.5993714332580566,0.6053678393363953,0.9520000219345093,0.9589999914169312,0.9965000152587891
111,0.5983874797821045,0.6053678393363953,0.949999988079071,0.9589999914169312,0.9965000152587891
112,0.5939677357673645,0.6053678393363953,0.9679999947547913,0.9589999914169312,0.9965000152587891
113,0.5938153862953186,0.6053678393363953,0.949999988079071,0.9589999914169312,0.9965000152587891
114,0.5959006547927856,0.6053678393363953,0.9490000009536743,0.9589999914169312,0.9965000152587891
115,0.5937684178352356,0.6053678393363953,0.9559999704360962,0.9589999914169312,0.9965000152587891
116,0.5939548015594482,0.6053678393363953,0.9490000009536743,0.9589999914169312,0.9965000152587891
117,0.5900366902351379,0.6053678393363953,0.953000009059906,0.9589999914169312,0.9965000152587891
118,0.5906760096549988,0.6053678393363953,0.9490000009536743,0.9589999914169312,0.9965000152587891
119,0.586836040019989,0.6053678393363953,0.9649999737739563,0.9589999914169312,0.9965000152587891
120,0.587617039680481,0.6053678393363953,0.953000009059906,0.9589999914169312,0.9965000152587891
121,0.5901110768318176,0.6053678393363953,0.9390000104904175,0.9589999914169312,0.9965000152587891
122,0.5886150598526001,0.6053678393363953,0.9599999785423279,0.9589999914169312,0.9965000152587891
123,0.5900654196739197,0.6053678393363953,0.9580000042915344,0.9589999914169312,0.9965000152587891
124,0.5874691009521484,0.6053678393363953,0.9559999704360962,0.9589999914169312,0.9965000152587891
125,0.5882092118263245,0.6053678393363953,0.949999988079071,0.9589999914169312,0.9965000152587891
126,0.5835513472557068,0.6053678393363953,0.9610000252723694,0.9589999914169312,0.9965000152587891
127,0.5834489464759827,0.6053678393363953,0.9599999785423279,0.9589999914169312,0.9965000152587891
128,0.5847873687744141,0.6053678393363953,0.9589999914169312,0.9589999914169312,0.9965000152587891
129,0.5871167182922363,0.6053678393363953,0.9440000057220459,0.9589999914169312,0.9965000152587891
130,0.5828872323036194,0.6053678393363953,0.9539999961853027,0.9589999914169312,0.9965000152587891
131,0.5789851546287537,0.6053678393363953,0.9520000219345093,0.9589999914169312,0.9965000152587891
132,0.5794912576675415,0.6053678393363953,0.9480000138282776,0.9589999914169312,0.9965000152587891
133,0.579567551612854,0.6053678393363953,0.9599999785423279,0.9589999914169312,0.9965000152587891
134,0.5758254528045654,0.6053678393363953,0.9599999785423279,0.9589999914169312,0.9965000152587891
135,0.5791928172111511,0.6053678393363953,0.9639999866485596,0.9589999914169312,0.9965000152587891
136,0.5753065943717957,0.6053678393363953,0.9539999961853027,0.9589999914169312,0.9965000152587891
137,0.5794827938079834,0.6053678393363953,0.949999988079071,0.9589999914169312,0.9965000152587891
138,0.5787057876586914,0.6053678393363953,0.9459999799728394,0.9589999914169312,0.9965000152587891
139,0.5812331438064575,0.6053678393363953,0.9480000138282776,0.9589999914169312,0.9965000152587891
140,0.5782668590545654,0.6053678393363953,0.9409999847412109,0.9589999914169312,0.9965000152587891
141,0.5708767771720886,0.6053678393363953,0.9620000123977661,0.9589999914169312,0.9965000152587891
142,0.5758806467056274,0.6053678393363953,0.9589999914169312,0.9589999914169312,0.9965000152587891
143,0.5736561417579651,0.6053678393363953,0.9509999752044678,0.9589999914169312,0.9965000152587891
144,0.5752671360969543,0.6053678393363953,0.949999988079071,0.9589999914169312,0.9965000152587891
145,0.5744582414627075,0.6053678393363953,0.9470000267028809,0.9589999914169312,0.9965000152587891
146,0.5683221220970154,0.6053678393363953,0.9549999833106995,0.9589999914169312,0.9965000152587891
147,0.573554277420044,0.6053678393363953,0.9440000057220459,0.9589999914169312,0.9965000152587891
148,0.5728549957275391,0.6053678393363953,0.9599999785423279,0.9589999914169312,0.9965000152587891
149,0.5674239993095398,0.6053678393363953,0.9480000138282776,0.9589999914169312,0.9965000152587891
150,0.5702129602432251,0.5661171078681946,0.953000009059906,0.9610000252723694,0.9955499768257141
151,0.5686309933662415,0.5661171078681946,0.9580000042915344,0.9610000252723694,0.9955499768257141
152,0.5675139427185059,0.5661171078681946,0.9440000057220459,0.9610000252723694,0.9955499768257141
153,0.5668532848358154,0.5661171078681946,0.9549999833106995,0.9610000252723694,0.9955499768257141
154,0.5659509301185608,0.5661171078681946,0.9509999752044678,0.9610000252723694,0.9955499768257141
155,0.5646356344223022,0.5661171078681946,0.9509999752044678,0.9610000252723694,0.9955499768257141
156,0.5640273690223694,0.5661171078681946,0.9549999833106995,0.9610000252723694,0.9955499768257141
157,0.564622163772583,0.5661171078681946,0.9549999833106995,0.9610000252723694,0.9955499768257141
158,0.5604009628295898,0.5661171078681946,0.9599999785423279,0.9610000252723694,0.9955499768257141
159,0.5593065023422241,0.5661171078681946,0.953000009059906,0.9610000252723694,0.9955499768257141
160,0.5589100122451782,0.5661171078681946,0.9559999704360962,0.9610000252723694,0.9955499768257141
161,0.5607879757881165,0.5661171078681946,0.9570000171661377,0.9610000252723694,0.9955499768257141
162,0.5569416284561157,0.5661171078681946,0.9610000252723694,0.9610000252723694,0.9955499768257141
163,0.5631017088890076,0.5661171078681946,0.9520000219345093,0.9610000252723694,0.9955499768257141
164,0.5574632287025452,0.5661171078681946,0.9620000123977661,0.9610000252723694,0.9955499768257141
165,0.5561695098876953,0.5661171078681946,0.9629999995231628,0.9610000252723694,0.9955499768257141
166,0.5540234446525574,0.5661171078681946,0.9670000076293945,0.9610000252723694,0.9955499768257141
167,0.557245135307312,0.5661171078681946,0.9589999914169312,0.9610000252723694,0.9955499768257141
168,0.5590578317642212,0.5661171078681946,0.9580000042915344,0.9610000252723694,0.9955499768257141
169,0.5576708912849426,0.5661171078681946,0.9559999704360962,0.9610000252723694,0.9955499768257141
170,0.5527576804161072,0.5661171078681946,0.9610000252723694,0.9610000252723694,0.9955499768257141
171,0.5555418729782104,0.5661171078681946,0.9449999928474426,0.9610000252723694,0.9955499768257141
172,0.5567618608474731,0.5661171078681946,0.9620000123977661,0.9610000252723694,0.9955499768257141
173,0.5554383397102356,0.5661171078681946,0.953000009059906,0.9610000252723694,0.9955499768257141
174,0.5568562150001526,0.5661171078681946,0.9390000104904175,0.9610000252723694,0.9955499768257141
175,0.5503779649734497,0.5661171078681946,0.9580000042915344,0.9610000252723694,0.9955499768257141
176,0.550058901309967,0.5661171078681946,0.9620000123977661,0.9610000252723694,0.9955499768257141
177,0.546409547328949,0.5661171078681946,0.949999988079071,0.9610000252723694,0.9955499768257141
178,0.5456981658935547,0.5661171078681946,0.9539999961853027,0.9610000252723694,0.9955499768257141
179,0.5511214733123779,0.5661171078681946,0.9490000009536743,0.9610000252723694,0.9955499768257141
180,0.5533654689788818,0.5661171078681946,0.9459999799728394,0.9610000252723694,0.9955499768257141
181,0.5479879975318909,0.5661171078681946,0.9580000042915344,0.9610000252723694,0.9955499768257141
182,0.5439772009849548,0.5661171078681946,0.9570000171661377,0.9610000252723694,0.9955499768257141
183,0.5492805242538452,0.5661171078681946,0.9459999799728394,0.9610000252723694,0.9955499768257141
184,0.5504814386367798,0.5661171078681946,0.9539999961853027,0.9610000252723694,0.9955499768257141
185,0.5508188605308533,0.5661171078681946,0.9470000267028809,0.9610000252723694,0.9955499768257141
186,0.5427355170249939,0.5661171078681946,0.9589999914169312,0.9610000252723694,0.9955499768257141
187,0.5441369414329529,0.5661171078681946,0.9539999961853027,0.9610000252723694,0.9955499768257141
188,0.5495593547821045,0.5661171078681946,0.9480000138282776,0.9610000252723694,0.9955499768257141
189,0.5490235686302185,0.5661171078681946,0.9419999718666077,0.9610000252723694,0.9955499768257141
190,0.543682336807251,0.5661171078681946,0.9580000042915344,0.9610000252723694,0.9955499768257141
191,0.5434577465057373,0.5661171078681946,0.9549999833106995,0.9610000252723694,0.9955499768257141
192,0.5452522039413452,0.5661171078681946,0.9480000138282776,0.9610000252723694,0.9955499768257141
193,0.5458369851112366,0.5661171078681946,0.9570000171661377,0.9610000252723694,0.9955499768257141
194,0.5368576645851135,0.5661171078681946,0.9599999785423279,0.9610000252723694,0.9955499768257141
195,0.5394906401634216,0.5661171078681946,0.9599999785423279,0.9610000252723694,0.9955499768257141
196,0.5414116978645325,0.5661171078681946,0.9570000171661377,0.9610000252723694,0.9955499768257141
197,0.5414146780967712,0.5661171078681946,0.9580000042915344,0.9610000252723694,0.9955499768257141
198,0.5418806672096252,0.5661171078681946,0.949999988079071,0.9610000252723694,0.9955499768257141
199,0.5374525785446167,0.5661171078681946,0.9649999737739563,0.9610000252723694,0.9955499768257141
200,0.5338802337646484,0.5386947989463806,0.9559999704360962,0.953000009059906,0.9952999949455261
201,0.5393548607826233,0.5386947989463806,0.9599999785423279,0.953000009059906,0.9952999949455261
202,0.5329039096832275,0.5386947989463806,0.9520000219345093,0.953000009059906,0.9952999949455261
203,0.5340349078178406,0.5386947989463806,0.9549999833106995,0.953000009059906,0.9952999949455261
204,0.5357778072357178,0.5386947989463806,0.9559999704360962,0.953000009059906,0.9952999949455261
205,0.5319728851318359,0.5386947989463806,0.9570000171661377,0.953000009059906,0.9952999949455261
206,0.5317343473434448,0.5386947989463806,0.9580000042915344,0.953000009059906,0.9952999949455261
207,0.5338928699493408,0.5386947989463806,0.9459999799728394,0.953000009059906,0.9952999949455261
208,0.5265248417854309,0.5386947989463806,0.9620000123977661,0.953000009059906,0.9952999949455261
209,0.5303760170936584,0.5386947989463806,0.9459999799728394,0.953000009059906,0.9952999949455261
210,0.5269299149513245,0.5386947989463806,0.9539999961853027,0.953000009059906,0.9952999949455261
211,0.5276315212249756,0.5386947989463806,0.9470000267028809,0.953000009059906,0.9952999949455261
212,0.5323420166969299,0.5386947989463806,0.949999988079071,0.953000009059906,0.9952999949455261
213,0.5284223556518555,0.5386947989463806,0.9470000267028809,0.953000009059906,0.9952999949455261
214,0.5315068960189819,0.5386947989463806,0.9520000219345093,0.953000009059906,0.9952999949455261
215,0.5277788043022156,0.5386947989463806,0.9599999785423279,0.953000009059906,0.9952999949455261
216,0.532272219657898,0.5386947989463806,0.953000009059906,0.953000009059906,0.9952999949455261
217,0.5227863192558289,0.5386947989463806,0.9509999752044678,0.953000009059906,0.9952999949455261
218,0.5340004563331604,0.5386947989463806,0.9470000267028809,0.953000009059906,0.9952999949455261
219,0.5287628173828125,0.5386947989463806,0.9419999718666077,0.953000009059906,0.9952999949455261
220,0.5305907726287842,0.5386947989463806,0.9589999914169312,0.953000009059906,0.9952999949455261
221,0.5250520706176758,0.5386947989463806,0.9649999737739563,0.953000009059906,0.9952999949455261
222,0.5262055397033691,0.5386947989463806,0.9570000171661377,0.953000009059906,0.9952999949455261
223,0.5235665440559387,0.5386947989463806,0.9509999752044678,0.953000009059906,0.9952999949455261
224,0.5244851112365723,0.5386947989463806,0.9580000042915344,0.953000009059906,0.9952999949455261
225,0.523253321647644,0.5386947989463806,0.9520000219345093,0.953000009059906,0.9952999949455261
226,0.5186485648155212,0.5386947989463806,0.9589999914169312,0.953000009059906,0.9952999949455261
227,0.522186279296875,0.5386947989463806,0.9490000009536743,0.953000009059906,0.9952999949455261
228,0.5214934945106506,0.5386947989463806,0.9549999833106995,0.953000009059906,0.9952999949455261
229,0.5201707482337952,0.5386947989463806,0.9380000233650208,0.953000009059906,0.9952999949455261
230,0.5204080939292908,0.5386947989463806,0.949999988079071,0.953000009059906,0.9952999949455261
231,0.5182263851165771,0.5386947989463806,0.9470000267028809,0.953000009059906,0.9952999949455261
232,0.5162343978881836,0.5386947989463806,0.9610000252723694,0.953000009059906,0.9952999949455261
233,0.5154309272766113,0.5386947989463806,0.9660000205039978,0.953000009059906,0.9952999949455261
234,0.5161169171333313,0.5386947989463806,0.949999988079071,0.953000009059906,0.9952999949455261
235,0.5202710032463074,0.5386947989463806,0.949999988079071,0.953000009059906,0.9952999949455261
236,0.5105687379837036,0.5386947989463806,0.9660000205039978,0.953000009059906,0.9952999949455261
237,0.5177280306816101,0.5386947989463806,0.9549999833106995,0.953000009059906,0.9952999949455261
238,0.5153475403785706,0.5386947989463806,0.9559999704360962,0.953000009059906,0.9952999949455261
239,0.5138831734657288,0.5386947989463806,0.9610000252723694,0.953000009059906,0.9952999949455261
240,0.5180692076683044,0.5386947989463806,0.9570000171661377,0.953000009059906,0.9952999949455261
241,0.5117970705032349,0.5386947989463806,0.9539999961853027,0.953000009059906,0.9952999949455261
242,0.5120081305503845,0.5386947989463806,0.9549999833106995,0.953000009059906,0.9952999949455261
243,0.5097640156745911,0.5386947989463806,0.9620000123977661,0.953000009059906,0.9952999949455261
244,0.5140453577041626,0.5386947989463806,0.9480000138282776,0.953000009059906,0.9952999949455261
245,0.5082986950874329,0.5386947989463806,0.9580000042915344,0.953000009059906,0.9952999949455261
246,0.5133252143859863,0.5386947989463806,0.9440000057220459,0.953000009059906,0.9952999949455261
247,0.5154682397842407,0.5386947989463806,0.953000009059906,0.953000009059906,0.9952999949455261
248,0.5119336247444153,0.5386947989463806,0.9570000171661377,0.953000009059906,0.9952999949455261
249,0.5120623111724854,0.5386947989463806,0.9580000042915344,0.953000009059906,0.9952999949455261
250,0.5101858973503113,0.5046151876449585,0.9589999914169312,0.9520000219345093,0.9962000250816345
251,0.5077360272407532,0.5046151876449585,0.9480000138282776,0.9520000219345093,0.9962000250816345
252,0.5073642730712891,0.5046151876449585,0.9520000219345093,0.9520000219345093,0.9962000250816345
253,0.5086986422538757,0.5046151876449585,0.953000009059906,0.9520000219345093,0.9962000250816345
254,0.5103698372840881,0.5046151876449585,0.9570000171661377,0.9520000219345093,0.9962000250816345
255,0.5084084272384644,0.5046151876449585,0.9580000042915344,0.9520000219345093,0.9962000250816345
256,0.5030733346939087,0.5046151876449585,0.9570000171661377,0.9520000219345093,0.9962000250816345
257,0.5069453716278076,0.5046151876449585,0.9480000138282776,0.9520000219345093,0.9962000250816345
258,0.5051933526992798,0.5046151876449585,0.953000009059906,0.9520000219345093,0.9962000250816345
259,0.5054942965507507,0.5046151876449585,0.9539999961853027,0.9520000219345093,0.9962000250816345
260,0.5077285766601562,0.5046151876449585,0.9580000042915344,0.9520000219345093,0.9962000250816345
261,0.5014477968215942,0.5046151876449585,0.9610000252723694,0.9520000219345093,0.9962000250816345
262,0.5035926103591919,0.5046151876449585,0.953000009059906,0.9520000219345093,0.9962000250816345
263,0.4987115263938904,0.5046151876449585,0.9580000042915344,0.9520000219345093,0.9962000250816345
264,0.5068120956420898,0.5046151876449585,0.9419999718666077,0.9520000219345093,0.9962000250816345
265,0.5059983730316162,0.5046151876449585,0.9559999704360962,0.9520000219345093,0.9962000250816345
266,0.5025821328163147,0.5046151876449585,0.9539999961853027,0.9520000219345093,0.9962000250816345
267,0.5004664659500122,0.5046151876449585,0.9620000123977661,0.9520000219345093,0.9962000250816345
268,0.5089173316955566,0.5046151876449585,0.9459999799728394,0.9520000219345093,0.9962000250816345
269,0.5015829801559448,0.5046151876449585,0.9509999752044678,0.9520000219345093,0.9962000250816345
270,0.4952874183654785,0.5046151876449585,0.9570000171661377,0.9520000219345093,0.9962000250816345
271,0.49567267298698425,0.5046151876449585,0.9599999785423279,0.9520000219345093,0.9962000250816345
272,0.5001043081283569,0.5046151876449585,0.9559999704360962,0.9520000219345093,0.9962000250816345
273,0.5026474595069885,0.5046151876449585,0.9399999976158142,0.9520000219345093,0.9962000250816345
274,0.49949780106544495,0.5046151876449585,0.9480000138282776,0.9520000219345093,0.9962000250816345
275,0.4957783818244934,0.5046151876449585,0.9520000219345093,0.9520000219345093,0.9962000250816345
276,0.49493229389190674,0.5046151876449585,0.949999988079071,0.9520000219345093,0.9962000250816345
277,0.49562934041023254,0.5046151876449585,0.9570000171661377,0.9520000219345093,0.9962000250816345
278,0.4871622323989868,0.5046151876449585,0.9679999947547913,0.9520000219345093,0.9962000250816345
279,0.4893018901348114,0.5046151876449585,0.9620000123977661,0.9520000219345093,0.9962000250816345
280,0.48651576042175293,0.5046151876449585,0.9539999961853027,0.9520000219345093,0.9962000250816345
281,0.495910108089447,0.5046151876449585,0.949999988079071,0.9520000219345093,0.9962000250816345
282,0.48829224705696106,0.5046151876449585,0.9580000042915344,0.9520000219345093,0.9962000250816345
283,0.49256372451782227,0.5046151876449585,0.9580000042915344,0.9520000219345093,0.9962000250816345
284,0.4891226291656494,0.5046151876449585,0.9599999785423279,0.9520000219345093,0.9962000250816345
285,0.4882161617279053,0.5046151876449585,0.9620000123977661,0.9520000219345093,0.9962000250816345
286,0.4930011034011841,0.5046151876449585,0.9449999928474426,0.9520000219345093,0.9962000250816345
287,0.48439329862594604,0.5046151876449585,0.9559999704360962,0.9520000219345093,0.9962000250816345
288,0.49054473638534546,0.5046151876449585,0.9589999914169312,0.9520000219345093,0.9962000250816345
289,0.48936977982521057,0.5046151876449585,0.9570000171661377,0.9520000219345093,0.9962000250816345
290,0.4911069869995117,0.5046151876449585,0.9620000123977661,0.9520000219345093,0.9962000250816345
291,0.48475879430770874,0.5046151876449585,0.9629999995231628,0.9520000219345093,0.9962000250816345
292,0.49034973978996277,0.5046151876449585,0.949999988079071,0.9520000219345093,0.9962000250816345
293,0.48616424202919006,0.5046151876449585,0.9580000042915344,0.9520000219345093,0.9962000250816345
294,0.4893568158149719,0.5046151876449585,0.949999988079071,0.9520000219345093,0.9962000250816345
295,0.4863039553165436,0.5046151876449585,0.9610000252723694,0.9520000219345093,0.9962000250816345
296,0.4877329468727112,0.5046151876449585,0.9580000042915344,0.9520000219345093,0.9962000250816345
297,0.48610880970954895,0.5046151876449585,0.9459999799728394,0.9520000219345093,0.9962000250816345
298,0.4793539345264435,0.5046151876449585,0.9670000076293945,0.9520000219345093,0.9962000250816345
299,0.4817778468132019,0.5046151876449585,0.9570000171661377,0.9520000219345093,0.9962000250816345
300,0.48539823293685913,0.48189646005630493,0.9559999704360962,0.9629999995231628,0.9957000017166138
301,0.483895868062973,0.48189646005630493,0.9620000123977661,0.9629999995231628,0.9957000017166138
302,0.48397716879844666,0.48189646005630493,0.9580000042915344,0.9629999995231628,0.9957000017166138
303,0.48327013850212097,0.48189646005630493,0.9620000123977661,0.9629999995231628,0.9957000017166138
304,0.4850310981273651,0.48189646005630493,0.9390000104904175,0.9629999995231628,0.9957000017166138
305,0.4771480858325958,0.48189646005630493,0.9539999961853027,0.9629999995231628,0.9957000017166138
306,0.4827330708503723,0.48189646005630493,0.9620000123977661,0.9629999995231628,0.9957000017166138
307,0.4778527021408081,0.48189646005630493,0.9629999995231628,0.9629999995231628,0.9957000017166138
308,0.4832577407360077,0.48189646005630493,0.9449999928474426,0.9629999995231628,0.9957000017166138
309,0.4808306396007538,0.48189646005630493,0.9639999866485596,0.9629999995231628,0.9957000017166138
310,0.4788731336593628,0.48189646005630493,0.9599999785423279,0.9629999995231628,0.9957000017166138
311,0.4804670810699463,0.48189646005630493,0.9589999914169312,0.9629999995231628,0.9957000017166138
312,0.4830430746078491,0.48189646005630493,0.9520000219345093,0.9629999995231628,0.9957000017166138
313,0.48390915989875793,0.48189646005630493,0.9470000267028809,0.9629999995231628,0.9957000017166138
314,0.47524189949035645,0.48189646005630493,0.9509999752044678,0.9629999995231628,0.9957000017166138
315,0.4807833731174469,0.48189646005630493,0.9559999704360962,0.9629999995231628,0.9957000017166138
316,0.47494879364967346,0.48189646005630493,0.9710000157356262,0.9629999995231628,0.9957000017166138
317,0.47653985023498535,0.48189646005630493,0.9520000219345093,0.9629999995231628,0.9957000017166138
318,0.47948962450027466,0.48189646005630493,0.949999988079071,0.9629999995231628,0.9957000017166138
319,0.4770016074180603,0.48189646005630493,0.9539999961853027,0.9629999995231628,0.9957000017166138
320,0.48000597953796387,0.48189646005630493,0.953000009059906,0.9629999995231628,0.9957000017166138
321,0.4812012016773224,0.48189646005630493,0.953000009059906,0.9629999995231628,0.9957000017166138
322,0.47070640325546265,0.48189646005630493,0.9660000205039978,0.9629999995231628,0.9957000017166138
323,0.47101837396621704,0.48189646005630493,0.9629999995231628,0.9629999995231628,0.9957000017166138
324,0.46860218048095703,0.48189646005630493,0.9549999833106995,0.9629999995231628,0.9957000017166138
325,0.4678710997104645,0.48189646005630493,0.9559999704360962,0.9629999995231628,0.9957000017166138
326,0.46870777010917664,0.48189646005630493,0.9549999833106995,0.9629999995231628,0.9957000017166138
327,0.46433472633361816,0.48189646005630493,0.9739999771118164,0.9629999995231628,0.9957000017166138
328,0.4749632775783539,0.48189646005630493,0.9610000252723694,0.9629999995231628,0.9957000017166138
329,0.47119104862213135,0.48189646005630493,0.9580000042915344,0.9629999995231628,0.9957000017166138
330,0.4724119305610657,0.48189646005630493,0.9470000267028809,0.9629999995231628,0.9957000017166138
331,0.47308650612831116,0.48189646005630493,0.953000009059906,0.9629999995231628,0.9957000017166138
332,0.4662994146347046,0.48189646005630493,0.9480000138282776,0.9629999995231628,0.9957000017166138
333,0.47414064407348633,0.48189646005630493,0.953000009059906,0.9629999995231628,0.9957000017166138
334,0.4692276120185852,0.48189646005630493,0.9670000076293945,0.9629999995231628,0.9957000017166138
335,0.4692728519439697,0.48189646005630493,0.9610000252723694,0.9629999995231628,0.9957000017166138
336,0.46462106704711914,0.48189646005630493,0.9570000171661377,0.9629999995231628,0.9957000017166138
337,0.4675939381122589,0.48189646005630493,0.9470000267028809,0.9629999995231628,0.9957000017166138
338,0.46464720368385315,0.48189646005630493,0.9599999785423279,0.9629999995231628,0.9957000017166138
339,0.474579393863678,0.48189646005630493,0.9549999833106995,0.9629999995231628,0.9957000017166138
340,0.4631820023059845,0.48189646005630493,0.9599999785423279,0.9629999995231628,0.9957000017166138
341,0.4632766544818878,0.48189646005630493,0.9559999704360962,0.9629999995231628,0.9957000017166138
342,0.4655182361602783,0.48189646005630493,0.9470000267028809,0.9629999995231628,0.9957000017166138
343,0.4613812267780304,0.48189646005630493,0.9580000042915344,0.9629999995231628,0.9957000017166138
344,0.4644162654876709,0.48189646005630493,0.9449999928474426,0.9629999995231628,0.9957000017166138
345,0.46747320890426636,0.48189646005630493,0.9539999961853027,0.9629999995231628,0.9957000017166138
346,0.46474316716194153,0.48189646005630493,0.9539999961853027,0.9629999995231628,0.9957000017166138
347,0.46591681241989136,0.48189646005630493,0.953000009059906,0.9629999995231628,0.9957000017166138
348,0.461892694234848,0.48189646005630493,0.9589999914169312,0.9629999995231628,0.9957000017166138
349,0.4621998369693756,0.48189646005630493,0.9539999961853027,0.9629999995231628,0.9957000017166138
350,0.46381038427352905,0.4625774025917053,0.9629999995231628,0.949999988079071,0.9954500198364258
351,0.4594639539718628,0.4625774025917053,0.9610000252723694,0.949999988079071,0.9954500198364258
352,0.4622966945171356,0.4625774025917053,0.9599999785423279,0.949999988079071,0.9954500198364258
353,0.4621933102607727,0.4625774025917053,0.9459999799728394,0.949999988079071,0.9954500198364258
354,0.46123814582824707,0.4625774025917053,0.9490000009536743,0.949999988079071,0.9954500198364258
355,0.4652006924152374,0.4625774025917053,0.9559999704360962,0.949999988079071,0.9954500198364258
356,0.45711156725883484,0.4625774025917053,0.9580000042915344,0.949999988079071,0.9954500198364258
357,0.45817098021507263,0.4625774025917053,0.9589999914169312,0.949999988079071,0.9954500198364258
358,0.4537126421928406,0.4625774025917053,0.9610000252723694,0.949999988079071,0.9954500198364258
359,0.4559295177459717,0.4625774025917053,0.9570000171661377,0.949999988079071,0.9954500198364258
360,0.460978627204895,0.4625774025917053,0.9480000138282776,0.949999988079071,0.9954500198364258
361,0.45570895075798035,0.4625774025917053,0.9490000009536743,0.949999988079071,0.9954500198364258
362,0.4475456178188324,0.4625774025917053,0.9660000205039978,0.949999988079071,0.9954500198364258
363,0.4526408612728119,0.4625774025917053,0.9670000076293945,0.949999988079071,0.9954500198364258
364,0.456793874502182,0.4625774025917053,0.949999988079071,0.949999988079071,0.9954500198364258
365,0.45643138885498047,0.4625774025917053,0.9599999785423279,0.949999988079071,0.9954500198364258
366,0.4587445557117462,0.4625774025917053,0.9509999752044678,0.949999988079071,0.9954500198364258
367,0.4514324963092804,0.4625774025917053,0.9700000286102295,0.949999988079071,0.9954500198364258
368,0.45094504952430725,0.4625774025917053,0.9559999704360962,0.949999988079071,0.9954500198364258
369,0.45737701654434204,0.4625774025917053,0.9509999752044678,0.949999988079071,0.9954500198364258
370,0.4580003619194031,0.4625774025917053,0.9430000185966492,0.949999988079071,0.9954500198364258
371,0.4531051516532898,0.4625774025917053,0.9629999995231628,0.949999988079071,0.9954500198364258
372,0.4557321071624756,0.4625774025917053,0.9509999752044678,0.949999988079071,0.9954500198364258
373,0.4471589922904968,0.4625774025917053,0.9649999737739563,0.949999988079071,0.9954500198364258
374,0.45349156856536865,0.4625774025917053,0.9520000219345093,0.949999988079071,0.9954500198364258
375,0.448663592338562,0.4625774025917053,0.9599999785423279,0.949999988079071,0.9954500198364258
376,0.4531283378601074,0.4625774025917053,0.9620000123977661,0.949999988079071,0.9954500198364258
377,0.4548024833202362,0.4625774025917053,0.9589999914169312,0.949999988079071,0.9954500198364258
378,0.45264795422554016,0.4625774025917053,0.9570000171661377,0.949999988079071,0.9954500198364258
379,0.4496137499809265,0.4625774025917053,0.9559999704360962,0.949999988079071,0.9954500198364258
380,0.46104809641838074,0.4625774025917053,0.9440000057220459,0.949999988079071,0.9954500198364258
381,0.4444880187511444,0.4625774025917053,0.953000009059906,0.949999988079071,0.9954500198364258
382,0.44792547821998596,0.4625774025917053,0.9620000123977661,0.949999988079071,0.9954500198364258
383,0.44603171944618225,0.4625774025917053,0.9570000171661377,0.949999988079071,0.9954500198364258
384,0.4483014643192291,0.4625774025917053,0.9660000205039978,0.949999988079071,0.9954500198364258
385,0.4508698582649231,0.4625774025917053,0.9620000123977661,0.949999988079071,0.9954500198364258
386,0.4448862373828888,0.4625774025917053,0.9549999833106995,0.949999988079071,0.9954500198364258
387,0.45163512229919434,0.4625774025917053,0.9570000171661377,0.949999988079071,0.9954500198364258
388,0.44550615549087524,0.4625774025917053,0.9610000252723694,0.949999988079071,0.9954500198364258
389,0.4463893473148346,0.4625774025917053,0.9570000171661377,0.949999988079071,0.9954500198364258
390,0.4408957362174988,0.4625774025917053,0.9539999961853027,0.949999988079071,0.9954500198364258
391,0.44760581851005554,0.4625774025917053,0.953000009059906,0.949999988079071,0.9954500198364258
392,0.4425569176673889,0.4625774025917053,0.9589999914169312,0.949999988079071,0.9954500198364258
393,0.4460526704788208,0.4625774025917053,0.9549999833106995,0.949999988079071,0.9954500198364258
394,0.4409196972846985,0.4625774025917053,0.9490000009536743,0.949999988079071,0.9954500198364258
395,0.4486677646636963,0.4625774025917053,0.949999988079071,0.949999988079071,0.9954500198364258
396,0.44043397903442383,0.4625774025917053,0.9599999785423279,0.949999988079071,0.9954500198364258
397,0.44334760308265686,0.4625774025917053,0.9570000171661377,0.949999988079071,0.9954500198364258
398,0.4407576322555542,0.4625774025917053,0.9589999914169312,0.949999988079071,0.9954500198364258
399,0.4415784180164337,0.4625774025917053,0.949999988079071,0.949999988079071,0.9954500198364258
400,0.43657541275024414,0.44725528359413147,0.9620000123977661,0.9470000267028809,0.9952999949455261
401,0.43540048599243164,0.44725528359413147,0.9610000252723694,0.9470000267028809,0.9952999949455261
402,0.44114720821380615,0.44725528359413147,0.9509999752044678,0.9470000267028809,0.9952999949455261
403,0.4391745626926422,0.44725528359413147,0.9549999833106995,0.9470000267028809,0.9952999949455261
404,0.4371691346168518,0.44725528359413147,0.9660000205039978,0.9470000267028809,0.9952999949455261
405,0.4453743100166321,0.44725528359413147,0.9470000267028809,0.9470000267028809,0.9952999949455261
406,0.4374767541885376,0.44725528359413147,0.9610000252723694,0.9470000267028809,0.9952999949455261
407,0.43712830543518066,0.44725528359413147,0.949999988079071,0.9470000267028809,0.9952999949455261
408,0.4326993227005005,0.44725528359413147,0.9620000123977661,0.9470000267028809,0.9952999949455261
409,0.43884485960006714,0.44725528359413147,0.9459999799728394,0.9470000267028809,0.9952999949455261
410,0.43475255370140076,0.44725528359413147,0.9470000267028809,0.9470000267028809,0.9952999949455261
411,0.4398895800113678,0.44725528359413147,0.9559999704360962,0.9470000267028809,0.9952999949455261
412,0.4312441349029541,0.44725528359413147,0.9549999833106995,0.9470000267028809,0.9952999949455261
413,0.440960168838501,0.44725528359413147,0.9549999833106995,0.9470000267028809,0.9952999949455261
414,0.4349922239780426,0.44725528359413147,0.9559999704360962,0.9470000267028809,0.9952999949455261
415,0.4301380515098572,0.44725528359413147,0.9589999914169312,0.9470000267028809,0.9952999949455261
416,0.4400791525840759,0.44725528359413147,0.949999988079071,0.9470000267028809,0.9952999949455261
417,0.43890729546546936,0.44725528359413147,0.9549999833106995,0.9470000267028809,0.9952999949455261
418,0.43978026509284973,0.44725528359413147,0.949999988079071,0.9470000267028809,0.9952999949455261
419,0.4377046525478363,0.44725528359413147,0.953000009059906,0.9470000267028809,0.9952999949455261
420,0.4375186860561371,0.44725528359413147,0.949999988079071,0.9470000267028809,0.9952999949455261
421,0.42882001399993896,0.44725528359413147,0.9549999833106995,0.9470000267028809,0.9952999949455261
422,0.4291159510612488,0.44725528359413147,0.9610000252723694,0.9470000267028809,0.9952999949455261
423,0.42644327878952026,0.44725528359413147,0.9580000042915344,0.9470000267028809,0.9952999949455261
424,0.4353891611099243,0.44725528359413147,0.9520000219345093,0.9470000267028809,0.9952999949455261
425,0.43552449345588684,0.44725528359413147,0.9520000219345093,0.9470000267028809,0.9952999949455261
426,0.43104618787765503,0.44725528359413147,0.9549999833106995,0.9470000267028809,0.9952999949455261
427,0.4348733723163605,0.44725528359413147,0.9470000267028809,0.9470000267028809,0.9952999949455261
428,0.439812034368515,0.44725528359413147,0.9660000205039978,0.9470000267028809,0.9952999949455261
429,0.4352594017982483,0.44725528359413147,0.9409999847412109,0.9470000267028809,0.9952999949455261
430,0.42905279994010925,0.44725528359413147,0.9580000042915344,0.9470000267028809,0.9952999949455261
431,0.4297177791595459,0.44725528359413147,0.953000009059906,0.9470000267028809,0.9952999949455261
432,0.4248422384262085,0.44725528359413147,0.9580000042915344,0.9470000267028809,0.9952999949455261
433,0.4297122061252594,0.44725528359413147,0.9629999995231628,0.9470000267028809,0.9952999949455261
434,0.4351719915866852,0.44725528359413147,0.9570000171661377,0.9470000267028809,0.9952999949455261
435,0.4244123101234436,0.44725528359413147,0.9649999737739563,0.9470000267028809,0.9952999949455261
436,0.4319252073764801,0.44725528359413147,0.953000009059906,0.9470000267028809,0.9952999949455261
437,0.42783212661743164,0.44725528359413147,0.9589999914169312,0.9470000267028809,0.9952999949455261
438,0.43178290128707886,0.44725528359413147,0.9539999961853027,0.9470000267028809,0.9952999949455261
439,0.42812579870224,0.44725528359413147,0.9509999752044678,0.9470000267028809,0.9952999949455261
440,0.42775022983551025,0.44725528359413147,0.9520000219345093,0.9470000267028809,0.9952999949455261
441,0.43112999200820923,0.44725528359413147,0.9459999799728394,0.9470000267028809,0.9952999949455261
442,0.42886999249458313,0.44725528359413147,0.9509999752044678,0.9470000267028809,0.9952999949455261
443,0.42409947514533997,0.44725528359413147,0.9520000219345093,0.9470000267028809,0.9952999949455261
444,0.42618125677108765,0.44725528359413147,0.9470000267028809,0.9470000267028809,0.9952999949455261
445,0.41792675852775574,0.44725528359413147,0.9549999833106995,0.9470000267028809,0.9952999949455261
446,0.4260784387588501,0.44725528359413147,0.953000009059906,0.9470000267028809,0.9952999949455261
447,0.4250963628292084,0.44725528359413147,0.9539999961853027,0.9470000267028809,0.9952999949455261
448,0.4268994629383087,0.44725528359413147,0.9539999961853027,0.9470000267028809,0.9952999949455261
449,0.42194926738739014,0.44725528359413147,0.9639999866485596,0.9470000267028809,0.9952999949455261
450,0.4273180067539215,0.4246370792388916,0.9580000042915344,0.9539999961853027,0.9958500266075134
451,0.4251634478569031,0.4246370792388916,0.9549999833106995,0.9539999961853027,0.9958500266075134
452,0.4264097511768341,0.4246370792388916,0.9559999704360962,0.9539999961853027,0.9958500266075134
453,0.42672237753868103,0.4246370792388916,0.9559999704360962,0.9539999961853027,0.9958500266075134
454,0.4323488175868988,0.4246370792388916,0.953000009059906,0.9539999961853027,0.9958500266075134
455,0.4171082675457001,0.4246370792388916,0.9620000123977661,0.9539999961853027,0.9958500266075134
456,0.4228372871875763,0.4246370792388916,0.949999988079071,0.9539999961853027,0.9958500266075134
457,0.41939252614974976,0.4246370792388916,0.9610000252723694,0.9539999961853027,0.9958500266075134
458,0.424702525138855,0.4246370792388916,0.9480000138282776,0.9539999961853027,0.9958500266075134
459,0.4202147126197815,0.4246370792388916,0.9559999704360962,0.9539999961853027,0.9958500266075134
460,0.4187423586845398,0.4246370792388916,0.9570000171661377,0.9539999961853027,0.9958500266075134
461,0.4186217784881592,0.4246370792388916,0.9580000042915344,0.9539999961853027,0.9958500266075134
462,0.42268913984298706,0.4246370792388916,0.9509999752044678,0.9539999961853027,0.9958500266075134
463,0.41199299693107605,0.4246370792388916,0.9700000286102295,0.9539999961853027,0.9958500266075134
464,0.4199458062648773,0.4246370792388916,0.9509999752044678,0.9539999961853027,0.9958500266075134
465,0.41770532727241516,0.4246370792388916,0.9449999928474426,0.9539999961853027,0.9958500266075134
466,0.41356024146080017,0.4246370792388916,0.9589999914169312,0.9539999961853027,0.9958500266075134
467,0.42692986130714417,0.4246370792388916,0.953000009059906,0.9539999961853027,0.9958500266075134
468,0.4202081263065338,0.4246370792388916,0.953000009059906,0.9539999961853027,0.9958500266075134
469,0.42216208577156067,0.4246370792388916,0.953000009059906,0.9539999961853027,0.9958500266075134
470,0.4216538667678833,0.4246370792388916,0.9470000267028809,0.9539999961853027,0.9958500266075134
471,0.42463067173957825,0.4246370792388916,0.9549999833106995,0.9539999961853027,0.9958500266075134
472,0.4142623245716095,0.4246370792388916,0.9570000171661377,0.9539999961853027,0.9958500266075134
473,0.41239553689956665,0.4246370792388916,0.9649999737739563,0.9539999961853027,0.9958500266075134
474,0.42284443974494934,0.4246370792388916,0.9449999928474426,0.9539999961853027,0.9958500266075134
475,0.42017480731010437,0.4246370792388916,0.9459999799728394,0.9539999961853027,0.9958500266075134
476,0.4096566438674927,0.4246370792388916,0.9559999704360962,0.9539999961853027,0.9958500266075134
477,0.42002972960472107,0.4246370792388916,0.9390000104904175,0.9539999961853027,0.9958500266075134
478,0.4115293025970459,0.4246370792388916,0.9629999995231628,0.9539999961853027,0.9958500266075134
479,0.4220888018608093,0.4246370792388916,0.9309999942779541,0.9539999961853027,0.9958500266075134
480,0.4077920913696289,0.4246370792388916,0.953000009059906,0.9539999961853027,0.9958500266075134
481,0.415461003780365,0.4246370792388916,0.9649999737739563,0.9539999961853027,0.9958500266075134
482,0.4093749523162842,0.4246370792388916,0.9549999833106995,0.9539999961853027,0.9958500266075134
483,0.41937965154647827,0.4246370792388916,0.9459999799728394,0.9539999961853027,0.9958500266075134
484,0.4124329686164856,0.4246370792388916,0.9739999771118164,0.9539999961853027,0.9958500266075134
485,0.42336052656173706,0.4246370792388916,0.949999988079071,0.9539999961853027,0.9958500266075134
486,0.4151321351528168,0.4246370792388916,0.9509999752044678,0.9539999961853027,0.9958500266075134
487,0.416616827249527,0.4246370792388916,0.9509999752044678,0.9539999961853027,0.9958500266075134
488,0.4200933277606964,0.4246370792388916,0.9539999961853027,0.9539999961853027,0.9958500266075134
489,0.4097232520580292,0.4246370792388916,0.9520000219345093,0.9539999961853027,0.9958500266075134
490,0.41417431831359863,0.4246370792388916,0.9549999833106995,0.9539999961853027,0.9958500266075134
491,0.40931737422943115,0.4246370792388916,0.9599999785423279,0.9539999961853027,0.9958500266075134
492,0.41156724095344543,0.4246370792388916,0.9589999914169312,0.9539999961853027,0.9958500266075134
493,0.4175422489643097,0.4246370792388916,0.9490000009536743,0.9539999961853027,0.9958500266075134
494,0.40854811668395996,0.4246370792388916,0.9559999704360962,0.9539999961853027,0.9958500266075134
495,0.41193264722824097,0.4246370792388916,0.9520000219345093,0.9539999961853027,0.9958500266075134
496,0.4136675298213959,0.4246370792388916,0.9549999833106995,0.9539999961853027,0.9958500266075134
497,0.40887293219566345,0.4246370792388916,0.9559999704360962,0.9539999961853027,0.9958500266075134
498,0.4114868640899658,0.4246370792388916,0.9509999752044678,0.9539999961853027,0.9958500266075134
499,0.4041498303413391,0.4246370792388916,0.9629999995231628,0.9539999961853027,0.9958500266075134
500,0.4074805974960327,0.40806370973587036,0.9610000252723694,0.9580000042915344,0.9962000250816345
501,0.4131050407886505,0.40806370973587036,0.9520000219345093,0.9580000042915344,0.9962000250816345
502,0.4097578525543213,0.40806370973587036,0.9520000219345093,0.9580000042915344,0.9962000250816345
503,0.40025341510772705,0.40806370973587036,0.9629999995231628,0.9580000042915344,0.9962000250816345
504,0.4171828031539917,0.40806370973587036,0.9470000267028809,0.9580000042915344,0.9962000250816345
505,0.4102190434932709,0.40806370973587036,0.9449999928474426,0.9580000042915344,0.9962000250816345
506,0.40985608100891113,0.40806370973587036,0.9490000009536743,0.9580000042915344,0.9962000250816345
507,0.4093374013900757,0.40806370973587036,0.9520000219345093,0.9580000042915344,0.9962000250816345
508,0.4033370912075043,0.40806370973587036,0.9610000252723694,0.9580000042915344,0.9962000250816345
509,0.3949069380760193,0.40806370973587036,0.9679999947547913,0.9580000042915344,0.9962000250816345
510,0.40227434039115906,0.40806370973587036,0.9570000171661377,0.9580000042915344,0.9962000250816345
511,0.4118770658969879,0.40806370973587036,0.9520000219345093,0.9580000042915344,0.9962000250816345
512,0.4032687842845917,0.40806370973587036,0.9509999752044678,0.9580000042915344,0.9962000250816345
513,0.4067930579185486,0.40806370973587036,0.9559999704360962,0.9580000042915344,0.9962000250816345
514,0.40280601382255554,0.40806370973587036,0.9549999833106995,0.9580000042915344,0.9962000250816345
515,0.39766865968704224,0.40806370973587036,0.9549999833106995,0.9580000042915344,0.9962000250816345
516,0.3933294117450714,0.40806370973587036,0.9679999947547913,0.9580000042915344,0.9962000250816345
517,0.3959110677242279,0.40806370973587036,0.9620000123977661,0.9580000042915344,0.9962000250816345
518,0.39605003595352173,0.40806370973587036,0.9639999866485596,0.9580000042915344,0.9962000250816345
519,0.4008294641971588,0.40806370973587036,0.9639999866485596,0.9580000042915344,0.9962000250816345
520,0.40967974066734314,0.40806370973587036,0.9509999752044678,0.9580000042915344,0.9962000250816345
521,0.39682814478874207,0.40806370973587036,0.9559999704360962,0.9580000042915344,0.9962000250816345
522,0.40162795782089233,0.40806370973587036,0.9520000219345093,0.9580000042915344,0.9962000250816345
523,0.41002756357192993,0.40806370973587036,0.9470000267028809,0.9580000042915344,0.9962000250816345
524,0.3978886008262634,0.40806370973587036,0.9620000123977661,0.9580000042915344,0.9962000250816345
525,0.3960614800453186,0.40806370973587036,0.9610000252723694,0.9580000042915344,0.9962000250816345
526,0.4012105166912079,0.40806370973587036,0.9539999961853027,0.9580000042915344,0.9962000250816345
527,0.40222734212875366,0.40806370973587036,0.9539999961853027,0.9580000042915344,0.9962000250816345
528,0.39707672595977783,0.40806370973587036,0.9599999785423279,0.9580000042915344,0.9962000250816345
529,0.40674883127212524,0.40806370973587036,0.9539999961853027,0.9580000042915344,0.9962000250816345
530,0.3982202708721161,0.40806370973587036,0.9589999914169312,0.9580000042915344,0.9962000250816345
531,0.39902839064598083,0.40806370973587036,0.9509999752044678,0.9580000042915344,0.9962000250816345
532,0.3949759304523468,0.40806370973587036,0.9649999737739563,0.9580000042915344,0.9962000250816345
533,0.392528235912323,0.40806370973587036,0.9710000157356262,0.9580000042915344,0.9962000250816345
534,0.39948609471321106,0.40806370973587036,0.9570000171661377,0.9580000042915344,0.9962000250816345
535,0.39669397473335266,0.40806370973587036,0.9509999752044678,0.9580000042915344,0.9962000250816345
536,0.3971877992153168,0.40806370973587036,0.9509999752044678,0.9580000042915344,0.9962000250816345
537,0.4007703363895416,0.40806370973587036,0.9589999914169312,0.9580000042915344,0.9962000250816345
538,0.4009118676185608,0.40806370973587036,0.9610000252723694,0.9580000042915344,0.9962000250816345
539,0.39180126786231995,0.40806370973587036,0.9610000252723694,0.9580000042915344,0.9962000250816345
540,0.39569032192230225,0.40806370973587036,0.9649999737739563,0.9580000042915344,0.9962000250816345
541,0.39386919140815735,0.40806370973587036,0.9610000252723694,0.9580000042915344,0.9962000250816345
542,0.3925494849681854,0.40806370973587036,0.9670000076293945,0.9580000042915344,0.9962000250816345
543,0.3941632807254791,0.40806370973587036,0.9610000252723694,0.9580000042915344,0.9962000250816345
544,0.3965166211128235,0.40806370973587036,0.9589999914169312,0.9580000042915344,0.9962000250816345
545,0.4083715081214905,0.40806370973587036,0.9520000219345093,0.9580000042915344,0.9962000250816345
546,0.39816316962242126,0.40806370973587036,0.9480000138282776,0.9580000042915344,0.9962000250816345
547,0.4027664065361023,0.40806370973587036,0.9509999752044678,0.9580000042915344,0.9962000250816345
548,0.40390363335609436,0.40806370973587036,0.9520000219345093,0.9580000042915344,0.9962000250816345
549,0.394778847694397,0.40806370973587036,0.9589999914169312,0.9580000042915344,0.9962000250816345
550,0.3935379981994629,0.38659361004829407,0.9570000171661377,0.9559999704360962,0.9965500235557556
551,0.3939957916736603,0.38659361004829407,0.9679999947547913,0.9559999704360962,0.9965500235557556
552,0.3996015787124634,0.38659361004829407,0.953000009059906,0.9559999704360962,0.9965500235557556
553,0.38922595977783203,0.38659361004829407,0.9589999914169312,0.9559999704360962,0.9965500235557556
554,0.3831075429916382,0.38659361004829407,0.9520000219345093,0.9559999704360962,0.9965500235557556
555,0.3967303931713104,0.38659361004829407,0.9470000267028809,0.9559999704360962,0.9965500235557556
556,0.3877232074737549,0.38659361004829407,0.9509999752044678,0.9559999704360962,0.9965500235557556
557,0.38831084966659546,0.38659361004829407,0.9589999914169312,0.9559999704360962,0.9965500235557556
558,0.385912150144577,0.38659361004829407,0.9549999833106995,0.9559999704360962,0.9965500235557556
559,0.39145544171333313,0.38659361004829407,0.949999988079071,0.9559999704360962,0.9965500235557556
560,0.39078280329704285,0.38659361004829407,0.9620000123977661,0.9559999704360962,0.9965500235557556
561,0.38929980993270874,0.38659361004829407,0.9570000171661377,0.9559999704360962,0.9965500235557556
562,0.3982824385166168,0.38659361004829407,0.9449999928474426,0.9559999704360962,0.9965500235557556
563,0.3793719410896301,0.38659361004829407,0.9710000157356262,0.9559999704360962,0.9965500235557556
564,0.3918405771255493,0.38659361004829407,0.9459999799728394,0.9559999704360962,0.9965500235557556
565,0.39730969071388245,0.38659361004829407,0.9390000104904175,0.9559999704360962,0.9965500235557556
566,0.3958297669887543,0.38659361004829407,0.9440000057220459,0.9559999704360962,0.9965500235557556
567,0.388292521238327,0.38659361004829407,0.953000009059906,0.9559999704360962,0.9965500235557556
568,0.38763463497161865,0.38659361004829407,0.9570000171661377,0.9559999704360962,0.9965500235557556
569,0.38286736607551575,0.38659361004829407,0.9490000009536743,0.9559999704360962,0.9965500235557556
570,0.39454343914985657,0.38659361004829407,0.9459999799728394,0.9559999704360962,0.9965500235557556
571,0.3856867551803589,0.38659361004829407,0.9589999914169312,0.9559999704360962,0.9965500235557556
572,0.3811083436012268,0.38659361004829407,0.9549999833106995,0.9559999704360962,0.9965500235557556
573,0.3887655735015869,0.38659361004829407,0.9509999752044678,0.9559999704360962,0.9965500235557556
574,0.38822802901268005,0.38659361004829407,0.9629999995231628,0.9559999704360962,0.9965500235557556
575,0.3905184268951416,0.38659361004829407,0.9620000123977661,0.9559999704360962,0.9965500235557556
576,0.39124739170074463,0.38659361004829407,0.953000009059906,0.9559999704360962,0.9965500235557556
577,0.3917039930820465,0.38659361004829407,0.9549999833106995,0.9559999704360962,0.9965500235557556
578,0.38530614972114563,0.38659361004829407,0.9470000267028809,0.9559999704360962,0.9965500235557556
579,0.39066070318222046,0.38659361004829407,0.9599999785423279,0.9559999704360962,0.9965500235557556
580,0.3939422369003296,0.38659361004829407,0.9419999718666077,0.9559999704360962,0.9965500235557556
581,0.3791431784629822,0.38659361004829407,0.9549999833106995,0.9559999704360962,0.9965500235557556
582,0.3922315537929535,0.38659361004829407,0.9459999799728394,0.9559999704360962,0.9965500235557556
583,0.3811139166355133,0.38659361004829407,0.9589999914169312,0.9559999704360962,0.9965500235557556
584,0.38264769315719604,0.38659361004829407,0.9470000267028809,0.9559999704360962,0.9965500235557556
585,0.38822853565216064,0.38659361004829407,0.9490000009536743,0.9559999704360962,0.9965500235557556
586,0.3893653154373169,0.38659361004829407,0.9490000009536743,0.9559999704360962,0.9965500235557556
587,0.3811205327510834,0.38659361004829407,0.9670000076293945,0.9559999704360962,0.9965500235557556
588,0.3767456114292145,0.38659361004829407,0.9599999785423279,0.9559999704360962,0.9965500235557556
589,0.3852056860923767,0.38659361004829407,0.9509999752044678,0.9559999704360962,0.9965500235557556
590,0.3807157874107361,0.38659361004829407,0.9679999947547913,0.9559999704360962,0.9965500235557556
591,0.37707915902137756,0.38659361004829407,0.9610000252723694,0.9559999704360962,0.9965500235557556
592,0.37595513463020325,0.38659361004829407,0.9599999785423279,0.9559999704360962,0.9965500235557556
593,0.3821086585521698,0.38659361004829407,0.9549999833106995,0.9559999704360962,0.9965500235557556
594,0.3834455907344818,0.38659361004829407,0.9509999752044678,0.9559999704360962,0.9965500235557556
595,0.3789501488208771,0.38659361004829407,0.9589999914169312,0.9559999704360962,0.9965500235557556
596,0.387528657913208,0.38659361004829407,0.9539999961853027,0.9559999704360962,0.9965500235557556
597,0.3838970363140106,0.38659361004829407,0.9539999961853027,0.9559999704360962,0.9965500235557556
598,0.38170140981674194,0.38659361004829407,0.9610000252723694,0.9559999704360962,0.9965500235557556
599,0.38297441601753235,0.38659361004829407,0.953000009059906,0.9559999704360962,0.9965500235557556
600,0.37866508960723877,0.38204917311668396,0.9610000252723694,0.9580000042915344,0.9965500235557556
601,0.37718406319618225,0.38204917311668396,0.953000009059906,0.9580000042915344,0.9965500235557556
602,0.3865416347980499,0.38204917311668396,0.9580000042915344,0.9580000042915344,0.9965500235557556
603,0.3819689452648163,0.38204917311668396,0.953000009059906,0.9580000042915344,0.9965500235557556
604,0.3812692165374756,0.38204917311668396,0.9549999833106995,0.9580000042915344,0.9965500235557556
605,0.3787664771080017,0.38204917311668396,0.9480000138282776,0.9580000042915344,0.9965500235557556
606,0.3853166699409485,0.38204917311668396,0.9430000185966492,0.9580000042915344,0.9965500235557556
607,0.3810943067073822,0.38204917311668396,0.9599999785423279,0.9580000042915344,0.9965500235557556
608,0.37776312232017517,0.38204917311668396,0.9520000219345093,0.9580000042915344,0.9965500235557556
609,0.37819117307662964,0.38204917311668396,0.9520000219345093,0.9580000042915344,0.9965500235557556
610,0.3723556399345398,0.38204917311668396,0.9559999704360962,0.9580000042915344,0.9965500235557556
611,0.38473862409591675,0.38204917311668396,0.9629999995231628,0.9580000042915344,0.9965500235557556
612,0.37705013155937195,0.38204917311668396,0.953000009059906,0.9580000042915344,0.9965500235557556
613,0.38426539301872253,0.38204917311668396,0.9599999785423279,0.9580000042915344,0.9965500235557556
614,0.3813317120075226,0.38204917311668396,0.9610000252723694,0.9580000042915344,0.9965500235557556
615,0.37829479575157166,0.38204917311668396,0.9559999704360962,0.9580000042915344,0.9965500235557556
616,0.38675636053085327,0.38204917311668396,0.949999988079071,0.9580000042915344,0.9965500235557556
617,0.3762100040912628,0.38204917311668396,0.949999988079071,0.9580000042915344,0.9965500235557556
618,0.3757689297199249,0.38204917311668396,0.9580000042915344,0.9580000042915344,0.9965500235557556
619,0.3808895945549011,0.38204917311668396,0.9570000171661377,0.9580000042915344,0.9965500235557556
620,0.36871808767318726,0.38204917311668396,0.972000002861023,0.9580000042915344,0.9965500235557556
621,0.3744513690471649,0.38204917311668396,0.9620000123977661,0.9580000042915344,0.9965500235557556
622,0.3755049407482147,0.38204917311668396,0.949999988079071,0.9580000042915344,0.9965500235557556
623,0.3702184557914734,0.38204917311668396,0.9599999785423279,0.9580000042915344,0.9965500235557556
624,0.3748348355293274,0.38204917311668396,0.9559999704360962,0.9580000042915344,0.9965500235557556
625,0.3748287260532379,0.38204917311668396,0.9559999704360962,0.9580000042915344,0.9965500235557556
626,0.37707239389419556,0.38204917311668396,0.9559999704360962,0.9580000042915344,0.9965500235557556
627,0.3769642412662506,0.38204917311668396,0.9660000205039978,0.9580000042915344,0.9965500235557556
628,0.37317416071891785,0.38204917311668396,0.9539999961853027,0.9580000042915344,0.9965500235557556
629,0.3743124306201935,0.38204917311668396,0.9520000219345093,0.9580000042915344,0.9965500235557556
630,0.37741556763648987,0.38204917311668396,0.9620000123977661,0.9580000042915344,0.9965500235557556
631,0.3766483664512634,0.38204917311668396,0.9620000123977661,0.9580000042915344,0.9965500235557556
632,0.37186452746391296,0.38204917311668396,0.9589999914169312,0.9580000042915344,0.9965500235557556
633,0.37299731373786926,0.38204917311668396,0.953000009059906,0.9580000042915344,0.9965500235557556
634,0.3745110034942627,0.38204917311668396,0.9490000009536743,0.9580000042915344,0.9965500235557556
635,0.3756867051124573,0.38204917311668396,0.949999988079071,0.9580000042915344,0.9965500235557556
636,0.37690460681915283,0.38204917311668396,0.9459999799728394,0.9580000042915344,0.9965500235557556
637,0.37371283769607544,0.38204917311668396,0.949999988079071,0.9580000042915344,0.9965500235557556
638,0.3795010447502136,0.38204917311668396,0.9490000009536743,0.9580000042915344,0.9965500235557556
639,0.37588825821876526,0.38204917311668396,0.953000009059906,0.9580000042915344,0.9965500235557556
640,0.3725171387195587,0.38204917311668396,0.9549999833106995,0.9580000042915344,0.9965500235557556
641,0.37375351786613464,0.38204917311668396,0.9440000057220459,0.9580000042915344,0.9965500235557556
642,0.37757349014282227,0.38204917311668396,0.9440000057220459,0.9580000042915344,0.9965500235557556
643,0.3676409125328064,0.38204917311668396,0.9459999799728394,0.9580000042915344,0.9965500235557556
644,0.3710425794124603,0.38204917311668396,0.953000009059906,0.9580000042915344,0.9965500235557556
645,0.37073737382888794,0.38204917311668396,0.9520000219345093,0.9580000042915344,0.9965500235557556
646,0.3748762905597687,0.38204917311668396,0.953000009059906,0.9580000042915344,0.9965500235557556
647,0.37288689613342285,0.38204917311668396,0.9580000042915344,0.9580000042915344,0.9965500235557556
648,0.36449187994003296,0.38204917311668396,0.9599999785423279,0.9580000042915344,0.9965500235557556
649,0.3667280673980713,0.38204917311668396,0.9599999785423279,0.9580000042915344,0.9965500235557556
650,0.3762216866016388,0.3707001805305481,0.9459999799728394,0.9549999833106995,0.9958500266075134
651,0.3653232157230377,0.3707001805305481,0.9559999704360962,0.9549999833106995,0.9958500266075134
652,0.36737215518951416,0.3707001805305481,0.9509999752044678,0.9549999833106995,0.9958500266075134
653,0.3716052174568176,0.3707001805305481,0.9520000219345093,0.9549999833106995,0.9958500266075134
654,0.3708006739616394,0.3707001805305481,0.9419999718666077,0.9549999833106995,0.9958500266075134
655,0.3734620213508606,0.3707001805305481,0.9520000219345093,0.9549999833106995,0.9958500266075134
656,0.36486226320266724,0.3707001805305481,0.9570000171661377,0.9549999833106995,0.9958500266075134
657,0.3632882833480835,0.3707001805305481,0.9620000123977661,0.9549999833106995,0.9958500266075134
658,0.3752574324607849,0.3707001805305481,0.9580000042915344,0.9549999833106995,0.9958500266075134
659,0.36210376024246216,0.3707001805305481,0.9559999704360962,0.9549999833106995,0.9958500266075134
660,0.3745170533657074,0.3707001805305481,0.9430000185966492,0.9549999833106995,0.9958500266075134
661,0.36645567417144775,0.3707001805305481,0.9549999833106995,0.9549999833106995,0.9958500266075134
662,0.3768904209136963,0.3707001805305481,0.9430000185966492,0.9549999833106995,0.9958500266075134
663,0.36487826704978943,0.3707001805305481,0.9580000042915344,0.9549999833106995,0.9958500266075134
664,0.36452776193618774,0.3707001805305481,0.949999988079071,0.9549999833106995,0.9958500266075134
665,0.36257579922676086,0.3707001805305481,0.972000002861023,0.9549999833106995,0.9958500266075134
666,0.3667904734611511,0.3707001805305481,0.9610000252723694,0.9549999833106995,0.9958500266075134
667,0.37463003396987915,0.3707001805305481,0.9509999752044678,0.9549999833106995,0.9958500266075134
668,0.3701225221157074,0.3707001805305481,0.953000009059906,0.9549999833106995,0.9958500266075134
669,0.36552104353904724,0.3707001805305481,0.9490000009536743,0.9549999833106995,0.9958500266075134
670,0.3611926734447479,0.3707001805305481,0.9509999752044678,0.9549999833106995,0.9958500266075134
671,0.36258840560913086,0.3707001805305481,0.9629999995231628,0.9549999833106995,0.9958500266075134
672,0.358148992061615,0.3707001805305481,0.9570000171661377,0.9549999833106995,0.9958500266075134
673,0.35969653725624084,0.3707001805305481,0.9520000219345093,0.9549999833106995,0.9958500266075134
674,0.3612404763698578,0.3707001805305481,0.9599999785423279,0.9549999833106995,0.9958500266075134
675,0.3648454546928406,0.3707001805305481,0.9480000138282776,0.9549999833106995,0.9958500266075134
676,0.3519900143146515,0.3707001805305481,0.9649999737739563,0.9549999833106995,0.9958500266075134
677,0.36355721950531006,0.3707001805305481,0.953000009059906,0.9549999833106995,0.9958500266075134
678,0.3694940209388733,0.3707001805305481,0.9509999752044678,0.9549999833106995,0.9958500266075134
679,0.3688509464263916,0.3707001805305481,0.9539999961853027,0.9549999833106995,0.9958500266075134
680,0.360248327255249,0.3707001805305481,0.9610000252723694,0.9549999833106995,0.9958500266075134
681,0.36303791403770447,0.3707001805305481,0.9539999961853027,0.9549999833106995,0.9958500266075134
682,0.3675284683704376,0.3707001805305481,0.9419999718666077,0.9549999833106995,0.9958500266075134
683,0.361485093832016,0.3707001805305481,0.953000009059906,0.9549999833106995,0.9958500266075134
684,0.3660642206668854,0.3707001805305481,0.9509999752044678,0.9549999833106995,0.9958500266075134
685,0.37147432565689087,0.3707001805305481,0.9480000138282776,0.9549999833106995,0.9958500266075134
686,0.36103901267051697,0.3707001805305481,0.9599999785423279,0.9549999833106995,0.9958500266075134
687,0.3606003224849701,0.3707001805305481,0.9470000267028809,0.9549999833106995,0.9958500266075134
688,0.36694401502609253,0.3707001805305481,0.9440000057220459,0.9549999833106995,0.9958500266075134
689,0.34979337453842163,0.3707001805305481,0.9649999737739563,0.9549999833106995,0.9958500266075134
690,0.36127325892448425,0.3707001805305481,0.9570000171661377,0.9549999833106995,0.9958500266075134
691,0.3627583086490631,0.3707001805305481,0.9580000042915344,0.9549999833106995,0.9958500266075134
692,0.37093326449394226,0.3707001805305481,0.9430000185966492,0.9549999833106995,0.9958500266075134
693,0.3679410517215729,0.3707001805305481,0.9440000057220459,0.9549999833106995,0.9958500266075134
694,0.3643645942211151,0.3707001805305481,0.9490000009536743,0.9549999833106995,0.9958500266075134
695,0.36069995164871216,0.3707001805305481,0.9520000219345093,0.9549999833106995,0.9958500266075134
696,0.36234599351882935,0.3707001805305481,0.953000009059906,0.9549999833106995,0.9958500266075134
697,0.35946133732795715,0.3707001805305481,0.9629999995231628,0.9549999833106995,0.9958500266075134
698,0.3501024842262268,0.3707001805305481,0.9629999995231628,0.9549999833106995,0.9958500266075134
699,0.35125991702079773,0.3707001805305481,0.9580000042915344,0.9549999833106995,0.9958500266075134
700,0.3544803857803345,0.36602312326431274,0.9610000252723694,0.949999988079071,0.9955499768257141
701,0.34529948234558105,0.36602312326431274,0.9639999866485596,0.949999988079071,0.9955499768257141
702,0.3568572402000427,0.36602312326431274,0.953000009059906,0.949999988079071,0.9955499768257141
703,0.35773777961730957,0.36602312326431274,0.9549999833106995,0.949999988079071,0.9955499768257141
704,0.35435372591018677,0.36602312326431274,0.9580000042915344,0.949999988079071,0.9955499768257141
705,0.3570433557033539,0.36602312326431274,0.9559999704360962,0.949999988079071,0.9955499768257141
706,0.35220980644226074,0.36602312326431274,0.9559999704360962,0.949999988079071,0.9955499768257141
707,0.3528520166873932,0.36602312326431274,0.9549999833106995,0.949999988079071,0.9955499768257141
708,0.3680263161659241,0.36602312326431274,0.9440000057220459,0.949999988079071,0.9955499768257141
709,0.354369580745697,0.36602312326431274,0.9649999737739563,0.949999988079071,0.9955499768257141
710,0.35157105326652527,0.36602312326431274,0.9559999704360962,0.949999988079071,0.9955499768257141
711,0.36073601245880127,0.36602312326431274,0.9430000185966492,0.949999988079071,0.9955499768257141
712,0.35855284333229065,0.36602312326431274,0.9589999914169312,0.949999988079071,0.9955499768257141
713,0.35462892055511475,0.36602312326431274,0.9589999914169312,0.949999988079071,0.9955499768257141
714,0.35059893131256104,0.36602312326431274,0.9599999785423279,0.949999988079071,0.9955499768257141
715,0.356753408908844,0.36602312326431274,0.9440000057220459,0.949999988079071,0.9955499768257141
716,0.3655673861503601,0.36602312326431274,0.9470000267028809,0.949999988079071,0.9955499768257141
717,0.3540671169757843,0.36602312326431274,0.9559999704360962,0.949999988079071,0.9955499768257141
718,0.3490663468837738,0.36602312326431274,0.9670000076293945,0.949999988079071,0.9955499768257141
719,0.3622123897075653,0.36602312326431274,0.9470000267028809,0.949999988079071,0.9955499768257141
720,0.35273292660713196,0.36602312326431274,0.953000009059906,0.949999988079071,0.9955499768257141
721,0.3551269471645355,0.36602312326431274,0.9570000171661377,0.949999988079071,0.9955499768257141
722,0.34732067584991455,0.36602312326431274,0.9610000252723694,0.949999988079071,0.9955499768257141
723,0.3464198410511017,0.36602312326431274,0.9589999914169312,0.949999988079071,0.9955499768257141
724,0.3537118136882782,0.36602312326431274,0.9509999752044678,0.949999988079071,0.9955499768257141
725,0.3445138931274414,0.36602312326431274,0.9599999785423279,0.949999988079071,0.9955499768257141
726,0.34969305992126465,0.36602312326431274,0.9570000171661377,0.949999988079071,0.9955499768257141
727,0.35221508145332336,0.36602312326431274,0.9549999833106995,0.949999988079071,0.9955499768257141
728,0.35392987728118896,0.36602312326431274,0.9539999961853027,0.949999988079071,0.9955499768257141
729,0.3542790710926056,0.36602312326431274,0.953000009059906,0.949999988079071,0.9955499768257141
730,0.3485215902328491,0.36602312326431274,0.9570000171661377,0.949999988079071,0.9955499768257141
731,0.34267473220825195,0.36602312326431274,0.9639999866485596,0.949999988079071,0.9955499768257141
732,0.35434699058532715,0.36602312326431274,0.949999988079071,0.949999988079071,0.9955499768257141
733,0.34610503911972046,0.36602312326431274,0.9549999833106995,0.949999988079071,0.9955499768257141
734,0.35202234983444214,0.36602312326431274,0.9599999785423279,0.949999988079071,0.9955499768257141
735,0.3592652678489685,0.36602312326431274,0.9419999718666077,0.949999988079071,0.9955499768257141
736,0.35211196541786194,0.36602312326431274,0.9639999866485596,0.949999988079071,0.9955499768257141
737,0.3455590307712555,0.36602312326431274,0.9599999785423279,0.949999988079071,0.9955499768257141
738,0.34905481338500977,0.36602312326431274,0.9580000042915344,0.949999988079071,0.9955499768257141
739,0.3561174273490906,0.36602312326431274,0.9559999704360962,0.949999988079071,0.9955499768257141
740,0.3525889217853546,0.36602312326431274,0.9549999833106995,0.949999988079071,0.9955499768257141
741,0.3526337146759033,0.36602312326431274,0.9570000171661377,0.949999988079071,0.9955499768257141
742,0.3494527339935303,0.36602312326431274,0.9610000252723694,0.949999988079071,0.9955499768257141
743,0.34710919857025146,0.36602312326431274,0.9459999799728394,0.949999988079071,0.9955499768257141
744,0.3521516025066376,0.36602312326431274,0.949999988079071,0.949999988079071,0.9955499768257141
745,0.3490139842033386,0.36602312326431274,0.9580000042915344,0.949999988079071,0.9955499768257141
746,0.35089629888534546,0.36602312326431274,0.9580000042915344,0.949999988079071,0.9955499768257141
747,0.3434806764125824,0.36602312326431274,0.9539999961853027,0.949999988079071,0.9955499768257141
748,0.35254523158073425,0.36602312326431274,0.9559999704360962,0.949999988079071,0.9955499768257141
749,0.35290342569351196,0.36602312326431274,0.9490000009536743,0.949999988079071,0.9955499768257141
750,0.34730425477027893,0.34715718030929565,0.9599999785423279,0.9610000252723694,0.9965999722480774
751,0.3391306698322296,0.34715718030929565,0.9559999704360962,0.9610000252723694,0.9965999722480774
752,0.3536781668663025,0.34715718030929565,0.9539999961853027,0.9610000252723694,0.9965999722480774
753,0.34825658798217773,0.34715718030929565,0.9580000042915344,0.9610000252723694,0.9965999722480774
754,0.3385017514228821,0.34715718030929565,0.9649999737739563,0.9610000252723694,0.9965999722480774
755,0.352794885635376,0.34715718030929565,0.949999988079071,0.9610000252723694,0.9965999722480774
756,0.3448849022388458,0.34715718030929565,0.9620000123977661,0.9610000252723694,0.9965999722480774
757,0.34809255599975586,0.34715718030929565,0.9490000009536743,0.9610000252723694,0.9965999722480774
758,0.3620246350765228,0.34715718030929565,0.9419999718666077,0.9610000252723694,0.9965999722480774
759,0.34911805391311646,0.34715718030929565,0.9580000042915344,0.9610000252723694,0.9965999722480774
760,0.33441197872161865,0.34715718030929565,0.9660000205039978,0.9610000252723694,0.9965999722480774
761,0.35473451018333435,0.34715718030929565,0.9419999718666077,0.9610000252723694,0.9965999722480774
762,0.34871363639831543,0.34715718030929565,0.9589999914169312,0.9610000252723694,0.9965999722480774
763,0.3423428237438202,0.34715718030929565,0.9629999995231628,0.9610000252723694,0.9965999722480774
764,0.3419496417045593,0.34715718030929565,0.9520000219345093,0.9610000252723694,0.9965999722480774
765,0.339279443025589,0.34715718030929565,0.9580000042915344,0.9610000252723694,0.9965999722480774
766,0.34572505950927734,0.34715718030929565,0.9520000219345093,0.9610000252723694,0.9965999722480774
767,0.34043174982070923,0.34715718030929565,0.9589999914169312,0.9610000252723694,0.9965999722480774
768,0.34954461455345154,0.34715718030929565,0.9480000138282776,0.9610000252723694,0.9965999722480774
769,0.354591429233551,0.34715718030929565,0.9470000267028809,0.9610000252723694,0.9965999722480774
770,0.35235825181007385,0.34715718030929565,0.9520000219345093,0.9610000252723694,0.9965999722480774
771,0.34256502985954285,0.34715718030929565,0.9549999833106995,0.9610000252723694,0.9965999722480774
772,0.3487440347671509,0.34715718030929565,0.9459999799728394,0.9610000252723694,0.9965999722480774
773,0.34687066078186035,0.34715718030929565,0.9430000185966492,0.9610000252723694,0.9965999722480774
774,0.3480674922466278,0.34715718030929565,0.9509999752044678,0.9610000252723694,0.9965999722480774
775,0.34233757853507996,0.34715718030929565,0.9559999704360962,0.9610000252723694,0.9965999722480774
776,0.33592891693115234,0.34715718030929565,0.9610000252723694,0.9610000252723694,0.9965999722480774
777,0.3426384925842285,0.34715718030929565,0.953000009059906,0.9610000252723694,0.9965999722480774
778,0.3345080018043518,0.34715718030929565,0.9610000252723694,0.9610000252723694,0.9965999722480774
779,0.35040411353111267,0.34715718030929565,0.9480000138282776,0.9610000252723694,0.9965999722480774
780,0.34882229566574097,0.34715718030929565,0.9480000138282776,0.9610000252723694,0.9965999722480774
781,0.3588102459907532,0.34715718030929565,0.9409999847412109,0.9610000252723694,0.9965999722480774
782,0.33672988414764404,0.34715718030929565,0.9559999704360962,0.9610000252723694,0.9965999722480774
783,0.34094205498695374,0.34715718030929565,0.9610000252723694,0.9610000252723694,0.9965999722480774
784,0.3513215184211731,0.34715718030929565,0.9559999704360962,0.9610000252723694,0.9965999722480774
785,0.346382737159729,0.34715718030929565,0.9409999847412109,0.9610000252723694,0.9965999722480774
786,0.3437662422657013,0.34715718030929565,0.953000009059906,0.9610000252723694,0.9965999722480774
787,0.34488892555236816,0.34715718030929565,0.9509999752044678,0.9610000252723694,0.9965999722480774
788,0.34324803948402405,0.34715718030929565,0.953000009059906,0.9610000252723694,0.9965999722480774
789,0.3417562246322632,0.34715718030929565,0.9610000252723694,0.9610000252723694,0.9965999722480774
790,0.344188928604126,0.34715718030929565,0.953000009059906,0.9610000252723694,0.9965999722480774
791,0.33841782808303833,0.34715718030929565,0.9490000009536743,0.9610000252723694,0.9965999722480774
792,0.3494713306427002,0.34715718030929565,0.9539999961853027,0.9610000252723694,0.9965999722480774
793,0.3375137150287628,0.34715718030929565,0.9610000252723694,0.9610000252723694,0.9965999722480774
794,0.34377315640449524,0.34715718030929565,0.9509999752044678,0.9610000252723694,0.9965999722480774
795,0.3443080186843872,0.34715718030929565,0.9480000138282776,0.9610000252723694,0.9965999722480774
796,0.3300289213657379,0.34715718030929565,0.9679999947547913,0.9610000252723694,0.9965999722480774
797,0.33938634395599365,0.34715718030929565,0.9570000171661377,0.9610000252723694,0.9965999722480774
798,0.3400736153125763,0.34715718030929565,0.9610000252723694,0.9610000252723694,0.9965999722480774
799,0.33270159363746643,0.34715718030929565,0.972000002861023,0.9610000252723694,0.9965999722480774
800,0.3351653516292572,0.34880682826042175,0.9539999961853027,0.949999988079071,0.9957500100135803
801,0.3359779119491577,0.34880682826042175,0.9589999914169312,0.949999988079071,0.9957500100135803
802,0.344035804271698,0.34880682826042175,0.9490000009536743,0.949999988079071,0.9957500100135803
803,0.3446054756641388,0.34880682826042175,0.9580000042915344,0.949999988079071,0.9957500100135803
804,0.3442842662334442,0.34880682826042175,0.9589999914169312,0.949999988079071,0.9957500100135803
805,0.3332272469997406,0.34880682826042175,0.9589999914169312,0.949999988079071,0.9957500100135803
806,0.32910990715026855,0.34880682826042175,0.9670000076293945,0.949999988079071,0.9957500100135803
807,0.3360721170902252,0.34880682826042175,0.953000009059906,0.949999988079071,0.9957500100135803
808,0.3474828600883484,0.34880682826042175,0.9539999961853027,0.949999988079071,0.9957500100135803
809,0.33908703923225403,0.34880682826042175,0.9539999961853027,0.949999988079071,0.9957500100135803
810,0.3434833288192749,0.34880682826042175,0.9409999847412109,0.949999988079071,0.9957500100135803
811,0.33056512475013733,0.34880682826042175,0.9610000252723694,0.949999988079071,0.9957500100135803
812,0.3377695083618164,0.34880682826042175,0.9570000171661377,0.949999988079071,0.9957500100135803
813,0.3353738486766815,0.34880682826042175,0.9620000123977661,0.949999988079071,0.9957500100135803
814,0.3297545313835144,0.34880682826042175,0.949999988079071,0.949999988079071,0.9957500100135803
815,0.3376769423484802,0.34880682826042175,0.9620000123977661,0.949999988079071,0.9957500100135803
816,0.33530762791633606,0.34880682826042175,0.9620000123977661,0.949999988079071,0.9957500100135803
817,0.33267244696617126,0.34880682826042175,0.9589999914169312,0.949999988079071,0.9957500100135803
818,0.33651772141456604,0.34880682826042175,0.9449999928474426,0.949999988079071,0.9957500100135803
819,0.33578214049339294,0.34880682826042175,0.9549999833106995,0.949999988079071,0.9957500100135803
820,0.3416236639022827,0.34880682826042175,0.949999988079071,0.949999988079071,0.9957500100135803
821,0.3396178185939789,0.34880682826042175,0.9520000219345093,0.949999988079071,0.9957500100135803
822,0.3306303024291992,0.34880682826042175,0.9509999752044678,0.949999988079071,0.9957500100135803
823,0.33677011728286743,0.34880682826042175,0.953000009059906,0.949999988079071,0.9957500100135803
824,0.3281882703304291,0.34880682826042175,0.9710000157356262,0.949999988079071,0.9957500100135803
825,0.328952819108963,0.34880682826042175,0.9589999914169312,0.949999988079071,0.9957500100135803
826,0.3345949053764343,0.34880682826042175,0.9570000171661377,0.949999988079071,0.9957500100135803
827,0.3429214358329773,0.34880682826042175,0.9480000138282776,0.949999988079071,0.9957500100135803
828,0.3456740081310272,0.34880682826042175,0.9520000219345093,0.949999988079071,0.9957500100135803
829,0.33885979652404785,0.34880682826042175,0.9480000138282776,0.949999988079071,0.9957500100135803
830,0.33589786291122437,0.34880682826042175,0.953000009059906,0.949999988079071,0.9957500100135803
831,0.3342234492301941,0.34880682826042175,0.953000009059906,0.949999988079071,0.9957500100135803
832,0.3411575257778168,0.34880682826042175,0.9589999914169312,0.949999988079071,0.9957500100135803
833,0.3323410153388977,0.34880682826042175,0.9620000123977661,0.949999988079071,0.9957500100135803
834,0.3337348401546478,0.34880682826042175,0.9520000219345093,0.949999988079071,0.9957500100135803
835,0.3340635895729065,0.34880682826042175,0.9570000171661377,0.949999988079071,0.9957500100135803
836,0.3382573127746582,0.34880682826042175,0.9589999914169312,0.949999988079071,0.9957500100135803
837,0.3272230923175812,0.34880682826042175,0.9580000042915344,0.949999988079071,0.9957500100135803
838,0.3381161689758301,0.34880682826042175,0.9580000042915344,0.949999988079071,0.9957500100135803
839,0.3355828523635864,0.34880682826042175,0.9559999704360962,0.949999988079071,0.9957500100135803
840,0.33080267906188965,0.34880682826042175,0.9670000076293945,0.949999988079071,0.9957500100135803
841,0.32803723216056824,0.34880682826042175,0.9580000042915344,0.949999988079071,0.9957500100135803
842,0.3314347267150879,0.34880682826042175,0.9610000252723694,0.949999988079071,0.9957500100135803
843,0.34703779220581055,0.34880682826042175,0.9390000104904175,0.949999988079071,0.9957500100135803
844,0.3251172602176666,0.34880682826042175,0.9639999866485596,0.949999988079071,0.9957500100135803
845,0.3301611840724945,0.34880682826042175,0.9570000171661377,0.949999988079071,0.9957500100135803
846,0.32901933789253235,0.34880682826042175,0.9549999833106995,0.949999988079071,0.9957500100135803
847,0.3341618776321411,0.34880682826042175,0.9599999785423279,0.949999988079071,0.9957500100135803
848,0.33142387866973877,0.34880682826042175,0.9520000219345093,0.949999988079071,0.9957500100135803
849,0.32635757327079773,0.34880682826042175,0.9539999961853027,0.949999988079071,0.9957500100135803
850,0.3323301374912262,0.3290940225124359,0.9570000171661377,0.9549999833106995,0.9955000281333923
851,0.33257049322128296,0.3290940225124359,0.9549999833106995,0.9549999833106995,0.9955000281333923
852,0.34552258253097534,0.3290940225124359,0.9430000185966492,0.9549999833106995,0.9955000281333923
853,0.3270444869995117,0.3290940225124359,0.9620000123977661,0.9549999833106995,0.9955000281333923
854,0.3211086094379425,0.3290940225124359,0.9620000123977661,0.9549999833106995,0.9955000281333923
855,0.3238167464733124,0.3290940225124359,0.9649999737739563,0.9549999833106995,0.9955000281333923
856,0.3235454857349396,0.3290940225124359,0.9610000252723694,0.9549999833106995,0.9955000281333923
857,0.3371114730834961,0.3290940225124359,0.9470000267028809,0.9549999833106995,0.9955000281333923
858,0.3365984261035919,0.3290940225124359,0.953000009059906,0.9549999833106995,0.9955000281333923
859,0.33068159222602844,0.3290940225124359,0.9449999928474426,0.9549999833106995,0.9955000281333923
860,0.33497437834739685,0.3290940225124359,0.949999988079071,0.9549999833106995,0.9955000281333923
861,0.32490307092666626,0.3290940225124359,0.9589999914169312,0.9549999833106995,0.9955000281333923
862,0.3268929719924927,0.3290940225124359,0.9520000219345093,0.9549999833106995,0.9955000281333923
863,0.33918169140815735,0.3290940225124359,0.9480000138282776,0.9549999833106995,0.9955000281333923
864,0.3382798135280609,0.3290940225124359,0.953000009059906,0.9549999833106995,0.9955000281333923
865,0.3369436264038086,0.3290940225124359,0.9480000138282776,0.9549999833106995,0.9955000281333923
866,0.33752715587615967,0.3290940225124359,0.9440000057220459,0.9549999833106995,0.9955000281333923
867,0.32923296093940735,0.3290940225124359,0.953000009059906,0.9549999833106995,0.9955000281333923
868,0.32905101776123047,0.3290940225124359,0.9480000138282776,0.9549999833106995,0.9955000281333923
869,0.3290975093841553,0.3290940225124359,0.953000009059906,0.9549999833106995,0.9955000281333923
870,0.3379918038845062,0.3290940225124359,0.949999988079071,0.9549999833106995,0.9955000281333923
871,0.32735496759414673,0.3290940225124359,0.9589999914169312,0.9549999833106995,0.9955000281333923
872,0.3276171088218689,0.3290940225124359,0.9549999833106995,0.9549999833106995,0.9955000281333923
873,0.322496235370636,0.3290940225124359,0.9589999914169312,0.9549999833106995,0.9955000281333923
874,0.32936379313468933,0.3290940225124359,0.9549999833106995,0.9549999833106995,0.9955000281333923
875,0.32059016823768616,0.3290940225124359,0.9629999995231628,0.9549999833106995,0.9955000281333923
876,0.3357578217983246,0.3290940225124359,0.9509999752044678,0.9549999833106995,0.9955000281333923
877,0.32406216859817505,0.3290940225124359,0.9549999833106995,0.9549999833106995,0.9955000281333923
878,0.3294774293899536,0.3290940225124359,0.9509999752044678,0.9549999833106995,0.9955000281333923
879,0.3274441957473755,0.3290940225124359,0.9589999914169312,0.9549999833106995,0.9955000281333923
880,0.31625038385391235,0.3290940225124359,0.9599999785423279,0.9549999833106995,0.9955000281333923
881,0.32933294773101807,0.3290940225124359,0.9470000267028809,0.9549999833106995,0.9955000281333923
882,0.32704174518585205,0.3290940225124359,0.9589999914169312,0.9549999833106995,0.9955000281333923
883,0.32476121187210083,0.3290940225124359,0.953000009059906,0.9549999833106995,0.9955000281333923
884,0.32220733165740967,0.3290940225124359,0.9559999704360962,0.9549999833106995,0.9955000281333923
885,0.3336762487888336,0.3290940225124359,0.9509999752044678,0.9549999833106995,0.9955000281333923
886,0.31682953238487244,0.3290940225124359,0.9589999914169312,0.9549999833106995,0.9955000281333923
887,0.32969266176223755,0.3290940225124359,0.9480000138282776,0.9549999833106995,0.9955000281333923
888,0.31810879707336426,0.3290940225124359,0.9520000219345093,0.9549999833106995,0.9955000281333923
889,0.3290385901927948,0.3290940225124359,0.953000009059906,0.9549999833106995,0.9955000281333923
890,0.3262411952018738,0.3290940225124359,0.9549999833106995,0.9549999833106995,0.9955000281333923
891,0.33536577224731445,0.3290940225124359,0.9440000057220459,0.9549999833106995,0.9955000281333923
892,0.3216988742351532,0.3290940225124359,0.9620000123977661,0.9549999833106995,0.9955000281333923
893,0.32843640446662903,0.3290940225124359,0.9539999961853027,0.9549999833106995,0.9955000281333923
894,0.32485371828079224,0.3290940225124359,0.9549999833106995,0.9549999833106995,0.9955000281333923
895,0.32410743832588196,0.3290940225124359,0.9539999961853027,0.9549999833106995,0.9955000281333923
896,0.31634020805358887,0.3290940225124359,0.9539999961853027,0.9549999833106995,0.9955000281333923
897,0.32378503680229187,0.3290940225124359,0.9509999752044678,0.9549999833106995,0.9955000281333923
898,0.31930282711982727,0.3290940225124359,0.953000009059906,0.9549999833106995,0.9955000281333923
899,0.32470637559890747,0.3290940225124359,0.9639999866485596,0.9549999833106995,0.9955000281333923
900,0.3190748393535614,0.31955915689468384,0.9629999995231628,0.9459999799728394,0.9965500235557556
901,0.3383098840713501,0.31955915689468384,0.9430000185966492,0.9459999799728394,0.9965500235557556
902,0.3121691048145294,0.31955915689468384,0.9660000205039978,0.9459999799728394,0.9965500235557556
903,0.32691484689712524,0.31955915689468384,0.9580000042915344,0.9459999799728394,0.9965500235557556
904,0.3262135684490204,0.31955915689468384,0.9509999752044678,0.9459999799728394,0.9965500235557556
905,0.3184129297733307,0.31955915689468384,0.9599999785423279,0.9459999799728394,0.9965500235557556
906,0.33289429545402527,0.31955915689468384,0.9449999928474426,0.9459999799728394,0.9965500235557556
907,0.32048285007476807,0.31955915689468384,0.9599999785423279,0.9459999799728394,0.9965500235557556
908,0.3137582838535309,0.31955915689468384,0.9599999785423279,0.9459999799728394,0.9965500235557556
909,0.3331727087497711,0.31955915689468384,0.953000009059906,0.9459999799728394,0.9965500235557556
910,0.31874096393585205,0.31955915689468384,0.9549999833106995,0.9459999799728394,0.9965500235557556
911,0.3297412097454071,0.31955915689468384,0.9520000219345093,0.9459999799728394,0.9965500235557556
912,0.3220631778240204,0.31955915689468384,0.9599999785423279,0.9459999799728394,0.9965500235557556
913,0.3282495141029358,0.31955915689468384,0.9549999833106995,0.9459999799728394,0.9965500235557556
914,0.3241367042064667,0.31955915689468384,0.9580000042915344,0.9459999799728394,0.9965500235557556
915,0.33003032207489014,0.31955915689468384,0.9480000138282776,0.9459999799728394,0.9965500235557556
916,0.31842151284217834,0.31955915689468384,0.949999988079071,0.9459999799728394,0.9965500235557556
917,0.32190680503845215,0.31955915689468384,0.9599999785423279,0.9459999799728394,0.9965500235557556
918,0.32278144359588623,0.31955915689468384,0.9559999704360962,0.9459999799728394,0.9965500235557556
919,0.3230936825275421,0.31955915689468384,0.949999988079071,0.9459999799728394,0.9965500235557556
920,0.3216967284679413,0.31955915689468384,0.9520000219345093,0.9459999799728394,0.9965500235557556
921,0.33066344261169434,0.31955915689468384,0.9459999799728394,0.9459999799728394,0.9965500235557556
922,0.31554892659187317,0.31955915689468384,0.9539999961853027,0.9459999799728394,0.9965500235557556
923,0.3137405514717102,0.31955915689468384,0.9589999914169312,0.9459999799728394,0.9965500235557556
924,0.31921225786209106,0.31955915689468384,0.9580000042915344,0.9459999799728394,0.9965500235557556
925,0.32033002376556396,0.31955915689468384,0.9520000219345093,0.9459999799728394,0.9965500235557556
926,0.3135739862918854,0.31955915689468384,0.9610000252723694,0.9459999799728394,0.9965500235557556
927,0.31858304142951965,0.31955915689468384,0.9599999785423279,0.9459999799728394,0.9965500235557556
928,0.324751079082489,0.31955915689468384,0.9610000252723694,0.9459999799728394,0.9965500235557556
929,0.3138159215450287,0.31955915689468384,0.9610000252723694,0.9459999799728394,0.9965500235557556
930,0.3239269554615021,0.31955915689468384,0.9440000057220459,0.9459999799728394,0.9965500235557556
931,0.3153708577156067,0.31955915689468384,0.9520000219345093,0.9459999799728394,0.9965500235557556
932,0.3247080147266388,0.31955915689468384,0.9539999961853027,0.9459999799728394,0.9965500235557556
933,0.3188866674900055,0.31955915689468384,0.9679999947547913,0.9459999799728394,0.9965500235557556
934,0.31951117515563965,0.31955915689468384,0.9549999833106995,0.9459999799728394,0.9965500235557556
935,0.31806331872940063,0.31955915689468384,0.9679999947547913,0.9459999799728394,0.9965500235557556
936,0.31702521443367004,0.31955915689468384,0.9610000252723694,0.9459999799728394,0.9965500235557556
937,0.3083370327949524,0.31955915689468384,0.9610000252723694,0.9459999799728394,0.9965500235557556
938,0.3181050419807434,0.31955915689468384,0.9620000123977661,0.9459999799728394,0.9965500235557556
939,0.3158424198627472,0.31955915689468384,0.9599999785423279,0.9459999799728394,0.9965500235557556
940,0.3214718699455261,0.31955915689468384,0.9570000171661377,0.9459999799728394,0.9965500235557556
941,0.31747525930404663,0.31955915689468384,0.9509999752044678,0.9459999799728394,0.9965500235557556
942,0.3069184422492981,0.31955915689468384,0.9610000252723694,0.9459999799728394,0.9965500235557556
943,0.3138394355773926,0.31955915689468384,0.9549999833106995,0.9459999799728394,0.9965500235557556
944,0.3179027736186981,0.31955915689468384,0.953000009059906,0.9459999799728394,0.9965500235557556
945,0.3119297921657562,0.31955915689468384,0.9480000138282776,0.9459999799728394,0.9965500235557556
946,0.3227134943008423,0.31955915689468384,0.9440000057220459,0.9459999799728394,0.9965500235557556
947,0.3141602873802185,0.31955915689468384,0.9539999961853027,0.9459999799728394,0.9965500235557556
948,0.30543678998947144,0.31955915689468384,0.949999988079071,0.9459999799728394,0.9965500235557556
949,0.31734713912010193,0.31955915689468384,0.9520000219345093,0.9459999799728394,0.9965500235557556
950,0.30909472703933716,0.3055696487426758,0.9610000252723694,0.9670000076293945,0.996749997138977
951,0.31764185428619385,0.3055696487426758,0.9490000009536743,0.9670000076293945,0.996749997138977
952,0.3101106286048889,0.3055696487426758,0.9649999737739563,0.9670000076293945,0.996749997138977
953,0.32195714116096497,0.3055696487426758,0.9480000138282776,0.9670000076293945,0.996749997138977
954,0.32223114371299744,0.3055696487426758,0.9549999833106995,0.9670000076293945,0.996749997138977
955,0.32508811354637146,0.3055696487426758,0.9399999976158142,0.9670000076293945,0.996749997138977
956,0.31644123792648315,0.3055696487426758,0.9559999704360962,0.9670000076293945,0.996749997138977
957,0.318794310092926,0.3055696487426758,0.9520000219345093,0.9670000076293945,0.996749997138977
958,0.31442320346832275,0.3055696487426758,0.9589999914169312,0.9670000076293945,0.996749997138977
959,0.32085326313972473,0.3055696487426758,0.9459999799728394,0.9670000076293945,0.996749997138977
960,0.31294354796409607,0.3055696487426758,0.9580000042915344,0.9670000076293945,0.996749997138977
961,0.3246849775314331,0.3055696487426758,0.9509999752044678,0.9670000076293945,0.996749997138977
962,0.3088715672492981,0.3055696487426758,0.9580000042915344,0.9670000076293945,0.996749997138977
963,0.3094981014728546,0.3055696487426758,0.9589999914169312,0.9670000076293945,0.996749997138977
964,0.3144907057285309,0.3055696487426758,0.9509999752044678,0.9670000076293945,0.996749997138977
965,0.3186861574649811,0.3055696487426758,0.9449999928474426,0.9670000076293945,0.996749997138977
966,0.32006746530532837,0.3055696487426758,0.9399999976158142,0.9670000076293945,0.996749997138977
967,0.317758172750473,0.3055696487426758,0.9459999799728394,0.9670000076293945,0.996749997138977
968,0.31767553091049194,0.3055696487426758,0.9610000252723694,0.9670000076293945,0.996749997138977
969,0.3198818862438202,0.3055696487426758,0.9559999704360962,0.9670000076293945,0.996749997138977
970,0.3007632791996002,0.3055696487426758,0.9580000042915344,0.9670000076293945,0.996749997138977
971,0.31700238585472107,0.3055696487426758,0.9559999704360962,0.9670000076293945,0.996749997138977
972,0.3119239807128906,0.3055696487426758,0.949999988079071,0.9670000076293945,0.996749997138977
973,0.31327417492866516,0.3055696487426758,0.9490000009536743,0.9670000076293945,0.996749997138977
974,0.31091028451919556,0.3055696487426758,0.9639999866485596,0.9670000076293945,0.996749997138977
975,0.3197020888328552,0.3055696487426758,0.9559999704360962,0.9670000076293945,0.996749997138977
976,0.3127962350845337,0.3055696487426758,0.9649999737739563,0.9670000076293945,0.996749997138977
977,0.3194397985935211,0.3055696487426758,0.9480000138282776,0.9670000076293945,0.996749997138977
978,0.30878302454948425,0.3055696487426758,0.9599999785423279,0.9670000076293945,0.996749997138977
979,0.3241613805294037,0.3055696487426758,0.9480000138282776,0.9670000076293945,0.996749997138977
980,0.31897369027137756,0.3055696487426758,0.9559999704360962,0.9670000076293945,0.996749997138977
981,0.3068329393863678,0.3055696487426758,0.972000002861023,0.9670000076293945,0.996749997138977
982,0.3104061782360077,0.3055696487426758,0.9559999704360962,0.9670000076293945,0.996749997138977
983,0.3063972592353821,0.3055696487426758,0.9549999833106995,0.9670000076293945,0.996749997138977
984,0.31818196177482605,0.3055696487426758,0.949999988079071,0.9670000076293945,0.996749997138977
985,0.30895647406578064,0.3055696487426758,0.9580000042915344,0.9670000076293945,0.996749997138977
986,0.3219475746154785,0.3055696487426758,0.953000009059906,0.9670000076293945,0.996749997138977
987,0.3127753436565399,0.3055696487426758,0.9660000205039978,0.9670000076293945,0.996749997138977
988,0.3132339417934418,0.3055696487426758,0.9599999785423279,0.9670000076293945,0.996749997138977
989,0.311757355928421,0.3055696487426758,0.9490000009536743,0.9670000076293945,0.996749997138977
990,0.32194244861602783,0.3055696487426758,0.9359999895095825,0.9670000076293945,0.996749997138977
991,0.303129106760025,0.3055696487426758,0.9589999914169312,0.9670000076293945,0.996749997138977
992,0.30893126130104065,0.3055696487426758,0.9539999961853027,0.9670000076293945,0.996749997138977
993,0.31156250834465027,0.3055696487426758,0.9520000219345093,0.9670000076293945,0.996749997138977
994,0.3094345033168793,0.3055696487426758,0.949999988079071,0.9670000076293945,0.996749997138977
995,0.31351974606513977,0.3055696487426758,0.9649999737739563,0.9670000076293945,0.996749997138977
996,0.30087795853614807,0.3055696487426758,0.9610000252723694,0.9670000076293945,0.996749997138977
997,0.3048451244831085,0.3055696487426758,0.9610000252723694,0.9670000076293945,0.996749997138977
998,0.310369610786438,0.3055696487426758,0.9480000138282776,0.9670000076293945,0.996749997138977
999,0.3039918839931488,0.3055696487426758,0.9380000233650208,0.9670000076293945,0.996749997138977
