step,train_loss,train_acc,in_context_acc,val_loss,val_acc,batch_time,samples_per_second,experiment_name,timestamp,d,N,B,R_train
0,0.6931471824645996,0.699999988079071,0.9300000071525574,0.503541886806488,0.8999999761581421,0.0517058372497558,136.5262225925733,d10_B10_R1_20251031_174106,2025-10-31 17:41:11,10,40,10,15.811388300841898
1,2.4747730324390522e-22,1.0,0.9300000071525574,0.503541886806488,0.8999999761581421,0.0293271541595459,194.4846229641222,d10_B10_R1_20251031_174106,2025-10-31 17:41:11,10,40,10,15.811388300841898
2,2.4747730324390522e-22,1.0,0.9300000071525574,0.503541886806488,0.8999999761581421,0.0105838775634765,263.9869589572201,d10_B10_R1_20251031_174106,2025-10-31 17:41:11,10,40,10,15.811388300841898
3,2.4747730324390522e-22,1.0,0.9300000071525574,0.503541886806488,0.8999999761581421,0.002856969833374,342.92755015483357,d10_B10_R1_20251031_174106,2025-10-31 17:41:11,10,40,10,15.811388300841898
4,2.4747730324390522e-22,1.0,0.9300000071525574,0.503541886806488,0.8999999761581421,0.0030782222747802,417.0697850168049,d10_B10_R1_20251031_174106,2025-10-31 17:41:11,10,40,10,15.811388300841898
5,2.4747730324390522e-22,1.0,0.9300000071525574,0.503541886806488,0.8999999761581421,0.0038149356842041,484.15274600753,d10_B10_R1_20251031_174106,2025-10-31 17:41:11,10,40,10,15.811388300841898
6,2.4747730324390522e-22,1.0,0.9300000071525574,0.503541886806488,0.8999999761581421,0.0033891201019287,549.0460553382154,d10_B10_R1_20251031_174106,2025-10-31 17:41:11,10,40,10,15.811388300841898
7,2.4747730324390522e-22,1.0,0.9300000071525574,0.503541886806488,0.8999999761581421,0.0050108432769775,602.933084165888,d10_B10_R1_20251031_174106,2025-10-31 17:41:11,10,40,10,15.811388300841898
8,2.4747730324390522e-22,1.0,0.9300000071525574,0.503541886806488,0.8999999761581421,0.0027413368225097,663.9825511855344,d10_B10_R1_20251031_174106,2025-10-31 17:41:11,10,40,10,15.811388300841898
9,2.4747730324390522e-22,1.0,0.9300000071525574,0.503541886806488,0.8999999761581421,0.0018308162689208,727.3203983498619,d10_B10_R1_20251031_174106,2025-10-31 17:41:11,10,40,10,15.811388300841898
10,2.4747730324390522e-22,1.0,0.9300000071525574,0.503541886806488,0.8999999761581421,0.0034589767456054,779.3970558921012,d10_B10_R1_20251031_174106,2025-10-31 17:41:11,10,40,10,15.811388300841898
11,2.4747730324390522e-22,1.0,0.9300000071525574,0.503541886806488,0.8999999761581421,0.0023019313812255,836.0280582625869,d10_B10_R1_20251031_174106,2025-10-31 17:41:11,10,40,10,15.811388300841898
12,2.4747730324390522e-22,1.0,0.9300000071525574,0.503541886806488,0.8999999761581421,0.0024840831756591,889.8012363166381,d10_B10_R1_20251031_174106,2025-10-31 17:41:11,10,40,10,15.811388300841898
13,2.4747730324390522e-22,1.0,0.9300000071525574,0.503541886806488,0.8999999761581421,0.0029592514038085,938.501504760413,d10_B10_R1_20251031_174106,2025-10-31 17:41:11,10,40,10,15.811388300841898
14,2.4747730324390522e-22,1.0,0.9300000071525574,0.503541886806488,0.8999999761581421,0.003713846206665,980.1180231435036,d10_B10_R1_20251031_174106,2025-10-31 17:41:11,10,40,10,15.811388300841898
15,2.4747730324390522e-22,1.0,0.9300000071525574,0.503541886806488,0.8999999761581421,0.0030257701873779,1023.9750006103368,d10_B10_R1_20251031_174106,2025-10-31 17:41:11,10,40,10,15.811388300841898
16,2.4747730324390522e-22,1.0,0.9300000071525574,0.503541886806488,0.8999999761581421,0.004195213317871,1058.8939875908484,d10_B10_R1_20251031_174106,2025-10-31 17:41:11,10,40,10,15.811388300841898
17,2.4747730324390522e-22,1.0,0.9300000071525574,0.503541886806488,0.8999999761581421,0.0028088092803955,1100.9458535240926,d10_B10_R1_20251031_174106,2025-10-31 17:41:11,10,40,10,15.811388300841898
18,2.4747730324390522e-22,1.0,0.9300000071525574,0.503541886806488,0.8999999761581421,0.0031061172485351,1139.4094190413962,d10_B10_R1_20251031_174106,2025-10-31 17:41:11,10,40,10,15.811388300841898
19,2.4747730324390522e-22,1.0,0.9300000071525574,0.503541886806488,0.8999999761581421,0.0028159618377685,1178.6421026305363,d10_B10_R1_20251031_174106,2025-10-31 17:41:11,10,40,10,15.811388300841898
20,2.4747730324390522e-22,1.0,0.9300000071525574,0.503541886806488,0.8999999761581421,0.0026190280914306,1217.7454939603792,d10_B10_R1_20251031_174106,2025-10-31 17:41:11,10,40,10,15.811388300841898
21,2.4747730324390522e-22,1.0,0.9300000071525574,0.503541886806488,0.8999999761581421,0.0035159587860107,1248.8791922691714,d10_B10_R1_20251031_174106,2025-10-31 17:41:11,10,40,10,15.811388300841898
22,2.4747730324390522e-22,1.0,0.9300000071525574,0.503541886806488,0.8999999761581421,0.0023930072784423,1287.4771883136902,d10_B10_R1_20251031_174106,2025-10-31 17:41:11,10,40,10,15.811388300841898
23,2.4747730324390522e-22,1.0,0.9300000071525574,0.503541886806488,0.8999999761581421,0.0028748512268066,1321.0631677443316,d10_B10_R1_20251031_174106,2025-10-31 17:41:11,10,40,10,15.811388300841898
24,2.4747730324390522e-22,1.0,0.9300000071525574,0.503541886806488,0.8999999761581421,0.0032649040222167,1351.0888458530312,d10_B10_R1_20251031_174106,2025-10-31 17:41:11,10,40,10,15.811388300841898
25,2.4747730324390522e-22,1.0,0.9300000071525574,0.503541886806488,0.8999999761581421,0.0025620460510253,1384.7333307937474,d10_B10_R1_20251031_174106,2025-10-31 17:41:11,10,40,10,15.811388300841898
26,2.4747730324390522e-22,1.0,0.9300000071525574,0.503541886806488,0.8999999761581421,0.0063960552215576,1389.7405853427467,d10_B10_R1_20251031_174106,2025-10-31 17:41:11,10,40,10,15.811388300841898
27,2.4747730324390522e-22,1.0,0.9300000071525574,0.503541886806488,0.8999999761581421,0.0036778450012207,1412.4800438752106,d10_B10_R1_20251031_174106,2025-10-31 17:41:11,10,40,10,15.811388300841898
28,2.4747730324390522e-22,1.0,0.9300000071525574,0.503541886806488,0.8999999761581421,0.0026686191558837,1442.7297743533295,d10_B10_R1_20251031_174106,2025-10-31 17:41:11,10,40,10,15.811388300841898
29,2.4747730324390522e-22,1.0,0.9300000071525574,0.503541886806488,0.8999999761581421,0.0024659633636474,1473.7971948112793,d10_B10_R1_20251031_174106,2025-10-31 17:41:11,10,40,10,15.811388300841898
30,2.4747730324390522e-22,1.0,0.9300000071525574,0.503541886806488,0.8999999761581421,0.0043058395385742,1490.313264722502,d10_B10_R1_20251031_174106,2025-10-31 17:41:11,10,40,10,15.811388300841898
31,2.4747730324390522e-22,1.0,0.9300000071525574,0.503541886806488,0.8999999761581421,0.0023829936981201,1520.4293796062811,d10_B10_R1_20251031_174106,2025-10-31 17:41:11,10,40,10,15.811388300841898
32,2.4747730324390522e-22,1.0,0.9300000071525574,0.503541886806488,0.8999999761581421,0.0011982917785644,1558.443088556685,d10_B10_R1_20251031_174106,2025-10-31 17:41:11,10,40,10,15.811388300841898
33,2.4747730324390522e-22,1.0,0.9300000071525574,0.503541886806488,0.8999999761581421,0.0024330615997314,1586.4061931614024,d10_B10_R1_20251031_174106,2025-10-31 17:41:11,10,40,10,15.811388300841898
34,2.4747730324390522e-22,1.0,0.9300000071525574,0.503541886806488,0.8999999761581421,0.0037260055541992,1604.667945585816,d10_B10_R1_20251031_174106,2025-10-31 17:41:11,10,40,10,15.811388300841898
35,2.4747730324390522e-22,1.0,0.9300000071525574,0.503541886806488,0.8999999761581421,0.0035748481750488,1623.149509975179,d10_B10_R1_20251031_174106,2025-10-31 17:41:11,10,40,10,15.811388300841898
36,2.4747730324390522e-22,1.0,0.9300000071525574,0.503541886806488,0.8999999761581421,0.0062499046325683,1621.5781807390813,d10_B10_R1_20251031_174106,2025-10-31 17:41:11,10,40,10,15.811388300841898
37,2.4747730324390522e-22,1.0,0.9300000071525574,0.503541886806488,0.8999999761581421,0.0070111751556396,1613.533537424883,d10_B10_R1_20251031_174106,2025-10-31 17:41:11,10,40,10,15.811388300841898
38,2.4747730324390522e-22,1.0,0.9300000071525574,0.503541886806488,0.8999999761581421,0.0023620128631591,1638.9663495498744,d10_B10_R1_20251031_174106,2025-10-31 17:41:11,10,40,10,15.811388300841898
39,2.4747730324390522e-22,1.0,0.9300000071525574,0.503541886806488,0.8999999761581421,0.0026559829711914,1661.9036015207255,d10_B10_R1_20251031_174106,2025-10-31 17:41:11,10,40,10,15.811388300841898
40,2.4747730324390522e-22,1.0,0.9300000071525574,0.503541886806488,0.8999999761581421,0.0110890865325927,1627.688827428498,d10_B10_R1_20251031_174106,2025-10-31 17:41:11,10,40,10,15.811388300841898
41,2.4747730324390522e-22,1.0,0.9300000071525574,0.503541886806488,0.8999999761581421,0.0038199424743652,1641.5618998275138,d10_B10_R1_20251031_174106,2025-10-31 17:41:11,10,40,10,15.811388300841898
42,2.4747730324390522e-22,1.0,0.9300000071525574,0.503541886806488,0.8999999761581421,0.0201458930969238,1557.124817721801,d10_B10_R1_20251031_174106,2025-10-31 17:41:11,10,40,10,15.811388300841898
43,2.4747730324390522e-22,1.0,0.9300000071525574,0.503541886806488,0.8999999761581421,0.0205438137054443,1482.2100143282123,d10_B10_R1_20251031_174106,2025-10-31 17:41:11,10,40,10,15.811388300841898
44,2.4747730324390522e-22,1.0,0.9300000071525574,0.503541886806488,0.8999999761581421,0.0045218467712402,1492.374049296248,d10_B10_R1_20251031_174106,2025-10-31 17:41:11,10,40,10,15.811388300841898
45,2.4747730324390522e-22,1.0,0.9300000071525574,0.503541886806488,0.8999999761581421,0.0035321712493896,1507.3515523680055,d10_B10_R1_20251031_174106,2025-10-31 17:41:11,10,40,10,15.811388300841898
46,2.4747730324390522e-22,1.0,0.9300000071525574,0.503541886806488,0.8999999761581421,0.0063660144805908,1506.8649195705948,d10_B10_R1_20251031_174106,2025-10-31 17:41:11,10,40,10,15.811388300841898
47,2.4747730324390522e-22,1.0,0.9300000071525574,0.503541886806488,0.8999999761581421,0.014103889465332,1471.4414494086143,d10_B10_R1_20251031_174106,2025-10-31 17:41:11,10,40,10,15.811388300841898
48,2.4747730324390522e-22,1.0,0.9300000071525574,0.503541886806488,0.8999999761581421,0.0109419822692871,1450.3954907519342,d10_B10_R1_20251031_174106,2025-10-31 17:41:11,10,40,10,15.811388300841898
49,2.4747730324390522e-22,1.0,0.9300000071525574,0.503541886806488,0.8999999761581421,0.0042469501495361,1460.886332194152,d10_B10_R1_20251031_174106,2025-10-31 17:41:11,10,40,10,15.811388300841898
50,2.4747730324390522e-22,1.0,0.9300000071525574,0.503541886806488,0.8999999761581421,0.0105452537536621,1444.9234643388604,d10_B10_R1_20251031_174106,2025-10-31 17:41:11,10,40,10,15.811388300841898
51,2.4747730324390522e-22,1.0,0.9300000071525574,0.503541886806488,0.8999999761581421,0.0110290050506591,1426.9532299873467,d10_B10_R1_20251031_174106,2025-10-31 17:41:11,10,40,10,15.811388300841898
52,2.4747730324390522e-22,1.0,0.9300000071525574,0.503541886806488,0.8999999761581421,0.007699966430664,1414.0804423316813,d10_B10_R1_20251031_174106,2025-10-31 17:41:11,10,40,10,15.811388300841898
53,2.4747730324390522e-22,1.0,0.9300000071525574,0.503541886806488,0.8999999761581421,0.0066578388214111,1405.3135412232905,d10_B10_R1_20251031_174106,2025-10-31 17:41:11,10,40,10,15.811388300841898
54,2.4747730324390522e-22,1.0,0.9300000071525574,0.503541886806488,0.8999999761581421,0.0089149475097656,1398.3598180269687,d10_B10_R1_20251031_174106,2025-10-31 17:41:11,10,40,10,15.811388300841898
55,2.4747730324390522e-22,1.0,0.9300000071525574,0.503541886806488,0.8999999761581421,0.006782054901123,1393.8434733896215,d10_B10_R1_20251031_174106,2025-10-31 17:41:11,10,40,10,15.811388300841898
56,2.4747730324390522e-22,1.0,0.9300000071525574,0.503541886806488,0.8999999761581421,0.0064492225646972,1395.739187597131,d10_B10_R1_20251031_174106,2025-10-31 17:41:11,10,40,10,15.811388300841898
57,2.4747730324390522e-22,1.0,0.9300000071525574,0.503541886806488,0.8999999761581421,0.0033748149871826,1408.2797969693602,d10_B10_R1_20251031_174106,2025-10-31 17:41:11,10,40,10,15.811388300841898
58,2.4747730324390522e-22,1.0,0.9300000071525574,0.503541886806488,0.8999999761581421,0.0141389369964599,1384.6514394360318,d10_B10_R1_20251031_174106,2025-10-31 17:41:11,10,40,10,15.811388300841898
59,2.4747730324390522e-22,1.0,0.9300000071525574,0.503541886806488,0.8999999761581421,0.0073211193084716,1383.8537897600922,d10_B10_R1_20251031_174106,2025-10-31 17:41:11,10,40,10,15.811388300841898
60,2.4747730324390522e-22,1.0,0.9300000071525574,0.503541886806488,0.8999999761581421,0.0094389915466308,1376.5556053529376,d10_B10_R1_20251031_174106,2025-10-31 17:41:11,10,40,10,15.811388300841898
61,2.4747730324390522e-22,1.0,0.9300000071525574,0.503541886806488,0.8999999761581421,0.0025029182434082,1390.562391849778,d10_B10_R1_20251031_174106,2025-10-31 17:41:11,10,40,10,15.811388300841898
62,2.4747730324390522e-22,1.0,0.9300000071525574,0.503541886806488,0.8999999761581421,0.003005027770996,1403.1377813272616,d10_B10_R1_20251031_174106,2025-10-31 17:41:11,10,40,10,15.811388300841898
63,2.4747730324390522e-22,1.0,0.9300000071525574,0.503541886806488,0.8999999761581421,0.0033371448516845,1414.3963580416043,d10_B10_R1_20251031_174106,2025-10-31 17:41:11,10,40,10,15.811388300841898
64,2.4747730324390522e-22,1.0,0.9300000071525574,0.503541886806488,0.8999999761581421,0.0023658275604248,1428.6817159707189,d10_B10_R1_20251031_174106,2025-10-31 17:41:11,10,40,10,15.811388300841898
65,2.4747730324390522e-22,1.0,0.9300000071525574,0.503541886806488,0.8999999761581421,0.0026419162750244,1442.0083012451869,d10_B10_R1_20251031_174106,2025-10-31 17:41:11,10,40,10,15.811388300841898
66,2.4747730324390522e-22,1.0,0.9300000071525574,0.503541886806488,0.8999999761581421,0.0027570724487304,1454.86193952001,d10_B10_R1_20251031_174106,2025-10-31 17:41:11,10,40,10,15.811388300841898
67,2.4747730324390522e-22,1.0,0.9300000071525574,0.503541886806488,0.8999999761581421,0.0044648647308349,1462.0262824968577,d10_B10_R1_20251031_174106,2025-10-31 17:41:11,10,40,10,15.811388300841898
68,2.4747730324390522e-22,1.0,0.9300000071525574,0.503541886806488,0.8999999761581421,0.0044260025024414,1469.038878846807,d10_B10_R1_20251031_174106,2025-10-31 17:41:11,10,40,10,15.811388300841898
69,2.4747730324390522e-22,1.0,0.9300000071525574,0.503541886806488,0.8999999761581421,0.0020661354064941,1483.3059593173791,d10_B10_R1_20251031_174106,2025-10-31 17:41:11,10,40,10,15.811388300841898
70,2.4747730324390522e-22,1.0,0.9300000071525574,0.503541886806488,0.8999999761581421,0.0031459331512451,1494.242884804609,d10_B10_R1_20251031_174106,2025-10-31 17:41:11,10,40,10,15.811388300841898
71,2.4747730324390522e-22,1.0,0.9300000071525574,0.503541886806488,0.8999999761581421,0.0045559406280517,1500.444126458883,d10_B10_R1_20251031_174106,2025-10-31 17:41:11,10,40,10,15.811388300841898
72,2.4747730324390522e-22,1.0,0.9300000071525574,0.503541886806488,0.8999999761581421,0.0030760765075683,1511.1222364579282,d10_B10_R1_20251031_174106,2025-10-31 17:41:11,10,40,10,15.811388300841898
73,2.4747730324390522e-22,1.0,0.9300000071525574,0.503541886806488,0.8999999761581421,0.00465989112854,1516.801282333221,d10_B10_R1_20251031_174106,2025-10-31 17:41:11,10,40,10,15.811388300841898
74,2.4747730324390522e-22,1.0,0.9300000071525574,0.503541886806488,0.8999999761581421,0.016824722290039,1485.713530041307,d10_B10_R1_20251031_174106,2025-10-31 17:41:11,10,40,10,15.811388300841898
75,2.4747730324390522e-22,1.0,0.9300000071525574,0.503541886806488,0.8999999761581421,0.0165491104125976,1457.273675255015,d10_B10_R1_20251031_174106,2025-10-31 17:41:11,10,40,10,15.811388300841898
76,2.4747730324390522e-22,1.0,0.9300000071525574,0.503541886806488,0.8999999761581421,0.0099139213562011,1448.4035743516722,d10_B10_R1_20251031_174106,2025-10-31 17:41:11,10,40,10,15.811388300841898
77,2.4747730324390522e-22,1.0,0.9300000071525574,0.503541886806488,0.8999999761581421,0.011768102645874,1432.1466415510952,d10_B10_R1_20251031_174106,2025-10-31 17:41:11,10,40,10,15.811388300841898
78,2.4747730324390522e-22,1.0,0.9300000071525574,0.503541886806488,0.8999999761581421,0.0096240043640136,1424.876996590788,d10_B10_R1_20251031_174106,2025-10-31 17:41:11,10,40,10,15.811388300841898
79,2.4747730324390522e-22,1.0,0.9300000071525574,0.503541886806488,0.8999999761581421,0.0252220630645751,1379.7410048039897,d10_B10_R1_20251031_174106,2025-10-31 17:41:11,10,40,10,15.811388300841898
80,2.4747730324390522e-22,1.0,0.9300000071525574,0.503541886806488,0.8999999761581421,0.0342001914978027,1318.70498252342,d10_B10_R1_20251031_174106,2025-10-31 17:41:11,10,40,10,15.811388300841898
81,2.4747730324390522e-22,1.0,0.9300000071525574,0.503541886806488,0.8999999761581421,0.0153760910034179,1301.8683864774605,d10_B10_R1_20251031_174106,2025-10-31 17:41:11,10,40,10,15.811388300841898
82,2.4747730324390522e-22,1.0,0.9300000071525574,0.503541886806488,0.8999999761581421,0.0083482265472412,1300.100877844892,d10_B10_R1_20251031_174106,2025-10-31 17:41:11,10,40,10,15.811388300841898
83,2.4747730324390522e-22,1.0,0.9300000071525574,0.503541886806488,0.8999999761581421,0.0145740509033203,1285.899930763467,d10_B10_R1_20251031_174106,2025-10-31 17:41:11,10,40,10,15.811388300841898
84,2.4747730324390522e-22,1.0,0.9300000071525574,0.503541886806488,0.8999999761581421,0.0087678432464599,1283.7050871710449,d10_B10_R1_20251031_174106,2025-10-31 17:41:11,10,40,10,15.811388300841898
85,2.4747730324390522e-22,1.0,0.9300000071525574,0.503541886806488,0.8999999761581421,0.0167241096496582,1266.544652958266,d10_B10_R1_20251031_174106,2025-10-31 17:41:11,10,40,10,15.811388300841898
86,2.4747730324390522e-22,1.0,0.9300000071525574,0.503541886806488,0.8999999761581421,0.006127119064331,1269.5061928116002,d10_B10_R1_20251031_174106,2025-10-31 17:41:11,10,40,10,15.811388300841898
87,2.4747730324390522e-22,1.0,0.9300000071525574,0.503541886806488,0.8999999761581421,0.0087840557098388,1267.1317478169285,d10_B10_R1_20251031_174106,2025-10-31 17:41:11,10,40,10,15.811388300841898
88,2.4747730324390522e-22,1.0,0.9300000071525574,0.503541886806488,0.8999999761581421,0.0066897869110107,1268.592743229062,d10_B10_R1_20251031_174106,2025-10-31 17:41:11,10,40,10,15.811388300841898
89,2.4747730324390522e-22,1.0,0.9300000071525574,0.503541886806488,0.8999999761581421,0.0048980712890625,1273.7090231556244,d10_B10_R1_20251031_174106,2025-10-31 17:41:11,10,40,10,15.811388300841898
90,2.4747730324390522e-22,1.0,0.9300000071525574,0.503541886806488,0.8999999761581421,0.0044107437133789,1279.491531048687,d10_B10_R1_20251031_174106,2025-10-31 17:41:11,10,40,10,15.811388300841898
91,2.4747730324390522e-22,1.0,0.9300000071525574,0.503541886806488,0.8999999761581421,0.0053799152374267,1283.6576708561954,d10_B10_R1_20251031_174106,2025-10-31 17:41:11,10,40,10,15.811388300841898
92,2.4747730324390522e-22,1.0,0.9300000071525574,0.503541886806488,0.8999999761581421,0.0052568912506103,1287.9085261023583,d10_B10_R1_20251031_174106,2025-10-31 17:41:11,10,40,10,15.811388300841898
93,2.4747730324390522e-22,1.0,0.9300000071525574,0.503541886806488,0.8999999761581421,0.005389928817749,1291.8109455018464,d10_B10_R1_20251031_174106,2025-10-31 17:41:11,10,40,10,15.811388300841898
94,2.4747730324390522e-22,1.0,0.9300000071525574,0.503541886806488,0.8999999761581421,0.0060470104217529,1294.470562131091,d10_B10_R1_20251031_174106,2025-10-31 17:41:11,10,40,10,15.811388300841898
95,2.4747730324390522e-22,1.0,0.9300000071525574,0.503541886806488,0.8999999761581421,0.0044710636138916,1299.9799314259149,d10_B10_R1_20251031_174106,2025-10-31 17:41:11,10,40,10,15.811388300841898
96,2.4747730324390522e-22,1.0,0.9300000071525574,0.503541886806488,0.8999999761581421,0.004584789276123,1305.2006495727153,d10_B10_R1_20251031_174106,2025-10-31 17:41:11,10,40,10,15.811388300841898
97,2.4747730324390522e-22,1.0,0.9300000071525574,0.503541886806488,0.8999999761581421,0.0094151496887207,1301.8655705502974,d10_B10_R1_20251031_174106,2025-10-31 17:41:11,10,40,10,15.811388300841898
98,2.4747730324390522e-22,1.0,0.9300000071525574,0.503541886806488,0.8999999761581421,0.0099818706512451,1297.611988992507,d10_B10_R1_20251031_174106,2025-10-31 17:41:11,10,40,10,15.811388300841898
99,2.4747730324390522e-22,1.0,0.9300000071525574,0.503541886806488,0.8999999761581421,0.0088529586791992,1295.0482967983687,d10_B10_R1_20251031_174106,2025-10-31 17:41:11,10,40,10,15.811388300841898
100,2.4747730324390522e-22,1.0,0.9300000071525574,0.503541886806488,0.8999999761581421,0.0045418739318847,1300.098772282381,d10_B10_R1_20251031_174106,2025-10-31 17:41:11,10,40,10,15.811388300841898
101,2.4747730324390522e-22,1.0,0.9300000071525574,0.503541886806488,0.8999999761581421,0.013157844543457,1286.477157775594,d10_B10_R1_20251031_174106,2025-10-31 17:41:11,10,40,10,15.811388300841898
102,2.4747730324390522e-22,1.0,0.9300000071525574,0.503541886806488,0.8999999761581421,0.0106019973754882,1281.6765711698706,d10_B10_R1_20251031_174106,2025-10-31 17:41:11,10,40,10,15.811388300841898
103,2.4747730324390522e-22,1.0,0.9300000071525574,0.503541886806488,0.8999999761581421,0.0080299377441406,1280.9701608467528,d10_B10_R1_20251031_174106,2025-10-31 17:41:11,10,40,10,15.811388300841898
104,2.4747730324390522e-22,1.0,0.9300000071525574,0.503541886806488,0.8999999761581421,0.0135939121246337,1271.7870407082703,d10_B10_R1_20251031_174106,2025-10-31 17:41:11,10,40,10,15.811388300841898
105,2.4747730324390522e-22,1.0,0.9300000071525574,0.503541886806488,0.8999999761581421,0.0067231655120849,1273.2933585703022,d10_B10_R1_20251031_174106,2025-10-31 17:41:11,10,40,10,15.811388300841898
106,2.4747730324390522e-22,1.0,0.9300000071525574,0.503541886806488,0.8999999761581421,0.0047240257263183,1277.793675243364,d10_B10_R1_20251031_174106,2025-10-31 17:41:11,10,40,10,15.811388300841898
107,2.4747730324390522e-22,1.0,0.9300000071525574,0.503541886806488,0.8999999761581421,0.002932071685791,1285.0473128846052,d10_B10_R1_20251031_174106,2025-10-31 17:41:11,10,40,10,15.811388300841898
108,2.4747730324390522e-22,1.0,0.9300000071525574,0.503541886806488,0.8999999761581421,0.008995771408081,1283.0476635230752,d10_B10_R1_20251031_174106,2025-10-31 17:41:11,10,40,10,15.811388300841898
109,2.4747730324390522e-22,1.0,0.9300000071525574,0.503541886806488,0.8999999761581421,0.0072619915008544,1283.490672458193,d10_B10_R1_20251031_174106,2025-10-31 17:41:11,10,40,10,15.811388300841898
110,2.4747730324390522e-22,1.0,0.9300000071525574,0.503541886806488,0.8999999761581421,0.0177552700042724,1268.5976991449452,d10_B10_R1_20251031_174106,2025-10-31 17:41:11,10,40,10,15.811388300841898
111,2.4747730324390522e-22,1.0,0.9300000071525574,0.503541886806488,0.8999999761581421,0.0337288379669189,1232.2833106032406,d10_B10_R1_20251031_174106,2025-10-31 17:41:11,10,40,10,15.811388300841898
112,2.4747730324390522e-22,1.0,0.9300000071525574,0.503541886806488,0.8999999761581421,0.0112471580505371,1227.8044885826982,d10_B10_R1_20251031_174106,2025-10-31 17:41:11,10,40,10,15.811388300841898
113,2.4747730324390522e-22,1.0,0.9300000071525574,0.503541886806488,0.8999999761581421,0.0129122734069824,1221.0850595729846,d10_B10_R1_20251031_174106,2025-10-31 17:41:11,10,40,10,15.811388300841898
114,2.4747730324390522e-22,1.0,0.9300000071525574,0.503541886806488,0.8999999761581421,0.0057320594787597,1224.089397145851,d10_B10_R1_20251031_174106,2025-10-31 17:41:11,10,40,10,15.811388300841898
115,2.4747730324390522e-22,1.0,0.9300000071525574,0.503541886806488,0.8999999761581421,0.0040140151977539,1229.0286632329055,d10_B10_R1_20251031_174106,2025-10-31 17:41:11,10,40,10,15.811388300841898
116,2.4747730324390522e-22,1.0,0.9300000071525574,0.503541886806488,0.8999999761581421,0.0032858848571777,1235.144279498536,d10_B10_R1_20251031_174106,2025-10-31 17:41:11,10,40,10,15.811388300841898
117,2.4747730324390522e-22,1.0,0.9300000071525574,0.503541886806488,0.8999999761581421,0.0042109489440917,1240.057416761856,d10_B10_R1_20251031_174106,2025-10-31 17:41:11,10,40,10,15.811388300841898
118,2.4747730324390522e-22,1.0,0.9300000071525574,0.503541886806488,0.8999999761581421,0.0176560878753662,1227.6091216331715,d10_B10_R1_20251031_174106,2025-10-31 17:41:11,10,40,10,15.811388300841898
119,2.4747730324390522e-22,1.0,0.9300000071525574,0.503541886806488,0.8999999761581421,0.0065257549285888,1229.4255182568477,d10_B10_R1_20251031_174106,2025-10-31 17:41:11,10,40,10,15.811388300841898
120,2.4747730324390522e-22,1.0,0.9300000071525574,0.503541886806488,0.8999999761581421,0.0090417861938476,1228.137283229301,d10_B10_R1_20251031_174106,2025-10-31 17:41:11,10,40,10,15.811388300841898
121,2.4747730324390522e-22,1.0,0.9300000071525574,0.503541886806488,0.8999999761581421,0.0136239528656005,1220.6935388333893,d10_B10_R1_20251031_174106,2025-10-31 17:41:11,10,40,10,15.811388300841898
122,2.4747730324390522e-22,1.0,0.9300000071525574,0.503541886806488,0.8999999761581421,0.0252647399902343,1200.1559390341467,d10_B10_R1_20251031_174106,2025-10-31 17:41:11,10,40,10,15.811388300841898
123,2.4747730324390522e-22,1.0,0.9300000071525574,0.503541886806488,0.8999999761581421,0.017590045928955,1189.263742839693,d10_B10_R1_20251031_174106,2025-10-31 17:41:11,10,40,10,15.811388300841898
124,2.4747730324390522e-22,1.0,0.9300000071525574,0.503541886806488,0.8999999761581421,0.0124189853668212,1184.3841151998613,d10_B10_R1_20251031_174106,2025-10-31 17:41:11,10,40,10,15.811388300841898
125,2.4747730324390522e-22,1.0,0.9300000071525574,0.503541886806488,0.8999999761581421,0.0108711719512939,1179.7809887052,d10_B10_R1_20251031_174106,2025-10-31 17:41:11,10,40,10,15.811388300841898
126,2.4747730324390522e-22,1.0,0.9300000071525574,0.503541886806488,0.8999999761581421,0.0123250484466552,1175.3590673324752,d10_B10_R1_20251031_174106,2025-10-31 17:41:11,10,40,10,15.811388300841898
127,2.4747730324390522e-22,1.0,0.9300000071525574,0.503541886806488,0.8999999761581421,0.0052237510681152,1178.1566653616778,d10_B10_R1_20251031_174106,2025-10-31 17:41:11,10,40,10,15.811388300841898
128,2.4747730324390522e-22,1.0,0.9300000071525574,0.503541886806488,0.8999999761581421,0.0109612941741943,1175.333432967583,d10_B10_R1_20251031_174106,2025-10-31 17:41:11,10,40,10,15.811388300841898
129,2.4747730324390522e-22,1.0,0.9300000071525574,0.503541886806488,0.8999999761581421,0.0037522315979003,1179.991417213659,d10_B10_R1_20251031_174106,2025-10-31 17:41:11,10,40,10,15.811388300841898
130,2.4747730324390522e-22,1.0,0.9300000071525574,0.503541886806488,0.8999999761581421,0.0036699771881103,1184.953266432661,d10_B10_R1_20251031_174106,2025-10-31 17:41:11,10,40,10,15.811388300841898
131,2.4747730324390522e-22,1.0,0.9300000071525574,0.503541886806488,0.8999999761581421,0.0079100131988525,1185.2874596740785,d10_B10_R1_20251031_174106,2025-10-31 17:41:11,10,40,10,15.811388300841898
132,2.4747730324390522e-22,1.0,0.9300000071525574,0.503541886806488,0.8999999761581421,0.0062160491943359,1187.4503242676333,d10_B10_R1_20251031_174106,2025-10-31 17:41:11,10,40,10,15.811388300841898
133,2.4747730324390522e-22,1.0,0.9300000071525574,0.503541886806488,0.8999999761581421,0.0029909610748291,1192.9987353341855,d10_B10_R1_20251031_174106,2025-10-31 17:41:11,10,40,10,15.811388300841898
134,2.4747730324390522e-22,1.0,0.9300000071525574,0.503541886806488,0.8999999761581421,0.0096650123596191,1191.528030938469,d10_B10_R1_20251031_174106,2025-10-31 17:41:11,10,40,10,15.811388300841898
135,2.4747730324390522e-22,1.0,0.9300000071525574,0.503541886806488,0.8999999761581421,0.0114450454711914,1188.1475137076636,d10_B10_R1_20251031_174106,2025-10-31 17:41:11,10,40,10,15.811388300841898
136,2.4747730324390522e-22,1.0,0.9300000071525574,0.503541886806488,0.8999999761581421,0.009376049041748,1186.9756250722985,d10_B10_R1_20251031_174106,2025-10-31 17:41:11,10,40,10,15.811388300841898
137,2.4747730324390522e-22,1.0,0.9300000071525574,0.503541886806488,0.8999999761581421,0.0079569816589355,1187.1182967272996,d10_B10_R1_20251031_174106,2025-10-31 17:41:11,10,40,10,15.811388300841898
138,2.4747730324390522e-22,1.0,0.9300000071525574,0.503541886806488,0.8999999761581421,0.0064601898193359,1188.527944383388,d10_B10_R1_20251031_174106,2025-10-31 17:41:11,10,40,10,15.811388300841898
139,2.4747730324390522e-22,1.0,0.9300000071525574,0.503541886806488,0.8999999761581421,0.0140118598937988,1182.057999902972,d10_B10_R1_20251031_174106,2025-10-31 17:41:11,10,40,10,15.811388300841898
140,2.4747730324390522e-22,1.0,0.9300000071525574,0.503541886806488,0.8999999761581421,0.0178790092468261,1171.9336532223194,d10_B10_R1_20251031_174106,2025-10-31 17:41:11,10,40,10,15.811388300841898
141,2.4747730324390522e-22,1.0,0.9300000071525574,0.503541886806488,0.8999999761581421,0.019305944442749,1161.4553508764575,d10_B10_R1_20251031_174106,2025-10-31 17:41:11,10,40,10,15.811388300841898
142,2.4747730324390522e-22,1.0,0.9300000071525574,0.503541886806488,0.8999999761581421,0.0303239822387695,1141.134366023433,d10_B10_R1_20251031_174106,2025-10-31 17:41:11,10,40,10,15.811388300841898
143,2.4747730324390522e-22,1.0,0.9300000071525574,0.503541886806488,0.8999999761581421,0.004098892211914,1144.7941604444832,d10_B10_R1_20251031_174106,2025-10-31 17:41:11,10,40,10,15.811388300841898
144,2.4747730324390522e-22,1.0,0.9300000071525574,0.503541886806488,0.8999999761581421,0.0041069984436035,1148.8363333369225,d10_B10_R1_20251031_174106,2025-10-31 17:41:11,10,40,10,15.811388300841898
145,2.4747730324390522e-22,1.0,0.9300000071525574,0.503541886806488,0.8999999761581421,0.0168871879577636,1140.753577054394,d10_B10_R1_20251031_174106,2025-10-31 17:41:11,10,40,10,15.811388300841898
146,2.4747730324390522e-22,1.0,0.9300000071525574,0.503541886806488,0.8999999761581421,0.005760908126831,1143.197568398075,d10_B10_R1_20251031_174106,2025-10-31 17:41:11,10,40,10,15.811388300841898
147,2.4747730324390522e-22,1.0,0.9300000071525574,0.503541886806488,0.8999999761581421,0.0059180259704589,1145.589005126903,d10_B10_R1_20251031_174106,2025-10-31 17:41:11,10,40,10,15.811388300841898
148,2.4747730324390522e-22,1.0,0.9300000071525574,0.503541886806488,0.8999999761581421,0.0165059566497802,1138.6519678623688,d10_B10_R1_20251031_174106,2025-10-31 17:41:11,10,40,10,15.811388300841898
149,2.4747730324390522e-22,1.0,0.9300000071525574,0.503541886806488,0.8999999761581421,0.0111241340637207,1136.3680041037053,d10_B10_R1_20251031_174106,2025-10-31 17:41:11,10,40,10,15.811388300841898
150,2.4747730324390522e-22,1.0,0.9300000071525574,0.503541886806488,0.8999999761581421,0.0057272911071777,1138.4283416824203,d10_B10_R1_20251031_174106,2025-10-31 17:41:11,10,40,10,15.811388300841898
151,2.4747730324390522e-22,1.0,0.9300000071525574,0.503541886806488,0.8999999761581421,0.015125036239624,1132.851587168741,d10_B10_R1_20251031_174106,2025-10-31 17:41:11,10,40,10,15.811388300841898
152,2.4747730324390522e-22,1.0,0.9300000071525574,0.503541886806488,0.8999999761581421,0.0104701519012451,1131.1607128692767,d10_B10_R1_20251031_174106,2025-10-31 17:41:11,10,40,10,15.811388300841898
153,2.4747730324390522e-22,1.0,0.9300000071525574,0.503541886806488,0.8999999761581421,0.0171930789947509,1124.109790965428,d10_B10_R1_20251031_174106,2025-10-31 17:41:11,10,40,10,15.811388300841898
154,2.4747730324390522e-22,1.0,0.9300000071525574,0.503541886806488,0.8999999761581421,0.0180909633636474,1116.526544929951,d10_B10_R1_20251031_174106,2025-10-31 17:41:11,10,40,10,15.811388300841898
155,2.4747730324390522e-22,1.0,0.9300000071525574,0.503541886806488,0.8999999761581421,0.0181093215942382,1109.118213020207,d10_B10_R1_20251031_174106,2025-10-31 17:41:11,10,40,10,15.811388300841898
156,2.4747730324390522e-22,1.0,0.9300000071525574,0.503541886806488,0.8999999761581421,0.0103392601013183,1107.9488251554185,d10_B10_R1_20251031_174106,2025-10-31 17:41:11,10,40,10,15.811388300841898
157,2.4747730324390522e-22,1.0,0.9300000071525574,0.503541886806488,0.8999999761581421,0.007991075515747,1108.595389467926,d10_B10_R1_20251031_174106,2025-10-31 17:41:11,10,40,10,15.811388300841898
158,2.4747730324390522e-22,1.0,0.9300000071525574,0.503541886806488,0.8999999761581421,0.0072660446166992,1109.8293304638507,d10_B10_R1_20251031_174106,2025-10-31 17:41:11,10,40,10,15.811388300841898
159,2.4747730324390522e-22,1.0,0.9300000071525574,0.503541886806488,0.8999999761581421,0.003335952758789,1114.132422134339,d10_B10_R1_20251031_174106,2025-10-31 17:41:11,10,40,10,15.811388300841898
160,2.4747730324390522e-22,1.0,0.9300000071525574,0.503541886806488,0.8999999761581421,0.0084419250488281,1114.4575748638829,d10_B10_R1_20251031_174106,2025-10-31 17:41:11,10,40,10,15.811388300841898
161,2.4747730324390522e-22,1.0,0.9300000071525574,0.503541886806488,0.8999999761581421,0.0064959526062011,1116.2106116004038,d10_B10_R1_20251031_174106,2025-10-31 17:41:11,10,40,10,15.811388300841898
162,2.4747730324390522e-22,1.0,0.9300000071525574,0.503541886806488,0.8999999761581421,0.0046370029449462,1119.4009441214432,d10_B10_R1_20251031_174106,2025-10-31 17:41:11,10,40,10,15.811388300841898
163,2.4747730324390522e-22,1.0,0.9300000071525574,0.503541886806488,0.8999999761581421,0.0064687728881835,1121.126926212528,d10_B10_R1_20251031_174106,2025-10-31 17:41:11,10,40,10,15.811388300841898
164,2.4747730324390522e-22,1.0,0.9300000071525574,0.503541886806488,0.8999999761581421,0.0050430297851562,1123.959996998703,d10_B10_R1_20251031_174106,2025-10-31 17:41:11,10,40,10,15.811388300841898
165,2.4747730324390522e-22,1.0,0.9300000071525574,0.503541886806488,0.8999999761581421,0.0075881481170654,1124.4929945948777,d10_B10_R1_20251031_174106,2025-10-31 17:41:11,10,40,10,15.811388300841898
166,2.4747730324390522e-22,1.0,0.9300000071525574,0.503541886806488,0.8999999761581421,0.0079772472381591,1124.934463157428,d10_B10_R1_20251031_174106,2025-10-31 17:41:11,10,40,10,15.811388300841898
167,2.4747730324390522e-22,1.0,0.9300000071525574,0.503541886806488,0.8999999761581421,0.0114738941192626,1122.858074379462,d10_B10_R1_20251031_174106,2025-10-31 17:41:11,10,40,10,15.811388300841898
168,2.4747730324390522e-22,1.0,0.9300000071525574,0.503541886806488,0.8999999761581421,0.0164289474487304,1117.0660282327965,d10_B10_R1_20251031_174106,2025-10-31 17:41:11,10,40,10,15.811388300841898
169,2.4747730324390522e-22,1.0,0.9300000071525574,0.503541886806488,0.8999999761581421,0.0128519535064697,1114.0251408522993,d10_B10_R1_20251031_174106,2025-10-31 17:41:11,10,40,10,15.811388300841898
170,2.4747730324390522e-22,1.0,0.9300000071525574,0.503541886806488,0.8999999761581421,0.0099408626556396,1113.249445296839,d10_B10_R1_20251031_174106,2025-10-31 17:41:11,10,40,10,15.811388300841898
171,2.4747730324390522e-22,1.0,0.9300000071525574,0.503541886806488,0.8999999761581421,0.0069048404693603,1114.6277380924057,d10_B10_R1_20251031_174106,2025-10-31 17:41:11,10,40,10,15.811388300841898
172,2.4747730324390522e-22,1.0,0.9300000071525574,0.503541886806488,0.8999999761581421,0.0066568851470947,1116.192592266707,d10_B10_R1_20251031_174106,2025-10-31 17:41:11,10,40,10,15.811388300841898
173,2.4747730324390522e-22,1.0,0.9300000071525574,0.503541886806488,0.8999999761581421,0.0108180046081542,1114.7544553357488,d10_B10_R1_20251031_174106,2025-10-31 17:41:11,10,40,10,15.811388300841898
174,2.4747730324390522e-22,1.0,0.9300000071525574,0.503541886806488,0.8999999761581421,0.0026333332061767,1119.1412107621882,d10_B10_R1_20251031_174106,2025-10-31 17:41:11,10,40,10,15.811388300841898
175,2.4747730324390522e-22,1.0,0.9300000071525574,0.503541886806488,0.8999999761581421,0.0146920680999755,1114.9438229230022,d10_B10_R1_20251031_174106,2025-10-31 17:41:11,10,40,10,15.811388300841898
176,2.4747730324390522e-22,1.0,0.9300000071525574,0.503541886806488,0.8999999761581421,0.0086390972137451,1114.8666312560454,d10_B10_R1_20251031_174106,2025-10-31 17:41:11,10,40,10,15.811388300841898
177,2.4747730324390522e-22,1.0,0.9300000071525574,0.503541886806488,0.8999999761581421,0.0063729286193847,1116.442534590025,d10_B10_R1_20251031_174106,2025-10-31 17:41:11,10,40,10,15.811388300841898
178,2.4747730324390522e-22,1.0,0.9300000071525574,0.503541886806488,0.8999999761581421,0.0047290325164794,1119.202691880888,d10_B10_R1_20251031_174106,2025-10-31 17:41:11,10,40,10,15.811388300841898
179,2.4747730324390522e-22,1.0,0.9300000071525574,0.503541886806488,0.8999999761581421,0.0032939910888671,1123.050300801617,d10_B10_R1_20251031_174106,2025-10-31 17:41:11,10,40,10,15.811388300841898
180,2.4747730324390522e-22,1.0,0.9300000071525574,0.503541886806488,0.8999999761581421,0.0083210468292236,1123.3870614031844,d10_B10_R1_20251031_174106,2025-10-31 17:41:11,10,40,10,15.811388300841898
181,2.4747730324390522e-22,1.0,0.9300000071525574,0.503541886806488,0.8999999761581421,0.0063459873199462,1125.0346199833964,d10_B10_R1_20251031_174106,2025-10-31 17:41:11,10,40,10,15.811388300841898
182,2.4747730324390522e-22,1.0,0.9300000071525574,0.503541886806488,0.8999999761581421,0.0116147994995117,1122.7020993611095,d10_B10_R1_20251031_174106,2025-10-31 17:41:11,10,40,10,15.811388300841898
183,2.4747730324390522e-22,1.0,0.9300000071525574,0.503541886806488,0.8999999761581421,0.0127661228179931,1119.92934631263,d10_B10_R1_20251031_174106,2025-10-31 17:41:11,10,40,10,15.811388300841898
184,2.4747730324390522e-22,1.0,0.9300000071525574,0.503541886806488,0.8999999761581421,0.0043127536773681,1122.974908744731,d10_B10_R1_20251031_174106,2025-10-31 17:41:11,10,40,10,15.811388300841898
185,2.4747730324390522e-22,1.0,0.9300000071525574,0.503541886806488,0.8999999761581421,0.016387939453125,1117.6355093071522,d10_B10_R1_20251031_174106,2025-10-31 17:41:11,10,40,10,15.811388300841898
186,2.4747730324390522e-22,1.0,0.9300000071525574,0.503541886806488,0.8999999761581421,0.015085220336914,1113.4665373666203,d10_B10_R1_20251031_174106,2025-10-31 17:41:11,10,40,10,15.811388300841898
187,2.4747730324390522e-22,1.0,0.9300000071525574,0.503541886806488,0.8999999761581421,0.0030739307403564,1117.2867584380724,d10_B10_R1_20251031_174106,2025-10-31 17:41:11,10,40,10,15.811388300841898
188,2.4747730324390522e-22,1.0,0.9300000071525574,0.503541886806488,0.8999999761581421,0.0055859088897705,1119.4341058758173,d10_B10_R1_20251031_174106,2025-10-31 17:41:11,10,40,10,15.811388300841898
189,2.4747730324390522e-22,1.0,0.9300000071525574,0.503541886806488,0.8999999761581421,0.0101468563079833,1118.52486574562,d10_B10_R1_20251031_174106,2025-10-31 17:41:11,10,40,10,15.811388300841898
190,2.4747730324390522e-22,1.0,0.9300000071525574,0.503541886806488,0.8999999761581421,0.0095510482788085,1118.041342762644,d10_B10_R1_20251031_174106,2025-10-31 17:41:11,10,40,10,15.811388300841898
191,2.4747730324390522e-22,1.0,0.9300000071525574,0.503541886806488,0.8999999761581421,0.0042779445648193,1120.9565122979914,d10_B10_R1_20251031_174106,2025-10-31 17:41:11,10,40,10,15.811388300841898
192,2.4747730324390522e-22,1.0,0.9300000071525574,0.503541886806488,0.8999999761581421,0.004734992980957,1123.48759126681,d10_B10_R1_20251031_174106,2025-10-31 17:41:11,10,40,10,15.811388300841898
193,2.4747730324390522e-22,1.0,0.9300000071525574,0.503541886806488,0.8999999761581421,0.0051920413970947,1125.8346627497654,d10_B10_R1_20251031_174106,2025-10-31 17:41:11,10,40,10,15.811388300841898
194,2.4747730324390522e-22,1.0,0.9300000071525574,0.503541886806488,0.8999999761581421,0.0081727504730224,1126.201611870505,d10_B10_R1_20251031_174106,2025-10-31 17:41:11,10,40,10,15.811388300841898
195,2.4747730324390522e-22,1.0,0.9300000071525574,0.503541886806488,0.8999999761581421,0.0069260597229003,1127.3775325531449,d10_B10_R1_20251031_174106,2025-10-31 17:41:11,10,40,10,15.811388300841898
196,2.4747730324390522e-22,1.0,0.9300000071525574,0.503541886806488,0.8999999761581421,0.0085611343383789,1127.3415516089435,d10_B10_R1_20251031_174106,2025-10-31 17:41:11,10,40,10,15.811388300841898
197,2.4747730324390522e-22,1.0,0.9300000071525574,0.503541886806488,0.8999999761581421,0.013686180114746,1124.149961888619,d10_B10_R1_20251031_174106,2025-10-31 17:41:11,10,40,10,15.811388300841898
198,2.4747730324390522e-22,1.0,0.9300000071525574,0.503541886806488,0.8999999761581421,0.0129950046539306,1121.45222001231,d10_B10_R1_20251031_174106,2025-10-31 17:41:11,10,40,10,15.811388300841898
199,2.4747730324390522e-22,1.0,0.9300000071525574,0.503541886806488,0.8999999761581421,0.0057170391082763,1123.3726806673646,d10_B10_R1_20251031_174106,2025-10-31 17:41:11,10,40,10,15.811388300841898
200,2.4747730324390522e-22,1.0,0.9300000071525574,0.503541886806488,0.8999999761581421,0.0051870346069335,1125.6594511226683,d10_B10_R1_20251031_174106,2025-10-31 17:41:11,10,40,10,15.811388300841898
201,2.4747730324390522e-22,1.0,0.9300000071525574,0.503541886806488,0.8999999761581421,0.0077660083770751,1126.1877590582578,d10_B10_R1_20251031_174106,2025-10-31 17:41:11,10,40,10,15.811388300841898
202,2.4747730324390522e-22,1.0,0.9300000071525574,0.503541886806488,0.8999999761581421,0.0148577690124511,1122.2601163642537,d10_B10_R1_20251031_174106,2025-10-31 17:41:11,10,40,10,15.811388300841898
203,2.4747730324390522e-22,1.0,0.9300000071525574,0.503541886806488,0.8999999761581421,0.0061979293823242,1123.8079161894043,d10_B10_R1_20251031_174106,2025-10-31 17:41:11,10,40,10,15.811388300841898
204,2.4747730324390522e-22,1.0,0.9300000071525574,0.503541886806488,0.8999999761581421,0.0057370662689208,1125.6444851384642,d10_B10_R1_20251031_174106,2025-10-31 17:41:11,10,40,10,15.811388300841898
205,2.4747730324390522e-22,1.0,0.9300000071525574,0.503541886806488,0.8999999761581421,0.0088379383087158,1125.6025976648375,d10_B10_R1_20251031_174106,2025-10-31 17:41:11,10,40,10,15.811388300841898
206,2.4747730324390522e-22,1.0,0.9300000071525574,0.503541886806488,0.8999999761581421,0.0147149562835693,1121.962220945762,d10_B10_R1_20251031_174106,2025-10-31 17:41:11,10,40,10,15.811388300841898
207,2.4747730324390522e-22,1.0,0.9300000071525574,0.503541886806488,0.8999999761581421,0.0092499256134033,1121.6432377947572,d10_B10_R1_20251031_174106,2025-10-31 17:41:11,10,40,10,15.811388300841898
208,2.4747730324390522e-22,1.0,0.9300000071525574,0.503541886806488,0.8999999761581421,0.01017427444458,1120.778107654642,d10_B10_R1_20251031_174106,2025-10-31 17:41:11,10,40,10,15.811388300841898
209,2.4747730324390522e-22,1.0,0.9300000071525574,0.503541886806488,0.8999999761581421,0.0126910209655761,1118.442009961557,d10_B10_R1_20251031_174106,2025-10-31 17:41:11,10,40,10,15.811388300841898
210,2.4747730324390522e-22,1.0,0.9300000071525574,0.503541886806488,0.8999999761581421,0.016042947769165,1114.1468418402924,d10_B10_R1_20251031_174106,2025-10-31 17:41:11,10,40,10,15.811388300841898
211,2.4747730324390522e-22,1.0,0.9300000071525574,0.503541886806488,0.8999999761581421,0.0159831047058105,1109.967545781245,d10_B10_R1_20251031_174106,2025-10-31 17:41:11,10,40,10,15.811388300841898
212,2.4747730324390522e-22,1.0,0.9300000071525574,0.503541886806488,0.8999999761581421,0.0206372737884521,1103.0126519921257,d10_B10_R1_20251031_174106,2025-10-31 17:41:11,10,40,10,15.811388300841898
213,2.4747730324390522e-22,1.0,0.9300000071525574,0.503541886806488,0.8999999761581421,0.0132458209991455,1100.5263731581642,d10_B10_R1_20251031_174106,2025-10-31 17:41:11,10,40,10,15.811388300841898
214,2.4747730324390522e-22,1.0,0.9300000071525574,0.503541886806488,0.8999999761581421,0.0052671432495117,1102.6072152195743,d10_B10_R1_20251031_174106,2025-10-31 17:41:11,10,40,10,15.811388300841898
215,2.4747730324390522e-22,1.0,0.9300000071525574,0.503541886806488,0.8999999761581421,0.0084948539733886,1102.4840234858864,d10_B10_R1_20251031_174106,2025-10-31 17:41:11,10,40,10,15.811388300841898
216,2.4747730324390522e-22,1.0,0.9300000071525574,0.503541886806488,0.8999999761581421,0.0285210609436035,1091.5899249289334,d10_B10_R1_20251031_174106,2025-10-31 17:41:11,10,40,10,15.811388300841898
217,2.4747730324390522e-22,1.0,0.9300000071525574,0.503541886806488,0.8999999761581421,0.0213279724121093,1084.804360296294,d10_B10_R1_20251031_174106,2025-10-31 17:41:11,10,40,10,15.811388300841898
218,2.4747730324390522e-22,1.0,0.9300000071525574,0.503541886806488,0.8999999761581421,0.0119128227233886,1083.2811882507572,d10_B10_R1_20251031_174106,2025-10-31 17:41:11,10,40,10,15.811388300841898
219,2.4747730324390522e-22,1.0,0.9300000071525574,0.503541886806488,0.8999999761581421,0.0340900421142578,1070.1123763858016,d10_B10_R1_20251031_174106,2025-10-31 17:41:11,10,40,10,15.811388300841898
220,2.4747730324390522e-22,1.0,0.9300000071525574,0.503541886806488,0.8999999761581421,0.025292158126831,1061.8155425752047,d10_B10_R1_20251031_174106,2025-10-31 17:41:11,10,40,10,15.811388300841898
221,2.4747730324390522e-22,1.0,0.9300000071525574,0.503541886806488,0.8999999761581421,0.004288911819458,1063.5031287112972,d10_B10_R1_20251031_174106,2025-10-31 17:41:11,10,40,10,15.811388300841898
222,2.4747730324390522e-22,1.0,0.9300000071525574,0.503541886806488,0.8999999761581421,0.0109961032867431,1061.8946831117917,d10_B10_R1_20251031_174106,2025-10-31 17:41:11,10,40,10,15.811388300841898
223,2.4747730324390522e-22,1.0,0.9300000071525574,0.503541886806488,0.8999999761581421,0.0109279155731201,1061.055361049414,d10_B10_R1_20251031_174106,2025-10-31 17:41:11,10,40,10,15.811388300841898
224,2.4747730324390522e-22,1.0,0.9300000071525574,0.503541886806488,0.8999999761581421,0.0147371292114257,1058.331108193602,d10_B10_R1_20251031_174106,2025-10-31 17:41:11,10,40,10,15.811388300841898
225,2.4747730324390522e-22,1.0,0.9300000071525574,0.503541886806488,0.8999999761581421,0.01729416847229,1054.3606376710811,d10_B10_R1_20251031_174106,2025-10-31 17:41:11,10,40,10,15.811388300841898
226,2.4747730324390522e-22,1.0,0.9300000071525574,0.503541886806488,0.8999999761581421,0.0143282413482666,1051.8951462373177,d10_B10_R1_20251031_174106,2025-10-31 17:41:11,10,40,10,15.811388300841898
227,2.4747730324390522e-22,1.0,0.9300000071525574,0.503541886806488,0.8999999761581421,0.0098729133605957,1051.6338097991506,d10_B10_R1_20251031_174106,2025-10-31 17:41:11,10,40,10,15.811388300841898
228,2.4747730324390522e-22,1.0,0.9300000071525574,0.503541886806488,0.8999999761581421,0.0051829814910888,1053.662336374433,d10_B10_R1_20251031_174106,2025-10-31 17:41:11,10,40,10,15.811388300841898
229,2.4747730324390522e-22,1.0,0.9300000071525574,0.503541886806488,0.8999999761581421,0.0146450996398925,1051.0846648991146,d10_B10_R1_20251031_174106,2025-10-31 17:41:11,10,40,10,15.811388300841898
230,2.4747730324390522e-22,1.0,0.9300000071525574,0.503541886806488,0.8999999761581421,0.0099141597747802,1050.8130718545945,d10_B10_R1_20251031_174106,2025-10-31 17:41:11,10,40,10,15.811388300841898
231,2.4747730324390522e-22,1.0,0.9300000071525574,0.503541886806488,0.8999999761581421,0.0093128681182861,1050.8417643170496,d10_B10_R1_20251031_174106,2025-10-31 17:41:11,10,40,10,15.811388300841898
232,2.4747730324390522e-22,1.0,0.9300000071525574,0.503541886806488,0.8999999761581421,0.0267658233642578,1042.6474528843185,d10_B10_R1_20251031_174106,2025-10-31 17:41:11,10,40,10,15.811388300841898
233,2.4747730324390522e-22,1.0,0.9300000071525574,0.503541886806488,0.8999999761581421,0.0112068653106689,1041.7808287227372,d10_B10_R1_20251031_174106,2025-10-31 17:41:11,10,40,10,15.811388300841898
234,2.4747730324390522e-22,1.0,0.9300000071525574,0.503541886806488,0.8999999761581421,0.0104339122772216,1041.3242841526685,d10_B10_R1_20251031_174106,2025-10-31 17:41:11,10,40,10,15.811388300841898
235,2.4747730324390522e-22,1.0,0.9300000071525574,0.503541886806488,0.8999999761581421,0.0102820396423339,1040.929797245698,d10_B10_R1_20251031_174106,2025-10-31 17:41:11,10,40,10,15.811388300841898
236,2.4747730324390522e-22,1.0,0.9300000071525574,0.503541886806488,0.8999999761581421,0.0102930068969726,1040.547648035835,d10_B10_R1_20251031_174106,2025-10-31 17:41:11,10,40,10,15.811388300841898
237,2.4747730324390522e-22,1.0,0.9300000071525574,0.503541886806488,0.8999999761581421,0.0044920444488525,1042.8036654664825,d10_B10_R1_20251031_174106,2025-10-31 17:41:11,10,40,10,15.811388300841898
238,2.4747730324390522e-22,1.0,0.9300000071525574,0.503541886806488,0.8999999761581421,0.018183946609497,1038.8251696886152,d10_B10_R1_20251031_174106,2025-10-31 17:41:11,10,40,10,15.811388300841898
239,2.4747730324390522e-22,1.0,0.9300000071525574,0.503541886806488,0.8999999761581421,0.0176868438720703,1035.128494768227,d10_B10_R1_20251031_174106,2025-10-31 17:41:11,10,40,10,15.811388300841898
240,2.4747730324390522e-22,1.0,0.9300000071525574,0.503541886806488,0.8999999761581421,0.0087349414825439,1035.3768780807982,d10_B10_R1_20251031_174106,2025-10-31 17:41:11,10,40,10,15.811388300841898
241,2.4747730324390522e-22,1.0,0.9300000071525574,0.503541886806488,0.8999999761581421,0.0051267147064208,1037.2985925741218,d10_B10_R1_20251031_174106,2025-10-31 17:41:11,10,40,10,15.811388300841898
242,2.4747730324390522e-22,1.0,0.9300000071525574,0.503541886806488,0.8999999761581421,0.0088932514190673,1037.5637340474009,d10_B10_R1_20251031_174106,2025-10-31 17:41:11,10,40,10,15.811388300841898
243,2.4747730324390522e-22,1.0,0.9300000071525574,0.503541886806488,0.8999999761581421,0.0090918540954589,1037.7295991933493,d10_B10_R1_20251031_174106,2025-10-31 17:41:11,10,40,10,15.811388300841898
244,2.4747730324390522e-22,1.0,0.9300000071525574,0.503541886806488,0.8999999761581421,0.0030157566070556,1040.5425865207997,d10_B10_R1_20251031_174106,2025-10-31 17:41:11,10,40,10,15.811388300841898
245,2.4747730324390522e-22,1.0,0.9300000071525574,0.503541886806488,0.8999999761581421,0.0096378326416015,1040.2039439281225,d10_B10_R1_20251031_174106,2025-10-31 17:41:11,10,40,10,15.811388300841898
246,2.4747730324390522e-22,1.0,0.9300000071525574,0.503541886806488,0.8999999761581421,0.0246820449829101,1033.5554474771252,d10_B10_R1_20251031_174106,2025-10-31 17:41:11,10,40,10,15.811388300841898
247,2.4747730324390522e-22,1.0,0.9300000071525574,0.503541886806488,0.8999999761581421,0.0207831859588623,1028.7268604115848,d10_B10_R1_20251031_174106,2025-10-31 17:41:11,10,40,10,15.811388300841898
248,2.4747730324390522e-22,1.0,0.9300000071525574,0.503541886806488,0.8999999761581421,0.007134199142456,1029.759725750183,d10_B10_R1_20251031_174106,2025-10-31 17:41:11,10,40,10,15.811388300841898
249,2.4747730324390522e-22,1.0,0.9300000071525574,0.503541886806488,0.8999999761581421,0.0081698894500732,1030.3742330974862,d10_B10_R1_20251031_174106,2025-10-31 17:41:11,10,40,10,15.811388300841898
250,2.4747730324390522e-22,1.0,0.9300000071525574,0.503541886806488,0.8999999761581421,0.0167160034179687,1027.3295158690196,d10_B10_R1_20251031_174106,2025-10-31 17:41:11,10,40,10,15.811388300841898
251,2.4747730324390522e-22,1.0,0.9300000071525574,0.503541886806488,0.8999999761581421,0.0319230556488037,1018.046521949606,d10_B10_R1_20251031_174106,2025-10-31 17:41:11,10,40,10,15.811388300841898
252,2.4747730324390522e-22,1.0,0.9300000071525574,0.503541886806488,0.8999999761581421,0.0219898223876953,1013.0151637402136,d10_B10_R1_20251031_174106,2025-10-31 17:41:11,10,40,10,15.811388300841898
253,2.4747730324390522e-22,1.0,0.9300000071525574,0.503541886806488,0.8999999761581421,0.0223181247711181,1007.930603191687,d10_B10_R1_20251031_174106,2025-10-31 17:41:11,10,40,10,15.811388300841898
254,2.4747730324390522e-22,1.0,0.9300000071525574,0.503541886806488,0.8999999761581421,0.0228350162506103,1002.7428838654072,d10_B10_R1_20251031_174106,2025-10-31 17:41:11,10,40,10,15.811388300841898
255,2.4747730324390522e-22,1.0,0.9300000071525574,0.503541886806488,0.8999999761581421,0.0112121105194091,1002.1786517101428,d10_B10_R1_20251031_174106,2025-10-31 17:41:11,10,40,10,15.811388300841898
256,2.4747730324390522e-22,1.0,0.9300000071525574,0.503541886806488,0.8999999761581421,0.0195860862731933,998.3703999534684,d10_B10_R1_20251031_174106,2025-10-31 17:41:11,10,40,10,15.811388300841898
257,2.4747730324390522e-22,1.0,0.9300000071525574,0.503541886806488,0.8999999761581421,0.0189650058746337,994.8027655125252,d10_B10_R1_20251031_174106,2025-10-31 17:41:11,10,40,10,15.811388300841898
258,2.4747730324390522e-22,1.0,0.9300000071525574,0.503541886806488,0.8999999761581421,0.0173428058624267,991.9568096334592,d10_B10_R1_20251031_174106,2025-10-31 17:41:11,10,40,10,15.811388300841898
259,2.4747730324390522e-22,1.0,0.9300000071525574,0.503541886806488,0.8999999761581421,0.0038428306579589,994.2502613223344,d10_B10_R1_20251031_174106,2025-10-31 17:41:11,10,40,10,15.811388300841898
260,2.4747730324390522e-22,1.0,0.9300000071525574,0.503541886806488,0.8999999761581421,0.0051419734954833,996.0316116763288,d10_B10_R1_20251031_174106,2025-10-31 17:41:11,10,40,10,15.811388300841898
261,2.4747730324390522e-22,1.0,0.9300000071525574,0.503541886806488,0.8999999761581421,0.0092740058898925,996.2545730477344,d10_B10_R1_20251031_174106,2025-10-31 17:41:11,10,40,10,15.811388300841898
262,2.4747730324390522e-22,1.0,0.9300000071525574,0.503541886806488,0.8999999761581421,0.0213329792022705,991.9363406579068,d10_B10_R1_20251031_174106,2025-10-31 17:41:11,10,40,10,15.811388300841898
263,2.4747730324390522e-22,1.0,0.9300000071525574,0.503541886806488,0.8999999761581421,0.0190131664276123,988.570430189845,d10_B10_R1_20251031_174106,2025-10-31 17:41:11,10,40,10,15.811388300841898
264,2.4747730324390522e-22,1.0,0.9300000071525574,0.503541886806488,0.8999999761581421,0.0052659511566162,990.2999320104096,d10_B10_R1_20251031_174106,2025-10-31 17:41:11,10,40,10,15.811388300841898
265,2.4747730324390522e-22,1.0,0.9300000071525574,0.503541886806488,0.8999999761581421,0.0112318992614746,989.787023012572,d10_B10_R1_20251031_174106,2025-10-31 17:41:11,10,40,10,15.811388300841898
266,2.4747730324390522e-22,1.0,0.9300000071525574,0.503541886806488,0.8999999761581421,0.0168342590332031,987.2654301772428,d10_B10_R1_20251031_174106,2025-10-31 17:41:11,10,40,10,15.811388300841898
267,2.4747730324390522e-22,1.0,0.9300000071525574,0.503541886806488,0.8999999761581421,0.0100817680358886,987.2297114939488,d10_B10_R1_20251031_174106,2025-10-31 17:41:11,10,40,10,15.811388300841898
268,2.4747730324390522e-22,1.0,0.9300000071525574,0.503541886806488,0.8999999761581421,0.0070459842681884,988.2836264939754,d10_B10_R1_20251031_174106,2025-10-31 17:41:11,10,40,10,15.811388300841898
269,2.4747730324390522e-22,1.0,0.9300000071525574,0.503541886806488,0.8999999761581421,0.0084519386291503,988.8143496304416,d10_B10_R1_20251031_174106,2025-10-31 17:41:11,10,40,10,15.811388300841898
270,2.4747730324390522e-22,1.0,0.9300000071525574,0.503541886806488,0.8999999761581421,0.0078010559082031,989.5643695100446,d10_B10_R1_20251031_174106,2025-10-31 17:41:11,10,40,10,15.811388300841898
271,2.4747730324390522e-22,1.0,0.9300000071525574,0.503541886806488,0.8999999761581421,0.0111641883850097,989.1096891075408,d10_B10_R1_20251031_174106,2025-10-31 17:41:11,10,40,10,15.811388300841898
272,2.4747730324390522e-22,1.0,0.9300000071525574,0.503541886806488,0.8999999761581421,0.0081017017364501,989.7598815861502,d10_B10_R1_20251031_174106,2025-10-31 17:41:11,10,40,10,15.811388300841898
273,2.4747730324390522e-22,1.0,0.9300000071525574,0.503541886806488,0.8999999761581421,0.0083310604095458,990.2550379613508,d10_B10_R1_20251031_174106,2025-10-31 17:41:11,10,40,10,15.811388300841898
274,2.4747730324390522e-22,1.0,0.9300000071525574,0.503541886806488,0.8999999761581421,0.0092642307281494,990.4921023995076,d10_B10_R1_20251031_174106,2025-10-31 17:41:11,10,40,10,15.811388300841898
275,2.4747730324390522e-22,1.0,0.9300000071525574,0.503541886806488,0.8999999761581421,0.0172579288482666,987.89685192273,d10_B10_R1_20251031_174106,2025-10-31 17:41:11,10,40,10,15.811388300841898
276,2.4747730324390522e-22,1.0,0.9300000071525574,0.503541886806488,0.8999999761581421,0.0223932266235351,983.4800918077792,d10_B10_R1_20251031_174106,2025-10-31 17:41:11,10,40,10,15.811388300841898
277,2.4747730324390522e-22,1.0,0.9300000071525574,0.503541886806488,0.8999999761581421,0.01711106300354,981.020807526864,d10_B10_R1_20251031_174106,2025-10-31 17:41:11,10,40,10,15.811388300841898
278,2.4747730324390522e-22,1.0,0.9300000071525574,0.503541886806488,0.8999999761581421,0.0097370147705078,981.12793791736,d10_B10_R1_20251031_174106,2025-10-31 17:41:11,10,40,10,15.811388300841898
279,2.4747730324390522e-22,1.0,0.9300000071525574,0.503541886806488,0.8999999761581421,0.0155379772186279,979.1271249796469,d10_B10_R1_20251031_174106,2025-10-31 17:41:11,10,40,10,15.811388300841898
280,2.4747730324390522e-22,1.0,0.9300000071525574,0.503541886806488,0.8999999761581421,0.0121300220489501,978.4136442032658,d10_B10_R1_20251031_174106,2025-10-31 17:41:11,10,40,10,15.811388300841898
281,2.4747730324390522e-22,1.0,0.9300000071525574,0.503541886806488,0.8999999761581421,0.006425142288208,979.4084881249404,d10_B10_R1_20251031_174106,2025-10-31 17:41:11,10,40,10,15.811388300841898
282,2.4747730324390522e-22,1.0,0.9300000071525574,0.503541886806488,0.8999999761581421,0.0148940086364746,977.7724882526082,d10_B10_R1_20251031_174106,2025-10-31 17:41:11,10,40,10,15.811388300841898
283,2.4747730324390522e-22,1.0,0.9300000071525574,0.503541886806488,0.8999999761581421,0.0133039951324462,976.6783718943348,d10_B10_R1_20251031_174106,2025-10-31 17:41:11,10,40,10,15.811388300841898
284,2.4747730324390522e-22,1.0,0.9300000071525574,0.503541886806488,0.8999999761581421,0.0107440948486328,976.4501658829618,d10_B10_R1_20251031_174106,2025-10-31 17:41:11,10,40,10,15.811388300841898
285,2.4747730324390522e-22,1.0,0.9300000071525574,0.503541886806488,0.8999999761581421,0.0091738700866699,976.7416068293448,d10_B10_R1_20251031_174106,2025-10-31 17:41:11,10,40,10,15.811388300841898
286,2.4747730324390522e-22,1.0,0.9300000071525574,0.503541886806488,0.8999999761581421,0.0072088241577148,977.5993890274092,d10_B10_R1_20251031_174106,2025-10-31 17:41:11,10,40,10,15.811388300841898
287,2.4747730324390522e-22,1.0,0.9300000071525574,0.503541886806488,0.8999999761581421,0.0244970321655273,972.8159325526065,d10_B10_R1_20251031_174106,2025-10-31 17:41:11,10,40,10,15.811388300841898
288,2.4747730324390522e-22,1.0,0.9300000071525574,0.503541886806488,0.8999999761581421,0.0201361179351806,969.5419743591896,d10_B10_R1_20251031_174106,2025-10-31 17:41:11,10,40,10,15.811388300841898
289,2.4747730324390522e-22,1.0,0.9300000071525574,0.503541886806488,0.8999999761581421,0.006199836730957,970.805522781181,d10_B10_R1_20251031_174106,2025-10-31 17:41:11,10,40,10,15.811388300841898
290,2.4747730324390522e-22,1.0,0.9300000071525574,0.503541886806488,0.8999999761581421,0.0045509338378906,972.587736832413,d10_B10_R1_20251031_174106,2025-10-31 17:41:11,10,40,10,15.811388300841898
291,2.4747730324390522e-22,1.0,0.9300000071525574,0.503541886806488,0.8999999761581421,0.008725881576538,973.0407926783004,d10_B10_R1_20251031_174106,2025-10-31 17:41:11,10,40,10,15.811388300841898
292,2.4747730324390522e-22,1.0,0.9300000071525574,0.503541886806488,0.8999999761581421,0.0042130947113037,974.9598744619174,d10_B10_R1_20251031_174106,2025-10-31 17:41:11,10,40,10,15.811388300841898
293,2.4747730324390522e-22,1.0,0.9300000071525574,0.503541886806488,0.8999999761581421,0.0136029720306396,973.8443751160912,d10_B10_R1_20251031_174106,2025-10-31 17:41:11,10,40,10,15.811388300841898
294,2.4747730324390522e-22,1.0,0.9300000071525574,0.503541886806488,0.8999999761581421,0.0067610740661621,974.869580865536,d10_B10_R1_20251031_174106,2025-10-31 17:41:11,10,40,10,15.811388300841898
295,2.4747730324390522e-22,1.0,0.9300000071525574,0.503541886806488,0.8999999761581421,0.0064823627471923,976.0308577937092,d10_B10_R1_20251031_174106,2025-10-31 17:41:11,10,40,10,15.811388300841898
296,2.4747730324390522e-22,1.0,0.9300000071525574,0.503541886806488,0.8999999761581421,0.0104498863220214,975.9037806168484,d10_B10_R1_20251031_174106,2025-10-31 17:41:11,10,40,10,15.811388300841898
297,2.4747730324390522e-22,1.0,0.9300000071525574,0.503541886806488,0.8999999761581421,0.0063791275024414,977.086086585642,d10_B10_R1_20251031_174106,2025-10-31 17:41:11,10,40,10,15.811388300841898
298,2.4747730324390522e-22,1.0,0.9300000071525574,0.503541886806488,0.8999999761581421,0.0084600448608398,977.6203783332408,d10_B10_R1_20251031_174106,2025-10-31 17:41:11,10,40,10,15.811388300841898
299,2.4747730324390522e-22,1.0,0.9300000071525574,0.503541886806488,0.8999999761581421,0.0090360641479492,977.951747618135,d10_B10_R1_20251031_174106,2025-10-31 17:41:11,10,40,10,15.811388300841898
0,0.6931471228599548,0.5199999809265137,0.9900000095367432,0.3157995343208313,0.959999978542328,0.0828218460083007,572.3902452338388,d50_B50_R3_20251031_174106,2025-10-31 17:41:26,50,40,50,35.35533905932738
1,0.0,1.0,0.9900000095367432,0.3157995343208313,0.959999978542328,0.0148298740386962,976.2004952799448,d50_B50_R3_20251031_174106,2025-10-31 17:41:26,50,40,50,35.35533905932738
2,0.0,1.0,0.9900000095367432,0.3157995343208313,0.959999978542328,0.0130050182342529,1295.7166806025232,d50_B50_R3_20251031_174106,2025-10-31 17:41:26,50,40,50,35.35533905932738
3,0.0,1.0,0.9900000095367432,0.3157995343208313,0.959999978542328,0.012192964553833,1560.4535181137517,d50_B50_R3_20251031_174106,2025-10-31 17:41:26,50,40,50,35.35533905932738
4,0.0,1.0,0.9900000095367432,0.3157995343208313,0.959999978542328,0.0131661891937255,1765.5737235667225,d50_B50_R3_20251031_174106,2025-10-31 17:41:26,50,40,50,35.35533905932738
5,0.0,1.0,0.9900000095367432,0.3157995343208313,0.959999978542328,0.0108180046081542,1966.1322253872368,d50_B50_R3_20251031_174106,2025-10-31 17:41:26,50,40,50,35.35533905932738
6,0.0,1.0,0.9900000095367432,0.3157995343208313,0.959999978542328,0.0098061561584472,2150.2603590684785,d50_B50_R3_20251031_174106,2025-10-31 17:41:26,50,40,50,35.35533905932738
7,0.0,1.0,0.9900000095367432,0.3157995343208313,0.959999978542328,0.0185790061950683,2200.896771569875,d50_B50_R3_20251031_174106,2025-10-31 17:41:26,50,40,50,35.35533905932738
8,0.0,1.0,0.9900000095367432,0.3157995343208313,0.959999978542328,0.0125670433044433,2312.482678771617,d50_B50_R3_20251031_174106,2025-10-31 17:41:26,50,40,50,35.35533905932738
9,0.0,1.0,0.9900000095367432,0.3157995343208313,0.959999978542328,0.0179169178009033,2349.9133833386745,d50_B50_R3_20251031_174106,2025-10-31 17:41:26,50,40,50,35.35533905932738
10,0.0,1.0,0.9900000095367432,0.3157995343208313,0.959999978542328,0.0330708026885986,2235.7805571843246,d50_B50_R3_20251031_174106,2025-10-31 17:41:26,50,40,50,35.35533905932738
11,0.0,1.0,0.9900000095367432,0.3157995343208313,0.959999978542328,0.0371170043945312,2114.8426588412067,d50_B50_R3_20251031_174106,2025-10-31 17:41:26,50,40,50,35.35533905932738
12,0.0,1.0,0.9900000095367432,0.3157995343208313,0.959999978542328,0.0363976955413818,2029.3906463193955,d50_B50_R3_20251031_174106,2025-10-31 17:41:26,50,40,50,35.35533905932738
13,0.0,1.0,0.9900000095367432,0.3157995343208313,0.959999978542328,0.039600133895874,1941.6661486267533,d50_B50_R3_20251031_174106,2025-10-31 17:41:26,50,40,50,35.35533905932738
14,0.0,1.0,0.9900000095367432,0.3157995343208313,0.959999978542328,0.0346169471740722,1892.4153663457823,d50_B50_R3_20251031_174106,2025-10-31 17:41:26,50,40,50,35.35533905932738
15,0.0,1.0,0.9900000095367432,0.3157995343208313,0.959999978542328,0.0259110927581787,1892.2774823344969,d50_B50_R3_20251031_174106,2025-10-31 17:41:26,50,40,50,35.35533905932738
16,0.0,1.0,0.9900000095367432,0.3157995343208313,0.959999978542328,0.0118601322174072,1954.819306505887,d50_B50_R3_20251031_174106,2025-10-31 17:41:26,50,40,50,35.35533905932738
17,0.0,1.0,0.9900000095367432,0.3157995343208313,0.959999978542328,0.0140252113342285,2004.1462528908455,d50_B50_R3_20251031_174106,2025-10-31 17:41:26,50,40,50,35.35533905932738
18,0.0,1.0,0.9900000095367432,0.3157995343208313,0.959999978542328,0.0286180973052978,1987.954694901031,d50_B50_R3_20251031_174106,2025-10-31 17:41:26,50,40,50,35.35533905932738
19,0.0,1.0,0.9900000095367432,0.3157995343208313,0.959999978542328,0.0458478927612304,1908.0325806840488,d50_B50_R3_20251031_174106,2025-10-31 17:41:26,50,40,50,35.35533905932738
20,0.0,1.0,0.9900000095367432,0.3157995343208313,0.959999978542328,0.0943858623504638,1697.205519362279,d50_B50_R3_20251031_174106,2025-10-31 17:41:26,50,40,50,35.35533905932738
21,0.0,1.0,0.9900000095367432,0.3157995343208313,0.959999978542328,0.040165901184082,1668.912171244442,d50_B50_R3_20251031_174106,2025-10-31 17:41:26,50,40,50,35.35533905932738
22,0.0,1.0,0.9900000095367432,0.3157995343208313,0.959999978542328,0.0257871150970459,1678.3544125854758,d50_B50_R3_20251031_174106,2025-10-31 17:41:26,50,40,50,35.35533905932738
23,0.0,1.0,0.9900000095367432,0.3157995343208313,0.959999978542328,0.0253901481628417,1688.3763805454955,d50_B50_R3_20251031_174106,2025-10-31 17:41:26,50,40,50,35.35533905932738
24,0.0,1.0,0.9900000095367432,0.3157995343208313,0.959999978542328,0.0355708599090576,1674.5322189544904,d50_B50_R3_20251031_174106,2025-10-31 17:41:26,50,40,50,35.35533905932738
25,0.0,1.0,0.9900000095367432,0.3157995343208313,0.959999978542328,0.0291609764099121,1675.5840702906385,d50_B50_R3_20251031_174106,2025-10-31 17:41:26,50,40,50,35.35533905932738
26,0.0,1.0,0.9900000095367432,0.3157995343208313,0.959999978542328,0.0336771011352539,1667.2861179391566,d50_B50_R3_20251031_174106,2025-10-31 17:41:26,50,40,50,35.35533905932738
27,0.0,1.0,0.9900000095367432,0.3157995343208313,0.959999978542328,0.0481469631195068,1631.3099011356055,d50_B50_R3_20251031_174106,2025-10-31 17:41:26,50,40,50,35.35533905932738
28,0.0,1.0,0.9900000095367432,0.3157995343208313,0.959999978542328,0.0585060119628906,1580.9882351473186,d50_B50_R3_20251031_174106,2025-10-31 17:41:26,50,40,50,35.35533905932738
29,0.0,1.0,0.9900000095367432,0.3157995343208313,0.959999978542328,0.033193826675415,1578.1219076658658,d50_B50_R3_20251031_174106,2025-10-31 17:41:26,50,40,50,35.35533905932738
30,0.0,1.0,0.9900000095367432,0.3157995343208313,0.959999978542328,0.0663123130798339,1524.1069580296707,d50_B50_R3_20251031_174106,2025-10-31 17:41:26,50,40,50,35.35533905932738
31,0.0,1.0,0.9900000095367432,0.3157995343208313,0.959999978542328,0.040158987045288,1512.822100065261,d50_B50_R3_20251031_174106,2025-10-31 17:41:26,50,40,50,35.35533905932738
32,0.0,1.0,0.9900000095367432,0.3157995343208313,0.959999978542328,0.0198626518249511,1530.8521969026829,d50_B50_R3_20251031_174106,2025-10-31 17:41:26,50,40,50,35.35533905932738
33,0.0,1.0,0.9900000095367432,0.3157995343208313,0.959999978542328,0.0196700096130371,1548.6293176169283,d50_B50_R3_20251031_174106,2025-10-31 17:41:26,50,40,50,35.35533905932738
34,0.0,1.0,0.9900000095367432,0.3157995343208313,0.959999978542328,0.0419442653656005,1535.301746136662,d50_B50_R3_20251031_174106,2025-10-31 17:41:26,50,40,50,35.35533905932738
35,0.0,1.0,0.9900000095367432,0.3157995343208313,0.959999978542328,0.0741171836853027,1482.410114341826,d50_B50_R3_20251031_174106,2025-10-31 17:41:26,50,40,50,35.35533905932738
36,0.0,1.0,0.9900000095367432,0.3157995343208313,0.959999978542328,0.0453619956970214,1468.5068433185784,d50_B50_R3_20251031_174106,2025-10-31 17:41:26,50,40,50,35.35533905932738
37,0.0,1.0,0.9900000095367432,0.3157995343208313,0.959999978542328,0.0529088973999023,1446.8726170435582,d50_B50_R3_20251031_174106,2025-10-31 17:41:26,50,40,50,35.35533905932738
38,0.0,1.0,0.9900000095367432,0.3157995343208313,0.959999978542328,0.053657054901123,1426.3404357728568,d50_B50_R3_20251031_174106,2025-10-31 17:41:26,50,40,50,35.35533905932738
39,0.0,1.0,0.9900000095367432,0.3157995343208313,0.959999978542328,0.0425641536712646,1418.5775546158434,d50_B50_R3_20251031_174106,2025-10-31 17:41:26,50,40,50,35.35533905932738
40,0.0,1.0,0.9900000095367432,0.3157995343208313,0.959999978542328,0.0278601646423339,1425.6516457135144,d50_B50_R3_20251031_174106,2025-10-31 17:41:26,50,40,50,35.35533905932738
41,0.0,1.0,0.9900000095367432,0.3157995343208313,0.959999978542328,0.0492279529571533,1411.8034460163851,d50_B50_R3_20251031_174106,2025-10-31 17:41:26,50,40,50,35.35533905932738
42,0.0,1.0,0.9900000095367432,0.3157995343208313,0.959999978542328,0.0387439727783203,1408.4007826536758,d50_B50_R3_20251031_174106,2025-10-31 17:41:26,50,40,50,35.35533905932738
43,0.0,1.0,0.9900000095367432,0.3157995343208313,0.959999978542328,0.0376038551330566,1406.3645775687178,d50_B50_R3_20251031_174106,2025-10-31 17:41:26,50,40,50,35.35533905932738
44,0.0,1.0,0.9900000095367432,0.3157995343208313,0.959999978542328,0.0237469673156738,1416.610663326231,d50_B50_R3_20251031_174106,2025-10-31 17:41:26,50,40,50,35.35533905932738
45,0.0,1.0,0.9900000095367432,0.3157995343208313,0.959999978542328,0.041144847869873,1411.1675174426632,d50_B50_R3_20251031_174106,2025-10-31 17:41:26,50,40,50,35.35533905932738
46,0.0,1.0,0.9900000095367432,0.3157995343208313,0.959999978542328,0.0419416427612304,1405.4198829422091,d50_B50_R3_20251031_174106,2025-10-31 17:41:26,50,40,50,35.35533905932738
47,0.0,1.0,0.9900000095367432,0.3157995343208313,0.959999978542328,0.0243036746978759,1414.6114203998668,d50_B50_R3_20251031_174106,2025-10-31 17:41:26,50,40,50,35.35533905932738
48,0.0,1.0,0.9900000095367432,0.3157995343208313,0.959999978542328,0.038762092590332,1411.6807417418547,d50_B50_R3_20251031_174106,2025-10-31 17:41:26,50,40,50,35.35533905932738
49,0.0,1.0,0.9900000095367432,0.3157995343208313,0.959999978542328,0.0390400886535644,1408.6299973857938,d50_B50_R3_20251031_174106,2025-10-31 17:41:26,50,40,50,35.35533905932738
50,0.0,1.0,0.9900000095367432,0.3157995343208313,0.959999978542328,0.0447371006011962,1401.3275006459314,d50_B50_R3_20251031_174106,2025-10-31 17:41:26,50,40,50,35.35533905932738
51,0.0,1.0,0.9900000095367432,0.3157995343208313,0.959999978542328,0.0626568794250488,1381.091421843305,d50_B50_R3_20251031_174106,2025-10-31 17:41:26,50,40,50,35.35533905932738
52,0.0,1.0,0.9900000095367432,0.3157995343208313,0.959999978542328,0.0997471809387207,1336.5923616013897,d50_B50_R3_20251031_174106,2025-10-31 17:41:26,50,40,50,35.35533905932738
53,0.0,1.0,0.9900000095367432,0.3157995343208313,0.959999978542328,0.0904648303985595,1302.2421623670346,d50_B50_R3_20251031_174106,2025-10-31 17:41:26,50,40,50,35.35533905932738
54,0.0,1.0,0.9900000095367432,0.3157995343208313,0.959999978542328,0.0561401844024658,1291.2810839101146,d50_B50_R3_20251031_174106,2025-10-31 17:41:26,50,40,50,35.35533905932738
55,0.0,1.0,0.9900000095367432,0.3157995343208313,0.959999978542328,0.0447402000427246,1287.5711661184316,d50_B50_R3_20251031_174106,2025-10-31 17:41:26,50,40,50,35.35533905932738
56,0.0,1.0,0.9900000095367432,0.3157995343208313,0.959999978542328,0.061471939086914,1274.4195835016476,d50_B50_R3_20251031_174106,2025-10-31 17:41:26,50,40,50,35.35533905932738
57,0.0,1.0,0.9900000095367432,0.3157995343208313,0.959999978542328,0.0445270538330078,1271.334920932224,d50_B50_R3_20251031_174106,2025-10-31 17:41:26,50,40,50,35.35533905932738
58,0.0,1.0,0.9900000095367432,0.3157995343208313,0.959999978542328,0.0472147464752197,1266.9285606187975,d50_B50_R3_20251031_174106,2025-10-31 17:41:26,50,40,50,35.35533905932738
59,0.0,1.0,0.9900000095367432,0.3157995343208313,0.959999978542328,0.0645089149475097,1253.047571826179,d50_B50_R3_20251031_174106,2025-10-31 17:41:26,50,40,50,35.35533905932738
60,0.0,1.0,0.9900000095367432,0.3157995343208313,0.959999978542328,0.1097588539123535,1218.0092770585795,d50_B50_R3_20251031_174106,2025-10-31 17:41:26,50,40,50,35.35533905932738
61,0.0,1.0,0.9900000095367432,0.3157995343208313,0.959999978542328,0.0792770385742187,1199.8979347662887,d50_B50_R3_20251031_174106,2025-10-31 17:41:26,50,40,50,35.35533905932738
62,0.0,1.0,0.9900000095367432,0.3157995343208313,0.959999978542328,0.0480608940124511,1196.8817073481168,d50_B50_R3_20251031_174106,2025-10-31 17:41:26,50,40,50,35.35533905932738
63,0.0,1.0,0.9900000095367432,0.3157995343208313,0.959999978542328,0.0555739402770996,1190.6227864504442,d50_B50_R3_20251031_174106,2025-10-31 17:41:26,50,40,50,35.35533905932738
64,0.0,1.0,0.9900000095367432,0.3157995343208313,0.959999978542328,0.0371229648590087,1192.6680010607724,d50_B50_R3_20251031_174106,2025-10-31 17:41:26,50,40,50,35.35533905932738
65,0.0,1.0,0.9900000095367432,0.3157995343208313,0.959999978542328,0.0534560680389404,1187.5966994202647,d50_B50_R3_20251031_174106,2025-10-31 17:41:26,50,40,50,35.35533905932738
66,0.0,1.0,0.9900000095367432,0.3157995343208313,0.959999978542328,0.0614068508148193,1179.388589519102,d50_B50_R3_20251031_174106,2025-10-31 17:41:26,50,40,50,35.35533905932738
67,0.0,1.0,0.9900000095367432,0.3157995343208313,0.959999978542328,0.0445687770843505,1178.4105930604285,d50_B50_R3_20251031_174106,2025-10-31 17:41:26,50,40,50,35.35533905932738
68,0.0,1.0,0.9900000095367432,0.3157995343208313,0.959999978542328,0.0825159549713134,1162.4098722287697,d50_B50_R3_20251031_174106,2025-10-31 17:41:26,50,40,50,35.35533905932738
69,0.0,1.0,0.9900000095367432,0.3157995343208313,0.959999978542328,0.0332560539245605,1166.103489327062,d50_B50_R3_20251031_174106,2025-10-31 17:41:26,50,40,50,35.35533905932738
70,0.0,1.0,0.9900000095367432,0.3157995343208313,0.959999978542328,0.0310409069061279,1170.5914451845722,d50_B50_R3_20251031_174106,2025-10-31 17:41:26,50,40,50,35.35533905932738
71,0.0,1.0,0.9900000095367432,0.3157995343208313,0.959999978542328,0.0498499870300293,1167.807797458533,d50_B50_R3_20251031_174106,2025-10-31 17:41:26,50,40,50,35.35533905932738
72,0.0,1.0,0.9900000095367432,0.3157995343208313,0.959999978542328,0.1079928874969482,1143.8811192860617,d50_B50_R3_20251031_174106,2025-10-31 17:41:26,50,40,50,35.35533905932738
73,0.0,1.0,0.9900000095367432,0.3157995343208313,0.959999978542328,0.1428020000457763,1109.8043562552891,d50_B50_R3_20251031_174106,2025-10-31 17:41:26,50,40,50,35.35533905932738
74,0.0,1.0,0.9900000095367432,0.3157995343208313,0.959999978542328,0.0720419883728027,1100.9352319026962,d50_B50_R3_20251031_174106,2025-10-31 17:41:26,50,40,50,35.35533905932738
75,0.0,1.0,0.9900000095367432,0.3157995343208313,0.959999978542328,0.0490930080413818,1099.6690854983665,d50_B50_R3_20251031_174106,2025-10-31 17:41:26,50,40,50,35.35533905932738
76,0.0,1.0,0.9900000095367432,0.3157995343208313,0.959999978542328,0.0505549907684326,1097.8297764837023,d50_B50_R3_20251031_174106,2025-10-31 17:41:26,50,40,50,35.35533905932738
77,0.0,1.0,0.9900000095367432,0.3157995343208313,0.959999978542328,0.064389944076538,1091.9221599755683,d50_B50_R3_20251031_174106,2025-10-31 17:41:26,50,40,50,35.35533905932738
78,0.0,1.0,0.9900000095367432,0.3157995343208313,0.959999978542328,0.0574481487274169,1088.3428777511983,d50_B50_R3_20251031_174106,2025-10-31 17:41:26,50,40,50,35.35533905932738
79,0.0,1.0,0.9900000095367432,0.3157995343208313,0.959999978542328,0.0304300785064697,1092.8555706743796,d50_B50_R3_20251031_174106,2025-10-31 17:41:26,50,40,50,35.35533905932738
80,0.0,1.0,0.9900000095367432,0.3157995343208313,0.959999978542328,0.0325989723205566,1096.669988474815,d50_B50_R3_20251031_174106,2025-10-31 17:41:26,50,40,50,35.35533905932738
81,0.0,1.0,0.9900000095367432,0.3157995343208313,0.959999978542328,0.0493843555450439,1095.4842341180183,d50_B50_R3_20251031_174106,2025-10-31 17:41:26,50,40,50,35.35533905932738
82,0.0,1.0,0.9900000095367432,0.3157995343208313,0.959999978542328,0.0301990509033203,1099.915204782756,d50_B50_R3_20251031_174106,2025-10-31 17:41:26,50,40,50,35.35533905932738
83,0.0,1.0,0.9900000095367432,0.3157995343208313,0.959999978542328,0.0428190231323242,1100.624878049908,d50_B50_R3_20251031_174106,2025-10-31 17:41:26,50,40,50,35.35533905932738
84,0.0,1.0,0.9900000095367432,0.3157995343208313,0.959999978542328,0.0348408222198486,1103.585381861032,d50_B50_R3_20251031_174106,2025-10-31 17:41:26,50,40,50,35.35533905932738
85,0.0,1.0,0.9900000095367432,0.3157995343208313,0.959999978542328,0.0533339977264404,1101.23077319491,d50_B50_R3_20251031_174106,2025-10-31 17:41:26,50,40,50,35.35533905932738
86,0.0,1.0,0.9900000095367432,0.3157995343208313,0.959999978542328,0.0491199493408203,1100.062994344015,d50_B50_R3_20251031_174106,2025-10-31 17:41:26,50,40,50,35.35533905932738
87,0.0,1.0,0.9900000095367432,0.3157995343208313,0.959999978542328,0.0470678806304931,1099.566195687696,d50_B50_R3_20251031_174106,2025-10-31 17:41:26,50,40,50,35.35533905932738
88,0.0,1.0,0.9900000095367432,0.3157995343208313,0.959999978542328,0.0489611625671386,1098.55817516705,d50_B50_R3_20251031_174106,2025-10-31 17:41:26,50,40,50,35.35533905932738
89,0.0,1.0,0.9900000095367432,0.3157995343208313,0.959999978542328,0.0520658493041992,1096.7574058735636,d50_B50_R3_20251031_174106,2025-10-31 17:41:26,50,40,50,35.35533905932738
90,0.0,1.0,0.9900000095367432,0.3157995343208313,0.959999978542328,0.0568058490753173,1093.742392580282,d50_B50_R3_20251031_174106,2025-10-31 17:41:26,50,40,50,35.35533905932738
91,0.0,1.0,0.9900000095367432,0.3157995343208313,0.959999978542328,0.1096260547637939,1077.3269883504636,d50_B50_R3_20251031_174106,2025-10-31 17:41:26,50,40,50,35.35533905932738
92,0.0,1.0,0.9900000095367432,0.3157995343208313,0.959999978542328,0.0979700088500976,1064.562349654246,d50_B50_R3_20251031_174106,2025-10-31 17:41:26,50,40,50,35.35533905932738
93,0.0,1.0,0.9900000095367432,0.3157995343208313,0.959999978542328,0.0645267963409423,1060.2834467864152,d50_B50_R3_20251031_174106,2025-10-31 17:41:26,50,40,50,35.35533905932738
94,0.0,1.0,0.9900000095367432,0.3157995343208313,0.959999978542328,0.0666811466217041,1055.372375917249,d50_B50_R3_20251031_174106,2025-10-31 17:41:26,50,40,50,35.35533905932738
95,0.0,1.0,0.9900000095367432,0.3157995343208313,0.959999978542328,0.0343101024627685,1058.320263341327,d50_B50_R3_20251031_174106,2025-10-31 17:41:26,50,40,50,35.35533905932738
96,0.0,1.0,0.9900000095367432,0.3157995343208313,0.959999978542328,0.0322828292846679,1061.7474699277125,d50_B50_R3_20251031_174106,2025-10-31 17:41:26,50,40,50,35.35533905932738
97,0.0,1.0,0.9900000095367432,0.3157995343208313,0.959999978542328,0.1079022884368896,1047.895723204997,d50_B50_R3_20251031_174106,2025-10-31 17:41:26,50,40,50,35.35533905932738
98,0.0,1.0,0.9900000095367432,0.3157995343208313,0.959999978542328,0.0838699340820312,1039.8871129367992,d50_B50_R3_20251031_174106,2025-10-31 17:41:26,50,40,50,35.35533905932738
99,0.0,1.0,0.9900000095367432,0.3157995343208313,0.959999978542328,0.0443348884582519,1040.657222927853,d50_B50_R3_20251031_174106,2025-10-31 17:41:26,50,40,50,35.35533905932738
100,0.0,1.0,0.9900000095367432,0.3157995343208313,0.959999978542328,0.0553939342498779,1039.0429353811849,d50_B50_R3_20251031_174106,2025-10-31 17:41:26,50,40,50,35.35533905932738
101,0.0,1.0,0.9900000095367432,0.3157995343208313,0.959999978542328,0.0580651760101318,1036.8791392433852,d50_B50_R3_20251031_174106,2025-10-31 17:41:26,50,40,50,35.35533905932738
102,0.0,1.0,0.9900000095367432,0.3157995343208313,0.959999978542328,0.0363609790802001,1039.2507425482363,d50_B50_R3_20251031_174106,2025-10-31 17:41:26,50,40,50,35.35533905932738
103,0.0,1.0,0.9900000095367432,0.3157995343208313,0.959999978542328,0.0509700775146484,1038.6231935129329,d50_B50_R3_20251031_174106,2025-10-31 17:41:26,50,40,50,35.35533905932738
104,0.0,1.0,0.9900000095367432,0.3157995343208313,0.959999978542328,0.0272741317749023,1042.8872980953893,d50_B50_R3_20251031_174106,2025-10-31 17:41:26,50,40,50,35.35533905932738
105,0.0,1.0,0.9900000095367432,0.3157995343208313,0.959999978542328,0.1054189205169677,1031.176549500884,d50_B50_R3_20251031_174106,2025-10-31 17:41:26,50,40,50,35.35533905932738
106,0.0,1.0,0.9900000095367432,0.3157995343208313,0.959999978542328,0.0316150188446044,1034.5023210406907,d50_B50_R3_20251031_174106,2025-10-31 17:41:26,50,40,50,35.35533905932738
107,0.0,1.0,0.9900000095367432,0.3157995343208313,0.959999978542328,0.0633952617645263,1031.483976236546,d50_B50_R3_20251031_174106,2025-10-31 17:41:26,50,40,50,35.35533905932738
108,0.0,1.0,0.9900000095367432,0.3157995343208313,0.959999978542328,0.0818450450897216,1024.9111770364225,d50_B50_R3_20251031_174106,2025-10-31 17:41:26,50,40,50,35.35533905932738
109,0.0,1.0,0.9900000095367432,0.3157995343208313,0.959999978542328,0.0525228977203369,1023.5745858998677,d50_B50_R3_20251031_174106,2025-10-31 17:41:26,50,40,50,35.35533905932738
110,0.0,1.0,0.9900000095367432,0.3157995343208313,0.959999978542328,0.0345981121063232,1026.228533122454,d50_B50_R3_20251031_174106,2025-10-31 17:41:26,50,40,50,35.35533905932738
111,0.0,1.0,0.9900000095367432,0.3157995343208313,0.959999978542328,0.0498900413513183,1025.9715564953265,d50_B50_R3_20251031_174106,2025-10-31 17:41:26,50,40,50,35.35533905932738
112,0.0,1.0,0.9900000095367432,0.3157995343208313,0.959999978542328,0.0548098087310791,1024.7992516633224,d50_B50_R3_20251031_174106,2025-10-31 17:41:26,50,40,50,35.35533905932738
113,0.0,1.0,0.9900000095367432,0.3157995343208313,0.959999978542328,0.0598170757293701,1022.7374358220574,d50_B50_R3_20251031_174106,2025-10-31 17:41:26,50,40,50,35.35533905932738
114,0.0,1.0,0.9900000095367432,0.3157995343208313,0.959999978542328,0.0296771526336669,1026.2114176324346,d50_B50_R3_20251031_174106,2025-10-31 17:41:26,50,40,50,35.35533905932738
115,0.0,1.0,0.9900000095367432,0.3157995343208313,0.959999978542328,0.0373890399932861,1028.2329865266067,d50_B50_R3_20251031_174106,2025-10-31 17:41:26,50,40,50,35.35533905932738
116,0.0,1.0,0.9900000095367432,0.3157995343208313,0.959999978542328,0.046483039855957,1028.5486630578473,d50_B50_R3_20251031_174106,2025-10-31 17:41:26,50,40,50,35.35533905932738
117,0.0,1.0,0.9900000095367432,0.3157995343208313,0.959999978542328,0.0455060005187988,1029.056370400508,d50_B50_R3_20251031_174106,2025-10-31 17:41:26,50,40,50,35.35533905932738
118,0.0,1.0,0.9900000095367432,0.3157995343208313,0.959999978542328,0.053131103515625,1028.2124257174764,d50_B50_R3_20251031_174106,2025-10-31 17:41:26,50,40,50,35.35533905932738
119,0.0,1.0,0.9900000095367432,0.3157995343208313,0.959999978542328,0.0824830532073974,1022.2487086027708,d50_B50_R3_20251031_174106,2025-10-31 17:41:26,50,40,50,35.35533905932738
120,0.0,1.0,0.9900000095367432,0.3157995343208313,0.959999978542328,0.0432887077331543,1023.1743026978406,d50_B50_R3_20251031_174106,2025-10-31 17:41:26,50,40,50,35.35533905932738
121,0.0,1.0,0.9900000095367432,0.3157995343208313,0.959999978542328,0.0456068515777587,1023.690052860452,d50_B50_R3_20251031_174106,2025-10-31 17:41:26,50,40,50,35.35533905932738
122,0.0,1.0,0.9900000095367432,0.3157995343208313,0.959999978542328,0.0585341453552246,1021.9598046630184,d50_B50_R3_20251031_174106,2025-10-31 17:41:26,50,40,50,35.35533905932738
123,0.0,1.0,0.9900000095367432,0.3157995343208313,0.959999978542328,0.0781240463256836,1017.0311388555892,d50_B50_R3_20251031_174106,2025-10-31 17:41:26,50,40,50,35.35533905932738
124,0.0,1.0,0.9900000095367432,0.3157995343208313,0.959999978542328,0.0679159164428711,1013.9054621650477,d50_B50_R3_20251031_174106,2025-10-31 17:41:26,50,40,50,35.35533905932738
125,0.0,1.0,0.9900000095367432,0.3157995343208313,0.959999978542328,0.0239138603210449,1018.0309508723614,d50_B50_R3_20251031_174106,2025-10-31 17:41:26,50,40,50,35.35533905932738
126,0.0,1.0,0.9900000095367432,0.3157995343208313,0.959999978542328,0.0485138893127441,1018.0930514840558,d50_B50_R3_20251031_174106,2025-10-31 17:41:26,50,40,50,35.35533905932738
127,0.0,1.0,0.9900000095367432,0.3157995343208313,0.959999978542328,0.057723045349121,1016.6668389924164,d50_B50_R3_20251031_174106,2025-10-31 17:41:26,50,40,50,35.35533905932738
128,0.0,1.0,0.9900000095367432,0.3157995343208313,0.959999978542328,0.0765111446380615,1012.2702979977836,d50_B50_R3_20251031_174106,2025-10-31 17:41:26,50,40,50,35.35533905932738
129,0.0,1.0,0.9900000095367432,0.3157995343208313,0.959999978542328,0.13714599609375,998.551635526684,d50_B50_R3_20251031_174106,2025-10-31 17:41:26,50,40,50,35.35533905932738
130,0.0,1.0,0.9900000095367432,0.3157995343208313,0.959999978542328,0.1000871658325195,990.847735976018,d50_B50_R3_20251031_174106,2025-10-31 17:41:26,50,40,50,35.35533905932738
131,0.0,1.0,0.9900000095367432,0.3157995343208313,0.959999978542328,0.0733680725097656,987.3827660685876,d50_B50_R3_20251031_174106,2025-10-31 17:41:26,50,40,50,35.35533905932738
132,0.0,1.0,0.9900000095367432,0.3157995343208313,0.959999978542328,0.0746281147003173,983.1597301898868,d50_B50_R3_20251031_174106,2025-10-31 17:41:26,50,40,50,35.35533905932738
133,0.0,1.0,0.9900000095367432,0.3157995343208313,0.959999978542328,0.0549602508544921,982.5376638711508,d50_B50_R3_20251031_174106,2025-10-31 17:41:26,50,40,50,35.35533905932738
134,0.0,1.0,0.9900000095367432,0.3157995343208313,0.959999978542328,0.0770061016082763,978.758746118022,d50_B50_R3_20251031_174106,2025-10-31 17:41:26,50,40,50,35.35533905932738
135,0.0,1.0,0.9900000095367432,0.3157995343208313,0.959999978542328,0.0712518692016601,975.8897909423522,d50_B50_R3_20251031_174106,2025-10-31 17:41:26,50,40,50,35.35533905932738
136,0.0,1.0,0.9900000095367432,0.3157995343208313,0.959999978542328,0.0808391571044921,970.5180808463574,d50_B50_R3_20251031_174106,2025-10-31 17:41:26,50,40,50,35.35533905932738
137,0.0,1.0,0.9900000095367432,0.3157995343208313,0.959999978542328,0.0616838932037353,969.0936430295334,d50_B50_R3_20251031_174106,2025-10-31 17:41:26,50,40,50,35.35533905932738
138,0.0,1.0,0.9900000095367432,0.3157995343208313,0.959999978542328,0.0561969280242919,968.4456567654604,d50_B50_R3_20251031_174106,2025-10-31 17:41:26,50,40,50,35.35533905932738
139,0.0,1.0,0.9900000095367432,0.3157995343208313,0.959999978542328,0.0595600605010986,967.2607068885694,d50_B50_R3_20251031_174106,2025-10-31 17:41:26,50,40,50,35.35533905932738
140,0.0,1.0,0.9900000095367432,0.3157995343208313,0.959999978542328,0.0682837963104248,964.999009867257,d50_B50_R3_20251031_174106,2025-10-31 17:41:26,50,40,50,35.35533905932738
141,0.0,1.0,0.9900000095367432,0.3157995343208313,0.959999978542328,0.0671100616455078,962.9565805234585,d50_B50_R3_20251031_174106,2025-10-31 17:41:26,50,40,50,35.35533905932738
142,0.0,1.0,0.9900000095367432,0.3157995343208313,0.959999978542328,0.0648598670959472,961.2549915792792,d50_B50_R3_20251031_174106,2025-10-31 17:41:26,50,40,50,35.35533905932738
143,0.0,1.0,0.9900000095367432,0.3157995343208313,0.959999978542328,0.0600748062133789,960.1928182612404,d50_B50_R3_20251031_174106,2025-10-31 17:41:26,50,40,50,35.35533905932738
144,0.0,1.0,0.9900000095367432,0.3157995343208313,0.959999978542328,0.069810152053833,957.9079331545184,d50_B50_R3_20251031_174106,2025-10-31 17:41:26,50,40,50,35.35533905932738
145,0.0,1.0,0.9900000095367432,0.3157995343208313,0.959999978542328,0.0641520023345947,956.3599722385164,d50_B50_R3_20251031_174106,2025-10-31 17:41:26,50,40,50,35.35533905932738
146,0.0,1.0,0.9900000095367432,0.3157995343208313,0.959999978542328,0.0819311141967773,952.6571038373792,d50_B50_R3_20251031_174106,2025-10-31 17:41:26,50,40,50,35.35533905932738
147,0.0,1.0,0.9900000095367432,0.3157995343208313,0.959999978542328,0.0616109371185302,951.5019398158464,d50_B50_R3_20251031_174106,2025-10-31 17:41:26,50,40,50,35.35533905932738
148,0.0,1.0,0.9900000095367432,0.3157995343208313,0.959999978542328,0.0832538604736328,947.7566096313346,d50_B50_R3_20251031_174106,2025-10-31 17:41:26,50,40,50,35.35533905932738
149,0.0,1.0,0.9900000095367432,0.3157995343208313,0.959999978542328,0.0982050895690918,942.322340030022,d50_B50_R3_20251031_174106,2025-10-31 17:41:26,50,40,50,35.35533905932738
150,0.0,1.0,0.9900000095367432,0.3157995343208313,0.959999978542328,0.0877492427825927,938.2313280545432,d50_B50_R3_20251031_174106,2025-10-31 17:41:26,50,40,50,35.35533905932738
151,0.0,1.0,0.9900000095367432,0.3157995343208313,0.959999978542328,0.0915169715881347,933.7797855008346,d50_B50_R3_20251031_174106,2025-10-31 17:41:26,50,40,50,35.35533905932738
152,0.0,1.0,0.9900000095367432,0.3157995343208313,0.959999978542328,0.0651230812072753,932.4364943352024,d50_B50_R3_20251031_174106,2025-10-31 17:41:26,50,40,50,35.35533905932738
153,0.0,1.0,0.9900000095367432,0.3157995343208313,0.959999978542328,0.0651922225952148,931.1063528357596,d50_B50_R3_20251031_174106,2025-10-31 17:41:26,50,40,50,35.35533905932738
154,0.0,1.0,0.9900000095367432,0.3157995343208313,0.959999978542328,0.0692381858825683,929.3350307653112,d50_B50_R3_20251031_174106,2025-10-31 17:41:26,50,40,50,35.35533905932738
155,0.0,1.0,0.9900000095367432,0.3157995343208313,0.959999978542328,0.0852608680725097,925.0365660867072,d50_B50_R3_20251031_174106,2025-10-31 17:41:26,50,40,50,35.35533905932738
156,0.0,1.0,0.9900000095367432,0.3157995343208313,0.959999978542328,0.0788681507110595,922.31661283802,d50_B50_R3_20251031_174106,2025-10-31 17:41:26,50,40,50,35.35533905932738
157,0.0,1.0,0.9900000095367432,0.3157995343208313,0.959999978542328,0.0532131195068359,922.4011033514546,d50_B50_R3_20251031_174106,2025-10-31 17:41:26,50,40,50,35.35533905932738
158,0.0,1.0,0.9900000095367432,0.3157995343208313,0.959999978542328,0.066119909286499,921.1081833553716,d50_B50_R3_20251031_174106,2025-10-31 17:41:26,50,40,50,35.35533905932738
159,0.0,1.0,0.9900000095367432,0.3157995343208313,0.959999978542328,0.0819299221038818,918.1658361715412,d50_B50_R3_20251031_174106,2025-10-31 17:41:26,50,40,50,35.35533905932738
160,0.0,1.0,0.9900000095367432,0.3157995343208313,0.959999978542328,0.0856330394744873,914.8889589663632,d50_B50_R3_20251031_174106,2025-10-31 17:41:26,50,40,50,35.35533905932738
161,0.0,1.0,0.9900000095367432,0.3157995343208313,0.959999978542328,0.1239838600158691,907.3380507589512,d50_B50_R3_20251031_174106,2025-10-31 17:41:26,50,40,50,35.35533905932738
162,0.0,1.0,0.9900000095367432,0.3157995343208313,0.959999978542328,0.1790661811828613,894.9110910657113,d50_B50_R3_20251031_174106,2025-10-31 17:41:26,50,40,50,35.35533905932738
163,0.0,1.0,0.9900000095367432,0.3157995343208313,0.959999978542328,0.1073498725891113,889.8580435853639,d50_B50_R3_20251031_174106,2025-10-31 17:41:26,50,40,50,35.35533905932738
164,0.0,1.0,0.9900000095367432,0.3157995343208313,0.959999978542328,0.0668251514434814,888.8103698611801,d50_B50_R3_20251031_174106,2025-10-31 17:41:26,50,40,50,35.35533905932738
165,0.0,1.0,0.9900000095367432,0.3157995343208313,0.959999978542328,0.0643510818481445,887.9634000986555,d50_B50_R3_20251031_174106,2025-10-31 17:41:26,50,40,50,35.35533905932738
166,0.0,1.0,0.9900000095367432,0.3157995343208313,0.959999978542328,0.0564868450164794,887.9265582222625,d50_B50_R3_20251031_174106,2025-10-31 17:41:26,50,40,50,35.35533905932738
167,0.0,1.0,0.9900000095367432,0.3157995343208313,0.959999978542328,0.0352630615234375,889.7946139627289,d50_B50_R3_20251031_174106,2025-10-31 17:41:26,50,40,50,35.35533905932738
168,0.0,1.0,0.9900000095367432,0.3157995343208313,0.959999978542328,0.0835189819335937,887.2184694325796,d50_B50_R3_20251031_174106,2025-10-31 17:41:26,50,40,50,35.35533905932738
169,0.0,1.0,0.9900000095367432,0.3157995343208313,0.959999978542328,0.0624618530273437,886.6335767666465,d50_B50_R3_20251031_174106,2025-10-31 17:41:26,50,40,50,35.35533905932738
170,0.0,1.0,0.9900000095367432,0.3157995343208313,0.959999978542328,0.0477659702301025,887.4068538040772,d50_B50_R3_20251031_174106,2025-10-31 17:41:26,50,40,50,35.35533905932738
171,0.0,1.0,0.9900000095367432,0.3157995343208313,0.959999978542328,0.0838449001312255,884.8740879454248,d50_B50_R3_20251031_174106,2025-10-31 17:41:26,50,40,50,35.35533905932738
172,0.0,1.0,0.9900000095367432,0.3157995343208313,0.959999978542328,0.075204849243164,883.1538552334979,d50_B50_R3_20251031_174106,2025-10-31 17:41:26,50,40,50,35.35533905932738
173,0.0,1.0,0.9900000095367432,0.3157995343208313,0.959999978542328,0.0998399257659912,879.2754742746625,d50_B50_R3_20251031_174106,2025-10-31 17:41:26,50,40,50,35.35533905932738
174,0.0,1.0,0.9900000095367432,0.3157995343208313,0.959999978542328,0.0704340934753418,878.0529912957815,d50_B50_R3_20251031_174106,2025-10-31 17:41:26,50,40,50,35.35533905932738
175,0.0,1.0,0.9900000095367432,0.3157995343208313,0.959999978542328,0.0661849975585937,877.2256872608789,d50_B50_R3_20251031_174106,2025-10-31 17:41:26,50,40,50,35.35533905932738
176,0.0,1.0,0.9900000095367432,0.3157995343208313,0.959999978542328,0.0833032131195068,874.9260011148358,d50_B50_R3_20251031_174106,2025-10-31 17:41:26,50,40,50,35.35533905932738
177,0.0,1.0,0.9900000095367432,0.3157995343208313,0.959999978542328,0.0483779907226562,875.6531272880617,d50_B50_R3_20251031_174106,2025-10-31 17:41:26,50,40,50,35.35533905932738
178,0.0,1.0,0.9900000095367432,0.3157995343208313,0.959999978542328,0.0643110275268554,875.0210089772877,d50_B50_R3_20251031_174106,2025-10-31 17:41:26,50,40,50,35.35533905932738
179,0.0,1.0,0.9900000095367432,0.3157995343208313,0.959999978542328,0.0641422271728515,874.4054394055308,d50_B50_R3_20251031_174106,2025-10-31 17:41:26,50,40,50,35.35533905932738
180,0.0,1.0,0.9900000095367432,0.3157995343208313,0.959999978542328,0.0616011619567871,874.0153588448011,d50_B50_R3_20251031_174106,2025-10-31 17:41:26,50,40,50,35.35533905932738
181,0.0,1.0,0.9900000095367432,0.3157995343208313,0.959999978542328,0.0788171291351318,872.1886224440841,d50_B50_R3_20251031_174106,2025-10-31 17:41:26,50,40,50,35.35533905932738
182,0.0,1.0,0.9900000095367432,0.3157995343208313,0.959999978542328,0.1201081275939941,866.9696227843699,d50_B50_R3_20251031_174106,2025-10-31 17:41:26,50,40,50,35.35533905932738
183,0.0,1.0,0.9900000095367432,0.3157995343208313,0.959999978542328,0.060272216796875,866.7179826813616,d50_B50_R3_20251031_174106,2025-10-31 17:41:26,50,40,50,35.35533905932738
184,0.0,1.0,0.9900000095367432,0.3157995343208313,0.959999978542328,0.0231630802154541,869.5034943463565,d50_B50_R3_20251031_174106,2025-10-31 17:41:26,50,40,50,35.35533905932738
185,0.0,1.0,0.9900000095367432,0.3157995343208313,0.959999978542328,0.0213758945465087,872.4142849145569,d50_B50_R3_20251031_174106,2025-10-31 17:41:26,50,40,50,35.35533905932738
186,0.0,1.0,0.9900000095367432,0.3157995343208313,0.959999978542328,0.0962538719177246,869.2373256244211,d50_B50_R3_20251031_174106,2025-10-31 17:41:26,50,40,50,35.35533905932738
187,0.0,1.0,0.9900000095367432,0.3157995343208313,0.959999978542328,0.0712549686431884,868.1131278358919,d50_B50_R3_20251031_174106,2025-10-31 17:41:26,50,40,50,35.35533905932738
188,0.0,1.0,0.9900000095367432,0.3157995343208313,0.959999978542328,0.0724501609802246,866.9125109828999,d50_B50_R3_20251031_174106,2025-10-31 17:41:26,50,40,50,35.35533905932738
189,0.0,1.0,0.9900000095367432,0.3157995343208313,0.959999978542328,0.0610907077789306,866.627245013693,d50_B50_R3_20251031_174106,2025-10-31 17:41:26,50,40,50,35.35533905932738
190,0.0,1.0,0.9900000095367432,0.3157995343208313,0.959999978542328,0.0649731159210205,866.0142553031683,d50_B50_R3_20251031_174106,2025-10-31 17:41:26,50,40,50,35.35533905932738
191,0.0,1.0,0.9900000095367432,0.3157995343208313,0.959999978542328,0.0529251098632812,866.3442911697634,d50_B50_R3_20251031_174106,2025-10-31 17:41:26,50,40,50,35.35533905932738
192,0.0,1.0,0.9900000095367432,0.3157995343208313,0.959999978542328,0.0694918632507324,865.4132570980613,d50_B50_R3_20251031_174106,2025-10-31 17:41:26,50,40,50,35.35533905932738
193,0.0,1.0,0.9900000095367432,0.3157995343208313,0.959999978542328,0.0626907348632812,865.0154242015269,d50_B50_R3_20251031_174106,2025-10-31 17:41:26,50,40,50,35.35533905932738
194,0.0,1.0,0.9900000095367432,0.3157995343208313,0.959999978542328,0.0729279518127441,863.838563598141,d50_B50_R3_20251031_174106,2025-10-31 17:41:26,50,40,50,35.35533905932738
195,0.0,1.0,0.9900000095367432,0.3157995343208313,0.959999978542328,0.0583918094635009,863.7829295054366,d50_B50_R3_20251031_174106,2025-10-31 17:41:26,50,40,50,35.35533905932738
196,0.0,1.0,0.9900000095367432,0.3157995343208313,0.959999978542328,0.0611710548400878,863.5204544343918,d50_B50_R3_20251031_174106,2025-10-31 17:41:26,50,40,50,35.35533905932738
197,0.0,1.0,0.9900000095367432,0.3157995343208313,0.959999978542328,0.0581052303314209,863.4899044928432,d50_B50_R3_20251031_174106,2025-10-31 17:41:26,50,40,50,35.35533905932738
198,0.0,1.0,0.9900000095367432,0.3157995343208313,0.959999978542328,0.0531518459320068,863.8053990097684,d50_B50_R3_20251031_174106,2025-10-31 17:41:26,50,40,50,35.35533905932738
199,0.0,1.0,0.9900000095367432,0.3157995343208313,0.959999978542328,0.0603010654449462,863.5928380358018,d50_B50_R3_20251031_174106,2025-10-31 17:41:26,50,40,50,35.35533905932738
200,0.0,1.0,0.9900000095367432,0.3157995343208313,0.959999978542328,0.0681090354919433,862.8201037576215,d50_B50_R3_20251031_174106,2025-10-31 17:41:26,50,40,50,35.35533905932738
201,0.0,1.0,0.9900000095367432,0.3157995343208313,0.959999978542328,0.0565829277038574,862.8961309635356,d50_B50_R3_20251031_174106,2025-10-31 17:41:26,50,40,50,35.35533905932738
202,0.0,1.0,0.9900000095367432,0.3157995343208313,0.959999978542328,0.0359270572662353,864.4981352512117,d50_B50_R3_20251031_174106,2025-10-31 17:41:26,50,40,50,35.35533905932738
203,0.0,1.0,0.9900000095367432,0.3157995343208313,0.959999978542328,0.0944952964782714,861.0818443062517,d50_B50_R3_20251031_174106,2025-10-31 17:41:26,50,40,50,35.35533905932738
204,0.0,1.0,0.9900000095367432,0.3157995343208313,0.959999978542328,0.1620259284973144,853.4737866640711,d50_B50_R3_20251031_174106,2025-10-31 17:41:26,50,40,50,35.35533905932738
205,0.0,1.0,0.9900000095367432,0.3157995343208313,0.959999978542328,0.1393520832061767,846.8286020954795,d50_B50_R3_20251031_174106,2025-10-31 17:41:26,50,40,50,35.35533905932738
206,0.0,1.0,0.9900000095367432,0.3157995343208313,0.959999978542328,0.1974599361419677,837.2831159188506,d50_B50_R3_20251031_174106,2025-10-31 17:41:26,50,40,50,35.35533905932738
207,0.0,1.0,0.9900000095367432,0.3157995343208313,0.959999978542328,0.0496828556060791,837.9377632112595,d50_B50_R3_20251031_174106,2025-10-31 17:41:26,50,40,50,35.35533905932738
208,0.0,1.0,0.9900000095367432,0.3157995343208313,0.959999978542328,0.0418319702148437,839.0826550598977,d50_B50_R3_20251031_174106,2025-10-31 17:41:26,50,40,50,35.35533905932738
209,0.0,1.0,0.9900000095367432,0.3157995343208313,0.959999978542328,0.0537388324737548,839.443549706907,d50_B50_R3_20251031_174106,2025-10-31 17:41:26,50,40,50,35.35533905932738
210,0.0,1.0,0.9900000095367432,0.3157995343208313,0.959999978542328,0.0438201427459716,840.4698975435606,d50_B50_R3_20251031_174106,2025-10-31 17:41:26,50,40,50,35.35533905932738
211,0.0,1.0,0.9900000095367432,0.3157995343208313,0.959999978542328,0.1071619987487793,837.2425050199668,d50_B50_R3_20251031_174106,2025-10-31 17:41:26,50,40,50,35.35533905932738
212,0.0,1.0,0.9900000095367432,0.3157995343208313,0.959999978542328,0.0401859283447265,838.5157251905761,d50_B50_R3_20251031_174106,2025-10-31 17:41:26,50,40,50,35.35533905932738
213,0.0,1.0,0.9900000095367432,0.3157995343208313,0.959999978542328,0.0721023082733154,837.6822358957363,d50_B50_R3_20251031_174106,2025-10-31 17:41:26,50,40,50,35.35533905932738
214,0.0,1.0,0.9900000095367432,0.3157995343208313,0.959999978542328,0.0934770107269287,835.4605919665926,d50_B50_R3_20251031_174106,2025-10-31 17:41:26,50,40,50,35.35533905932738
215,0.0,1.0,0.9900000095367432,0.3157995343208313,0.959999978542328,0.0399539470672607,836.7357236884213,d50_B50_R3_20251031_174106,2025-10-31 17:41:26,50,40,50,35.35533905932738
216,0.0,1.0,0.9900000095367432,0.3157995343208313,0.959999978542328,0.0808701515197753,835.3644494648655,d50_B50_R3_20251031_174106,2025-10-31 17:41:26,50,40,50,35.35533905932738
217,0.0,1.0,0.9900000095367432,0.3157995343208313,0.959999978542328,0.0790362358093261,834.1260860645763,d50_B50_R3_20251031_174106,2025-10-31 17:41:26,50,40,50,35.35533905932738
218,0.0,1.0,0.9900000095367432,0.3157995343208313,0.959999978542328,0.031649112701416,835.9129054270876,d50_B50_R3_20251031_174106,2025-10-31 17:41:26,50,40,50,35.35533905932738
219,0.0,1.0,0.9900000095367432,0.3157995343208313,0.959999978542328,0.0542531013488769,836.2303689556018,d50_B50_R3_20251031_174106,2025-10-31 17:41:26,50,40,50,35.35533905932738
220,0.0,1.0,0.9900000095367432,0.3157995343208313,0.959999978542328,0.0778453350067138,835.0775435364267,d50_B50_R3_20251031_174106,2025-10-31 17:41:26,50,40,50,35.35533905932738
221,0.0,1.0,0.9900000095367432,0.3157995343208313,0.959999978542328,0.0542232990264892,835.4186193941048,d50_B50_R3_20251031_174106,2025-10-31 17:41:26,50,40,50,35.35533905932738
222,0.0,1.0,0.9900000095367432,0.3157995343208313,0.959999978542328,0.0319750308990478,837.1352203029318,d50_B50_R3_20251031_174106,2025-10-31 17:41:26,50,40,50,35.35533905932738
223,0.0,1.0,0.9900000095367432,0.3157995343208313,0.959999978542328,0.0724401473999023,836.3301247802809,d50_B50_R3_20251031_174106,2025-10-31 17:41:26,50,40,50,35.35533905932738
224,0.0,1.0,0.9900000095367432,0.3157995343208313,0.959999978542328,0.0359039306640625,837.7986202914474,d50_B50_R3_20251031_174106,2025-10-31 17:41:26,50,40,50,35.35533905932738
225,0.0,1.0,0.9900000095367432,0.3157995343208313,0.959999978542328,0.0564832687377929,837.8743475447022,d50_B50_R3_20251031_174106,2025-10-31 17:41:26,50,40,50,35.35533905932738
226,0.0,1.0,0.9900000095367432,0.3157995343208313,0.959999978542328,0.0775468349456787,836.728094354323,d50_B50_R3_20251031_174106,2025-10-31 17:41:26,50,40,50,35.35533905932738
227,0.0,1.0,0.9900000095367432,0.3157995343208313,0.959999978542328,0.0469107627868652,837.5053050103785,d50_B50_R3_20251031_174106,2025-10-31 17:41:26,50,40,50,35.35533905932738
228,0.0,1.0,0.9900000095367432,0.3157995343208313,0.959999978542328,0.0799317359924316,836.2026541724448,d50_B50_R3_20251031_174106,2025-10-31 17:41:26,50,40,50,35.35533905932738
229,0.0,1.0,0.9900000095367432,0.3157995343208313,0.959999978542328,0.051055908203125,836.7146922962794,d50_B50_R3_20251031_174106,2025-10-31 17:41:26,50,40,50,35.35533905932738
230,0.0,1.0,0.9900000095367432,0.3157995343208313,0.959999978542328,0.0777630805969238,835.5847723394152,d50_B50_R3_20251031_174106,2025-10-31 17:41:26,50,40,50,35.35533905932738
231,0.0,1.0,0.9900000095367432,0.3157995343208313,0.959999978542328,0.083508014678955,834.1502814511384,d50_B50_R3_20251031_174106,2025-10-31 17:41:26,50,40,50,35.35533905932738
232,0.0,1.0,0.9900000095367432,0.3157995343208313,0.959999978542328,0.0771770477294921,833.0820281863532,d50_B50_R3_20251031_174106,2025-10-31 17:41:26,50,40,50,35.35533905932738
233,0.0,1.0,0.9900000095367432,0.3157995343208313,0.959999978542328,0.0826330184936523,831.7226716819938,d50_B50_R3_20251031_174106,2025-10-31 17:41:26,50,40,50,35.35533905932738
234,0.0,1.0,0.9900000095367432,0.3157995343208313,0.959999978542328,0.0487570762634277,832.3779852246241,d50_B50_R3_20251031_174106,2025-10-31 17:41:26,50,40,50,35.35533905932738
235,0.0,1.0,0.9900000095367432,0.3157995343208313,0.959999978542328,0.0546908378601074,832.6812466566971,d50_B50_R3_20251031_174106,2025-10-31 17:41:26,50,40,50,35.35533905932738
236,0.0,1.0,0.9900000095367432,0.3157995343208313,0.959999978542328,0.0834910869598388,831.2997464780507,d50_B50_R3_20251031_174106,2025-10-31 17:41:26,50,40,50,35.35533905932738
237,0.0,1.0,0.9900000095367432,0.3157995343208313,0.959999978542328,0.0789051055908203,830.1996134678509,d50_B50_R3_20251031_174106,2025-10-31 17:41:26,50,40,50,35.35533905932738
238,0.0,1.0,0.9900000095367432,0.3157995343208313,0.959999978542328,0.0552868843078613,830.4729399121154,d50_B50_R3_20251031_174106,2025-10-31 17:41:26,50,40,50,35.35533905932738
239,0.0,1.0,0.9900000095367432,0.3157995343208313,0.959999978542328,0.0459449291229248,831.2826610057394,d50_B50_R3_20251031_174106,2025-10-31 17:41:26,50,40,50,35.35533905932738
240,0.0,1.0,0.9900000095367432,0.3157995343208313,0.959999978542328,0.0628831386566162,831.1162723490289,d50_B50_R3_20251031_174106,2025-10-31 17:41:26,50,40,50,35.35533905932738
241,0.0,1.0,0.9900000095367432,0.3157995343208313,0.959999978542328,0.0551142692565918,831.3910741359176,d50_B50_R3_20251031_174106,2025-10-31 17:41:26,50,40,50,35.35533905932738
242,0.0,1.0,0.9900000095367432,0.3157995343208313,0.959999978542328,0.0692031383514404,830.847464259116,d50_B50_R3_20251031_174106,2025-10-31 17:41:26,50,40,50,35.35533905932738
243,0.0,1.0,0.9900000095367432,0.3157995343208313,0.959999978542328,0.0821430683135986,829.5929681565275,d50_B50_R3_20251031_174106,2025-10-31 17:41:26,50,40,50,35.35533905932738
244,0.0,1.0,0.9900000095367432,0.3157995343208313,0.959999978542328,0.1369557380676269,825.2789452357848,d50_B50_R3_20251031_174106,2025-10-31 17:41:26,50,40,50,35.35533905932738
245,0.0,1.0,0.9900000095367432,0.3157995343208313,0.959999978542328,0.0733721256256103,824.5586492284534,d50_B50_R3_20251031_174106,2025-10-31 17:41:26,50,40,50,35.35533905932738
246,0.0,1.0,0.9900000095367432,0.3157995343208313,0.959999978542328,0.0415291786193847,825.5994928298915,d50_B50_R3_20251031_174106,2025-10-31 17:41:26,50,40,50,35.35533905932738
247,0.0,1.0,0.9900000095367432,0.3157995343208313,0.959999978542328,0.05491304397583,825.899952052441,d50_B50_R3_20251031_174106,2025-10-31 17:41:26,50,40,50,35.35533905932738
248,0.0,1.0,0.9900000095367432,0.3157995343208313,0.959999978542328,0.0689899921417236,825.4258245238816,d50_B50_R3_20251031_174106,2025-10-31 17:41:26,50,40,50,35.35533905932738
249,0.0,1.0,0.9900000095367432,0.3157995343208313,0.959999978542328,0.0775058269500732,824.4922482666356,d50_B50_R3_20251031_174106,2025-10-31 17:41:26,50,40,50,35.35533905932738
250,0.0,1.0,0.9900000095367432,0.3157995343208313,0.959999978542328,0.0502548217773437,825.045126805756,d50_B50_R3_20251031_174106,2025-10-31 17:41:26,50,40,50,35.35533905932738
251,0.0,1.0,0.9900000095367432,0.3157995343208313,0.959999978542328,0.1107077598571777,822.3288700827658,d50_B50_R3_20251031_174106,2025-10-31 17:41:26,50,40,50,35.35533905932738
252,0.0,1.0,0.9900000095367432,0.3157995343208313,0.959999978542328,0.0936548709869384,820.5628707029726,d50_B50_R3_20251031_174106,2025-10-31 17:41:26,50,40,50,35.35533905932738
253,0.0,1.0,0.9900000095367432,0.3157995343208313,0.959999978542328,0.0631930828094482,820.4268424585762,d50_B50_R3_20251031_174106,2025-10-31 17:41:26,50,40,50,35.35533905932738
254,0.0,1.0,0.9900000095367432,0.3157995343208313,0.959999978542328,0.0838220119476318,819.1995607845492,d50_B50_R3_20251031_174106,2025-10-31 17:41:26,50,40,50,35.35533905932738
255,0.0,1.0,0.9900000095367432,0.3157995343208313,0.959999978542328,0.0278191566467285,820.9217987953707,d50_B50_R3_20251031_174106,2025-10-31 17:41:26,50,40,50,35.35533905932738
256,0.0,1.0,0.9900000095367432,0.3157995343208313,0.959999978542328,0.0699901580810546,820.3198727810916,d50_B50_R3_20251031_174106,2025-10-31 17:41:26,50,40,50,35.35533905932738
257,0.0,1.0,0.9900000095367432,0.3157995343208313,0.959999978542328,0.056657075881958,820.5306789317123,d50_B50_R3_20251031_174106,2025-10-31 17:41:26,50,40,50,35.35533905932738
258,0.0,1.0,0.9900000095367432,0.3157995343208313,0.959999978542328,0.0633101463317871,820.3855402528485,d50_B50_R3_20251031_174106,2025-10-31 17:41:26,50,40,50,35.35533905932738
259,0.0,1.0,0.9900000095367432,0.3157995343208313,0.959999978542328,0.0642940998077392,820.1996799735255,d50_B50_R3_20251031_174106,2025-10-31 17:41:26,50,40,50,35.35533905932738
260,0.0,1.0,0.9900000095367432,0.3157995343208313,0.959999978542328,0.07059907913208,819.6832642305411,d50_B50_R3_20251031_174106,2025-10-31 17:41:26,50,40,50,35.35533905932738
261,0.0,1.0,0.9900000095367432,0.3157995343208313,0.959999978542328,0.0546460151672363,819.9974166791343,d50_B50_R3_20251031_174106,2025-10-31 17:41:26,50,40,50,35.35533905932738
262,0.0,1.0,0.9900000095367432,0.3157995343208313,0.959999978542328,0.0760278701782226,819.2193951359887,d50_B50_R3_20251031_174106,2025-10-31 17:41:26,50,40,50,35.35533905932738
263,0.0,1.0,0.9900000095367432,0.3157995343208313,0.959999978542328,0.0732738971710205,818.5684629971946,d50_B50_R3_20251031_174106,2025-10-31 17:41:26,50,40,50,35.35533905932738
264,0.0,1.0,0.9900000095367432,0.3157995343208313,0.959999978542328,0.0787792205810546,817.6642038887395,d50_B50_R3_20251031_174106,2025-10-31 17:41:26,50,40,50,35.35533905932738
265,0.0,1.0,0.9900000095367432,0.3157995343208313,0.959999978542328,0.0587072372436523,817.7761572701125,d50_B50_R3_20251031_174106,2025-10-31 17:41:26,50,40,50,35.35533905932738
266,0.0,1.0,0.9900000095367432,0.3157995343208313,0.959999978542328,0.0739881992340087,817.1226206689068,d50_B50_R3_20251031_174106,2025-10-31 17:41:26,50,40,50,35.35533905932738
267,0.0,1.0,0.9900000095367432,0.3157995343208313,0.959999978542328,0.0435907840728759,817.9890285732981,d50_B50_R3_20251031_174106,2025-10-31 17:41:26,50,40,50,35.35533905932738
268,0.0,1.0,0.9900000095367432,0.3157995343208313,0.959999978542328,0.0669000148773193,817.6917159542378,d50_B50_R3_20251031_174106,2025-10-31 17:41:26,50,40,50,35.35533905932738
269,0.0,1.0,0.9900000095367432,0.3157995343208313,0.959999978542328,0.1021420955657959,815.6486126025957,d50_B50_R3_20251031_174106,2025-10-31 17:41:26,50,40,50,35.35533905932738
270,0.0,1.0,0.9900000095367432,0.3157995343208313,0.959999978542328,0.0628750324249267,815.5389851203303,d50_B50_R3_20251031_174106,2025-10-31 17:41:26,50,40,50,35.35533905932738
271,0.0,1.0,0.9900000095367432,0.3157995343208313,0.959999978542328,0.0569353103637695,815.7347090036479,d50_B50_R3_20251031_174106,2025-10-31 17:41:26,50,40,50,35.35533905932738
272,0.0,1.0,0.9900000095367432,0.3157995343208313,0.959999978542328,0.055967092514038,815.9852251049448,d50_B50_R3_20251031_174106,2025-10-31 17:41:26,50,40,50,35.35533905932738
273,0.0,1.0,0.9900000095367432,0.3157995343208313,0.959999978542328,0.0686132907867431,815.6195483211941,d50_B50_R3_20251031_174106,2025-10-31 17:41:26,50,40,50,35.35533905932738
274,0.0,1.0,0.9900000095367432,0.3157995343208313,0.959999978542328,0.0697848796844482,815.2016558896717,d50_B50_R3_20251031_174106,2025-10-31 17:41:26,50,40,50,35.35533905932738
275,0.0,1.0,0.9900000095367432,0.3157995343208313,0.959999978542328,0.1031291484832763,813.1845679778024,d50_B50_R3_20251031_174106,2025-10-31 17:41:26,50,40,50,35.35533905932738
276,0.0,1.0,0.9900000095367432,0.3157995343208313,0.959999978542328,0.0416269302368164,814.1241234563611,d50_B50_R3_20251031_174106,2025-10-31 17:41:26,50,40,50,35.35533905932738
277,0.0,1.0,0.9900000095367432,0.3157995343208313,0.959999978542328,0.0610198974609375,814.1333105286138,d50_B50_R3_20251031_174106,2025-10-31 17:41:26,50,40,50,35.35533905932738
278,0.0,1.0,0.9900000095367432,0.3157995343208313,0.959999978542328,0.0550568103790283,814.4210120739061,d50_B50_R3_20251031_174106,2025-10-31 17:41:26,50,40,50,35.35533905932738
279,0.0,1.0,0.9900000095367432,0.3157995343208313,0.959999978542328,0.0530178546905517,814.798417571795,d50_B50_R3_20251031_174106,2025-10-31 17:41:26,50,40,50,35.35533905932738
280,0.0,1.0,0.9900000095367432,0.3157995343208313,0.959999978542328,0.0796811580657959,813.9238531254146,d50_B50_R3_20251031_174106,2025-10-31 17:41:26,50,40,50,35.35533905932738
281,0.0,1.0,0.9900000095367432,0.3157995343208313,0.959999978542328,0.0604190826416015,813.9474390585278,d50_B50_R3_20251031_174106,2025-10-31 17:41:26,50,40,50,35.35533905932738
282,0.0,1.0,0.9900000095367432,0.3157995343208313,0.959999978542328,0.0531070232391357,814.3279811664552,d50_B50_R3_20251031_174106,2025-10-31 17:41:26,50,40,50,35.35533905932738
283,0.0,1.0,0.9900000095367432,0.3157995343208313,0.959999978542328,0.0504510402679443,814.8287793748182,d50_B50_R3_20251031_174106,2025-10-31 17:41:26,50,40,50,35.35533905932738
284,0.0,1.0,0.9900000095367432,0.3157995343208313,0.959999978542328,0.0994620323181152,813.0481142356421,d50_B50_R3_20251031_174106,2025-10-31 17:41:26,50,40,50,35.35533905932738
285,0.0,1.0,0.9900000095367432,0.3157995343208313,0.959999978542328,0.0858910083770752,811.9123283467064,d50_B50_R3_20251031_174106,2025-10-31 17:41:26,50,40,50,35.35533905932738
286,0.0,1.0,0.9900000095367432,0.3157995343208313,0.959999978542328,0.0739328861236572,811.33420367918,d50_B50_R3_20251031_174106,2025-10-31 17:41:26,50,40,50,35.35533905932738
287,0.0,1.0,0.9900000095367432,0.3157995343208313,0.959999978542328,0.0566921234130859,811.5482888677094,d50_B50_R3_20251031_174106,2025-10-31 17:41:26,50,40,50,35.35533905932738
288,0.0,1.0,0.9900000095367432,0.3157995343208313,0.959999978542328,0.058957815170288,811.6563593366405,d50_B50_R3_20251031_174106,2025-10-31 17:41:26,50,40,50,35.35533905932738
289,0.0,1.0,0.9900000095367432,0.3157995343208313,0.959999978542328,0.0534858703613281,812.0151317364446,d50_B50_R3_20251031_174106,2025-10-31 17:41:26,50,40,50,35.35533905932738
290,0.0,1.0,0.9900000095367432,0.3157995343208313,0.959999978542328,0.0769870281219482,811.3081722618593,d50_B50_R3_20251031_174106,2025-10-31 17:41:26,50,40,50,35.35533905932738
291,0.0,1.0,0.9900000095367432,0.3157995343208313,0.959999978542328,0.0472080707550048,811.9504486297616,d50_B50_R3_20251031_174106,2025-10-31 17:41:26,50,40,50,35.35533905932738
292,0.0,1.0,0.9900000095367432,0.3157995343208313,0.959999978542328,0.0663681030273437,811.7233963904513,d50_B50_R3_20251031_174106,2025-10-31 17:41:26,50,40,50,35.35533905932738
293,0.0,1.0,0.9900000095367432,0.3157995343208313,0.959999978542328,0.0720710754394531,811.119636612199,d50_B50_R3_20251031_174106,2025-10-31 17:41:26,50,40,50,35.35533905932738
294,0.0,1.0,0.9900000095367432,0.3157995343208313,0.959999978542328,0.0423240661621093,811.9705270870779,d50_B50_R3_20251031_174106,2025-10-31 17:41:26,50,40,50,35.35533905932738
295,0.0,1.0,0.9900000095367432,0.3157995343208313,0.959999978542328,0.0359199047088623,813.097498113753,d50_B50_R3_20251031_174106,2025-10-31 17:41:26,50,40,50,35.35533905932738
296,0.0,1.0,0.9900000095367432,0.3157995343208313,0.959999978542328,0.0434091091156005,813.886157913301,d50_B50_R3_20251031_174106,2025-10-31 17:41:26,50,40,50,35.35533905932738
297,0.0,1.0,0.9900000095367432,0.3157995343208313,0.959999978542328,0.0629739761352539,813.8069713507465,d50_B50_R3_20251031_174106,2025-10-31 17:41:26,50,40,50,35.35533905932738
298,0.0,1.0,0.9900000095367432,0.3157995343208313,0.959999978542328,0.0589501857757568,813.908996065398,d50_B50_R3_20251031_174106,2025-10-31 17:41:26,50,40,50,35.35533905932738
299,0.0,1.0,0.9900000095367432,0.3157995343208313,0.959999978542328,0.0519981384277343,814.2526412403657,d50_B50_R3_20251031_174106,2025-10-31 17:41:26,50,40,50,35.35533905932738
0,0.6931471228599548,0.4699999988079071,0.9987499713897704,0.1710830926895141,1.0,0.0825400352478027,1188.1409802444095,d100_B100_R3_20251031_174106,2025-10-31 17:41:30,100,40,100,50.0
1,0.0,1.0,0.9987499713897704,0.1710830926895141,1.0,0.0172269344329834,1967.148099944892,d100_B100_R3_20251031_174106,2025-10-31 17:41:30,100,40,100,50.0
2,0.0,1.0,0.9987499713897704,0.1710830926895141,1.0,0.0134682655334472,2600.102905531482,d100_B100_R3_20251031_174106,2025-10-31 17:41:30,100,40,100,50.0
3,0.0,1.0,0.9987499713897704,0.1710830926895141,1.0,0.0147178173065185,3066.162986843284,d100_B100_R3_20251031_174106,2025-10-31 17:41:30,100,40,100,50.0
4,0.0,1.0,0.9987499713897704,0.1710830926895141,1.0,0.0111141204833984,3527.4353013997707,d100_B100_R3_20251031_174106,2025-10-31 17:41:30,100,40,100,50.0
5,0.0,1.0,0.9987499713897704,0.1710830926895141,1.0,0.0127668380737304,3875.3438263705702,d100_B100_R3_20251031_174106,2025-10-31 17:41:30,100,40,100,50.0
6,0.0,1.0,0.9987499713897704,0.1710830926895141,1.0,0.0168209075927734,4073.365770280376,d100_B100_R3_20251031_174106,2025-10-31 17:41:30,100,40,100,50.0
7,0.0,1.0,0.9987499713897704,0.1710830926895141,1.0,0.0127840042114257,4329.095809395284,d100_B100_R3_20251031_174106,2025-10-31 17:41:30,100,40,100,50.0
8,0.0,1.0,0.9987499713897704,0.1710830926895141,1.0,0.0232930183410644,4321.915766189694,d100_B100_R3_20251031_174106,2025-10-31 17:41:30,100,40,100,50.0
9,0.0,1.0,0.9987499713897704,0.1710830926895141,1.0,0.0337190628051757,4130.247984015898,d100_B100_R3_20251031_174106,2025-10-31 17:41:30,100,40,100,50.0
10,0.0,1.0,0.9987499713897704,0.1710830926895141,1.0,0.0374326705932617,3929.819970835548,d100_B100_R3_20251031_174106,2025-10-31 17:41:30,100,40,100,50.0
11,0.0,1.0,0.9987499713897704,0.1710830926895141,1.0,0.0375890731811523,3776.8148828497847,d100_B100_R3_20251031_174106,2025-10-31 17:41:30,100,40,100,50.0
12,0.0,1.0,0.9987499713897704,0.1710830926895141,1.0,0.0393099784851074,3637.1560437771864,d100_B100_R3_20251031_174106,2025-10-31 17:41:30,100,40,100,50.0
13,0.0,1.0,0.9987499713897704,0.1710830926895141,1.0,0.0378451347351074,3538.737678954968,d100_B100_R3_20251031_174106,2025-10-31 17:41:30,100,40,100,50.0
14,0.0,1.0,0.9987499713897704,0.1710830926895141,1.0,0.0257868766784667,3557.2583221429077,d100_B100_R3_20251031_174106,2025-10-31 17:41:30,100,40,100,50.0
15,0.0,1.0,0.9987499713897704,0.1710830926895141,1.0,0.0149190425872802,3663.0876131941072,d100_B100_R3_20251031_174106,2025-10-31 17:41:30,100,40,100,50.0
16,0.0,1.0,0.9987499713897704,0.1710830926895141,1.0,0.0144650936126708,3766.00907921736,d100_B100_R3_20251031_174106,2025-10-31 17:41:30,100,40,100,50.0
17,0.0,1.0,0.9987499713897704,0.1710830926895141,1.0,0.0491242408752441,3592.031987759087,d100_B100_R3_20251031_174106,2025-10-31 17:41:30,100,40,100,50.0
18,0.0,1.0,0.9987499713897704,0.1710830926895141,1.0,0.1021440029144287,3148.467581067579,d100_B100_R3_20251031_174106,2025-10-31 17:41:30,100,40,100,50.0
19,0.0,1.0,0.9987499713897704,0.1710830926895141,1.0,0.0515530109405517,3048.9948278431416,d100_B100_R3_20251031_174106,2025-10-31 17:41:30,100,40,100,50.0
20,0.0,1.0,0.9987499713897704,0.1710830926895141,1.0,0.026810884475708,3075.01259430015,d100_B100_R3_20251031_174106,2025-10-31 17:41:30,100,40,100,50.0
21,0.0,1.0,0.9987499713897704,0.1710830926895141,1.0,0.0255510807037353,3104.581708560297,d100_B100_R3_20251031_174106,2025-10-31 17:41:30,100,40,100,50.0
22,0.0,1.0,0.9987499713897704,0.1710830926895141,1.0,0.0344400405883789,3094.499899596912,d100_B100_R3_20251031_174106,2025-10-31 17:41:30,100,40,100,50.0
23,0.0,1.0,0.9987499713897704,0.1710830926895141,1.0,0.0383329391479492,3069.2930124493473,d100_B100_R3_20251031_174106,2025-10-31 17:41:30,100,40,100,50.0
24,0.0,1.0,0.9987499713897704,0.1710830926895141,1.0,0.0316240787506103,3072.3252344291136,d100_B100_R3_20251031_174106,2025-10-31 17:41:30,100,40,100,50.0
25,0.0,1.0,0.9987499713897704,0.1710830926895141,1.0,0.084115982055664,2895.254520420945,d100_B100_R3_20251031_174106,2025-10-31 17:41:30,100,40,100,50.0
26,0.0,1.0,0.9987499713897704,0.1710830926895141,1.0,0.0275390148162841,2916.51578396509,d100_B100_R3_20251031_174106,2025-10-31 17:41:30,100,40,100,50.0
27,0.0,1.0,0.9987499713897704,0.1710830926895141,1.0,0.0704760551452636,2810.037417552416,d100_B100_R3_20251031_174106,2025-10-31 17:41:30,100,40,100,50.0
28,0.0,1.0,0.9987499713897704,0.1710830926895141,1.0,0.0571019649505615,2752.0907640386595,d100_B100_R3_20251031_174106,2025-10-31 17:41:30,100,40,100,50.0
29,0.0,1.0,0.9987499713897704,0.1710830926895141,1.0,0.0282011032104492,2772.2070584150392,d100_B100_R3_20251031_174106,2025-10-31 17:41:30,100,40,100,50.0
30,0.0,1.0,0.9987499713897704,0.1710830926895141,1.0,0.0356249809265136,2772.771258792633,d100_B100_R3_20251031_174106,2025-10-31 17:41:30,100,40,100,50.0
31,0.0,1.0,0.9987499713897704,0.1710830926895141,1.0,0.0428450107574462,2756.092902150064,d100_B100_R3_20251031_174106,2025-10-31 17:41:30,100,40,100,50.0
32,0.0,1.0,0.9987499713897704,0.1710830926895141,1.0,0.0701017379760742,2679.917526124504,d100_B100_R3_20251031_174106,2025-10-31 17:41:30,100,40,100,50.0
33,0.0,1.0,0.9987499713897704,0.1710830926895141,1.0,0.0574350357055664,2637.207982877033,d100_B100_R3_20251031_174106,2025-10-31 17:41:30,100,40,100,50.0
34,0.0,1.0,0.9987499713897704,0.1710830926895141,1.0,0.0566930770874023,2600.1134976475096,d100_B100_R3_20251031_174106,2025-10-31 17:41:30,100,40,100,50.0
35,0.0,1.0,0.9987499713897704,0.1710830926895141,1.0,0.0601241588592529,2559.6667100637937,d100_B100_R3_20251031_174106,2025-10-31 17:41:30,100,40,100,50.0
36,0.0,1.0,0.9987499713897704,0.1710830926895141,1.0,0.0276339054107666,2579.628663987235,d100_B100_R3_20251031_174106,2025-10-31 17:41:30,100,40,100,50.0
37,0.0,1.0,0.9987499713897704,0.1710830926895141,1.0,0.0617039203643798,2539.4977585105853,d100_B100_R3_20251031_174106,2025-10-31 17:41:30,100,40,100,50.0
38,0.0,1.0,0.9987499713897704,0.1710830926895141,1.0,0.0374641418457031,2542.38091700365,d100_B100_R3_20251031_174106,2025-10-31 17:41:30,100,40,100,50.0
39,0.0,1.0,0.9987499713897704,0.1710830926895141,1.0,0.0390770435333251,2542.5055321553023,d100_B100_R3_20251031_174106,2025-10-31 17:41:30,100,40,100,50.0
40,0.0,1.0,0.9987499713897704,0.1710830926895141,1.0,0.0404658317565918,2540.3276479955566,d100_B100_R3_20251031_174106,2025-10-31 17:41:30,100,40,100,50.0
41,0.0,1.0,0.9987499713897704,0.1710830926895141,1.0,0.0483410358428955,2526.3583239888408,d100_B100_R3_20251031_174106,2025-10-31 17:41:30,100,40,100,50.0
42,0.0,1.0,0.9987499713897704,0.1710830926895141,1.0,0.0272481441497802,2544.5229185442604,d100_B100_R3_20251031_174106,2025-10-31 17:41:30,100,40,100,50.0
43,0.0,1.0,0.9987499713897704,0.1710830926895141,1.0,0.0414862632751464,2541.0126193267965,d100_B100_R3_20251031_174106,2025-10-31 17:41:30,100,40,100,50.0
44,0.0,1.0,0.9987499713897704,0.1710830926895141,1.0,0.0425500869750976,2536.1786067011108,d100_B100_R3_20251031_174106,2025-10-31 17:41:30,100,40,100,50.0
45,0.0,1.0,0.9987499713897704,0.1710830926895141,1.0,0.0418078899383544,2532.6167268389295,d100_B100_R3_20251031_174106,2025-10-31 17:41:30,100,40,100,50.0
46,0.0,1.0,0.9987499713897704,0.1710830926895141,1.0,0.0629510879516601,2500.7381487470957,d100_B100_R3_20251031_174106,2025-10-31 17:41:30,100,40,100,50.0
47,0.0,1.0,0.9987499713897704,0.1710830926895141,1.0,0.0991261005401611,2425.7873037832824,d100_B100_R3_20251031_174106,2025-10-31 17:41:30,100,40,100,50.0
48,0.0,1.0,0.9987499713897704,0.1710830926895141,1.0,0.0887229442596435,2369.816018350543,d100_B100_R3_20251031_174106,2025-10-31 17:41:30,100,40,100,50.0
49,0.0,1.0,0.9987499713897704,0.1710830926895141,1.0,0.0605149269104003,2349.1647571518315,d100_B100_R3_20251031_174106,2025-10-31 17:41:30,100,40,100,50.0
50,0.0,1.0,0.9987499713897704,0.1710830926895141,1.0,0.0424199104309082,2349.130569286883,d100_B100_R3_20251031_174106,2025-10-31 17:41:30,100,40,100,50.0
51,0.0,1.0,0.9987499713897704,0.1710830926895141,1.0,0.0642430782318115,2326.148330375127,d100_B100_R3_20251031_174106,2025-10-31 17:41:30,100,40,100,50.0
52,0.0,1.0,0.9987499713897704,0.1710830926895141,1.0,0.0453848838806152,2323.533908727301,d100_B100_R3_20251031_174106,2025-10-31 17:41:30,100,40,100,50.0
53,0.0,1.0,0.9987499713897704,0.1710830926895141,1.0,0.0486369132995605,2317.67514152362,d100_B100_R3_20251031_174106,2025-10-31 17:41:30,100,40,100,50.0
54,0.0,1.0,0.9987499713897704,0.1710830926895141,1.0,0.0767021179199218,2285.160687148842,d100_B100_R3_20251031_174106,2025-10-31 17:41:30,100,40,100,50.0
55,0.0,1.0,0.9987499713897704,0.1710830926895141,1.0,0.111454963684082,2223.517265600668,d100_B100_R3_20251031_174106,2025-10-31 17:41:30,100,40,100,50.0
56,0.0,1.0,0.9987499713897704,0.1710830926895141,1.0,0.0659308433532714,2205.3011280020232,d100_B100_R3_20251031_174106,2025-10-31 17:41:30,100,40,100,50.0
57,0.0,1.0,0.9987499713897704,0.1710830926895141,1.0,0.0653619766235351,2188.4934924898675,d100_B100_R3_20251031_174106,2025-10-31 17:41:30,100,40,100,50.0
58,0.0,1.0,0.9987499713897704,0.1710830926895141,1.0,0.0557868480682373,2180.1827832084723,d100_B100_R3_20251031_174106,2025-10-31 17:41:30,100,40,100,50.0
59,0.0,1.0,0.9987499713897704,0.1710830926895141,1.0,0.0367970466613769,2187.1875765903415,d100_B100_R3_20251031_174106,2025-10-31 17:41:30,100,40,100,50.0
60,0.0,1.0,0.9987499713897704,0.1710830926895141,1.0,0.0780799388885498,2161.9175565986247,d100_B100_R3_20251031_174106,2025-10-31 17:41:30,100,40,100,50.0
61,0.0,1.0,0.9987499713897704,0.1710830926895141,1.0,0.0464560985565185,2161.5997478366285,d100_B100_R3_20251031_174106,2025-10-31 17:41:30,100,40,100,50.0
62,0.0,1.0,0.9987499713897704,0.1710830926895141,1.0,0.0656793117523193,2147.1300299982595,d100_B100_R3_20251031_174106,2025-10-31 17:41:30,100,40,100,50.0
63,0.0,1.0,0.9987499713897704,0.1710830926895141,1.0,0.0477519035339355,2146.1379336700716,d100_B100_R3_20251031_174106,2025-10-31 17:41:30,100,40,100,50.0
64,0.0,1.0,0.9987499713897704,0.1710830926895141,1.0,0.0281422138214111,2159.135464387578,d100_B100_R3_20251031_174106,2025-10-31 17:41:30,100,40,100,50.0
65,0.0,1.0,0.9987499713897704,0.1710830926895141,1.0,0.0380229949951171,2164.848620400439,d100_B100_R3_20251031_174106,2025-10-31 17:41:30,100,40,100,50.0
66,0.0,1.0,0.9987499713897704,0.1710830926895141,1.0,0.0910398960113525,2133.7768464353603,d100_B100_R3_20251031_174106,2025-10-31 17:41:30,100,40,100,50.0
67,0.0,1.0,0.9987499713897704,0.1710830926895141,1.0,0.0890071392059326,2105.786654306179,d100_B100_R3_20251031_174106,2025-10-31 17:41:30,100,40,100,50.0
68,0.0,1.0,0.9987499713897704,0.1710830926895141,1.0,0.1408607959747314,2047.319211887408,d100_B100_R3_20251031_174106,2025-10-31 17:41:30,100,40,100,50.0
69,0.0,1.0,0.9987499713897704,0.1710830926895141,1.0,0.060403823852539,2040.0804577542592,d100_B100_R3_20251031_174106,2025-10-31 17:41:30,100,40,100,50.0
70,0.0,1.0,0.9987499713897704,0.1710830926895141,1.0,0.0450248718261718,2042.262036940391,d100_B100_R3_20251031_174106,2025-10-31 17:41:30,100,40,100,50.0
71,0.0,1.0,0.9987499713897704,0.1710830926895141,1.0,0.059535264968872,2036.020484939686,d100_B100_R3_20251031_174106,2025-10-31 17:41:30,100,40,100,50.0
72,0.0,1.0,0.9987499713897704,0.1710830926895141,1.0,0.066929817199707,2025.827873284342,d100_B100_R3_20251031_174106,2025-10-31 17:41:30,100,40,100,50.0
73,0.0,1.0,0.9987499713897704,0.1710830926895141,1.0,0.0486869812011718,2024.1408299643683,d100_B100_R3_20251031_174106,2025-10-31 17:41:30,100,40,100,50.0
74,0.0,1.0,0.9987499713897704,0.1710830926895141,1.0,0.0366201400756835,2031.019827979827,d100_B100_R3_20251031_174106,2025-10-31 17:41:30,100,40,100,50.0
75,0.0,1.0,0.9987499713897704,0.1710830926895141,1.0,0.0478699207305908,2031.6454680484728,d100_B100_R3_20251031_174106,2025-10-31 17:41:30,100,40,100,50.0
76,0.0,1.0,0.9987499713897704,0.1710830926895141,1.0,0.0348737239837646,2039.2612142934313,d100_B100_R3_20251031_174106,2025-10-31 17:41:30,100,40,100,50.0
77,0.0,1.0,0.9987499713897704,0.1710830926895141,1.0,0.0430078506469726,2042.372811838476,d100_B100_R3_20251031_174106,2025-10-31 17:41:30,100,40,100,50.0
78,0.0,1.0,0.9987499713897704,0.1710830926895141,1.0,0.0402750968933105,2046.861139983304,d100_B100_R3_20251031_174106,2025-10-31 17:41:30,100,40,100,50.0
79,0.0,1.0,0.9987499713897704,0.1710830926895141,1.0,0.0755789279937744,2032.8523712832189,d100_B100_R3_20251031_174106,2025-10-31 17:41:30,100,40,100,50.0
80,0.0,1.0,0.9987499713897704,0.1710830926895141,1.0,0.0338170528411865,2040.6132820352927,d100_B100_R3_20251031_174106,2025-10-31 17:41:30,100,40,100,50.0
81,0.0,1.0,0.9987499713897704,0.1710830926895141,1.0,0.0542490482330322,2037.8655215737097,d100_B100_R3_20251031_174106,2025-10-31 17:41:30,100,40,100,50.0
82,0.0,1.0,0.9987499713897704,0.1710830926895141,1.0,0.0479071140289306,2038.34536776433,d100_B100_R3_20251031_174106,2025-10-31 17:41:30,100,40,100,50.0
83,0.0,1.0,0.9987499713897704,0.1710830926895141,1.0,0.0431981086730957,2041.1584079636348,d100_B100_R3_20251031_174106,2025-10-31 17:41:30,100,40,100,50.0
84,0.0,1.0,0.9987499713897704,0.1710830926895141,1.0,0.07236909866333,2029.6645782450464,d100_B100_R3_20251031_174106,2025-10-31 17:41:30,100,40,100,50.0
85,0.0,1.0,0.9987499713897704,0.1710830926895141,1.0,0.1339011192321777,1989.8250040324956,d100_B100_R3_20251031_174106,2025-10-31 17:41:30,100,40,100,50.0
86,0.0,1.0,0.9987499713897704,0.1710830926895141,1.0,0.076589822769165,1977.8211819952712,d100_B100_R3_20251031_174106,2025-10-31 17:41:30,100,40,100,50.0
87,0.0,1.0,0.9987499713897704,0.1710830926895141,1.0,0.0856351852416992,1962.2529100027284,d100_B100_R3_20251031_174106,2025-10-31 17:41:30,100,40,100,50.0
88,0.0,1.0,0.9987499713897704,0.1710830926895141,1.0,0.0348589420318603,1969.170311343592,d100_B100_R3_20251031_174106,2025-10-31 17:41:30,100,40,100,50.0
89,0.0,1.0,0.9987499713897704,0.1710830926895141,1.0,0.0541996955871582,1967.6160727768151,d100_B100_R3_20251031_174106,2025-10-31 17:41:30,100,40,100,50.0
90,0.0,1.0,0.9987499713897704,0.1710830926895141,1.0,0.1389267444610595,1930.750579556512,d100_B100_R3_20251031_174106,2025-10-31 17:41:30,100,40,100,50.0
91,0.0,1.0,0.9987499713897704,0.1710830926895141,1.0,0.0587382316589355,1927.8610710482285,d100_B100_R3_20251031_174106,2025-10-31 17:41:30,100,40,100,50.0
92,0.0,1.0,0.9987499713897704,0.1710830926895141,1.0,0.0638628005981445,1923.0153127265296,d100_B100_R3_20251031_174106,2025-10-31 17:41:30,100,40,100,50.0
93,0.0,1.0,0.9987499713897704,0.1710830926895141,1.0,0.0446562767028808,1925.8280803439936,d100_B100_R3_20251031_174106,2025-10-31 17:41:30,100,40,100,50.0
94,0.0,1.0,0.9987499713897704,0.1710830926895141,1.0,0.0622758865356445,1921.7169431178193,d100_B100_R3_20251031_174106,2025-10-31 17:41:30,100,40,100,50.0
95,0.0,1.0,0.9987499713897704,0.1710830926895141,1.0,0.0458300113677978,1924.0269525063688,d100_B100_R3_20251031_174106,2025-10-31 17:41:30,100,40,100,50.0
96,0.0,1.0,0.9987499713897704,0.1710830926895141,1.0,0.1333608627319336,1893.39445348578,d100_B100_R3_20251031_174106,2025-10-31 17:41:30,100,40,100,50.0
97,0.0,1.0,0.9987499713897704,0.1710830926895141,1.0,0.0483350753784179,1894.951229098992,d100_B100_R3_20251031_174106,2025-10-31 17:41:30,100,40,100,50.0
98,0.0,1.0,0.9987499713897704,0.1710830926895141,1.0,0.0727500915527343,1887.2503053561888,d100_B100_R3_20251031_174106,2025-10-31 17:41:30,100,40,100,50.0
99,0.0,1.0,0.9987499713897704,0.1710830926895141,1.0,0.0888850688934326,1874.4823369212424,d100_B100_R3_20251031_174106,2025-10-31 17:41:30,100,40,100,50.0
100,0.0,1.0,0.9987499713897704,0.1710830926895141,1.0,0.0400221347808837,1879.0435126235216,d100_B100_R3_20251031_174106,2025-10-31 17:41:30,100,40,100,50.0
101,0.0,1.0,0.9987499713897704,0.1710830926895141,1.0,0.0472981929779052,1880.9709898836131,d100_B100_R3_20251031_174106,2025-10-31 17:41:30,100,40,100,50.0
102,0.0,1.0,0.9987499713897704,0.1710830926895141,1.0,0.0600497722625732,1878.5384551497543,d100_B100_R3_20251031_174106,2025-10-31 17:41:30,100,40,100,50.0
103,0.0,1.0,0.9987499713897704,0.1710830926895141,1.0,0.0538671016693115,1878.253719572832,d100_B100_R3_20251031_174106,2025-10-31 17:41:30,100,40,100,50.0
104,0.0,1.0,0.9987499713897704,0.1710830926895141,1.0,0.0493760108947753,1879.4839516071695,d100_B100_R3_20251031_174106,2025-10-31 17:41:30,100,40,100,50.0
105,0.0,1.0,0.9987499713897704,0.1710830926895141,1.0,0.0326731204986572,1886.2760373322908,d100_B100_R3_20251031_174106,2025-10-31 17:41:30,100,40,100,50.0
106,0.0,1.0,0.9987499713897704,0.1710830926895141,1.0,0.0476720333099365,1887.9889397187071,d100_B100_R3_20251031_174106,2025-10-31 17:41:30,100,40,100,50.0
107,0.0,1.0,0.9987499713897704,0.1710830926895141,1.0,0.0430102348327636,1891.2065262086371,d100_B100_R3_20251031_174106,2025-10-31 17:41:30,100,40,100,50.0
108,0.0,1.0,0.9987499713897704,0.1710830926895141,1.0,0.0471296310424804,1893.02134321625,d100_B100_R3_20251031_174106,2025-10-31 17:41:30,100,40,100,50.0
109,0.0,1.0,0.9987499713897704,0.1710830926895141,1.0,0.0877120494842529,1881.5650171560976,d100_B100_R3_20251031_174106,2025-10-31 17:41:30,100,40,100,50.0
110,0.0,1.0,0.9987499713897704,0.1710830926895141,1.0,0.0473940372467041,1883.3407375003408,d100_B100_R3_20251031_174106,2025-10-31 17:41:30,100,40,100,50.0
111,0.0,1.0,0.9987499713897704,0.1710830926895141,1.0,0.0530822277069091,1883.234094085606,d100_B100_R3_20251031_174106,2025-10-31 17:41:30,100,40,100,50.0
112,0.0,1.0,0.9987499713897704,0.1710830926895141,1.0,0.0492050647735595,1884.373767117425,d100_B100_R3_20251031_174106,2025-10-31 17:41:30,100,40,100,50.0
113,0.0,1.0,0.9987499713897704,0.1710830926895141,1.0,0.0848810672760009,1874.4518309074672,d100_B100_R3_20251031_174106,2025-10-31 17:41:30,100,40,100,50.0
114,0.0,1.0,0.9987499713897704,0.1710830926895141,1.0,0.0810470581054687,1865.9649466495184,d100_B100_R3_20251031_174106,2025-10-31 17:41:30,100,40,100,50.0
115,0.0,1.0,0.9987499713897704,0.1710830926895141,1.0,0.0312709808349609,1872.6186475673185,d100_B100_R3_20251031_174106,2025-10-31 17:41:30,100,40,100,50.0
116,0.0,1.0,0.9987499713897704,0.1710830926895141,1.0,0.0579779148101806,1871.190119815848,d100_B100_R3_20251031_174106,2025-10-31 17:41:30,100,40,100,50.0
117,0.0,1.0,0.9987499713897704,0.1710830926895141,1.0,0.0746760368347168,1864.8537295106073,d100_B100_R3_20251031_174106,2025-10-31 17:41:30,100,40,100,50.0
118,0.0,1.0,0.9987499713897704,0.1710830926895141,1.0,0.1609189510345459,1833.958867647772,d100_B100_R3_20251031_174106,2025-10-31 17:41:30,100,40,100,50.0
119,0.0,1.0,0.9987499713897704,0.1710830926895141,1.0,0.1344032287597656,1811.786753813888,d100_B100_R3_20251031_174106,2025-10-31 17:41:30,100,40,100,50.0
120,0.0,1.0,0.9987499713897704,0.1710830926895141,1.0,0.0659689903259277,1808.8061719503355,d100_B100_R3_20251031_174106,2025-10-31 17:41:30,100,40,100,50.0
121,0.0,1.0,0.9987499713897704,0.1710830926895141,1.0,0.0805068016052246,1802.0109636679888,d100_B100_R3_20251031_174106,2025-10-31 17:41:30,100,40,100,50.0
122,0.0,1.0,0.9987499713897704,0.1710830926895141,1.0,0.0710210800170898,1797.871824656306,d100_B100_R3_20251031_174106,2025-10-31 17:41:30,100,40,100,50.0
123,0.0,1.0,0.9987499713897704,0.1710830926895141,1.0,0.0628218650817871,1795.9419093977244,d100_B100_R3_20251031_174106,2025-10-31 17:41:30,100,40,100,50.0
124,0.0,1.0,0.9987499713897704,0.1710830926895141,1.0,0.0840580463409423,1788.4365227631938,d100_B100_R3_20251031_174106,2025-10-31 17:41:30,100,40,100,50.0
125,0.0,1.0,0.9987499713897704,0.1710830926895141,1.0,0.0842690467834472,1781.2193203347267,d100_B100_R3_20251031_174106,2025-10-31 17:41:30,100,40,100,50.0
126,0.0,1.0,0.9987499713897704,0.1710830926895141,1.0,0.0565619468688964,1781.0570133127403,d100_B100_R3_20251031_174106,2025-10-31 17:41:30,100,40,100,50.0
127,0.0,1.0,0.9987499713897704,0.1710830926895141,1.0,0.0638360977172851,1779.1031833356635,d100_B100_R3_20251031_174106,2025-10-31 17:41:30,100,40,100,50.0
128,0.0,1.0,0.9987499713897704,0.1710830926895141,1.0,0.0497021675109863,1780.654764265283,d100_B100_R3_20251031_174106,2025-10-31 17:41:30,100,40,100,50.0
129,0.0,1.0,0.9987499713897704,0.1710830926895141,1.0,0.0744369029998779,1776.1409588609283,d100_B100_R3_20251031_174106,2025-10-31 17:41:30,100,40,100,50.0
130,0.0,1.0,0.9987499713897704,0.1710830926895141,1.0,0.0673348903656005,1773.437744392674,d100_B100_R3_20251031_174106,2025-10-31 17:41:30,100,40,100,50.0
131,0.0,1.0,0.9987499713897704,0.1710830926895141,1.0,0.0607171058654785,1772.3206656073362,d100_B100_R3_20251031_174106,2025-10-31 17:41:30,100,40,100,50.0
132,0.0,1.0,0.9987499713897704,0.1710830926895141,1.0,0.0652081966400146,1770.1419067941083,d100_B100_R3_20251031_174106,2025-10-31 17:41:30,100,40,100,50.0
133,0.0,1.0,0.9987499713897704,0.1710830926895141,1.0,0.0784392356872558,1764.9553340042864,d100_B100_R3_20251031_174106,2025-10-31 17:41:30,100,40,100,50.0
134,0.0,1.0,0.9987499713897704,0.1710830926895141,1.0,0.0799498558044433,1759.5316359931835,d100_B100_R3_20251031_174106,2025-10-31 17:41:30,100,40,100,50.0
135,0.0,1.0,0.9987499713897704,0.1710830926895141,1.0,0.0763897895812988,1754.9974408449998,d100_B100_R3_20251031_174106,2025-10-31 17:41:30,100,40,100,50.0
136,0.0,1.0,0.9987499713897704,0.1710830926895141,1.0,0.0784718990325927,1750.1371127367736,d100_B100_R3_20251031_174106,2025-10-31 17:41:30,100,40,100,50.0
137,0.0,1.0,0.9987499713897704,0.1710830926895141,1.0,0.1043198108673095,1739.6809679943085,d100_B100_R3_20251031_174106,2025-10-31 17:41:30,100,40,100,50.0
138,0.0,1.0,0.9987499713897704,0.1710830926895141,1.0,0.1021101474761962,1729.9690037267396,d100_B100_R3_20251031_174106,2025-10-31 17:41:30,100,40,100,50.0
139,0.0,1.0,0.9987499713897704,0.1710830926895141,1.0,0.0817677974700927,1724.8133915431818,d100_B100_R3_20251031_174106,2025-10-31 17:41:30,100,40,100,50.0
140,0.0,1.0,0.9987499713897704,0.1710830926895141,1.0,0.0813047885894775,1719.852372254336,d100_B100_R3_20251031_174106,2025-10-31 17:41:30,100,40,100,50.0
141,0.0,1.0,0.9987499713897704,0.1710830926895141,1.0,0.071429967880249,1717.0362649721455,d100_B100_R3_20251031_174106,2025-10-31 17:41:30,100,40,100,50.0
142,0.0,1.0,0.9987499713897704,0.1710830926895141,1.0,0.130638837814331,1702.1622695441229,d100_B100_R3_20251031_174106,2025-10-31 17:41:30,100,40,100,50.0
143,0.0,1.0,0.9987499713897704,0.1710830926895141,1.0,0.0672299861907959,1700.350334572022,d100_B100_R3_20251031_174106,2025-10-31 17:41:30,100,40,100,50.0
144,0.0,1.0,0.9987499713897704,0.1710830926895141,1.0,0.0771920680999755,1696.6507462415088,d100_B100_R3_20251031_174106,2025-10-31 17:41:30,100,40,100,50.0
145,0.0,1.0,0.9987499713897704,0.1710830926895141,1.0,0.0600888729095459,1696.3743279217103,d100_B100_R3_20251031_174106,2025-10-31 17:41:30,100,40,100,50.0
146,0.0,1.0,0.9987499713897704,0.1710830926895141,1.0,0.0735011100769043,1693.4855310288342,d100_B100_R3_20251031_174106,2025-10-31 17:41:30,100,40,100,50.0
147,0.0,1.0,0.9987499713897704,0.1710830926895141,1.0,0.1615898609161377,1673.798803695609,d100_B100_R3_20251031_174106,2025-10-31 17:41:30,100,40,100,50.0
148,0.0,1.0,0.9987499713897704,0.1710830926895141,1.0,0.2186770439147949,1644.3252006739574,d100_B100_R3_20251031_174106,2025-10-31 17:41:30,100,40,100,50.0
149,0.0,1.0,0.9987499713897704,0.1710830926895141,1.0,0.1345207691192627,1631.0859810893294,d100_B100_R3_20251031_174106,2025-10-31 17:41:30,100,40,100,50.0
150,0.0,1.0,0.9987499713897704,0.1710830926895141,1.0,0.0820591449737548,1627.376143228445,d100_B100_R3_20251031_174106,2025-10-31 17:41:30,100,40,100,50.0
151,0.0,1.0,0.9987499713897704,0.1710830926895141,1.0,0.0646660327911377,1626.7555207716475,d100_B100_R3_20251031_174106,2025-10-31 17:41:30,100,40,100,50.0
152,0.0,1.0,0.9987499713897704,0.1710830926895141,1.0,0.0666477680206298,1625.8299946859483,d100_B100_R3_20251031_174106,2025-10-31 17:41:30,100,40,100,50.0
153,0.0,1.0,0.9987499713897704,0.1710830926895141,1.0,0.0498769283294677,1627.672283806629,d100_B100_R3_20251031_174106,2025-10-31 17:41:30,100,40,100,50.0
154,0.0,1.0,0.9987499713897704,0.1710830926895141,1.0,0.0654599666595459,1626.947242651052,d100_B100_R3_20251031_174106,2025-10-31 17:41:30,100,40,100,50.0
155,0.0,1.0,0.9987499713897704,0.1710830926895141,1.0,0.0677309036254882,1625.8508303062547,d100_B100_R3_20251031_174106,2025-10-31 17:41:30,100,40,100,50.0
156,0.0,1.0,0.9987499713897704,0.1710830926895141,1.0,0.0560989379882812,1626.7273650143616,d100_B100_R3_20251031_174106,2025-10-31 17:41:30,100,40,100,50.0
157,0.0,1.0,0.9987499713897704,0.1710830926895141,1.0,0.0909802913665771,1621.731345814016,d100_B100_R3_20251031_174106,2025-10-31 17:41:30,100,40,100,50.0
158,0.0,1.0,0.9987499713897704,0.1710830926895141,1.0,0.1078498363494873,1614.0991316513418,d100_B100_R3_20251031_174106,2025-10-31 17:41:30,100,40,100,50.0
159,0.0,1.0,0.9987499713897704,0.1710830926895141,1.0,0.0846378803253173,1610.3741816102329,d100_B100_R3_20251031_174106,2025-10-31 17:41:30,100,40,100,50.0
160,0.0,1.0,0.9987499713897704,0.1710830926895141,1.0,0.0720441341400146,1608.7123562997415,d100_B100_R3_20251031_174106,2025-10-31 17:41:30,100,40,100,50.0
161,0.0,1.0,0.9987499713897704,0.1710830926895141,1.0,0.0867719650268554,1604.7481162531217,d100_B100_R3_20251031_174106,2025-10-31 17:41:30,100,40,100,50.0
162,0.0,1.0,0.9987499713897704,0.1710830926895141,1.0,0.0559601783752441,1605.7197473816132,d100_B100_R3_20251031_174106,2025-10-31 17:41:30,100,40,100,50.0
163,0.0,1.0,0.9987499713897704,0.1710830926895141,1.0,0.0586860179901123,1606.2546677744824,d100_B100_R3_20251031_174106,2025-10-31 17:41:30,100,40,100,50.0
164,0.0,1.0,0.9987499713897704,0.1710830926895141,1.0,0.0595419406890869,1606.6176492779043,d100_B100_R3_20251031_174106,2025-10-31 17:41:30,100,40,100,50.0
165,0.0,1.0,0.9987499713897704,0.1710830926895141,1.0,0.0699739456176757,1605.3892959346083,d100_B100_R3_20251031_174106,2025-10-31 17:41:30,100,40,100,50.0
166,0.0,1.0,0.9987499713897704,0.1710830926895141,1.0,0.0699691772460937,1604.174116716749,d100_B100_R3_20251031_174106,2025-10-31 17:41:30,100,40,100,50.0
167,0.0,1.0,0.9987499713897704,0.1710830926895141,1.0,0.1284389495849609,1594.0698976152082,d100_B100_R3_20251031_174106,2025-10-31 17:41:30,100,40,100,50.0
168,0.0,1.0,0.9987499713897704,0.1710830926895141,1.0,0.0708138942718505,1592.8223944772606,d100_B100_R3_20251031_174106,2025-10-31 17:41:30,100,40,100,50.0
169,0.0,1.0,0.9987499713897704,0.1710830926895141,1.0,0.0249290466308593,1598.4194956369906,d100_B100_R3_20251031_174106,2025-10-31 17:41:30,100,40,100,50.0
170,0.0,1.0,0.9987499713897704,0.1710830926895141,1.0,0.1048383712768554,1592.0884682541691,d100_B100_R3_20251031_174106,2025-10-31 17:41:30,100,40,100,50.0
171,0.0,1.0,0.9987499713897704,0.1710830926895141,1.0,0.066551923751831,1591.4878311741418,d100_B100_R3_20251031_174106,2025-10-31 17:41:30,100,40,100,50.0
172,0.0,1.0,0.9987499713897704,0.1710830926895141,1.0,0.0843710899353027,1588.3063776135607,d100_B100_R3_20251031_174106,2025-10-31 17:41:30,100,40,100,50.0
173,0.0,1.0,0.9987499713897704,0.1710830926895141,1.0,0.0990190505981445,1583.0577317935504,d100_B100_R3_20251031_174106,2025-10-31 17:41:30,100,40,100,50.0
174,0.0,1.0,0.9987499713897704,0.1710830926895141,1.0,0.0693578720092773,1581.8330839766093,d100_B100_R3_20251031_174106,2025-10-31 17:41:30,100,40,100,50.0
175,0.0,1.0,0.9987499713897704,0.1710830926895141,1.0,0.0755903720855712,1580.0434571210883,d100_B100_R3_20251031_174106,2025-10-31 17:41:30,100,40,100,50.0
176,0.0,1.0,0.9987499713897704,0.1710830926895141,1.0,0.0680220127105712,1579.3487322810338,d100_B100_R3_20251031_174106,2025-10-31 17:41:30,100,40,100,50.0
177,0.0,1.0,0.9987499713897704,0.1710830926895141,1.0,0.0735690593719482,1577.8783511359054,d100_B100_R3_20251031_174106,2025-10-31 17:41:30,100,40,100,50.0
178,0.0,1.0,0.9987499713897704,0.1710830926895141,1.0,0.0979847908020019,1573.055644754039,d100_B100_R3_20251031_174106,2025-10-31 17:41:30,100,40,100,50.0
179,0.0,1.0,0.9987499713897704,0.1710830926895141,1.0,0.068058967590332,1572.4093116407173,d100_B100_R3_20251031_174106,2025-10-31 17:41:30,100,40,100,50.0
180,0.0,1.0,0.9987499713897704,0.1710830926895141,1.0,0.0743219852447509,1570.9157173467956,d100_B100_R3_20251031_174106,2025-10-31 17:41:30,100,40,100,50.0
181,0.0,1.0,0.9987499713897704,0.1710830926895141,1.0,0.0613110065460205,1571.1966107615713,d100_B100_R3_20251031_174106,2025-10-31 17:41:30,100,40,100,50.0
182,0.0,1.0,0.9987499713897704,0.1710830926895141,1.0,0.0708100795745849,1570.201125513394,d100_B100_R3_20251031_174106,2025-10-31 17:41:30,100,40,100,50.0
183,0.0,1.0,0.9987499713897704,0.1710830926895141,1.0,0.0559892654418945,1571.2079446915018,d100_B100_R3_20251031_174106,2025-10-31 17:41:30,100,40,100,50.0
184,0.0,1.0,0.9987499713897704,0.1710830926895141,1.0,0.1324789524078369,1561.9136240973914,d100_B100_R3_20251031_174106,2025-10-31 17:41:30,100,40,100,50.0
185,0.0,1.0,0.9987499713897704,0.1710830926895141,1.0,0.2183811664581298,1532.0806313674468,d100_B100_R3_20251031_174106,2025-10-31 17:41:30,100,40,100,50.0
186,0.0,1.0,0.9987499713897704,0.1710830926895141,1.0,0.2024939060211181,1513.1523481863708,d100_B100_R3_20251031_174106,2025-10-31 17:41:30,100,40,100,50.0
187,0.0,1.0,0.9987499713897704,0.1710830926895141,1.0,0.0483970642089843,1515.2836446541596,d100_B100_R3_20251031_174106,2025-10-31 17:41:30,100,40,100,50.0
188,0.0,1.0,0.9987499713897704,0.1710830926895141,1.0,0.0468199253082275,1517.5876174640662,d100_B100_R3_20251031_174106,2025-10-31 17:41:30,100,40,100,50.0
189,0.0,1.0,0.9987499713897704,0.1710830926895141,1.0,0.0528151988983154,1519.1249836848774,d100_B100_R3_20251031_174106,2025-10-31 17:41:30,100,40,100,50.0
190,0.0,1.0,0.9987499713897704,0.1710830926895141,1.0,0.0525681972503662,1520.7055800588178,d100_B100_R3_20251031_174106,2025-10-31 17:41:30,100,40,100,50.0
191,0.0,1.0,0.9987499713897704,0.1710830926895141,1.0,0.1124382019042968,1515.0535797575242,d100_B100_R3_20251031_174106,2025-10-31 17:41:30,100,40,100,50.0
192,0.0,1.0,0.9987499713897704,0.1710830926895141,1.0,0.0594408512115478,1515.8082698685505,d100_B100_R3_20251031_174106,2025-10-31 17:41:30,100,40,100,50.0
193,0.0,1.0,0.9987499713897704,0.1710830926895141,1.0,0.1139001846313476,1510.1228145537318,d100_B100_R3_20251031_174106,2025-10-31 17:41:30,100,40,100,50.0
194,0.0,1.0,0.9987499713897704,0.1710830926895141,1.0,0.0485157966613769,1512.169947573662,d100_B100_R3_20251031_174106,2025-10-31 17:41:30,100,40,100,50.0
195,0.0,1.0,0.9987499713897704,0.1710830926895141,1.0,0.0791740417480468,1510.622573418715,d100_B100_R3_20251031_174106,2025-10-31 17:41:30,100,40,100,50.0
196,0.0,1.0,0.9987499713897704,0.1710830926895141,1.0,0.0543229579925537,1511.9720964056864,d100_B100_R3_20251031_174106,2025-10-31 17:41:30,100,40,100,50.0
197,0.0,1.0,0.9987499713897704,0.1710830926895141,1.0,0.0661888122558593,1511.9403080179504,d100_B100_R3_20251031_174106,2025-10-31 17:41:30,100,40,100,50.0
198,0.0,1.0,0.9987499713897704,0.1710830926895141,1.0,0.0593297481536865,1512.694285352751,d100_B100_R3_20251031_174106,2025-10-31 17:41:30,100,40,100,50.0
199,0.0,1.0,0.9987499713897704,0.1710830926895141,1.0,0.0831837654113769,1510.71207767105,d100_B100_R3_20251031_174106,2025-10-31 17:41:30,100,40,100,50.0
200,0.0,1.0,0.9987499713897704,0.1710830926895141,1.0,0.0542688369750976,1512.0415910164702,d100_B100_R3_20251031_174106,2025-10-31 17:41:30,100,40,100,50.0
201,0.0,1.0,0.9987499713897704,0.1710830926895141,1.0,0.0548241138458251,1513.2885095981228,d100_B100_R3_20251031_174106,2025-10-31 17:41:30,100,40,100,50.0
202,0.0,1.0,0.9987499713897704,0.1710830926895141,1.0,0.0611500740051269,1513.8212877612482,d100_B100_R3_20251031_174106,2025-10-31 17:41:30,100,40,100,50.0
203,0.0,1.0,0.9987499713897704,0.1710830926895141,1.0,0.0599148273468017,1514.486368998121,d100_B100_R3_20251031_174106,2025-10-31 17:41:30,100,40,100,50.0
204,0.0,1.0,0.9987499713897704,0.1710830926895141,1.0,0.0765759944915771,1513.2832250904826,d100_B100_R3_20251031_174106,2025-10-31 17:41:30,100,40,100,50.0
205,0.0,1.0,0.9987499713897704,0.1710830926895141,1.0,0.0556468963623046,1514.4057863381602,d100_B100_R3_20251031_174106,2025-10-31 17:41:30,100,40,100,50.0
206,0.0,1.0,0.9987499713897704,0.1710830926895141,1.0,0.0851190090179443,1512.2697615207026,d100_B100_R3_20251031_174106,2025-10-31 17:41:30,100,40,100,50.0
207,0.0,1.0,0.9987499713897704,0.1710830926895141,1.0,0.0610167980194091,1512.80538965486,d100_B100_R3_20251031_174106,2025-10-31 17:41:30,100,40,100,50.0
208,0.0,1.0,0.9987499713897704,0.1710830926895141,1.0,0.0788319110870361,1511.3771200923989,d100_B100_R3_20251031_174106,2025-10-31 17:41:30,100,40,100,50.0
209,0.0,1.0,0.9987499713897704,0.1710830926895141,1.0,0.0900087356567382,1508.764930207079,d100_B100_R3_20251031_174106,2025-10-31 17:41:30,100,40,100,50.0
210,0.0,1.0,0.9987499713897704,0.1710830926895141,1.0,0.0928740501403808,1505.8436110920163,d100_B100_R3_20251031_174106,2025-10-31 17:41:30,100,40,100,50.0
211,0.0,1.0,0.9987499713897704,0.1710830926895141,1.0,0.071692943572998,1505.256317771178,d100_B100_R3_20251031_174106,2025-10-31 17:41:30,100,40,100,50.0
212,0.0,1.0,0.9987499713897704,0.1710830926895141,1.0,0.057546854019165,1506.1814745967954,d100_B100_R3_20251031_174106,2025-10-31 17:41:30,100,40,100,50.0
213,0.0,1.0,0.9987499713897704,0.1710830926895141,1.0,0.0850481986999511,1504.1859953172172,d100_B100_R3_20251031_174106,2025-10-31 17:41:30,100,40,100,50.0
214,0.0,1.0,0.9987499713897704,0.1710830926895141,1.0,0.0952959060668945,1501.1389524673618,d100_B100_R3_20251031_174106,2025-10-31 17:41:30,100,40,100,50.0
215,0.0,1.0,0.9987499713897704,0.1710830926895141,1.0,0.0521750450134277,1502.6243715821925,d100_B100_R3_20251031_174106,2025-10-31 17:41:30,100,40,100,50.0
216,0.0,1.0,0.9987499713897704,0.1710830926895141,1.0,0.0466129779815673,1504.6824025667174,d100_B100_R3_20251031_174106,2025-10-31 17:41:30,100,40,100,50.0
217,0.0,1.0,0.9987499713897704,0.1710830926895141,1.0,0.0644919872283935,1504.8643982719143,d100_B100_R3_20251031_174106,2025-10-31 17:41:30,100,40,100,50.0
218,0.0,1.0,0.9987499713897704,0.1710830926895141,1.0,0.0500187873840332,1506.5459504493006,d100_B100_R3_20251031_174106,2025-10-31 17:41:30,100,40,100,50.0
219,0.0,1.0,0.9987499713897704,0.1710830926895141,1.0,0.078754186630249,1505.2443526760212,d100_B100_R3_20251031_174106,2025-10-31 17:41:30,100,40,100,50.0
220,0.0,1.0,0.9987499713897704,0.1710830926895141,1.0,0.1320140361785888,1498.5260632607915,d100_B100_R3_20251031_174106,2025-10-31 17:41:30,100,40,100,50.0
221,0.0,1.0,0.9987499713897704,0.1710830926895141,1.0,0.0915467739105224,1495.985194504322,d100_B100_R3_20251031_174106,2025-10-31 17:41:30,100,40,100,50.0
222,0.0,1.0,0.9987499713897704,0.1710830926895141,1.0,0.0736482143402099,1495.2837824892931,d100_B100_R3_20251031_174106,2025-10-31 17:41:30,100,40,100,50.0
223,0.0,1.0,0.9987499713897704,0.1710830926895141,1.0,0.0516920089721679,1496.7831076705895,d100_B100_R3_20251031_174106,2025-10-31 17:41:30,100,40,100,50.0
224,0.0,1.0,0.9987499713897704,0.1710830926895141,1.0,0.0697019100189209,1496.475391071251,d100_B100_R3_20251031_174106,2025-10-31 17:41:30,100,40,100,50.0
225,0.0,1.0,0.9987499713897704,0.1710830926895141,1.0,0.0820240974426269,1494.948648989216,d100_B100_R3_20251031_174106,2025-10-31 17:41:30,100,40,100,50.0
226,0.0,1.0,0.9987499713897704,0.1710830926895141,1.0,0.0908031463623046,1492.4780163258745,d100_B100_R3_20251031_174106,2025-10-31 17:41:30,100,40,100,50.0
227,0.0,1.0,0.9987499713897704,0.1710830926895141,1.0,0.1107919216156005,1488.184398539188,d100_B100_R3_20251031_174106,2025-10-31 17:41:30,100,40,100,50.0
228,0.0,1.0,0.9987499713897704,0.1710830926895141,1.0,0.1014239788055419,1484.8567587471175,d100_B100_R3_20251031_174106,2025-10-31 17:41:30,100,40,100,50.0
229,0.0,1.0,0.9987499713897704,0.1710830926895141,1.0,0.0631580352783203,1485.2352646787103,d100_B100_R3_20251031_174106,2025-10-31 17:41:30,100,40,100,50.0
230,0.0,1.0,0.9987499713897704,0.1710830926895141,1.0,0.0852720737457275,1483.4878090501916,d100_B100_R3_20251031_174106,2025-10-31 17:41:30,100,40,100,50.0
231,0.0,1.0,0.9987499713897704,0.1710830926895141,1.0,0.049293041229248,1485.1838961059575,d100_B100_R3_20251031_174106,2025-10-31 17:41:30,100,40,100,50.0
232,0.0,1.0,0.9987499713897704,0.1710830926895141,1.0,0.0690851211547851,1484.993237645426,d100_B100_R3_20251031_174106,2025-10-31 17:41:30,100,40,100,50.0
233,0.0,1.0,0.9987499713897704,0.1710830926895141,1.0,0.0860011577606201,1483.190492948935,d100_B100_R3_20251031_174106,2025-10-31 17:41:30,100,40,100,50.0
234,0.0,1.0,0.9987499713897704,0.1710830926895141,1.0,0.0593771934509277,1483.9272215200838,d100_B100_R3_20251031_174106,2025-10-31 17:41:30,100,40,100,50.0
235,0.0,1.0,0.9987499713897704,0.1710830926895141,1.0,0.0811190605163574,1482.627741826887,d100_B100_R3_20251031_174106,2025-10-31 17:41:30,100,40,100,50.0
236,0.0,1.0,0.9987499713897704,0.1710830926895141,1.0,0.0544219017028808,1483.8218244811349,d100_B100_R3_20251031_174106,2025-10-31 17:41:30,100,40,100,50.0
237,0.0,1.0,0.9987499713897704,0.1710830926895141,1.0,0.0771460533142089,1482.9045532461266,d100_B100_R3_20251031_174106,2025-10-31 17:41:30,100,40,100,50.0
238,0.0,1.0,0.9987499713897704,0.1710830926895141,1.0,0.0745339393615722,1482.2017938740762,d100_B100_R3_20251031_174106,2025-10-31 17:41:30,100,40,100,50.0
239,0.0,1.0,0.9987499713897704,0.1710830926895141,1.0,0.0753848552703857,1481.4532206431645,d100_B100_R3_20251031_174106,2025-10-31 17:41:30,100,40,100,50.0
240,0.0,1.0,0.9987499713897704,0.1710830926895141,1.0,0.0606601238250732,1482.0446063161285,d100_B100_R3_20251031_174106,2025-10-31 17:41:30,100,40,100,50.0
241,0.0,1.0,0.9987499713897704,0.1710830926895141,1.0,0.0815937519073486,1480.7463345632798,d100_B100_R3_20251031_174106,2025-10-31 17:41:30,100,40,100,50.0
242,0.0,1.0,0.9987499713897704,0.1710830926895141,1.0,0.0518229007720947,1482.1503164949506,d100_B100_R3_20251031_174106,2025-10-31 17:41:30,100,40,100,50.0
243,0.0,1.0,0.9987499713897704,0.1710830926895141,1.0,0.073279857635498,1481.612974920714,d100_B100_R3_20251031_174106,2025-10-31 17:41:30,100,40,100,50.0
244,0.0,1.0,0.9987499713897704,0.1710830926895141,1.0,0.1137828826904296,1477.4429760322153,d100_B100_R3_20251031_174106,2025-10-31 17:41:30,100,40,100,50.0
245,0.0,1.0,0.9987499713897704,0.1710830926895141,1.0,0.0694310665130615,1477.2685978714364,d100_B100_R3_20251031_174106,2025-10-31 17:41:30,100,40,100,50.0
246,0.0,1.0,0.9987499713897704,0.1710830926895141,1.0,0.0513620376586914,1478.6923408192774,d100_B100_R3_20251031_174106,2025-10-31 17:41:30,100,40,100,50.0
247,0.0,1.0,0.9987499713897704,0.1710830926895141,1.0,0.0547411441802978,1479.8124812158137,d100_B100_R3_20251031_174106,2025-10-31 17:41:30,100,40,100,50.0
248,0.0,1.0,0.9987499713897704,0.1710830926895141,1.0,0.0717942714691162,1479.4222848219138,d100_B100_R3_20251031_174106,2025-10-31 17:41:30,100,40,100,50.0
249,0.0,1.0,0.9987499713897704,0.1710830926895141,1.0,0.1125698089599609,1475.4792627731256,d100_B100_R3_20251031_174106,2025-10-31 17:41:30,100,40,100,50.0
250,0.0,1.0,0.9987499713897704,0.1710830926895141,1.0,0.0575537681579589,1476.345611710937,d100_B100_R3_20251031_174106,2025-10-31 17:41:30,100,40,100,50.0
251,0.0,1.0,0.9987499713897704,0.1710830926895141,1.0,0.0627739429473877,1476.7533330544593,d100_B100_R3_20251031_174106,2025-10-31 17:41:30,100,40,100,50.0
252,0.0,1.0,0.9987499713897704,0.1710830926895141,1.0,0.0588319301605224,1477.49899524925,d100_B100_R3_20251031_174106,2025-10-31 17:41:30,100,40,100,50.0
253,0.0,1.0,0.9987499713897704,0.1710830926895141,1.0,0.0546271800994873,1478.6030005050843,d100_B100_R3_20251031_174106,2025-10-31 17:41:30,100,40,100,50.0
254,0.0,1.0,0.9987499713897704,0.1710830926895141,1.0,0.0805141925811767,1477.4854483473869,d100_B100_R3_20251031_174106,2025-10-31 17:41:30,100,40,100,50.0
255,0.0,1.0,0.9987499713897704,0.1710830926895141,1.0,0.0964438915252685,1475.0147076742423,d100_B100_R3_20251031_174106,2025-10-31 17:41:30,100,40,100,50.0
256,0.0,1.0,0.9987499713897704,0.1710830926895141,1.0,0.047504186630249,1476.7149731769928,d100_B100_R3_20251031_174106,2025-10-31 17:41:30,100,40,100,50.0
257,0.0,1.0,0.9987499713897704,0.1710830926895141,1.0,0.0737550258636474,1476.1839901305668,d100_B100_R3_20251031_174106,2025-10-31 17:41:30,100,40,100,50.0
258,0.0,1.0,0.9987499713897704,0.1710830926895141,1.0,0.0872337818145752,1474.526056812251,d100_B100_R3_20251031_174106,2025-10-31 17:41:30,100,40,100,50.0
259,0.0,1.0,0.9987499713897704,0.1710830926895141,1.0,0.1012279987335205,1471.7174913167823,d100_B100_R3_20251031_174106,2025-10-31 17:41:30,100,40,100,50.0
260,0.0,1.0,0.9987499713897704,0.1710830926895141,1.0,0.0656921863555908,1471.865281128623,d100_B100_R3_20251031_174106,2025-10-31 17:41:30,100,40,100,50.0
261,0.0,1.0,0.9987499713897704,0.1710830926895141,1.0,0.0629427433013916,1472.2622944634857,d100_B100_R3_20251031_174106,2025-10-31 17:41:30,100,40,100,50.0
262,0.0,1.0,0.9987499713897704,0.1710830926895141,1.0,0.0483129024505615,1473.863719354184,d100_B100_R3_20251031_174106,2025-10-31 17:41:30,100,40,100,50.0
263,0.0,1.0,0.9987499713897704,0.1710830926895141,1.0,0.0666310787200927,1473.9481361780934,d100_B100_R3_20251031_174106,2025-10-31 17:41:30,100,40,100,50.0
264,0.0,1.0,0.9987499713897704,0.1710830926895141,1.0,0.0683798789978027,1473.8849176904198,d100_B100_R3_20251031_174106,2025-10-31 17:41:30,100,40,100,50.0
265,0.0,1.0,0.9987499713897704,0.1710830926895141,1.0,0.0780549049377441,1473.038843387533,d100_B100_R3_20251031_174106,2025-10-31 17:41:30,100,40,100,50.0
266,0.0,1.0,0.9987499713897704,0.1710830926895141,1.0,0.1111431121826171,1469.516206818774,d100_B100_R3_20251031_174106,2025-10-31 17:41:30,100,40,100,50.0
267,0.0,1.0,0.9987499713897704,0.1710830926895141,1.0,0.0516200065612793,1470.821222531592,d100_B100_R3_20251031_174106,2025-10-31 17:41:30,100,40,100,50.0
268,0.0,1.0,0.9987499713897704,0.1710830926895141,1.0,0.0562739372253418,1471.750846010236,d100_B100_R3_20251031_174106,2025-10-31 17:41:30,100,40,100,50.0
269,0.0,1.0,0.9987499713897704,0.1710830926895141,1.0,0.0562129020690918,1472.6564573024366,d100_B100_R3_20251031_174106,2025-10-31 17:41:30,100,40,100,50.0
270,0.0,1.0,0.9987499713897704,0.1710830926895141,1.0,0.0539321899414062,1473.76030829028,d100_B100_R3_20251031_174106,2025-10-31 17:41:30,100,40,100,50.0
271,0.0,1.0,0.9987499713897704,0.1710830926895141,1.0,0.0768611431121826,1473.0258547418298,d100_B100_R3_20251031_174106,2025-10-31 17:41:30,100,40,100,50.0
272,0.0,1.0,0.9987499713897704,0.1710830926895141,1.0,0.0768799781799316,1472.2946469148635,d100_B100_R3_20251031_174106,2025-10-31 17:41:30,100,40,100,50.0
273,0.0,1.0,0.9987499713897704,0.1710830926895141,1.0,0.1245510578155517,1467.8058436165102,d100_B100_R3_20251031_174106,2025-10-31 17:41:30,100,40,100,50.0
274,0.0,1.0,0.9987499713897704,0.1710830926895141,1.0,0.0538432598114013,1468.892254199236,d100_B100_R3_20251031_174106,2025-10-31 17:41:30,100,40,100,50.0
275,0.0,1.0,0.9987499713897704,0.1710830926895141,1.0,0.0787420272827148,1468.0458271365712,d100_B100_R3_20251031_174106,2025-10-31 17:41:30,100,40,100,50.0
276,0.0,1.0,0.9987499713897704,0.1710830926895141,1.0,0.067720890045166,1468.0581742249242,d100_B100_R3_20251031_174106,2025-10-31 17:41:30,100,40,100,50.0
277,0.0,1.0,0.9987499713897704,0.1710830926895141,1.0,0.0837199687957763,1466.8001863640109,d100_B100_R3_20251031_174106,2025-10-31 17:41:30,100,40,100,50.0
278,0.0,1.0,0.9987499713897704,0.1710830926895141,1.0,0.1126132011413574,1463.3660426759964,d100_B100_R3_20251031_174106,2025-10-31 17:41:30,100,40,100,50.0
279,0.0,1.0,0.9987499713897704,0.1710830926895141,1.0,0.3407871723175049,1442.6517769863185,d100_B100_R3_20251031_174106,2025-10-31 17:41:30,100,40,100,50.0
280,0.0,1.0,0.9987499713897704,0.1710830926895141,1.0,0.1802229881286621,1428.949903896828,d100_B100_R3_20251031_174106,2025-10-31 17:41:30,100,40,100,50.0
281,0.0,1.0,0.9987499713897704,0.1710830926895141,1.0,0.0657100677490234,1429.228701186364,d100_B100_R3_20251031_174106,2025-10-31 17:41:30,100,40,100,50.0
282,0.0,1.0,0.9987499713897704,0.1710830926895141,1.0,0.1349790096282959,1424.5288776277032,d100_B100_R3_20251031_174106,2025-10-31 17:41:30,100,40,100,50.0
283,0.0,1.0,0.9987499713897704,0.1710830926895141,1.0,0.1068389415740966,1421.8992878819367,d100_B100_R3_20251031_174106,2025-10-31 17:41:30,100,40,100,50.0
284,0.0,1.0,0.9987499713897704,0.1710830926895141,1.0,0.187791109085083,1413.59862330731,d100_B100_R3_20251031_174106,2025-10-31 17:41:30,100,40,100,50.0
285,0.0,1.0,0.9987499713897704,0.1710830926895141,1.0,0.1333839893341064,1409.2103950979624,d100_B100_R3_20251031_174106,2025-10-31 17:41:30,100,40,100,50.0
286,0.0,1.0,0.9987499713897704,0.1710830926895141,1.0,0.0901408195495605,1407.8608668640709,d100_B100_R3_20251031_174106,2025-10-31 17:41:30,100,40,100,50.0
287,0.0,1.0,0.9987499713897704,0.1710830926895141,1.0,0.0615570545196533,1408.498103396131,d100_B100_R3_20251031_174106,2025-10-31 17:41:30,100,40,100,50.0
288,0.0,1.0,0.9987499713897704,0.1710830926895141,1.0,0.0723462104797363,1408.3909858941404,d100_B100_R3_20251031_174106,2025-10-31 17:41:30,100,40,100,50.0
289,0.0,1.0,0.9987499713897704,0.1710830926895141,1.0,0.1014049053192138,1406.30266416919,d100_B100_R3_20251031_174106,2025-10-31 17:41:30,100,40,100,50.0
290,0.0,1.0,0.9987499713897704,0.1710830926895141,1.0,0.0624699592590332,1406.877736400144,d100_B100_R3_20251031_174106,2025-10-31 17:41:30,100,40,100,50.0
291,0.0,1.0,0.9987499713897704,0.1710830926895141,1.0,0.1057269573211669,1404.5154636500993,d100_B100_R3_20251031_174106,2025-10-31 17:41:30,100,40,100,50.0
292,0.0,1.0,0.9987499713897704,0.1710830926895141,1.0,0.1406729221343994,1399.8053216065668,d100_B100_R3_20251031_174106,2025-10-31 17:41:30,100,40,100,50.0
293,0.0,1.0,0.9987499713897704,0.1710830926895141,1.0,0.0923421382904052,1398.400958971912,d100_B100_R3_20251031_174106,2025-10-31 17:41:30,100,40,100,50.0
294,0.0,1.0,0.9987499713897704,0.1710830926895141,1.0,0.0754361152648925,1398.1261994422364,d100_B100_R3_20251031_174106,2025-10-31 17:41:30,100,40,100,50.0
295,0.0,1.0,0.9987499713897704,0.1710830926895141,1.0,0.0707271099090576,1398.1643137078247,d100_B100_R3_20251031_174106,2025-10-31 17:41:30,100,40,100,50.0
296,0.0,1.0,0.9987499713897704,0.1710830926895141,1.0,0.0817017555236816,1397.4825042401258,d100_B100_R3_20251031_174106,2025-10-31 17:41:30,100,40,100,50.0
297,0.0,1.0,0.9987499713897704,0.1710830926895141,1.0,0.1039798259735107,1395.3468499766902,d100_B100_R3_20251031_174106,2025-10-31 17:41:30,100,40,100,50.0
298,0.0,1.0,0.9987499713897704,0.1710830926895141,1.0,0.0577189922332763,1396.2411261063812,d100_B100_R3_20251031_174106,2025-10-31 17:41:30,100,40,100,50.0
299,0.0,1.0,0.9987499713897704,0.1710830926895141,1.0,0.0981838703155517,1394.4811981659525,d100_B100_R3_20251031_174106,2025-10-31 17:41:30,100,40,100,50.0
0,0.6931471824645996,0.4399999976158142,0.999875009059906,0.0701331347227096,1.0,0.0595357418060302,3011.364672518084,d200_B200_R4_20251031_174106,2025-10-31 17:42:23,200,40,200,70.71067811865476
1,0.0,1.0,0.999875009059906,0.0701331347227096,1.0,0.0287208557128906,4195.164008621768,d200_B200_R4_20251031_174106,2025-10-31 17:42:23,200,40,200,70.71067811865476
2,0.0,1.0,0.999875009059906,0.0701331347227096,1.0,0.0333588123321533,4655.018987564209,d200_B200_R4_20251031_174106,2025-10-31 17:42:23,200,40,200,70.71067811865476
3,0.0,1.0,0.999875009059906,0.0701331347227096,1.0,0.0576350688934326,4284.853670185188,d200_B200_R4_20251031_174106,2025-10-31 17:42:23,200,40,200,70.71067811865476
4,0.0,1.0,0.999875009059906,0.0701331347227096,1.0,0.0857660770416259,3667.571105411854,d200_B200_R4_20251031_174106,2025-10-31 17:42:23,200,40,200,70.71067811865476
5,0.0,1.0,0.999875009059906,0.0701331347227096,1.0,0.0877940654754638,3326.190463602768,d200_B200_R4_20251031_174106,2025-10-31 17:42:23,200,40,200,70.71067811865476
6,0.0,1.0,0.999875009059906,0.0701331347227096,1.0,0.0298938751220703,3582.0760333805083,d200_B200_R4_20251031_174106,2025-10-31 17:42:23,200,40,200,70.71067811865476
7,0.0,1.0,0.999875009059906,0.0701331347227096,1.0,0.0887057781219482,3334.3467878731267,d200_B200_R4_20251031_174106,2025-10-31 17:42:23,200,40,200,70.71067811865476
8,0.0,1.0,0.999875009059906,0.0701331347227096,1.0,0.1427550315856933,2886.5120056156966,d200_B200_R4_20251031_174106,2025-10-31 17:42:23,200,40,200,70.71067811865476
9,0.0,1.0,0.999875009059906,0.0701331347227096,1.0,0.0663251876831054,2898.0548027078335,d200_B200_R4_20251031_174106,2025-10-31 17:42:23,200,40,200,70.71067811865476
10,0.0,1.0,0.999875009059906,0.0701331347227096,1.0,0.0835897922515869,2842.7155226193427,d200_B200_R4_20251031_174106,2025-10-31 17:42:23,200,40,200,70.71067811865476
11,0.0,1.0,0.999875009059906,0.0701331347227096,1.0,0.1219310760498046,2678.4548168567367,d200_B200_R4_20251031_174106,2025-10-31 17:42:23,200,40,200,70.71067811865476
12,0.0,1.0,0.999875009059906,0.0701331347227096,1.0,0.1204290390014648,2557.3231145377,d200_B200_R4_20251031_174106,2025-10-31 17:42:23,200,40,200,70.71067811865476
13,0.0,1.0,0.999875009059906,0.0701331347227096,1.0,0.0666439533233642,2583.814925382329,d200_B200_R4_20251031_174106,2025-10-31 17:42:23,200,40,200,70.71067811865476
14,0.0,1.0,0.999875009059906,0.0701331347227096,1.0,0.1237828731536865,2484.165530328531,d200_B200_R4_20251031_174106,2025-10-31 17:42:23,200,40,200,70.71067811865476
15,0.0,1.0,0.999875009059906,0.0701331347227096,1.0,0.1365492343902588,2380.2761819737934,d200_B200_R4_20251031_174106,2025-10-31 17:42:23,200,40,200,70.71067811865476
16,0.0,1.0,0.999875009059906,0.0701331347227096,1.0,0.0633866786956787,2414.5805741570084,d200_B200_R4_20251031_174106,2025-10-31 17:42:23,200,40,200,70.71067811865476
17,0.0,1.0,0.999875009059906,0.0701331347227096,1.0,0.102651834487915,2382.4335243288533,d200_B200_R4_20251031_174106,2025-10-31 17:42:23,200,40,200,70.71067811865476
18,0.0,1.0,0.999875009059906,0.0701331347227096,1.0,0.0887188911437988,2375.0298697532726,d200_B200_R4_20251031_174106,2025-10-31 17:42:23,200,40,200,70.71067811865476
19,0.0,1.0,0.999875009059906,0.0701331347227096,1.0,0.0697319507598877,2395.3199275002803,d200_B200_R4_20251031_174106,2025-10-31 17:42:23,200,40,200,70.71067811865476
20,0.0,1.0,0.999875009059906,0.0701331347227096,1.0,0.093635082244873,2381.2723800913736,d200_B200_R4_20251031_174106,2025-10-31 17:42:23,200,40,200,70.71067811865476
21,0.0,1.0,0.999875009059906,0.0701331347227096,1.0,0.1629538536071777,2283.4495683826476,d200_B200_R4_20251031_174106,2025-10-31 17:42:23,200,40,200,70.71067811865476
22,0.0,1.0,0.999875009059906,0.0701331347227096,1.0,0.1607580184936523,2203.157145530818,d200_B200_R4_20251031_174106,2025-10-31 17:42:23,200,40,200,70.71067811865476
23,0.0,1.0,0.999875009059906,0.0701331347227096,1.0,0.1199121475219726,2173.833289981183,d200_B200_R4_20251031_174106,2025-10-31 17:42:23,200,40,200,70.71067811865476
24,0.0,1.0,0.999875009059906,0.0701331347227096,1.0,0.1845128536224365,2089.5935223110964,d200_B200_R4_20251031_174106,2025-10-31 17:42:23,200,40,200,70.71067811865476
25,0.0,1.0,0.999875009059906,0.0701331347227096,1.0,0.1555049419403076,2040.4231357678152,d200_B200_R4_20251031_174106,2025-10-31 17:42:23,200,40,200,70.71067811865476
26,0.0,1.0,0.999875009059906,0.0701331347227096,1.0,0.1323990821838379,2013.8305085710251,d200_B200_R4_20251031_174106,2025-10-31 17:42:23,200,40,200,70.71067811865476
27,0.0,1.0,0.999875009059906,0.0701331347227096,1.0,0.1173911094665527,2000.6587971704705,d200_B200_R4_20251031_174106,2025-10-31 17:42:23,200,40,200,70.71067811865476
28,0.0,1.0,0.999875009059906,0.0701331347227096,1.0,0.1239070892333984,1984.1453440250768,d200_B200_R4_20251031_174106,2025-10-31 17:42:23,200,40,200,70.71067811865476
29,0.0,1.0,0.999875009059906,0.0701331347227096,1.0,0.0876822471618652,1992.6371834114764,d200_B200_R4_20251031_174106,2025-10-31 17:42:23,200,40,200,70.71067811865476
30,0.0,1.0,0.999875009059906,0.0701331347227096,1.0,0.2868270874023437,1879.83775296341,d200_B200_R4_20251031_174106,2025-10-31 17:42:23,200,40,200,70.71067811865476
31,0.0,1.0,0.999875009059906,0.0701331347227096,1.0,0.1304280757904052,1866.4312103396644,d200_B200_R4_20251031_174106,2025-10-31 17:42:23,200,40,200,70.71067811865476
32,0.0,1.0,0.999875009059906,0.0701331347227096,1.0,0.1431939601898193,1847.510995672475,d200_B200_R4_20251031_174106,2025-10-31 17:42:23,200,40,200,70.71067811865476
33,0.0,1.0,0.999875009059906,0.0701331347227096,1.0,0.1042327880859375,1849.3467433977464,d200_B200_R4_20251031_174106,2025-10-31 17:42:23,200,40,200,70.71067811865476
34,0.0,1.0,0.999875009059906,0.0701331347227096,1.0,0.0889029502868652,1858.6867397206715,d200_B200_R4_20251031_174106,2025-10-31 17:42:23,200,40,200,70.71067811865476
35,0.0,1.0,0.999875009059906,0.0701331347227096,1.0,0.1197528839111328,1852.7906569105176,d200_B200_R4_20251031_174106,2025-10-31 17:42:23,200,40,200,70.71067811865476
36,0.0,1.0,0.999875009059906,0.0701331347227096,1.0,0.1098439693450927,1851.7930494599627,d200_B200_R4_20251031_174106,2025-10-31 17:42:23,200,40,200,70.71067811865476
37,0.0,1.0,0.999875009059906,0.0701331347227096,1.0,0.1300218105316162,1841.7897850314755,d200_B200_R4_20251031_174106,2025-10-31 17:42:23,200,40,200,70.71067811865476
38,0.0,1.0,0.999875009059906,0.0701331347227096,1.0,0.205867052078247,1800.3233426624938,d200_B200_R4_20251031_174106,2025-10-31 17:42:23,200,40,200,70.71067811865476
39,0.0,1.0,0.999875009059906,0.0701331347227096,1.0,0.1397566795349121,1788.7138905433565,d200_B200_R4_20251031_174106,2025-10-31 17:42:23,200,40,200,70.71067811865476
40,0.0,1.0,0.999875009059906,0.0701331347227096,1.0,0.229975938796997,1743.7021849148157,d200_B200_R4_20251031_174106,2025-10-31 17:42:23,200,40,200,70.71067811865476
41,0.0,1.0,0.999875009059906,0.0701331347227096,1.0,0.1201918125152587,1741.6462370654338,d200_B200_R4_20251031_174106,2025-10-31 17:42:23,200,40,200,70.71067811865476
42,0.0,1.0,0.999875009059906,0.0701331347227096,1.0,0.0964789390563964,1748.061649449204,d200_B200_R4_20251031_174106,2025-10-31 17:42:23,200,40,200,70.71067811865476
43,0.0,1.0,0.999875009059906,0.0701331347227096,1.0,0.1671459674835205,1729.8711609536904,d200_B200_R4_20251031_174106,2025-10-31 17:42:23,200,40,200,70.71067811865476
44,0.0,1.0,0.999875009059906,0.0701331347227096,1.0,0.159088134765625,1715.4502210119197,d200_B200_R4_20251031_174106,2025-10-31 17:42:23,200,40,200,70.71067811865476
45,0.0,1.0,0.999875009059906,0.0701331347227096,1.0,0.1161179542541503,1714.8991217427554,d200_B200_R4_20251031_174106,2025-10-31 17:42:23,200,40,200,70.71067811865476
46,0.0,1.0,0.999875009059906,0.0701331347227096,1.0,0.1149890422821044,1715.3347300304351,d200_B200_R4_20251031_174106,2025-10-31 17:42:23,200,40,200,70.71067811865476
47,0.0,1.0,0.999875009059906,0.0701331347227096,1.0,0.0909299850463867,1723.0702974171695,d200_B200_R4_20251031_174106,2025-10-31 17:42:23,200,40,200,70.71067811865476
48,0.0,1.0,0.999875009059906,0.0701331347227096,1.0,0.1127350330352783,1724.011158880332,d200_B200_R4_20251031_174106,2025-10-31 17:42:23,200,40,200,70.71067811865476
49,0.0,1.0,0.999875009059906,0.0701331347227096,1.0,0.1478548049926757,1714.535348609796,d200_B200_R4_20251031_174106,2025-10-31 17:42:23,200,40,200,70.71067811865476
50,0.0,1.0,0.999875009059906,0.0701331347227096,1.0,0.1003189086914062,1719.146698179473,d200_B200_R4_20251031_174106,2025-10-31 17:42:23,200,40,200,70.71067811865476
51,0.0,1.0,0.999875009059906,0.0701331347227096,1.0,0.1757760047912597,1702.3458360945888,d200_B200_R4_20251031_174106,2025-10-31 17:42:23,200,40,200,70.71067811865476
52,0.0,1.0,0.999875009059906,0.0701331347227096,1.0,0.0984997749328613,1707.4954232128257,d200_B200_R4_20251031_174106,2025-10-31 17:42:23,200,40,200,70.71067811865476
53,0.0,1.0,0.999875009059906,0.0701331347227096,1.0,0.2830662727355957,1663.7873806867483,d200_B200_R4_20251031_174106,2025-10-31 17:42:23,200,40,200,70.71067811865476
54,0.0,1.0,0.999875009059906,0.0701331347227096,1.0,0.1666398048400879,1652.1199882003052,d200_B200_R4_20251031_174106,2025-10-31 17:42:23,200,40,200,70.71067811865476
55,0.0,1.0,0.999875009059906,0.0701331347227096,1.0,0.1542232036590576,1643.9495337409758,d200_B200_R4_20251031_174106,2025-10-31 17:42:23,200,40,200,70.71067811865476
56,0.0,1.0,0.999875009059906,0.0701331347227096,1.0,0.1286439895629882,1642.2062112917347,d200_B200_R4_20251031_174106,2025-10-31 17:42:23,200,40,200,70.71067811865476
57,0.0,1.0,0.999875009059906,0.0701331347227096,1.0,0.1680440902709961,1631.4551630315873,d200_B200_R4_20251031_174106,2025-10-31 17:42:23,200,40,200,70.71067811865476
58,0.0,1.0,0.999875009059906,0.0701331347227096,1.0,0.1565990447998047,1623.7271142498848,d200_B200_R4_20251031_174106,2025-10-31 17:42:23,200,40,200,70.71067811865476
59,0.0,1.0,0.999875009059906,0.0701331347227096,1.0,0.1515829563140869,1617.460156525039,d200_B200_R4_20251031_174106,2025-10-31 17:42:23,200,40,200,70.71067811865476
60,0.0,1.0,0.999875009059906,0.0701331347227096,1.0,0.1626272201538086,1609.0855544829474,d200_B200_R4_20251031_174106,2025-10-31 17:42:23,200,40,200,70.71067811865476
61,0.0,1.0,0.999875009059906,0.0701331347227096,1.0,0.1814157962799072,1597.1305471517437,d200_B200_R4_20251031_174106,2025-10-31 17:42:23,200,40,200,70.71067811865476
62,0.0,1.0,0.999875009059906,0.0701331347227096,1.0,0.2324180603027343,1575.6702875400886,d200_B200_R4_20251031_174106,2025-10-31 17:42:23,200,40,200,70.71067811865476
63,0.0,1.0,0.999875009059906,0.0701331347227096,1.0,0.1748790740966797,1566.3268797013868,d200_B200_R4_20251031_174106,2025-10-31 17:42:23,200,40,200,70.71067811865476
64,0.0,1.0,0.999875009059906,0.0701331347227096,1.0,0.2327589988708496,1546.6994959308545,d200_B200_R4_20251031_174106,2025-10-31 17:42:23,200,40,200,70.71067811865476
65,0.0,1.0,0.999875009059906,0.0701331347227096,1.0,0.1633670330047607,1540.4677445163795,d200_B200_R4_20251031_174106,2025-10-31 17:42:23,200,40,200,70.71067811865476
66,0.0,1.0,0.999875009059906,0.0701331347227096,1.0,0.2345979213714599,1522.0976970108875,d200_B200_R4_20251031_174106,2025-10-31 17:42:23,200,40,200,70.71067811865476
67,0.0,1.0,0.999875009059906,0.0701331347227096,1.0,0.3479812145233154,1486.0412479003176,d200_B200_R4_20251031_174106,2025-10-31 17:42:23,200,40,200,70.71067811865476
68,0.0,1.0,0.999875009059906,0.0701331347227096,1.0,0.1580870151519775,1482.2438408017322,d200_B200_R4_20251031_174106,2025-10-31 17:42:23,200,40,200,70.71067811865476
69,0.0,1.0,0.999875009059906,0.0701331347227096,1.0,0.1027388572692871,1487.2779151311556,d200_B200_R4_20251031_174106,2025-10-31 17:42:23,200,40,200,70.71067811865476
70,0.0,1.0,0.999875009059906,0.0701331347227096,1.0,0.1420569419860839,1486.0557770713613,d200_B200_R4_20251031_174106,2025-10-31 17:42:23,200,40,200,70.71067811865476
71,0.0,1.0,0.999875009059906,0.0701331347227096,1.0,0.1877398490905761,1477.913376792293,d200_B200_R4_20251031_174106,2025-10-31 17:42:23,200,40,200,70.71067811865476
72,0.0,1.0,0.999875009059906,0.0701331347227096,1.0,0.1785671710968017,1471.4428135938924,d200_B200_R4_20251031_174106,2025-10-31 17:42:23,200,40,200,70.71067811865476
73,0.0,1.0,0.999875009059906,0.0701331347227096,1.0,0.1686327457427978,1466.6442937512136,d200_B200_R4_20251031_174106,2025-10-31 17:42:23,200,40,200,70.71067811865476
74,0.0,1.0,0.999875009059906,0.0701331347227096,1.0,0.1235389709472656,1468.431809590011,d200_B200_R4_20251031_174106,2025-10-31 17:42:23,200,40,200,70.71067811865476
75,0.0,1.0,0.999875009059906,0.0701331347227096,1.0,0.153721809387207,1465.9221239559083,d200_B200_R4_20251031_174106,2025-10-31 17:42:23,200,40,200,70.71067811865476
76,0.0,1.0,0.999875009059906,0.0701331347227096,1.0,0.2120718955993652,1455.4074995925612,d200_B200_R4_20251031_174106,2025-10-31 17:42:23,200,40,200,70.71067811865476
77,0.0,1.0,0.999875009059906,0.0701331347227096,1.0,0.1307237148284912,1456.0902196708412,d200_B200_R4_20251031_174106,2025-10-31 17:42:23,200,40,200,70.71067811865476
78,0.0,1.0,0.999875009059906,0.0701331347227096,1.0,0.2173659801483154,1445.3759520380356,d200_B200_R4_20251031_174106,2025-10-31 17:42:23,200,40,200,70.71067811865476
79,0.0,1.0,0.999875009059906,0.0701331347227096,1.0,0.1473629474639892,1444.1405646196702,d200_B200_R4_20251031_174106,2025-10-31 17:42:23,200,40,200,70.71067811865476
80,0.0,1.0,0.999875009059906,0.0701331347227096,1.0,0.1478190422058105,1442.9080214399316,d200_B200_R4_20251031_174106,2025-10-31 17:42:23,200,40,200,70.71067811865476
81,0.0,1.0,0.999875009059906,0.0701331347227096,1.0,0.1706907749176025,1438.802482083625,d200_B200_R4_20251031_174106,2025-10-31 17:42:23,200,40,200,70.71067811865476
82,0.0,1.0,0.999875009059906,0.0701331347227096,1.0,0.1339111328125,1439.410120386839,d200_B200_R4_20251031_174106,2025-10-31 17:42:23,200,40,200,70.71067811865476
83,0.0,1.0,0.999875009059906,0.0701331347227096,1.0,0.4641978740692138,1400.3584945043262,d200_B200_R4_20251031_174106,2025-10-31 17:42:23,200,40,200,70.71067811865476
84,0.0,1.0,0.999875009059906,0.0701331347227096,1.0,0.3403520584106445,1377.513263192238,d200_B200_R4_20251031_174106,2025-10-31 17:42:23,200,40,200,70.71067811865476
85,0.0,1.0,0.999875009059906,0.0701331347227096,1.0,0.1103491783142089,1381.341934609755,d200_B200_R4_20251031_174106,2025-10-31 17:42:23,200,40,200,70.71067811865476
86,0.0,1.0,0.999875009059906,0.0701331347227096,1.0,0.169255256652832,1378.633001733131,d200_B200_R4_20251031_174106,2025-10-31 17:42:23,200,40,200,70.71067811865476
87,0.0,1.0,0.999875009059906,0.0701331347227096,1.0,0.1504859924316406,1377.990141382416,d200_B200_R4_20251031_174106,2025-10-31 17:42:23,200,40,200,70.71067811865476
88,0.0,1.0,0.999875009059906,0.0701331347227096,1.0,0.1530969142913818,1377.114342846279,d200_B200_R4_20251031_174106,2025-10-31 17:42:23,200,40,200,70.71067811865476
89,0.0,1.0,0.999875009059906,0.0701331347227096,1.0,0.1214618682861328,1379.590171251247,d200_B200_R4_20251031_174106,2025-10-31 17:42:23,200,40,200,70.71067811865476
90,0.0,1.0,0.999875009059906,0.0701331347227096,1.0,0.138906717300415,1380.1835179006143,d200_B200_R4_20251031_174106,2025-10-31 17:42:23,200,40,200,70.71067811865476
91,0.0,1.0,0.999875009059906,0.0701331347227096,1.0,0.1310861110687255,1381.592133292309,d200_B200_R4_20251031_174106,2025-10-31 17:42:23,200,40,200,70.71067811865476
92,0.0,1.0,0.999875009059906,0.0701331347227096,1.0,0.106910228729248,1385.4652693487058,d200_B200_R4_20251031_174106,2025-10-31 17:42:23,200,40,200,70.71067811865476
93,0.0,1.0,0.999875009059906,0.0701331347227096,1.0,0.1372458934783935,1386.158764526596,d200_B200_R4_20251031_174106,2025-10-31 17:42:23,200,40,200,70.71067811865476
94,0.0,1.0,0.999875009059906,0.0701331347227096,1.0,0.1610760688781738,1384.440476232046,d200_B200_R4_20251031_174106,2025-10-31 17:42:23,200,40,200,70.71067811865476
95,0.0,1.0,0.999875009059906,0.0701331347227096,1.0,0.1828579902648925,1380.5925673138988,d200_B200_R4_20251031_174106,2025-10-31 17:42:23,200,40,200,70.71067811865476
96,0.0,1.0,0.999875009059906,0.0701331347227096,1.0,0.1501989364624023,1380.01462922906,d200_B200_R4_20251031_174106,2025-10-31 17:42:23,200,40,200,70.71067811865476
97,0.0,1.0,0.999875009059906,0.0701331347227096,1.0,0.1708946228027343,1377.4749346415222,d200_B200_R4_20251031_174106,2025-10-31 17:42:23,200,40,200,70.71067811865476
98,0.0,1.0,0.999875009059906,0.0701331347227096,1.0,0.1308050155639648,1378.8282622272168,d200_B200_R4_20251031_174106,2025-10-31 17:42:23,200,40,200,70.71067811865476
99,0.0,1.0,0.999875009059906,0.0701331347227096,1.0,0.1294870376586914,1380.2871177438778,d200_B200_R4_20251031_174106,2025-10-31 17:42:23,200,40,200,70.71067811865476
100,0.0,1.0,0.999875009059906,0.0701331347227096,1.0,0.2020637989044189,1374.8945427967362,d200_B200_R4_20251031_174106,2025-10-31 17:42:23,200,40,200,70.71067811865476
101,0.0,1.0,0.999875009059906,0.0701331347227096,1.0,0.1866869926452636,1370.9891272702394,d200_B200_R4_20251031_174106,2025-10-31 17:42:23,200,40,200,70.71067811865476
102,0.0,1.0,0.999875009059906,0.0701331347227096,1.0,0.1472761631011963,1370.843964384604,d200_B200_R4_20251031_174106,2025-10-31 17:42:23,200,40,200,70.71067811865476
103,0.0,1.0,0.999875009059906,0.0701331347227096,1.0,0.2052497863769531,1365.4791608729247,d200_B200_R4_20251031_174106,2025-10-31 17:42:23,200,40,200,70.71067811865476
104,0.0,1.0,0.999875009059906,0.0701331347227096,1.0,0.1942930221557617,1361.219859091177,d200_B200_R4_20251031_174106,2025-10-31 17:42:23,200,40,200,70.71067811865476
105,0.0,1.0,0.999875009059906,0.0701331347227096,1.0,0.1777729988098144,1358.502792539874,d200_B200_R4_20251031_174106,2025-10-31 17:42:23,200,40,200,70.71067811865476
106,0.0,1.0,0.999875009059906,0.0701331347227096,1.0,0.1528120040893554,1357.9987420696252,d200_B200_R4_20251031_174106,2025-10-31 17:42:23,200,40,200,70.71067811865476
107,0.0,1.0,0.999875009059906,0.0701331347227096,1.0,0.1540770530700683,1357.3950052394057,d200_B200_R4_20251031_174106,2025-10-31 17:42:23,200,40,200,70.71067811865476
108,0.0,1.0,0.999875009059906,0.0701331347227096,1.0,0.1645717620849609,1355.9240309190293,d200_B200_R4_20251031_174106,2025-10-31 17:42:23,200,40,200,70.71067811865476
109,0.0,1.0,0.999875009059906,0.0701331347227096,1.0,0.1441740989685058,1355.531184557572,d200_B200_R4_20251031_174106,2025-10-31 17:42:23,200,40,200,70.71067811865476
110,0.0,1.0,0.999875009059906,0.0701331347227096,1.0,0.1413540840148925,1356.0298555199504,d200_B200_R4_20251031_174106,2025-10-31 17:42:23,200,40,200,70.71067811865476
111,0.0,1.0,0.999875009059906,0.0701331347227096,1.0,0.172145128250122,1353.993347833397,d200_B200_R4_20251031_174106,2025-10-31 17:42:23,200,40,200,70.71067811865476
112,0.0,1.0,0.999875009059906,0.0701331347227096,1.0,0.1255140304565429,1355.6416762857443,d200_B200_R4_20251031_174106,2025-10-31 17:42:23,200,40,200,70.71067811865476
113,0.0,1.0,0.999875009059906,0.0701331347227096,1.0,0.1569581031799316,1354.8695649746903,d200_B200_R4_20251031_174106,2025-10-31 17:42:23,200,40,200,70.71067811865476
114,0.0,1.0,0.999875009059906,0.0701331347227096,1.0,0.1404428482055664,1355.4259058388277,d200_B200_R4_20251031_174106,2025-10-31 17:42:23,200,40,200,70.71067811865476
115,0.0,1.0,0.999875009059906,0.0701331347227096,1.0,0.1485660076141357,1355.3121238763952,d200_B200_R4_20251031_174106,2025-10-31 17:42:23,200,40,200,70.71067811865476
116,0.0,1.0,0.999875009059906,0.0701331347227096,1.0,0.1900148391723632,1351.9697936555024,d200_B200_R4_20251031_174106,2025-10-31 17:42:23,200,40,200,70.71067811865476
117,0.0,1.0,0.999875009059906,0.0701331347227096,1.0,0.1598970890045166,1351.0231199066768,d200_B200_R4_20251031_174106,2025-10-31 17:42:23,200,40,200,70.71067811865476
118,0.0,1.0,0.999875009059906,0.0701331347227096,1.0,0.1829938888549804,1348.3191615734604,d200_B200_R4_20251031_174106,2025-10-31 17:42:23,200,40,200,70.71067811865476
119,0.0,1.0,0.999875009059906,0.0701331347227096,1.0,0.140928030014038,1348.859222848568,d200_B200_R4_20251031_174106,2025-10-31 17:42:23,200,40,200,70.71067811865476
120,0.0,1.0,0.999875009059906,0.0701331347227096,1.0,0.1675570011138916,1347.394802461318,d200_B200_R4_20251031_174106,2025-10-31 17:42:23,200,40,200,70.71067811865476
121,0.0,1.0,0.999875009059906,0.0701331347227096,1.0,0.1748349666595459,1345.408023726483,d200_B200_R4_20251031_174106,2025-10-31 17:42:23,200,40,200,70.71067811865476
122,0.0,1.0,0.999875009059906,0.0701331347227096,1.0,0.1441011428833007,1345.7214244594145,d200_B200_R4_20251031_174106,2025-10-31 17:42:23,200,40,200,70.71067811865476
123,0.0,1.0,0.999875009059906,0.0701331347227096,1.0,0.1538958549499511,1345.3178072481796,d200_B200_R4_20251031_174106,2025-10-31 17:42:23,200,40,200,70.71067811865476
124,0.0,1.0,0.999875009059906,0.0701331347227096,1.0,0.2225019931793213,1339.9785488625364,d200_B200_R4_20251031_174106,2025-10-31 17:42:23,200,40,200,70.71067811865476
125,0.0,1.0,0.999875009059906,0.0701331347227096,1.0,0.1458010673522949,1340.199332986958,d200_B200_R4_20251031_174106,2025-10-31 17:42:23,200,40,200,70.71067811865476
126,0.0,1.0,0.999875009059906,0.0701331347227096,1.0,0.1936988830566406,1336.925348778532,d200_B200_R4_20251031_174106,2025-10-31 17:42:23,200,40,200,70.71067811865476
127,0.0,1.0,0.999875009059906,0.0701331347227096,1.0,0.5499517917633057,1309.3889849981963,d200_B200_R4_20251031_174106,2025-10-31 17:42:23,200,40,200,70.71067811865476
128,0.0,1.0,0.999875009059906,0.0701331347227096,1.0,0.2173430919647216,1304.679079854929,d200_B200_R4_20251031_174106,2025-10-31 17:42:23,200,40,200,70.71067811865476
129,0.0,1.0,0.999875009059906,0.0701331347227096,1.0,0.3424839973449707,1292.3911900872183,d200_B200_R4_20251031_174106,2025-10-31 17:42:23,200,40,200,70.71067811865476
130,0.0,1.0,0.999875009059906,0.0701331347227096,1.0,0.2024850845336914,1289.3409613979236,d200_B200_R4_20251031_174106,2025-10-31 17:42:23,200,40,200,70.71067811865476
131,0.0,1.0,0.999875009059906,0.0701331347227096,1.0,0.1311490535736084,1290.8073109018017,d200_B200_R4_20251031_174106,2025-10-31 17:42:23,200,40,200,70.71067811865476
132,0.0,1.0,0.999875009059906,0.0701331347227096,1.0,0.2066659927368164,1287.5628820625216,d200_B200_R4_20251031_174106,2025-10-31 17:42:23,200,40,200,70.71067811865476
133,0.0,1.0,0.999875009059906,0.0701331347227096,1.0,0.2847740650177002,1279.5825318394022,d200_B200_R4_20251031_174106,2025-10-31 17:42:23,200,40,200,70.71067811865476
134,0.0,1.0,0.999875009059906,0.0701331347227096,1.0,0.1463441848754882,1280.1593803753303,d200_B200_R4_20251031_174106,2025-10-31 17:42:23,200,40,200,70.71067811865476
135,0.0,1.0,0.999875009059906,0.0701331347227096,1.0,0.2144479751586914,1276.635804106567,d200_B200_R4_20251031_174106,2025-10-31 17:42:23,200,40,200,70.71067811865476
136,0.0,1.0,0.999875009059906,0.0701331347227096,1.0,0.1652688980102539,1276.1093613201094,d200_B200_R4_20251031_174106,2025-10-31 17:42:23,200,40,200,70.71067811865476
137,0.0,1.0,0.999875009059906,0.0701331347227096,1.0,0.4713168144226074,1257.698618890945,d200_B200_R4_20251031_174106,2025-10-31 17:42:23,200,40,200,70.71067811865476
138,0.0,1.0,0.999875009059906,0.0701331347227096,1.0,0.4336161613464355,1242.0307302598414,d200_B200_R4_20251031_174106,2025-10-31 17:42:23,200,40,200,70.71067811865476
139,0.0,1.0,0.999875009059906,0.0701331347227096,1.0,0.3012957572937011,1234.3349063292192,d200_B200_R4_20251031_174106,2025-10-31 17:42:23,200,40,200,70.71067811865476
140,0.0,1.0,0.999875009059906,0.0701331347227096,1.0,0.5220379829406738,1214.8466052878975,d200_B200_R4_20251031_174106,2025-10-31 17:42:23,200,40,200,70.71067811865476
141,0.0,1.0,0.999875009059906,0.0701331347227096,1.0,0.3934259414672851,1194.607083370891,d200_B200_R4_20251031_174106,2025-10-31 17:42:23,200,40,200,70.71067811865476
142,0.0,1.0,0.999875009059906,0.0701331347227096,1.0,0.4331338405609131,1181.4819473488517,d200_B200_R4_20251031_174106,2025-10-31 17:42:23,200,40,200,70.71067811865476
143,0.0,1.0,0.999875009059906,0.0701331347227096,1.0,0.2964479923248291,1175.3197015553192,d200_B200_R4_20251031_174106,2025-10-31 17:42:23,200,40,200,70.71067811865476
144,0.0,1.0,0.999875009059906,0.0701331347227096,1.0,0.2387199401855468,1172.0414083188384,d200_B200_R4_20251031_174106,2025-10-31 17:42:23,200,40,200,70.71067811865476
145,0.0,1.0,0.999875009059906,0.0701331347227096,1.0,0.4130978584289551,1160.5956706617776,d200_B200_R4_20251031_174106,2025-10-31 17:42:23,200,40,200,70.71067811865476
146,0.0,1.0,0.999875009059906,0.0701331347227096,1.0,0.199291706085205,1159.3483755697353,d200_B200_R4_20251031_174106,2025-10-31 17:42:23,200,40,200,70.71067811865476
147,0.0,1.0,0.999875009059906,0.0701331347227096,1.0,0.1555509567260742,1160.0823513702694,d200_B200_R4_20251031_174106,2025-10-31 17:42:23,200,40,200,70.71067811865476
148,0.0,1.0,0.999875009059906,0.0701331347227096,1.0,0.1870636940002441,1159.409067890287,d200_B200_R4_20251031_174106,2025-10-31 17:42:23,200,40,200,70.71067811865476
149,0.0,1.0,0.999875009059906,0.0701331347227096,1.0,0.2438330650329589,1156.2118885252146,d200_B200_R4_20251031_174106,2025-10-31 17:42:23,200,40,200,70.71067811865476
150,0.0,1.0,0.999875009059906,0.0701331347227096,1.0,0.1830530166625976,1155.7515592538734,d200_B200_R4_20251031_174106,2025-10-31 17:42:23,200,40,200,70.71067811865476
151,0.0,1.0,0.999875009059906,0.0701331347227096,1.0,1.5578038692474363,1097.3282077057345,d200_B200_R4_20251031_174106,2025-10-31 17:42:23,200,40,200,70.71067811865476
152,0.0,1.0,0.999875009059906,0.0701331347227096,1.0,0.3970959186553955,1088.8361895830187,d200_B200_R4_20251031_174106,2025-10-31 17:42:23,200,40,200,70.71067811865476
153,0.0,1.0,0.999875009059906,0.0701331347227096,1.0,0.3238611221313476,1083.4212546960434,d200_B200_R4_20251031_174106,2025-10-31 17:42:23,200,40,200,70.71067811865476
154,0.0,1.0,0.999875009059906,0.0701331347227096,1.0,0.3027310371398926,1078.9319863651217,d200_B200_R4_20251031_174106,2025-10-31 17:42:23,200,40,200,70.71067811865476
155,0.0,1.0,0.999875009059906,0.0701331347227096,1.0,0.2286407947540283,1077.3075950168338,d200_B200_R4_20251031_174106,2025-10-31 17:42:23,200,40,200,70.71067811865476
156,0.0,1.0,0.999875009059906,0.0701331347227096,1.0,0.2922379970550537,1073.3733077331,d200_B200_R4_20251031_174106,2025-10-31 17:42:23,200,40,200,70.71067811865476
157,0.0,1.0,0.999875009059906,0.0701331347227096,1.0,1.3474349975585938,1032.464336845906,d200_B200_R4_20251031_174106,2025-10-31 17:42:23,200,40,200,70.71067811865476
158,0.0,1.0,0.999875009059906,0.0701331347227096,1.0,0.622838020324707,1017.6845068219928,d200_B200_R4_20251031_174106,2025-10-31 17:42:23,200,40,200,70.71067811865476
159,0.0,1.0,0.999875009059906,0.0701331347227096,1.0,0.2593061923980713,1015.615822972154,d200_B200_R4_20251031_174106,2025-10-31 17:42:23,200,40,200,70.71067811865476
160,0.0,1.0,0.999875009059906,0.0701331347227096,1.0,0.2517368793487549,1013.8560128052062,d200_B200_R4_20251031_174106,2025-10-31 17:42:23,200,40,200,70.71067811865476
161,0.0,1.0,0.999875009059906,0.0701331347227096,1.0,0.1843371391296386,1014.2602118189558,d200_B200_R4_20251031_174106,2025-10-31 17:42:23,200,40,200,70.71067811865476
162,0.0,1.0,0.999875009059906,0.0701331347227096,1.0,0.4771482944488525,1005.4950628277826,d200_B200_R4_20251031_174106,2025-10-31 17:42:23,200,40,200,70.71067811865476
163,0.0,1.0,0.999875009059906,0.0701331347227096,1.0,0.3586030006408691,1000.5349847862478,d200_B200_R4_20251031_174106,2025-10-31 17:42:23,200,40,200,70.71067811865476
164,0.0,1.0,0.999875009059906,0.0701331347227096,1.0,0.2382919788360595,999.3348070026256,d200_B200_R4_20251031_174106,2025-10-31 17:42:23,200,40,200,70.71067811865476
165,0.0,1.0,0.999875009059906,0.0701331347227096,1.0,0.2561538219451904,997.6468781124772,d200_B200_R4_20251031_174106,2025-10-31 17:42:23,200,40,200,70.71067811865476
166,0.0,1.0,0.999875009059906,0.0701331347227096,1.0,1.0923001766204834,971.7508203154864,d200_B200_R4_20251031_174106,2025-10-31 17:42:23,200,40,200,70.71067811865476
167,0.0,1.0,0.999875009059906,0.0701331347227096,1.0,0.3146030902862549,968.3949648381492,d200_B200_R4_20251031_174106,2025-10-31 17:42:23,200,40,200,70.71067811865476
168,0.0,1.0,0.999875009059906,0.0701331347227096,1.0,0.1743049621582031,969.2831535594544,d200_B200_R4_20251031_174106,2025-10-31 17:42:23,200,40,200,70.71067811865476
169,0.0,1.0,0.999875009059906,0.0701331347227096,1.0,0.2864809036254883,967.0606909003932,d200_B200_R4_20251031_174106,2025-10-31 17:42:23,200,40,200,70.71067811865476
170,0.0,1.0,0.999875009059906,0.0701331347227096,1.0,0.2273652553558349,966.4923878916017,d200_B200_R4_20251031_174106,2025-10-31 17:42:23,200,40,200,70.71067811865476
171,0.0,1.0,0.999875009059906,0.0701331347227096,1.0,0.1822900772094726,967.1555658757028,d200_B200_R4_20251031_174106,2025-10-31 17:42:23,200,40,200,70.71067811865476
172,0.0,1.0,0.999875009059906,0.0701331347227096,1.0,0.291240930557251,964.8705451603756,d200_B200_R4_20251031_174106,2025-10-31 17:42:23,200,40,200,70.71067811865476
173,0.0,1.0,0.999875009059906,0.0701331347227096,1.0,0.1713268756866455,965.7238519841264,d200_B200_R4_20251031_174106,2025-10-31 17:42:23,200,40,200,70.71067811865476
174,0.0,1.0,0.999875009059906,0.0701331347227096,1.0,0.2212131023406982,965.340685392055,d200_B200_R4_20251031_174106,2025-10-31 17:42:23,200,40,200,70.71067811865476
175,0.0,1.0,0.999875009059906,0.0701331347227096,1.0,0.1992480754852295,965.539380151182,d200_B200_R4_20251031_174106,2025-10-31 17:42:23,200,40,200,70.71067811865476
176,0.0,1.0,0.999875009059906,0.0701331347227096,1.0,0.2408511638641357,964.646338967899,d200_B200_R4_20251031_174106,2025-10-31 17:42:23,200,40,200,70.71067811865476
177,0.0,1.0,0.999875009059906,0.0701331347227096,1.0,0.3147897720336914,961.8355554615088,d200_B200_R4_20251031_174106,2025-10-31 17:42:23,200,40,200,70.71067811865476
178,0.0,1.0,0.999875009059906,0.0701331347227096,1.0,0.3217010498046875,958.898965225493,d200_B200_R4_20251031_174106,2025-10-31 17:42:23,200,40,200,70.71067811865476
179,0.0,1.0,0.999875009059906,0.0701331347227096,1.0,0.2845246791839599,956.956038673701,d200_B200_R4_20251031_174106,2025-10-31 17:42:23,200,40,200,70.71067811865476
180,0.0,1.0,0.999875009059906,0.0701331347227096,1.0,0.2003300189971923,957.1619806304974,d200_B200_R4_20251031_174106,2025-10-31 17:42:23,200,40,200,70.71067811865476
181,0.0,1.0,0.999875009059906,0.0701331347227096,1.0,0.3961877822875976,952.4267768650186,d200_B200_R4_20251031_174106,2025-10-31 17:42:23,200,40,200,70.71067811865476
182,0.0,1.0,0.999875009059906,0.0701331347227096,1.0,0.4067871570587158,947.5687914152146,d200_B200_R4_20251031_174106,2025-10-31 17:42:23,200,40,200,70.71067811865476
183,0.0,1.0,0.999875009059906,0.0701331347227096,1.0,0.6170377731323242,937.7493425807318,d200_B200_R4_20251031_174106,2025-10-31 17:42:23,200,40,200,70.71067811865476
184,0.0,1.0,0.999875009059906,0.0701331347227096,1.0,0.4107270240783691,933.0528762045911,d200_B200_R4_20251031_174106,2025-10-31 17:42:23,200,40,200,70.71067811865476
185,0.0,1.0,0.999875009059906,0.0701331347227096,1.0,0.2670309543609619,931.8141956097528,d200_B200_R4_20251031_174106,2025-10-31 17:42:23,200,40,200,70.71067811865476
186,0.0,1.0,0.999875009059906,0.0701331347227096,1.0,0.3203368186950683,929.3585829659032,d200_B200_R4_20251031_174106,2025-10-31 17:42:23,200,40,200,70.71067811865476
187,0.0,1.0,0.999875009059906,0.0701331347227096,1.0,0.3042271137237549,927.3079611066962,d200_B200_R4_20251031_174106,2025-10-31 17:42:23,200,40,200,70.71067811865476
188,0.0,1.0,0.999875009059906,0.0701331347227096,1.0,0.3673198223114013,923.8665750045348,d200_B200_R4_20251031_174106,2025-10-31 17:42:23,200,40,200,70.71067811865476
189,0.0,1.0,0.999875009059906,0.0701331347227096,1.0,0.3436410427093506,921.010820653609,d200_B200_R4_20251031_174106,2025-10-31 17:42:23,200,40,200,70.71067811865476
190,0.0,1.0,0.999875009059906,0.0701331347227096,1.0,0.2492468357086181,920.2929242176898,d200_B200_R4_20251031_174106,2025-10-31 17:42:23,200,40,200,70.71067811865476
191,0.0,1.0,0.999875009059906,0.0701331347227096,1.0,0.2342767715454101,919.9108800402404,d200_B200_R4_20251031_174106,2025-10-31 17:42:23,200,40,200,70.71067811865476
192,0.0,1.0,0.999875009059906,0.0701331347227096,1.0,0.3293092250823974,917.4510809284628,d200_B200_R4_20251031_174106,2025-10-31 17:42:23,200,40,200,70.71067811865476
193,0.0,1.0,0.999875009059906,0.0701331347227096,1.0,0.2285349369049072,917.2177838748656,d200_B200_R4_20251031_174106,2025-10-31 17:42:23,200,40,200,70.71067811865476
194,0.0,1.0,0.999875009059906,0.0701331347227096,1.0,0.2241427898406982,917.081986499847,d200_B200_R4_20251031_174106,2025-10-31 17:42:23,200,40,200,70.71067811865476
195,0.0,1.0,0.999875009059906,0.0701331347227096,1.0,0.2104251384735107,917.2372845958386,d200_B200_R4_20251031_174106,2025-10-31 17:42:23,200,40,200,70.71067811865476
196,0.0,1.0,0.999875009059906,0.0701331347227096,1.0,0.3007149696350097,915.4144271667795,d200_B200_R4_20251031_174106,2025-10-31 17:42:23,200,40,200,70.71067811865476
197,0.0,1.0,0.999875009059906,0.0701331347227096,1.0,0.1769988536834716,916.28662153678,d200_B200_R4_20251031_174106,2025-10-31 17:42:23,200,40,200,70.71067811865476
198,0.0,1.0,0.999875009059906,0.0701331347227096,1.0,0.2128229141235351,916.3955693355762,d200_B200_R4_20251031_174106,2025-10-31 17:42:23,200,40,200,70.71067811865476
199,0.0,1.0,0.999875009059906,0.0701331347227096,1.0,0.7386698722839355,905.5539374084232,d200_B200_R4_20251031_174106,2025-10-31 17:42:23,200,40,200,70.71067811865476
200,0.0,1.0,0.999875009059906,0.0701331347227096,1.0,0.2988491058349609,903.6612804114131,d200_B200_R4_20251031_174106,2025-10-31 17:42:23,200,40,200,70.71067811865476
201,0.0,1.0,0.999875009059906,0.0701331347227096,1.0,0.1676359176635742,904.7362691131876,d200_B200_R4_20251031_174106,2025-10-31 17:42:23,200,40,200,70.71067811865476
202,0.0,1.0,0.999875009059906,0.0701331347227096,1.0,0.2246170043945312,904.6602037393336,d200_B200_R4_20251031_174106,2025-10-31 17:42:23,200,40,200,70.71067811865476
203,0.0,1.0,0.999875009059906,0.0701331347227096,1.0,0.1846721172332763,905.3857870968598,d200_B200_R4_20251031_174106,2025-10-31 17:42:23,200,40,200,70.71067811865476
204,0.0,1.0,0.999875009059906,0.0701331347227096,1.0,0.1746590137481689,906.2979866706158,d200_B200_R4_20251031_174106,2025-10-31 17:42:23,200,40,200,70.71067811865476
205,0.0,1.0,0.999875009059906,0.0701331347227096,1.0,0.244218111038208,905.824405646534,d200_B200_R4_20251031_174106,2025-10-31 17:42:23,200,40,200,70.71067811865476
206,0.0,1.0,0.999875009059906,0.0701331347227096,1.0,0.2046129703521728,906.1408001153552,d200_B200_R4_20251031_174106,2025-10-31 17:42:23,200,40,200,70.71067811865476
207,0.0,1.0,0.999875009059906,0.0701331347227096,1.0,0.192188024520874,906.6977080840624,d200_B200_R4_20251031_174106,2025-10-31 17:42:23,200,40,200,70.71067811865476
208,0.0,1.0,0.999875009059906,0.0701331347227096,1.0,0.1363430023193359,908.3525329434306,d200_B200_R4_20251031_174106,2025-10-31 17:42:23,200,40,200,70.71067811865476
209,0.0,1.0,0.999875009059906,0.0701331347227096,1.0,0.1807961463928222,909.1194423381612,d200_B200_R4_20251031_174106,2025-10-31 17:42:23,200,40,200,70.71067811865476
210,0.0,1.0,0.999875009059906,0.0701331347227096,1.0,0.1531462669372558,910.4252281108628,d200_B200_R4_20251031_174106,2025-10-31 17:42:23,200,40,200,70.71067811865476
211,0.0,1.0,0.999875009059906,0.0701331347227096,1.0,0.2704708576202392,909.428496144832,d200_B200_R4_20251031_174106,2025-10-31 17:42:23,200,40,200,70.71067811865476
212,0.0,1.0,0.999875009059906,0.0701331347227096,1.0,0.2209749221801757,909.4034983451312,d200_B200_R4_20251031_174106,2025-10-31 17:42:23,200,40,200,70.71067811865476
213,0.0,1.0,0.999875009059906,0.0701331347227096,1.0,0.1442019939422607,910.8623305328764,d200_B200_R4_20251031_174106,2025-10-31 17:42:23,200,40,200,70.71067811865476
214,0.0,1.0,0.999875009059906,0.0701331347227096,1.0,0.1385390758514404,912.4251544680708,d200_B200_R4_20251031_174106,2025-10-31 17:42:23,200,40,200,70.71067811865476
215,0.0,1.0,0.999875009059906,0.0701331347227096,1.0,0.1607229709625244,913.5456570241466,d200_B200_R4_20251031_174106,2025-10-31 17:42:23,200,40,200,70.71067811865476
216,0.0,1.0,0.999875009059906,0.0701331347227096,1.0,0.1972811222076416,913.9578573334734,d200_B200_R4_20251031_174106,2025-10-31 17:42:23,200,40,200,70.71067811865476
217,0.0,1.0,0.999875009059906,0.0701331347227096,1.0,0.1458747386932373,915.353233504222,d200_B200_R4_20251031_174106,2025-10-31 17:42:23,200,40,200,70.71067811865476
218,0.0,1.0,0.999875009059906,0.0701331347227096,1.0,0.3517060279846191,912.8079424433053,d200_B200_R4_20251031_174106,2025-10-31 17:42:23,200,40,200,70.71067811865476
219,0.0,1.0,0.999875009059906,0.0701331347227096,1.0,0.1894648075103759,913.3445504268092,d200_B200_R4_20251031_174106,2025-10-31 17:42:23,200,40,200,70.71067811865476
220,0.0,1.0,0.999875009059906,0.0701331347227096,1.0,0.3298461437225342,911.1896042141822,d200_B200_R4_20251031_174106,2025-10-31 17:42:23,200,40,200,70.71067811865476
221,0.0,1.0,0.999875009059906,0.0701331347227096,1.0,0.2057428359985351,911.4268618953888,d200_B200_R4_20251031_174106,2025-10-31 17:42:23,200,40,200,70.71067811865476
222,0.0,1.0,0.999875009059906,0.0701331347227096,1.0,0.4216389656066894,907.6624391449212,d200_B200_R4_20251031_174106,2025-10-31 17:42:23,200,40,200,70.71067811865476
223,0.0,1.0,0.999875009059906,0.0701331347227096,1.0,0.2443211078643798,907.1562266122994,d200_B200_R4_20251031_174106,2025-10-31 17:42:23,200,40,200,70.71067811865476
224,0.0,1.0,0.999875009059906,0.0701331347227096,1.0,0.2474570274353027,906.6389521275722,d200_B200_R4_20251031_174106,2025-10-31 17:42:23,200,40,200,70.71067811865476
225,0.0,1.0,0.999875009059906,0.0701331347227096,1.0,1.045591115951538,891.7208772511817,d200_B200_R4_20251031_174106,2025-10-31 17:42:23,200,40,200,70.71067811865476
226,0.0,1.0,0.999875009059906,0.0701331347227096,1.0,0.6243741512298584,884.4645397635646,d200_B200_R4_20251031_174106,2025-10-31 17:42:23,200,40,200,70.71067811865476
227,0.0,1.0,0.999875009059906,0.0701331347227096,1.0,0.4061110019683838,881.3014848573365,d200_B200_R4_20251031_174106,2025-10-31 17:42:23,200,40,200,70.71067811865476
228,0.0,1.0,0.999875009059906,0.0701331347227096,1.0,0.3043618202209472,879.974527988052,d200_B200_R4_20251031_174106,2025-10-31 17:42:23,200,40,200,70.71067811865476
229,0.0,1.0,0.999875009059906,0.0701331347227096,1.0,0.3066351413726806,878.6251550332616,d200_B200_R4_20251031_174106,2025-10-31 17:42:23,200,40,200,70.71067811865476
230,0.0,1.0,0.999875009059906,0.0701331347227096,1.0,0.3211159706115722,877.0609941673137,d200_B200_R4_20251031_174106,2025-10-31 17:42:23,200,40,200,70.71067811865476
231,0.0,1.0,0.999875009059906,0.0701331347227096,1.0,0.3145880699157715,875.6185417320853,d200_B200_R4_20251031_174106,2025-10-31 17:42:23,200,40,200,70.71067811865476
232,0.0,1.0,0.999875009059906,0.0701331347227096,1.0,0.2473320960998535,875.3033761075375,d200_B200_R4_20251031_174106,2025-10-31 17:42:23,200,40,200,70.71067811865476
233,0.0,1.0,0.999875009059906,0.0701331347227096,1.0,0.3810200691223144,872.808705802025,d200_B200_R4_20251031_174106,2025-10-31 17:42:23,200,40,200,70.71067811865476
234,0.0,1.0,0.999875009059906,0.0701331347227096,1.0,0.293159008026123,871.5372458235976,d200_B200_R4_20251031_174106,2025-10-31 17:42:23,200,40,200,70.71067811865476
235,0.0,1.0,0.999875009059906,0.0701331347227096,1.0,0.3108150959014892,870.1861136947977,d200_B200_R4_20251031_174106,2025-10-31 17:42:23,200,40,200,70.71067811865476
236,0.0,1.0,0.999875009059906,0.0701331347227096,1.0,0.3023359775543213,869.0242883731314,d200_B200_R4_20251031_174106,2025-10-31 17:42:23,200,40,200,70.71067811865476
237,0.0,1.0,0.999875009059906,0.0701331347227096,1.0,0.5443258285522461,864.060548650868,d200_B200_R4_20251031_174106,2025-10-31 17:42:23,200,40,200,70.71067811865476
238,0.0,1.0,0.999875009059906,0.0701331347227096,1.0,0.4865942001342773,858.5825599511339,d200_B200_R4_20251031_174106,2025-10-31 17:42:23,200,40,200,70.71067811865476
239,0.0,1.0,0.999875009059906,0.0701331347227096,1.0,0.5483059883117676,853.6104958090526,d200_B200_R4_20251031_174106,2025-10-31 17:42:23,200,40,200,70.71067811865476
240,0.0,1.0,0.999875009059906,0.0701331347227096,1.0,0.557711124420166,848.648025265555,d200_B200_R4_20251031_174106,2025-10-31 17:42:23,200,40,200,70.71067811865476
241,0.0,1.0,0.999875009059906,0.0701331347227096,1.0,0.4323258399963379,845.7013673379934,d200_B200_R4_20251031_174106,2025-10-31 17:42:23,200,40,200,70.71067811865476
242,0.0,1.0,0.999875009059906,0.0701331347227096,1.0,0.2146329879760742,846.0028500605276,d200_B200_R4_20251031_174106,2025-10-31 17:42:23,200,40,200,70.71067811865476
243,0.0,1.0,0.999875009059906,0.0701331347227096,1.0,0.2545900344848633,845.7285281142501,d200_B200_R4_20251031_174106,2025-10-31 17:42:23,200,40,200,70.71067811865476
244,0.0,1.0,0.999875009059906,0.0701331347227096,1.0,0.2001729011535644,846.2561112625937,d200_B200_R4_20251031_174106,2025-10-31 17:42:23,200,40,200,70.71067811865476
245,0.0,1.0,0.999875009059906,0.0701331347227096,1.0,0.1763768196105957,847.1234388506678,d200_B200_R4_20251031_174106,2025-10-31 17:42:23,200,40,200,70.71067811865476
246,0.0,1.0,0.999875009059906,0.0701331347227096,1.0,0.1455018520355224,848.436171628825,d200_B200_R4_20251031_174106,2025-10-31 17:42:23,200,40,200,70.71067811865476
247,0.0,1.0,0.999875009059906,0.0701331347227096,1.0,0.1620376110076904,849.503152846829,d200_B200_R4_20251031_174106,2025-10-31 17:42:23,200,40,200,70.71067811865476
248,0.0,1.0,0.999875009059906,0.0701331347227096,1.0,0.1980679035186767,850.0399623047389,d200_B200_R4_20251031_174106,2025-10-31 17:42:23,200,40,200,70.71067811865476
249,0.0,1.0,0.999875009059906,0.0701331347227096,1.0,0.2005629539489746,850.5378408209333,d200_B200_R4_20251031_174106,2025-10-31 17:42:23,200,40,200,70.71067811865476
250,0.0,1.0,0.999875009059906,0.0701331347227096,1.0,0.2681381702423095,850.0587320513339,d200_B200_R4_20251031_174106,2025-10-31 17:42:23,200,40,200,70.71067811865476
251,0.0,1.0,0.999875009059906,0.0701331347227096,1.0,0.2064011096954345,850.4694652088247,d200_B200_R4_20251031_174106,2025-10-31 17:42:23,200,40,200,70.71067811865476
252,0.0,1.0,0.999875009059906,0.0701331347227096,1.0,0.1772189140319824,851.2952969087527,d200_B200_R4_20251031_174106,2025-10-31 17:42:23,200,40,200,70.71067811865476
253,0.0,1.0,0.999875009059906,0.0701331347227096,1.0,0.1583380699157714,852.3784415080733,d200_B200_R4_20251031_174106,2025-10-31 17:42:23,200,40,200,70.71067811865476
254,0.0,1.0,0.999875009059906,0.0701331347227096,1.0,0.1793689727783203,853.1625035681966,d200_B200_R4_20251031_174106,2025-10-31 17:42:23,200,40,200,70.71067811865476
255,0.0,1.0,0.999875009059906,0.0701331347227096,1.0,0.1616520881652832,854.1909414697745,d200_B200_R4_20251031_174106,2025-10-31 17:42:23,200,40,200,70.71067811865476
256,0.0,1.0,0.999875009059906,0.0701331347227096,1.0,0.2237641811370849,854.3349602509788,d200_B200_R4_20251031_174106,2025-10-31 17:42:23,200,40,200,70.71067811865476
257,0.0,1.0,0.999875009059906,0.0701331347227096,1.0,0.322674036026001,853.0804777518379,d200_B200_R4_20251031_174106,2025-10-31 17:42:23,200,40,200,70.71067811865476
258,0.0,1.0,0.999875009059906,0.0701331347227096,1.0,0.2476038932800293,852.8914404737942,d200_B200_R4_20251031_174106,2025-10-31 17:42:23,200,40,200,70.71067811865476
259,0.0,1.0,0.999875009059906,0.0701331347227096,1.0,0.2500009536743164,852.6711772692639,d200_B200_R4_20251031_174106,2025-10-31 17:42:23,200,40,200,70.71067811865476
260,0.0,1.0,0.999875009059906,0.0701331347227096,1.0,0.3159627914428711,851.5243769042241,d200_B200_R4_20251031_174106,2025-10-31 17:42:23,200,40,200,70.71067811865476
261,0.0,1.0,0.999875009059906,0.0701331347227096,1.0,0.2680320739746094,851.0555390882562,d200_B200_R4_20251031_174106,2025-10-31 17:42:23,200,40,200,70.71067811865476
262,0.0,1.0,0.999875009059906,0.0701331347227096,1.0,0.3049726486206054,850.0165922852735,d200_B200_R4_20251031_174106,2025-10-31 17:42:23,200,40,200,70.71067811865476
263,0.0,1.0,0.999875009059906,0.0701331347227096,1.0,1.1159870624542236,834.6740937157874,d200_B200_R4_20251031_174106,2025-10-31 17:42:23,200,40,200,70.71067811865476
264,0.0,1.0,0.999875009059906,0.0701331347227096,1.0,0.4800941944122314,831.5125696704415,d200_B200_R4_20251031_174106,2025-10-31 17:42:23,200,40,200,70.71067811865476
265,0.0,1.0,0.999875009059906,0.0701331347227096,1.0,0.4692847728729248,828.5454865631058,d200_B200_R4_20251031_174106,2025-10-31 17:42:23,200,40,200,70.71067811865476
266,0.0,1.0,0.999875009059906,0.0701331347227096,1.0,0.5179891586303711,825.0017926387011,d200_B200_R4_20251031_174106,2025-10-31 17:42:23,200,40,200,70.71067811865476
267,0.0,1.0,0.999875009059906,0.0701331347227096,1.0,0.3009419441223144,824.2550587941605,d200_B200_R4_20251031_174106,2025-10-31 17:42:23,200,40,200,70.71067811865476
268,0.0,1.0,0.999875009059906,0.0701331347227096,1.0,0.3269171714782715,823.1895237630515,d200_B200_R4_20251031_174106,2025-10-31 17:42:23,200,40,200,70.71067811865476
269,0.0,1.0,0.999875009059906,0.0701331347227096,1.0,0.4482462406158447,820.6189334800976,d200_B200_R4_20251031_174106,2025-10-31 17:42:23,200,40,200,70.71067811865476
270,0.0,1.0,0.999875009059906,0.0701331347227096,1.0,0.4234228134155273,818.3874576614759,d200_B200_R4_20251031_174106,2025-10-31 17:42:23,200,40,200,70.71067811865476
271,0.0,1.0,0.999875009059906,0.0701331347227096,1.0,0.4729790687561035,815.5779097155048,d200_B200_R4_20251031_174106,2025-10-31 17:42:23,200,40,200,70.71067811865476
272,0.0,1.0,0.999875009059906,0.0701331347227096,1.0,0.3638827800750732,814.1322139362817,d200_B200_R4_20251031_174106,2025-10-31 17:42:23,200,40,200,70.71067811865476
273,0.0,1.0,0.999875009059906,0.0701331347227096,1.0,0.4140882492065429,812.092569168955,d200_B200_R4_20251031_174106,2025-10-31 17:42:23,200,40,200,70.71067811865476
274,0.0,1.0,0.999875009059906,0.0701331347227096,1.0,0.4620389938354492,809.5105411551217,d200_B200_R4_20251031_174106,2025-10-31 17:42:23,200,40,200,70.71067811865476
275,0.0,1.0,0.999875009059906,0.0701331347227096,1.0,0.5144069194793701,806.3462714171771,d200_B200_R4_20251031_174106,2025-10-31 17:42:23,200,40,200,70.71067811865476
276,0.0,1.0,0.999875009059906,0.0701331347227096,1.0,0.5809938907623291,802.1735601888996,d200_B200_R4_20251031_174106,2025-10-31 17:42:23,200,40,200,70.71067811865476
277,0.0,1.0,0.999875009059906,0.0701331347227096,1.0,0.4941878318786621,799.31449949508,d200_B200_R4_20251031_174106,2025-10-31 17:42:23,200,40,200,70.71067811865476
278,0.0,1.0,0.999875009059906,0.0701331347227096,1.0,0.4404778480529785,797.139338450491,d200_B200_R4_20251031_174106,2025-10-31 17:42:23,200,40,200,70.71067811865476
279,0.0,1.0,0.999875009059906,0.0701331347227096,1.0,0.4458730220794678,794.9182903843214,d200_B200_R4_20251031_174106,2025-10-31 17:42:23,200,40,200,70.71067811865476
280,0.0,1.0,0.999875009059906,0.0701331347227096,1.0,0.2563269138336181,794.8539621371743,d200_B200_R4_20251031_174106,2025-10-31 17:42:23,200,40,200,70.71067811865476
281,0.0,1.0,0.999875009059906,0.0701331347227096,1.0,0.3499047756195068,793.7496540580686,d200_B200_R4_20251031_174106,2025-10-31 17:42:23,200,40,200,70.71067811865476
282,0.0,1.0,0.999875009059906,0.0701331347227096,1.0,0.2135248184204101,794.1748088776806,d200_B200_R4_20251031_174106,2025-10-31 17:42:23,200,40,200,70.71067811865476
283,0.0,1.0,0.999875009059906,0.0701331347227096,1.0,0.188849925994873,794.8704763474432,d200_B200_R4_20251031_174106,2025-10-31 17:42:23,200,40,200,70.71067811865476
284,0.0,1.0,0.999875009059906,0.0701331347227096,1.0,0.2390658855438232,795.0063553700169,d200_B200_R4_20251031_174106,2025-10-31 17:42:23,200,40,200,70.71067811865476
285,0.0,1.0,0.999875009059906,0.0701331347227096,1.0,0.2538580894470215,794.9750896580454,d200_B200_R4_20251031_174106,2025-10-31 17:42:23,200,40,200,70.71067811865476
286,0.0,1.0,0.999875009059906,0.0701331347227096,1.0,0.3737039566040039,793.6286172149353,d200_B200_R4_20251031_174106,2025-10-31 17:42:23,200,40,200,70.71067811865476
287,0.0,1.0,0.999875009059906,0.0701331347227096,1.0,0.2769069671630859,793.3451559730711,d200_B200_R4_20251031_174106,2025-10-31 17:42:23,200,40,200,70.71067811865476
288,0.0,1.0,0.999875009059906,0.0701331347227096,1.0,0.2669811248779297,793.1755825768274,d200_B200_R4_20251031_174106,2025-10-31 17:42:23,200,40,200,70.71067811865476
289,0.0,1.0,0.999875009059906,0.0701331347227096,1.0,0.21517014503479,793.574660229926,d200_B200_R4_20251031_174106,2025-10-31 17:42:23,200,40,200,70.71067811865476
290,0.0,1.0,0.999875009059906,0.0701331347227096,1.0,0.1965329647064209,794.1729216724024,d200_B200_R4_20251031_174106,2025-10-31 17:42:23,200,40,200,70.71067811865476
291,0.0,1.0,0.999875009059906,0.0701331347227096,1.0,0.282912015914917,793.8335651728324,d200_B200_R4_20251031_174106,2025-10-31 17:42:23,200,40,200,70.71067811865476
292,0.0,1.0,0.999875009059906,0.0701331347227096,1.0,0.1791248321533203,794.6144028233529,d200_B200_R4_20251031_174106,2025-10-31 17:42:23,200,40,200,70.71067811865476
293,0.0,1.0,0.999875009059906,0.0701331347227096,1.0,0.2062840461730957,795.0992255482827,d200_B200_R4_20251031_174106,2025-10-31 17:42:23,200,40,200,70.71067811865476
294,0.0,1.0,0.999875009059906,0.0701331347227096,1.0,0.1653881072998047,796.0210594112638,d200_B200_R4_20251031_174106,2025-10-31 17:42:23,200,40,200,70.71067811865476
295,0.0,1.0,0.999875009059906,0.0701331347227096,1.0,0.3301136493682861,795.1624361016281,d200_B200_R4_20251031_174106,2025-10-31 17:42:23,200,40,200,70.71067811865476
296,0.0,1.0,0.999875009059906,0.0701331347227096,1.0,0.2926468849182129,794.7195096440361,d200_B200_R4_20251031_174106,2025-10-31 17:42:23,200,40,200,70.71067811865476
297,0.0,1.0,0.999875009059906,0.0701331347227096,1.0,0.3261270523071289,793.9275939662873,d200_B200_R4_20251031_174106,2025-10-31 17:42:23,200,40,200,70.71067811865476
298,0.0,1.0,0.999875009059906,0.0701331347227096,1.0,0.2110500335693359,794.3530473264474,d200_B200_R4_20251031_174106,2025-10-31 17:42:23,200,40,200,70.71067811865476
299,0.0,1.0,0.999875009059906,0.0701331347227096,1.0,0.2290320396423339,794.5896697429725,d200_B200_R4_20251031_174106,2025-10-31 17:42:23,200,40,200,70.71067811865476
0,0.6931471824645996,0.4600000083446502,1.0,0.0219517406076192,1.0,0.1128270626068115,3511.2073818747267,d400_B400_R6_20251031_174106,2025-10-31 17:42:39,400,40,400,100.0
1,0.0,1.0,1.0,0.0219517406076192,1.0,0.1065151691436767,3625.307462176994,d400_B400_R6_20251031_174106,2025-10-31 17:42:39,400,40,400,100.0
2,0.0,1.0,1.0,0.0219517406076192,1.0,0.054513931274414,4356.0212904063355,d400_B400_R6_20251031_174106,2025-10-31 17:42:39,400,40,400,100.0
3,0.0,1.0,1.0,0.0219517406076192,1.0,0.1984710693359375,3374.241097152235,d400_B400_R6_20251031_174106,2025-10-31 17:42:39,400,40,400,100.0
4,0.0,1.0,1.0,0.0219517406076192,1.0,0.0782718658447265,3618.699226272234,d400_B400_R6_20251031_174106,2025-10-31 17:42:39,400,40,400,100.0
5,0.0,1.0,1.0,0.0219517406076192,1.0,0.1339061260223388,3494.3663951962194,d400_B400_R6_20251031_174106,2025-10-31 17:42:39,400,40,400,100.0
6,0.0,1.0,1.0,0.0219517406076192,1.0,0.1344950199127197,3408.2348096385526,d400_B400_R6_20251031_174106,2025-10-31 17:42:39,400,40,400,100.0
7,0.0,1.0,1.0,0.0219517406076192,1.0,0.082568883895874,3538.478054315582,d400_B400_R6_20251031_174106,2025-10-31 17:42:39,400,40,400,100.0
8,0.0,1.0,1.0,0.0219517406076192,1.0,0.1332690715789795,3467.6605482991245,d400_B400_R6_20251031_174106,2025-10-31 17:42:39,400,40,400,100.0
9,0.0,1.0,1.0,0.0219517406076192,1.0,0.1553771495819091,3350.6537754933097,d400_B400_R6_20251031_174106,2025-10-31 17:42:39,400,40,400,100.0
10,0.0,1.0,1.0,0.0219517406076192,1.0,0.0716979503631591,3475.9060976696187,d400_B400_R6_20251031_174106,2025-10-31 17:42:39,400,40,400,100.0
11,0.0,1.0,1.0,0.0219517406076192,1.0,0.1122889518737793,3482.4300103265577,d400_B400_R6_20251031_174106,2025-10-31 17:42:39,400,40,400,100.0
12,0.0,1.0,1.0,0.0219517406076192,1.0,0.0982890129089355,3521.012587440585,d400_B400_R6_20251031_174106,2025-10-31 17:42:39,400,40,400,100.0
13,0.0,1.0,1.0,0.0219517406076192,1.0,0.0843288898468017,3586.5781814289417,d400_B400_R6_20251031_174106,2025-10-31 17:42:39,400,40,400,100.0
14,0.0,1.0,1.0,0.0219517406076192,1.0,0.1254339218139648,3556.4600101072797,d400_B400_R6_20251031_174106,2025-10-31 17:42:39,400,40,400,100.0
15,0.0,1.0,1.0,0.0219517406076192,1.0,0.1932721138000488,3399.9170904708126,d400_B400_R6_20251031_174106,2025-10-31 17:42:39,400,40,400,100.0
16,0.0,1.0,1.0,0.0219517406076192,1.0,0.1437382698059082,3355.721527491398,d400_B400_R6_20251031_174106,2025-10-31 17:42:39,400,40,400,100.0
17,0.0,1.0,1.0,0.0219517406076192,1.0,0.1431798934936523,3318.1698296183604,d400_B400_R6_20251031_174106,2025-10-31 17:42:39,400,40,400,100.0
18,0.0,1.0,1.0,0.0219517406076192,1.0,0.1957170963287353,3212.387146706762,d400_B400_R6_20251031_174106,2025-10-31 17:42:39,400,40,400,100.0
19,0.0,1.0,1.0,0.0219517406076192,1.0,0.1403918266296386,3191.783541380645,d400_B400_R6_20251031_174106,2025-10-31 17:42:39,400,40,400,100.0
20,0.0,1.0,1.0,0.0219517406076192,1.0,0.1286759376525879,3187.4811571939213,d400_B400_R6_20251031_174106,2025-10-31 17:42:39,400,40,400,100.0
21,0.0,1.0,1.0,0.0219517406076192,1.0,0.1446328163146972,3165.2719355973463,d400_B400_R6_20251031_174106,2025-10-31 17:42:39,400,40,400,100.0
22,0.0,1.0,1.0,0.0219517406076192,1.0,0.1013679504394531,3192.5300568659845,d400_B400_R6_20251031_174106,2025-10-31 17:42:39,400,40,400,100.0
23,0.0,1.0,1.0,0.0219517406076192,1.0,0.2725038528442383,3043.3699577884563,d400_B400_R6_20251031_174106,2025-10-31 17:42:39,400,40,400,100.0
24,0.0,1.0,1.0,0.0219517406076192,1.0,0.1302399635314941,3044.0345673915936,d400_B400_R6_20251031_174106,2025-10-31 17:42:39,400,40,400,100.0
25,0.0,1.0,1.0,0.0219517406076192,1.0,0.1483452320098877,3028.7553567310897,d400_B400_R6_20251031_174106,2025-10-31 17:42:39,400,40,400,100.0
26,0.0,1.0,1.0,0.0219517406076192,1.0,0.0853030681610107,3068.04863067321,d400_B400_R6_20251031_174106,2025-10-31 17:42:39,400,40,400,100.0
27,0.0,1.0,1.0,0.0219517406076192,1.0,0.1032760143280029,3090.769767145174,d400_B400_R6_20251031_174106,2025-10-31 17:42:39,400,40,400,100.0
28,0.0,1.0,1.0,0.0219517406076192,1.0,0.1243970394134521,3094.7643675006125,d400_B400_R6_20251031_174106,2025-10-31 17:42:39,400,40,400,100.0
29,0.0,1.0,1.0,0.0219517406076192,1.0,0.1210181713104248,3101.163887294098,d400_B400_R6_20251031_174106,2025-10-31 17:42:39,400,40,400,100.0
30,0.0,1.0,1.0,0.0219517406076192,1.0,0.1416089534759521,3091.2241098670384,d400_B400_R6_20251031_174106,2025-10-31 17:42:39,400,40,400,100.0
31,0.0,1.0,1.0,0.0219517406076192,1.0,0.2245230674743652,3021.657333485222,d400_B400_R6_20251031_174106,2025-10-31 17:42:39,400,40,400,100.0
32,0.0,1.0,1.0,0.0219517406076192,1.0,0.1273019313812255,3025.0247018566224,d400_B400_R6_20251031_174106,2025-10-31 17:42:39,400,40,400,100.0
33,0.0,1.0,1.0,0.0219517406076192,1.0,0.2137589454650879,2970.3325906096047,d400_B400_R6_20251031_174106,2025-10-31 17:42:39,400,40,400,100.0
34,0.0,1.0,1.0,0.0219517406076192,1.0,0.1230800151824951,2977.5266678133203,d400_B400_R6_20251031_174106,2025-10-31 17:42:39,400,40,400,100.0
35,0.0,1.0,1.0,0.0219517406076192,1.0,0.1407501697540283,2973.475493852232,d400_B400_R6_20251031_174106,2025-10-31 17:42:39,400,40,400,100.0
36,0.0,1.0,1.0,0.0219517406076192,1.0,0.1824760437011718,2944.9309662822843,d400_B400_R6_20251031_174106,2025-10-31 17:42:39,400,40,400,100.0
37,0.0,1.0,1.0,0.0219517406076192,1.0,0.1609361171722412,2930.498546435797,d400_B400_R6_20251031_174106,2025-10-31 17:42:39,400,40,400,100.0
38,0.0,1.0,1.0,0.0219517406076192,1.0,0.1336669921875,2931.908166155948,d400_B400_R6_20251031_174106,2025-10-31 17:42:39,400,40,400,100.0
39,0.0,1.0,1.0,0.0219517406076192,1.0,0.1085069179534912,2946.864425650529,d400_B400_R6_20251031_174106,2025-10-31 17:42:39,400,40,400,100.0
40,0.0,1.0,1.0,0.0219517406076192,1.0,0.1122701168060302,2959.2195773341523,d400_B400_R6_20251031_174106,2025-10-31 17:42:39,400,40,400,100.0
41,0.0,1.0,1.0,0.0219517406076192,1.0,0.1582338809967041,2947.1378770937945,d400_B400_R6_20251031_174106,2025-10-31 17:42:39,400,40,400,100.0
42,0.0,1.0,1.0,0.0219517406076192,1.0,0.1514627933502197,2938.994871651136,d400_B400_R6_20251031_174106,2025-10-31 17:42:39,400,40,400,100.0
43,0.0,1.0,1.0,0.0219517406076192,1.0,0.1363499164581298,2938.7519505823025,d400_B400_R6_20251031_174106,2025-10-31 17:42:39,400,40,400,100.0
44,0.0,1.0,1.0,0.0219517406076192,1.0,0.1650619506835937,2924.7619880710654,d400_B400_R6_20251031_174106,2025-10-31 17:42:39,400,40,400,100.0
45,0.0,1.0,1.0,0.0219517406076192,1.0,0.3033099174499511,2849.2315105644293,d400_B400_R6_20251031_174106,2025-10-31 17:42:39,400,40,400,100.0
46,0.0,1.0,1.0,0.0219517406076192,1.0,0.1899290084838867,2827.890178919394,d400_B400_R6_20251031_174106,2025-10-31 17:42:39,400,40,400,100.0
47,0.0,1.0,1.0,0.0219517406076192,1.0,0.1526939868927002,2823.1288461890376,d400_B400_R6_20251031_174106,2025-10-31 17:42:39,400,40,400,100.0
48,0.0,1.0,1.0,0.0219517406076192,1.0,0.1672592163085937,2812.682017536282,d400_B400_R6_20251031_174106,2025-10-31 17:42:39,400,40,400,100.0
49,0.0,1.0,1.0,0.0219517406076192,1.0,0.1748409271240234,2799.548593827723,d400_B400_R6_20251031_174106,2025-10-31 17:42:39,400,40,400,100.0
50,0.0,1.0,1.0,0.0219517406076192,1.0,0.139078140258789,2800.86629210618,d400_B400_R6_20251031_174106,2025-10-31 17:42:39,400,40,400,100.0
51,0.0,1.0,1.0,0.0219517406076192,1.0,0.192216157913208,2782.242142495701,d400_B400_R6_20251031_174106,2025-10-31 17:42:39,400,40,400,100.0
52,0.0,1.0,1.0,0.0219517406076192,1.0,0.1921858787536621,2764.602907683056,d400_B400_R6_20251031_174106,2025-10-31 17:42:39,400,40,400,100.0
53,0.0,1.0,1.0,0.0219517406076192,1.0,0.2276532649993896,2735.4483586216793,d400_B400_R6_20251031_174106,2025-10-31 17:42:39,400,40,400,100.0
54,0.0,1.0,1.0,0.0219517406076192,1.0,0.1973912715911865,2718.010768160306,d400_B400_R6_20251031_174106,2025-10-31 17:42:39,400,40,400,100.0
55,0.0,1.0,1.0,0.0219517406076192,1.0,0.2338929176330566,2689.6258424188777,d400_B400_R6_20251031_174106,2025-10-31 17:42:39,400,40,400,100.0
56,0.0,1.0,1.0,0.0219517406076192,1.0,0.1546239852905273,2687.6587393630284,d400_B400_R6_20251031_174106,2025-10-31 17:42:39,400,40,400,100.0
57,0.0,1.0,1.0,0.0219517406076192,1.0,0.3862347602844238,2615.657508446709,d400_B400_R6_20251031_174106,2025-10-31 17:42:39,400,40,400,100.0
58,0.0,1.0,1.0,0.0219517406076192,1.0,0.2336199283599853,2592.2965726154403,d400_B400_R6_20251031_174106,2025-10-31 17:42:39,400,40,400,100.0
59,0.0,1.0,1.0,0.0219517406076192,1.0,0.1347870826721191,2597.603604631149,d400_B400_R6_20251031_174106,2025-10-31 17:42:39,400,40,400,100.0
60,0.0,1.0,1.0,0.0219517406076192,1.0,0.1640310287475586,2594.753781510517,d400_B400_R6_20251031_174106,2025-10-31 17:42:39,400,40,400,100.0
61,0.0,1.0,1.0,0.0219517406076192,1.0,0.2067048549652099,2580.4999904613123,d400_B400_R6_20251031_174106,2025-10-31 17:42:39,400,40,400,100.0
62,0.0,1.0,1.0,0.0219517406076192,1.0,0.1754820346832275,2575.0249830857583,d400_B400_R6_20251031_174106,2025-10-31 17:42:39,400,40,400,100.0
63,0.0,1.0,1.0,0.0219517406076192,1.0,0.1770360469818115,2569.3721378202804,d400_B400_R6_20251031_174106,2025-10-31 17:42:39,400,40,400,100.0
64,0.0,1.0,1.0,0.0219517406076192,1.0,0.149055004119873,2571.00703939103,d400_B400_R6_20251031_174106,2025-10-31 17:42:39,400,40,400,100.0
65,0.0,1.0,1.0,0.0219517406076192,1.0,0.2224678993225097,2554.2937608770653,d400_B400_R6_20251031_174106,2025-10-31 17:42:39,400,40,400,100.0
66,0.0,1.0,1.0,0.0219517406076192,1.0,0.1813349723815918,2548.223038910092,d400_B400_R6_20251031_174106,2025-10-31 17:42:39,400,40,400,100.0
67,0.0,1.0,1.0,0.0219517406076192,1.0,0.1820387840270996,2542.0473405423586,d400_B400_R6_20251031_174106,2025-10-31 17:42:39,400,40,400,100.0
68,0.0,1.0,1.0,0.0219517406076192,1.0,0.2208738327026367,2527.207604860269,d400_B400_R6_20251031_174106,2025-10-31 17:42:39,400,40,400,100.0
69,0.0,1.0,1.0,0.0219517406076192,1.0,0.1693720817565918,2524.627359510765,d400_B400_R6_20251031_174106,2025-10-31 17:42:39,400,40,400,100.0
70,0.0,1.0,1.0,0.0219517406076192,1.0,0.1830537319183349,2519.0579776177365,d400_B400_R6_20251031_174106,2025-10-31 17:42:39,400,40,400,100.0
71,0.0,1.0,1.0,0.0219517406076192,1.0,0.1501688957214355,2520.89854594169,d400_B400_R6_20251031_174106,2025-10-31 17:42:39,400,40,400,100.0
72,0.0,1.0,1.0,0.0219517406076192,1.0,0.5919957160949707,2429.9441718883004,d400_B400_R6_20251031_174106,2025-10-31 17:42:39,400,40,400,100.0
73,0.0,1.0,1.0,0.0219517406076192,1.0,0.2368571758270263,2415.5644416886976,d400_B400_R6_20251031_174106,2025-10-31 17:42:39,400,40,400,100.0
74,0.0,1.0,1.0,0.0219517406076192,1.0,0.1603090763092041,2416.534164141912,d400_B400_R6_20251031_174106,2025-10-31 17:42:39,400,40,400,100.0
75,0.0,1.0,1.0,0.0219517406076192,1.0,0.1774060726165771,2414.211143643043,d400_B400_R6_20251031_174106,2025-10-31 17:42:39,400,40,400,100.0
76,0.0,1.0,1.0,0.0219517406076192,1.0,0.1810998916625976,2411.2497720518063,d400_B400_R6_20251031_174106,2025-10-31 17:42:39,400,40,400,100.0
77,0.0,1.0,1.0,0.0219517406076192,1.0,0.1596949100494384,2412.3428836122766,d400_B400_R6_20251031_174106,2025-10-31 17:42:39,400,40,400,100.0
78,0.0,1.0,1.0,0.0219517406076192,1.0,0.1287932395935058,2419.114338811311,d400_B400_R6_20251031_174106,2025-10-31 17:42:39,400,40,400,100.0
79,0.0,1.0,1.0,0.0219517406076192,1.0,0.139650821685791,2423.7710995310767,d400_B400_R6_20251031_174106,2025-10-31 17:42:39,400,40,400,100.0
80,0.0,1.0,1.0,0.0219517406076192,1.0,0.1161227226257324,2432.6256852595006,d400_B400_R6_20251031_174106,2025-10-31 17:42:39,400,40,400,100.0
81,0.0,1.0,1.0,0.0219517406076192,1.0,0.1802630424499511,2429.7100862999637,d400_B400_R6_20251031_174106,2025-10-31 17:42:39,400,40,400,100.0
82,0.0,1.0,1.0,0.0219517406076192,1.0,0.1724848747253418,2428.268117096354,d400_B400_R6_20251031_174106,2025-10-31 17:42:39,400,40,400,100.0
83,0.0,1.0,1.0,0.0219517406076192,1.0,0.1861069202423095,2424.4850868960134,d400_B400_R6_20251031_174106,2025-10-31 17:42:39,400,40,400,100.0
84,0.0,1.0,1.0,0.0219517406076192,1.0,0.1385185718536377,2429.0227317470035,d400_B400_R6_20251031_174106,2025-10-31 17:42:39,400,40,400,100.0
85,0.0,1.0,1.0,0.0219517406076192,1.0,0.1849570274353027,2425.5162377340507,d400_B400_R6_20251031_174106,2025-10-31 17:42:39,400,40,400,100.0
86,0.0,1.0,1.0,0.0219517406076192,1.0,0.1285769939422607,2431.6395294604963,d400_B400_R6_20251031_174106,2025-10-31 17:42:39,400,40,400,100.0
87,0.0,1.0,1.0,0.0219517406076192,1.0,0.2120718955993652,2423.6420614619583,d400_B400_R6_20251031_174106,2025-10-31 17:42:39,400,40,400,100.0
88,0.0,1.0,1.0,0.0219517406076192,1.0,0.2271440029144287,2411.986107528638,d400_B400_R6_20251031_174106,2025-10-31 17:42:39,400,40,400,100.0
89,0.0,1.0,1.0,0.0219517406076192,1.0,0.1992139816284179,2406.5699455601307,d400_B400_R6_20251031_174106,2025-10-31 17:42:39,400,40,400,100.0
90,0.0,1.0,1.0,0.0219517406076192,1.0,0.2329616546630859,2395.955944307324,d400_B400_R6_20251031_174106,2025-10-31 17:42:39,400,40,400,100.0
91,0.0,1.0,1.0,0.0219517406076192,1.0,0.1943531036376953,2391.617685369545,d400_B400_R6_20251031_174106,2025-10-31 17:42:39,400,40,400,100.0
92,0.0,1.0,1.0,0.0219517406076192,1.0,0.1679370403289795,2391.298968639243,d400_B400_R6_20251031_174106,2025-10-31 17:42:39,400,40,400,100.0
93,0.0,1.0,1.0,0.0219517406076192,1.0,0.1746611595153808,2390.076393838141,d400_B400_R6_20251031_174106,2025-10-31 17:42:39,400,40,400,100.0
94,0.0,1.0,1.0,0.0219517406076192,1.0,0.163729190826416,2390.58046493819,d400_B400_R6_20251031_174106,2025-10-31 17:42:39,400,40,400,100.0
95,0.0,1.0,1.0,0.0219517406076192,1.0,0.177297830581665,2389.014441438052,d400_B400_R6_20251031_174106,2025-10-31 17:42:39,400,40,400,100.0
96,0.0,1.0,1.0,0.0219517406076192,1.0,0.1405360698699951,2392.9395583906735,d400_B400_R6_20251031_174106,2025-10-31 17:42:39,400,40,400,100.0
97,0.0,1.0,1.0,0.0219517406076192,1.0,0.1986279487609863,2388.2802906973698,d400_B400_R6_20251031_174106,2025-10-31 17:42:39,400,40,400,100.0
98,0.0,1.0,1.0,0.0219517406076192,1.0,0.1400260925292968,2392.210264723132,d400_B400_R6_20251031_174106,2025-10-31 17:42:39,400,40,400,100.0
99,0.0,1.0,1.0,0.0219517406076192,1.0,0.1902110576629638,2388.8924778849455,d400_B400_R6_20251031_174106,2025-10-31 17:42:39,400,40,400,100.0
100,0.0,1.0,1.0,0.0219517406076192,1.0,0.1390750408172607,2392.871060917724,d400_B400_R6_20251031_174106,2025-10-31 17:42:39,400,40,400,100.0
101,0.0,1.0,1.0,0.0219517406076192,1.0,0.1802000999450683,2390.997773587042,d400_B400_R6_20251031_174106,2025-10-31 17:42:39,400,40,400,100.0
102,0.0,1.0,1.0,0.0219517406076192,1.0,0.1620872020721435,2391.634707102907,d400_B400_R6_20251031_174106,2025-10-31 17:42:39,400,40,400,100.0
103,0.0,1.0,1.0,0.0219517406076192,1.0,0.2082679271697998,2385.977012289577,d400_B400_R6_20251031_174106,2025-10-31 17:42:39,400,40,400,100.0
104,0.0,1.0,1.0,0.0219517406076192,1.0,0.1700301170349121,2385.6195222129786,d400_B400_R6_20251031_174106,2025-10-31 17:42:39,400,40,400,100.0
105,0.0,1.0,1.0,0.0219517406076192,1.0,0.1624767780303955,2386.1972825753483,d400_B400_R6_20251031_174106,2025-10-31 17:42:39,400,40,400,100.0
106,0.0,1.0,1.0,0.0219517406076192,1.0,0.2156059741973877,2379.79944569865,d400_B400_R6_20251031_174106,2025-10-31 17:42:39,400,40,400,100.0
107,0.0,1.0,1.0,0.0219517406076192,1.0,0.1395888328552246,2383.4989420698807,d400_B400_R6_20251031_174106,2025-10-31 17:42:39,400,40,400,100.0
108,0.0,1.0,1.0,0.0219517406076192,1.0,0.1518678665161132,2385.5498480897113,d400_B400_R6_20251031_174106,2025-10-31 17:42:39,400,40,400,100.0
109,0.0,1.0,1.0,0.0219517406076192,1.0,0.2318899631500244,2377.2175357194083,d400_B400_R6_20251031_174106,2025-10-31 17:42:39,400,40,400,100.0
110,0.0,1.0,1.0,0.0219517406076192,1.0,0.1576061248779297,2378.538912158153,d400_B400_R6_20251031_174106,2025-10-31 17:42:39,400,40,400,100.0
111,0.0,1.0,1.0,0.0219517406076192,1.0,0.675588846206665,2316.1130353488948,d400_B400_R6_20251031_174106,2025-10-31 17:42:39,400,40,400,100.0
112,0.0,1.0,1.0,0.0219517406076192,1.0,0.2953128814697265,2300.855268798141,d400_B400_R6_20251031_174106,2025-10-31 17:42:39,400,40,400,100.0
113,0.0,1.0,1.0,0.0219517406076192,1.0,0.3404409885406494,2281.6532082993226,d400_B400_R6_20251031_174106,2025-10-31 17:42:39,400,40,400,100.0
114,0.0,1.0,1.0,0.0219517406076192,1.0,0.2155711650848388,2277.078044260562,d400_B400_R6_20251031_174106,2025-10-31 17:42:39,400,40,400,100.0
115,0.0,1.0,1.0,0.0219517406076192,1.0,0.1510558128356933,2279.794012282108,d400_B400_R6_20251031_174106,2025-10-31 17:42:39,400,40,400,100.0
116,0.0,1.0,1.0,0.0219517406076192,1.0,0.2305819988250732,2273.4517726707445,d400_B400_R6_20251031_174106,2025-10-31 17:42:39,400,40,400,100.0
117,0.0,1.0,1.0,0.0219517406076192,1.0,0.2541029453277588,2264.7534215830447,d400_B400_R6_20251031_174106,2025-10-31 17:42:39,400,40,400,100.0
118,0.0,1.0,1.0,0.0219517406076192,1.0,0.2449250221252441,2257.376403843927,d400_B400_R6_20251031_174106,2025-10-31 17:42:39,400,40,400,100.0
119,0.0,1.0,1.0,0.0219517406076192,1.0,0.197808027267456,2255.144006370293,d400_B400_R6_20251031_174106,2025-10-31 17:42:39,400,40,400,100.0
120,0.0,1.0,1.0,0.0219517406076192,1.0,0.595923900604248,2211.9008458390604,d400_B400_R6_20251031_174106,2025-10-31 17:42:39,400,40,400,100.0
121,0.0,1.0,1.0,0.0219517406076192,1.0,0.456038236618042,2184.305148791876,d400_B400_R6_20251031_174106,2025-10-31 17:42:39,400,40,400,100.0
122,0.0,1.0,1.0,0.0219517406076192,1.0,0.2958667278289795,2173.35829054279,d400_B400_R6_20251031_174106,2025-10-31 17:42:39,400,40,400,100.0
123,0.0,1.0,1.0,0.0219517406076192,1.0,0.8384273052215576,2112.5971080120403,d400_B400_R6_20251031_174106,2025-10-31 17:42:39,400,40,400,100.0
124,0.0,1.0,1.0,0.0219517406076192,1.0,0.3672449588775635,2095.609442845216,d400_B400_R6_20251031_174106,2025-10-31 17:42:39,400,40,400,100.0
125,0.0,1.0,1.0,0.0219517406076192,1.0,0.3649730682373047,2078.5517865264096,d400_B400_R6_20251031_174106,2025-10-31 17:42:39,400,40,400,100.0
126,0.0,1.0,1.0,0.0219517406076192,1.0,0.3426427841186523,2065.837101823996,d400_B400_R6_20251031_174106,2025-10-31 17:42:39,400,40,400,100.0
127,0.0,1.0,1.0,0.0219517406076192,1.0,0.4093539714813232,2047.8704378844743,d400_B400_R6_20251031_174106,2025-10-31 17:42:39,400,40,400,100.0
128,0.0,1.0,1.0,0.0219517406076192,1.0,0.2043769359588623,2047.111838826513,d400_B400_R6_20251031_174106,2025-10-31 17:42:39,400,40,400,100.0
129,0.0,1.0,1.0,0.0219517406076192,1.0,0.1816482543945312,2048.196268807497,d400_B400_R6_20251031_174106,2025-10-31 17:42:39,400,40,400,100.0
130,0.0,1.0,1.0,0.0219517406076192,1.0,0.1828727722167968,2049.1715285513255,d400_B400_R6_20251031_174106,2025-10-31 17:42:39,400,40,400,100.0
131,0.0,1.0,1.0,0.0219517406076192,1.0,0.2724940776824951,2043.025521244493,d400_B400_R6_20251031_174106,2025-10-31 17:42:39,400,40,400,100.0
132,0.0,1.0,1.0,0.0219517406076192,1.0,1.5839729309082031,1939.596245407402,d400_B400_R6_20251031_174106,2025-10-31 17:42:39,400,40,400,100.0
133,0.0,1.0,1.0,0.0219517406076192,1.0,0.5162839889526367,1916.7770566006025,d400_B400_R6_20251031_174106,2025-10-31 17:42:39,400,40,400,100.0
134,0.0,1.0,1.0,0.0219517406076192,1.0,0.4382081031799316,1901.2591600634032,d400_B400_R6_20251031_174106,2025-10-31 17:42:39,400,40,400,100.0
135,0.0,1.0,1.0,0.0219517406076192,1.0,0.2244248390197754,1900.1808589335296,d400_B400_R6_20251031_174106,2025-10-31 17:42:39,400,40,400,100.0
136,0.0,1.0,1.0,0.0219517406076192,1.0,0.2981359958648681,1894.3745839404496,d400_B400_R6_20251031_174106,2025-10-31 17:42:39,400,40,400,100.0
137,0.0,1.0,1.0,0.0219517406076192,1.0,1.6369669437408447,1805.972304422368,d400_B400_R6_20251031_174106,2025-10-31 17:42:39,400,40,400,100.0
138,0.0,1.0,1.0,0.0219517406076192,1.0,0.5368587970733643,1780.6140090159793,d400_B400_R6_20251031_174106,2025-10-31 17:42:39,400,40,400,100.0
139,0.0,1.0,1.0,0.0219517406076192,1.0,0.3716211318969726,1772.2486062202245,d400_B400_R6_20251031_174106,2025-10-31 17:42:39,400,40,400,100.0
140,0.0,1.0,1.0,0.0219517406076192,1.0,0.2169129848480224,1772.725252874161,d400_B400_R6_20251031_174106,2025-10-31 17:42:39,400,40,400,100.0
141,0.0,1.0,1.0,0.0219517406076192,1.0,0.4613597393035888,1759.7270621671507,d400_B400_R6_20251031_174106,2025-10-31 17:42:39,400,40,400,100.0
142,0.0,1.0,1.0,0.0219517406076192,1.0,0.3944911956787109,1750.7095631644704,d400_B400_R6_20251031_174106,2025-10-31 17:42:39,400,40,400,100.0
143,0.0,1.0,1.0,0.0219517406076192,1.0,0.326815128326416,1745.479363408141,d400_B400_R6_20251031_174106,2025-10-31 17:42:39,400,40,400,100.0
144,0.0,1.0,1.0,0.0219517406076192,1.0,0.8990309238433838,1710.626431404536,d400_B400_R6_20251031_174106,2025-10-31 17:42:39,400,40,400,100.0
145,0.0,1.0,1.0,0.0219517406076192,1.0,0.4324722290039062,1688.8802166743308,d400_B400_R6_20251031_174106,2025-10-31 17:42:39,400,40,400,100.0
146,0.0,1.0,1.0,0.0219517406076192,1.0,0.2739319801330566,1687.047622208598,d400_B400_R6_20251031_174106,2025-10-31 17:42:39,400,40,400,100.0
147,0.0,1.0,1.0,0.0219517406076192,1.0,0.260157823562622,1685.926869376482,d400_B400_R6_20251031_174106,2025-10-31 17:42:39,400,40,400,100.0
148,0.0,1.0,1.0,0.0219517406076192,1.0,0.2158668041229248,1686.9370085476742,d400_B400_R6_20251031_174106,2025-10-31 17:42:39,400,40,400,100.0
149,0.0,1.0,1.0,0.0219517406076192,1.0,0.2575442790985107,1685.956836000842,d400_B400_R6_20251031_174106,2025-10-31 17:42:39,400,40,400,100.0
150,0.0,1.0,1.0,0.0219517406076192,1.0,0.2450969219207763,1685.5689055737485,d400_B400_R6_20251031_174106,2025-10-31 17:42:39,400,40,400,100.0
151,0.0,1.0,1.0,0.0219517406076192,1.0,0.2136650085449218,1686.6576788289171,d400_B400_R6_20251031_174106,2025-10-31 17:42:39,400,40,400,100.0
152,0.0,1.0,1.0,0.0219517406076192,1.0,0.2043099403381347,1688.1731905608794,d400_B400_R6_20251031_174106,2025-10-31 17:42:39,400,40,400,100.0
153,0.0,1.0,1.0,0.0219517406076192,1.0,0.2909166812896728,1685.6693998695223,d400_B400_R6_20251031_174106,2025-10-31 17:42:39,400,40,400,100.0
154,0.0,1.0,1.0,0.0219517406076192,1.0,0.3250501155853271,1681.6446165066277,d400_B400_R6_20251031_174106,2025-10-31 17:42:39,400,40,400,100.0
155,0.0,1.0,1.0,0.0219517406076192,1.0,0.3403759002685547,1677.0005650070725,d400_B400_R6_20251031_174106,2025-10-31 17:42:39,400,40,400,100.0
156,0.0,1.0,1.0,0.0219517406076192,1.0,0.2791781425476074,1675.1214593994189,d400_B400_R6_20251031_174106,2025-10-31 17:42:39,400,40,400,100.0
157,0.0,1.0,1.0,0.0219517406076192,1.0,0.413064956665039,1667.4104183984678,d400_B400_R6_20251031_174106,2025-10-31 17:42:39,400,40,400,100.0
158,0.0,1.0,1.0,0.0219517406076192,1.0,0.3457908630371094,1662.7604060523322,d400_B400_R6_20251031_174106,2025-10-31 17:42:39,400,40,400,100.0
159,0.0,1.0,1.0,0.0219517406076192,1.0,0.351215124130249,1657.984404442186,d400_B400_R6_20251031_174106,2025-10-31 17:42:39,400,40,400,100.0
160,0.0,1.0,1.0,0.0219517406076192,1.0,0.5748081207275391,1643.667744558283,d400_B400_R6_20251031_174106,2025-10-31 17:42:39,400,40,400,100.0
161,0.0,1.0,1.0,0.0219517406076192,1.0,0.5230441093444824,1631.9844794159967,d400_B400_R6_20251031_174106,2025-10-31 17:42:39,400,40,400,100.0
162,0.0,1.0,1.0,0.0219517406076192,1.0,0.3174359798431396,1629.021492779515,d400_B400_R6_20251031_174106,2025-10-31 17:42:39,400,40,400,100.0
163,0.0,1.0,1.0,0.0219517406076192,1.0,0.3262310028076172,1625.7521620353857,d400_B400_R6_20251031_174106,2025-10-31 17:42:39,400,40,400,100.0
164,0.0,1.0,1.0,0.0219517406076192,1.0,0.3321418762207031,1622.291954396274,d400_B400_R6_20251031_174106,2025-10-31 17:42:39,400,40,400,100.0
165,0.0,1.0,1.0,0.0219517406076192,1.0,0.354119062423706,1618.0320656924475,d400_B400_R6_20251031_174106,2025-10-31 17:42:39,400,40,400,100.0
166,0.0,1.0,1.0,0.0219517406076192,1.0,0.3298368453979492,1614.7917257068846,d400_B400_R6_20251031_174106,2025-10-31 17:42:39,400,40,400,100.0
167,0.0,1.0,1.0,0.0219517406076192,1.0,0.2926959991455078,1613.0386908869102,d400_B400_R6_20251031_174106,2025-10-31 17:42:39,400,40,400,100.0
168,0.0,1.0,1.0,0.0219517406076192,1.0,0.3357601165771484,1609.6524733388826,d400_B400_R6_20251031_174106,2025-10-31 17:42:39,400,40,400,100.0
169,0.0,1.0,1.0,0.0219517406076192,1.0,0.2713978290557861,1608.7666441005615,d400_B400_R6_20251031_174106,2025-10-31 17:42:39,400,40,400,100.0
170,0.0,1.0,1.0,0.0219517406076192,1.0,0.1910779476165771,1610.9346968432708,d400_B400_R6_20251031_174106,2025-10-31 17:42:39,400,40,400,100.0
171,0.0,1.0,1.0,0.0219517406076192,1.0,0.3799622058868408,1605.9701049970824,d400_B400_R6_20251031_174106,2025-10-31 17:42:39,400,40,400,100.0
172,0.0,1.0,1.0,0.0219517406076192,1.0,0.2123692035675048,1607.329318601823,d400_B400_R6_20251031_174106,2025-10-31 17:42:39,400,40,400,100.0
173,0.0,1.0,1.0,0.0219517406076192,1.0,0.6323349475860596,1593.1983006535827,d400_B400_R6_20251031_174106,2025-10-31 17:42:39,400,40,400,100.0
174,0.0,1.0,1.0,0.0219517406076192,1.0,0.6199522018432617,1579.8735406069236,d400_B400_R6_20251031_174106,2025-10-31 17:42:39,400,40,400,100.0
175,0.0,1.0,1.0,0.0219517406076192,1.0,0.2062687873840332,1581.5301760036189,d400_B400_R6_20251031_174106,2025-10-31 17:42:39,400,40,400,100.0
176,0.0,1.0,1.0,0.0219517406076192,1.0,0.210231065750122,1583.0317677669757,d400_B400_R6_20251031_174106,2025-10-31 17:42:39,400,40,400,100.0
177,0.0,1.0,1.0,0.0219517406076192,1.0,0.2209479808807373,1584.1407627550502,d400_B400_R6_20251031_174106,2025-10-31 17:42:39,400,40,400,100.0
178,0.0,1.0,1.0,0.0219517406076192,1.0,0.1740736961364746,1586.8848199844315,d400_B400_R6_20251031_174106,2025-10-31 17:42:39,400,40,400,100.0
179,0.0,1.0,1.0,0.0219517406076192,1.0,0.3068947792053222,1584.960667464191,d400_B400_R6_20251031_174106,2025-10-31 17:42:39,400,40,400,100.0
180,0.0,1.0,1.0,0.0219517406076192,1.0,0.1803700923919677,1587.4538935162968,d400_B400_R6_20251031_174106,2025-10-31 17:42:39,400,40,400,100.0
181,0.0,1.0,1.0,0.0219517406076192,1.0,0.21091890335083,1588.8691228154198,d400_B400_R6_20251031_174106,2025-10-31 17:42:39,400,40,400,100.0
182,0.0,1.0,1.0,0.0219517406076192,1.0,0.1599910259246826,1592.0275834625852,d400_B400_R6_20251031_174106,2025-10-31 17:42:39,400,40,400,100.0
183,0.0,1.0,1.0,0.0219517406076192,1.0,0.1830780506134033,1594.370015217493,d400_B400_R6_20251031_174106,2025-10-31 17:42:39,400,40,400,100.0
184,0.0,1.0,1.0,0.0219517406076192,1.0,0.2382981777191162,1594.7936000136635,d400_B400_R6_20251031_174106,2025-10-31 17:42:39,400,40,400,100.0
185,0.0,1.0,1.0,0.0219517406076192,1.0,0.2783949375152588,1593.8435847628484,d400_B400_R6_20251031_174106,2025-10-31 17:42:39,400,40,400,100.0
186,0.0,1.0,1.0,0.0219517406076192,1.0,0.1729011535644531,1596.4908073526117,d400_B400_R6_20251031_174106,2025-10-31 17:42:39,400,40,400,100.0
187,0.0,1.0,1.0,0.0219517406076192,1.0,0.1823179721832275,1598.7981942723566,d400_B400_R6_20251031_174106,2025-10-31 17:42:39,400,40,400,100.0
188,0.0,1.0,1.0,0.0219517406076192,1.0,0.2184109687805175,1599.865209239381,d400_B400_R6_20251031_174106,2025-10-31 17:42:39,400,40,400,100.0
189,0.0,1.0,1.0,0.0219517406076192,1.0,0.1801991462707519,1602.2053123754242,d400_B400_R6_20251031_174106,2025-10-31 17:42:39,400,40,400,100.0
190,0.0,1.0,1.0,0.0219517406076192,1.0,0.3885588645935058,1597.542497759466,d400_B400_R6_20251031_174106,2025-10-31 17:42:39,400,40,400,100.0
191,0.0,1.0,1.0,0.0219517406076192,1.0,0.1892430782318115,1599.5669583603817,d400_B400_R6_20251031_174106,2025-10-31 17:42:39,400,40,400,100.0
192,0.0,1.0,1.0,0.0219517406076192,1.0,0.2890822887420654,1598.2614957096166,d400_B400_R6_20251031_174106,2025-10-31 17:42:39,400,40,400,100.0
193,0.0,1.0,1.0,0.0219517406076192,1.0,0.2650878429412842,1597.7227725051737,d400_B400_R6_20251031_174106,2025-10-31 17:42:39,400,40,400,100.0
194,0.0,1.0,1.0,0.0219517406076192,1.0,0.4346919059753418,1591.651301000794,d400_B400_R6_20251031_174106,2025-10-31 17:42:39,400,40,400,100.0
195,0.0,1.0,1.0,0.0219517406076192,1.0,0.3408491611480713,1588.2947929171012,d400_B400_R6_20251031_174106,2025-10-31 17:42:39,400,40,400,100.0
196,0.0,1.0,1.0,0.0219517406076192,1.0,0.8886771202087402,1568.0236597058492,d400_B400_R6_20251031_174106,2025-10-31 17:42:39,400,40,400,100.0
197,0.0,1.0,1.0,0.0219517406076192,1.0,0.8375790119171143,1547.1026315001166,d400_B400_R6_20251031_174106,2025-10-31 17:42:39,400,40,400,100.0
198,0.0,1.0,1.0,0.0219517406076192,1.0,0.434967041015625,1541.7410041194971,d400_B400_R6_20251031_174106,2025-10-31 17:42:39,400,40,400,100.0
199,0.0,1.0,1.0,0.0219517406076192,1.0,0.3077549934387207,1540.296655829215,d400_B400_R6_20251031_174106,2025-10-31 17:42:39,400,40,400,100.0
200,0.0,1.0,1.0,0.0219517406076192,1.0,0.3184268474578857,1538.0543647980428,d400_B400_R6_20251031_174106,2025-10-31 17:42:39,400,40,400,100.0
201,0.0,1.0,1.0,0.0219517406076192,1.0,0.3684499263763428,1534.8588875160192,d400_B400_R6_20251031_174106,2025-10-31 17:42:39,400,40,400,100.0
202,0.0,1.0,1.0,0.0219517406076192,1.0,0.4670441150665283,1528.8865366800649,d400_B400_R6_20251031_174106,2025-10-31 17:42:39,400,40,400,100.0
203,0.0,1.0,1.0,0.0219517406076192,1.0,0.6053929328918457,1519.0951995621983,d400_B400_R6_20251031_174106,2025-10-31 17:42:39,400,40,400,100.0
204,0.0,1.0,1.0,0.0219517406076192,1.0,0.3253412246704101,1517.34250185753,d400_B400_R6_20251031_174106,2025-10-31 17:42:39,400,40,400,100.0
205,0.0,1.0,1.0,0.0219517406076192,1.0,0.3535659313201904,1514.8159339928077,d400_B400_R6_20251031_174106,2025-10-31 17:42:39,400,40,400,100.0
206,0.0,1.0,1.0,0.0219517406076192,1.0,0.7677140235900879,1500.976887311059,d400_B400_R6_20251031_174106,2025-10-31 17:42:39,400,40,400,100.0
207,0.0,1.0,1.0,0.0219517406076192,1.0,0.626518964767456,1491.251867418913,d400_B400_R6_20251031_174106,2025-10-31 17:42:39,400,40,400,100.0
208,0.0,1.0,1.0,0.0219517406076192,1.0,0.587785005569458,1482.631386354441,d400_B400_R6_20251031_174106,2025-10-31 17:42:39,400,40,400,100.0
209,0.0,1.0,1.0,0.0219517406076192,1.0,0.5722920894622803,1474.4533366304163,d400_B400_R6_20251031_174106,2025-10-31 17:42:39,400,40,400,100.0
210,0.0,1.0,1.0,0.0219517406076192,1.0,0.2708549499511719,1474.450684123644,d400_B400_R6_20251031_174106,2025-10-31 17:42:39,400,40,400,100.0
211,0.0,1.0,1.0,0.0219517406076192,1.0,0.2631118297576904,1474.6545828211613,d400_B400_R6_20251031_174106,2025-10-31 17:42:39,400,40,400,100.0
212,0.0,1.0,1.0,0.0219517406076192,1.0,0.2579231262207031,1474.9876681137232,d400_B400_R6_20251031_174106,2025-10-31 17:42:39,400,40,400,100.0
213,0.0,1.0,1.0,0.0219517406076192,1.0,0.184222936630249,1477.1960834288122,d400_B400_R6_20251031_174106,2025-10-31 17:42:39,400,40,400,100.0
214,0.0,1.0,1.0,0.0219517406076192,1.0,0.2114710807800293,1478.6960571414072,d400_B400_R6_20251031_174106,2025-10-31 17:42:39,400,40,400,100.0
215,0.0,1.0,1.0,0.0219517406076192,1.0,0.2018520832061767,1480.4269387048246,d400_B400_R6_20251031_174106,2025-10-31 17:42:39,400,40,400,100.0
216,0.0,1.0,1.0,0.0219517406076192,1.0,0.1807968616485595,1482.6813220850893,d400_B400_R6_20251031_174106,2025-10-31 17:42:39,400,40,400,100.0
217,0.0,1.0,1.0,0.0219517406076192,1.0,0.2187850475311279,1483.9618936120526,d400_B400_R6_20251031_174106,2025-10-31 17:42:39,400,40,400,100.0
218,0.0,1.0,1.0,0.0219517406076192,1.0,0.3049149513244629,1483.067614433904,d400_B400_R6_20251031_174106,2025-10-31 17:42:39,400,40,400,100.0
219,0.0,1.0,1.0,0.0219517406076192,1.0,0.1756708621978759,1485.4040788038062,d400_B400_R6_20251031_174106,2025-10-31 17:42:39,400,40,400,100.0
220,0.0,1.0,1.0,0.0219517406076192,1.0,0.1967520713806152,1487.2116515040002,d400_B400_R6_20251031_174106,2025-10-31 17:42:39,400,40,400,100.0
221,0.0,1.0,1.0,0.0219517406076192,1.0,0.2181570529937744,1488.4688710214068,d400_B400_R6_20251031_174106,2025-10-31 17:42:39,400,40,400,100.0
222,0.0,1.0,1.0,0.0219517406076192,1.0,0.162142276763916,1491.0122756193546,d400_B400_R6_20251031_174106,2025-10-31 17:42:39,400,40,400,100.0
223,0.0,1.0,1.0,0.0219517406076192,1.0,0.3122711181640625,1489.9167313318085,d400_B400_R6_20251031_174106,2025-10-31 17:42:39,400,40,400,100.0
224,0.0,1.0,1.0,0.0219517406076192,1.0,0.3047113418579101,1489.013446371817,d400_B400_R6_20251031_174106,2025-10-31 17:42:39,400,40,400,100.0
225,0.0,1.0,1.0,0.0219517406076192,1.0,0.2442090511322021,1489.605866318976,d400_B400_R6_20251031_174106,2025-10-31 17:42:39,400,40,400,100.0
226,0.0,1.0,1.0,0.0219517406076192,1.0,0.3310680389404297,1488.0721707033622,d400_B400_R6_20251031_174106,2025-10-31 17:42:39,400,40,400,100.0
227,0.0,1.0,1.0,0.0219517406076192,1.0,0.3216001987457275,1486.7836468497696,d400_B400_R6_20251031_174106,2025-10-31 17:42:39,400,40,400,100.0
228,0.0,1.0,1.0,0.0219517406076192,1.0,0.1496918201446533,1489.6621719246425,d400_B400_R6_20251031_174106,2025-10-31 17:42:39,400,40,400,100.0
229,0.0,1.0,1.0,0.0219517406076192,1.0,1.4406239986419678,1461.909598184637,d400_B400_R6_20251031_174106,2025-10-31 17:42:39,400,40,400,100.0
230,0.0,1.0,1.0,0.0219517406076192,1.0,0.539161205291748,1455.4234975610614,d400_B400_R6_20251031_174106,2025-10-31 17:42:39,400,40,400,100.0
231,0.0,1.0,1.0,0.0219517406076192,1.0,0.4932239055633545,1450.44995833125,d400_B400_R6_20251031_174106,2025-10-31 17:42:39,400,40,400,100.0
232,0.0,1.0,1.0,0.0219517406076192,1.0,0.5648219585418701,1443.9484205749,d400_B400_R6_20251031_174106,2025-10-31 17:42:39,400,40,400,100.0
233,0.0,1.0,1.0,0.0219517406076192,1.0,0.3196048736572265,1442.9782445110666,d400_B400_R6_20251031_174106,2025-10-31 17:42:39,400,40,400,100.0
234,0.0,1.0,1.0,0.0219517406076192,1.0,0.3036186695098877,1442.3833723875214,d400_B400_R6_20251031_174106,2025-10-31 17:42:39,400,40,400,100.0
235,0.0,1.0,1.0,0.0219517406076192,1.0,0.4088470935821533,1439.4468571639472,d400_B400_R6_20251031_174106,2025-10-31 17:42:39,400,40,400,100.0
236,0.0,1.0,1.0,0.0219517406076192,1.0,0.5056331157684326,1434.4809919083832,d400_B400_R6_20251031_174106,2025-10-31 17:42:39,400,40,400,100.0
237,0.0,1.0,1.0,0.0219517406076192,1.0,0.4650931358337402,1430.4590175149217,d400_B400_R6_20251031_174106,2025-10-31 17:42:39,400,40,400,100.0
238,0.0,1.0,1.0,0.0219517406076192,1.0,0.3878078460693359,1428.085344511289,d400_B400_R6_20251031_174106,2025-10-31 17:42:39,400,40,400,100.0
239,0.0,1.0,1.0,0.0219517406076192,1.0,0.338231086730957,1426.845649232617,d400_B400_R6_20251031_174106,2025-10-31 17:42:39,400,40,400,100.0
240,0.0,1.0,1.0,0.0219517406076192,1.0,0.4323859214782715,1423.6359823795997,d400_B400_R6_20251031_174106,2025-10-31 17:42:39,400,40,400,100.0
241,0.0,1.0,1.0,0.0219517406076192,1.0,1.2457430362701416,1403.7130775598646,d400_B400_R6_20251031_174106,2025-10-31 17:42:39,400,40,400,100.0
242,0.0,1.0,1.0,0.0219517406076192,1.0,0.4743959903717041,1399.8767765020827,d400_B400_R6_20251031_174106,2025-10-31 17:42:39,400,40,400,100.0
243,0.0,1.0,1.0,0.0219517406076192,1.0,0.4805219173431396,1395.972470548082,d400_B400_R6_20251031_174106,2025-10-31 17:42:39,400,40,400,100.0
244,0.0,1.0,1.0,0.0219517406076192,1.0,0.4097058773040771,1393.5203343086273,d400_B400_R6_20251031_174106,2025-10-31 17:42:39,400,40,400,100.0
245,0.0,1.0,1.0,0.0219517406076192,1.0,0.3684649467468261,1391.7866577114528,d400_B400_R6_20251031_174106,2025-10-31 17:42:39,400,40,400,100.0
246,0.0,1.0,1.0,0.0219517406076192,1.0,0.2709689140319824,1392.104533074325,d400_B400_R6_20251031_174106,2025-10-31 17:42:39,400,40,400,100.0
247,0.0,1.0,1.0,0.0219517406076192,1.0,0.2072148323059082,1393.6667428903,d400_B400_R6_20251031_174106,2025-10-31 17:42:39,400,40,400,100.0
248,0.0,1.0,1.0,0.0219517406076192,1.0,0.2420909404754638,1394.5395495773955,d400_B400_R6_20251031_174106,2025-10-31 17:42:39,400,40,400,100.0
249,0.0,1.0,1.0,0.0219517406076192,1.0,0.3002691268920898,1394.2744357564425,d400_B400_R6_20251031_174106,2025-10-31 17:42:39,400,40,400,100.0
250,0.0,1.0,1.0,0.0219517406076192,1.0,0.4234561920166015,1391.6308367192034,d400_B400_R6_20251031_174106,2025-10-31 17:42:39,400,40,400,100.0
251,0.0,1.0,1.0,0.0219517406076192,1.0,0.2652201652526855,1392.0482939717238,d400_B400_R6_20251031_174106,2025-10-31 17:42:39,400,40,400,100.0
252,0.0,1.0,1.0,0.0219517406076192,1.0,0.2441699504852295,1392.8698636890772,d400_B400_R6_20251031_174106,2025-10-31 17:42:39,400,40,400,100.0
253,0.0,1.0,1.0,0.0219517406076192,1.0,0.2167549133300781,1394.21070784748,d400_B400_R6_20251031_174106,2025-10-31 17:42:39,400,40,400,100.0
254,0.0,1.0,1.0,0.0219517406076192,1.0,0.2363080978393554,1395.1672555605585,d400_B400_R6_20251031_174106,2025-10-31 17:42:39,400,40,400,100.0
255,0.0,1.0,1.0,0.0219517406076192,1.0,0.3427419662475586,1394.0951341268978,d400_B400_R6_20251031_174106,2025-10-31 17:42:39,400,40,400,100.0
256,0.0,1.0,1.0,0.0219517406076192,1.0,0.1668770313262939,1396.3641051590153,d400_B400_R6_20251031_174106,2025-10-31 17:42:39,400,40,400,100.0
257,0.0,1.0,1.0,0.0219517406076192,1.0,0.1926262378692627,1398.134543544681,d400_B400_R6_20251031_174106,2025-10-31 17:42:39,400,40,400,100.0
258,0.0,1.0,1.0,0.0219517406076192,1.0,0.2431597709655761,1398.941062559756,d400_B400_R6_20251031_174106,2025-10-31 17:42:39,400,40,400,100.0
259,0.0,1.0,1.0,0.0219517406076192,1.0,0.303408145904541,1398.607140502239,d400_B400_R6_20251031_174106,2025-10-31 17:42:39,400,40,400,100.0
260,0.0,1.0,1.0,0.0219517406076192,1.0,0.2538230419158935,1399.205280388351,d400_B400_R6_20251031_174106,2025-10-31 17:42:39,400,40,400,100.0
261,0.0,1.0,1.0,0.0219517406076192,1.0,0.3093688488006592,1398.7614517506472,d400_B400_R6_20251031_174106,2025-10-31 17:42:39,400,40,400,100.0
262,0.0,1.0,1.0,0.0219517406076192,1.0,0.2228250503540039,1399.9277599973984,d400_B400_R6_20251031_174106,2025-10-31 17:42:39,400,40,400,100.0
263,0.0,1.0,1.0,0.0219517406076192,1.0,0.1573309898376464,1402.3098031588816,d400_B400_R6_20251031_174106,2025-10-31 17:42:39,400,40,400,100.0
264,0.0,1.0,1.0,0.0219517406076192,1.0,0.2218439579010009,1403.4782039767329,d400_B400_R6_20251031_174106,2025-10-31 17:42:39,400,40,400,100.0
265,0.0,1.0,1.0,0.0219517406076192,1.0,0.1769027709960937,1405.4770187044576,d400_B400_R6_20251031_174106,2025-10-31 17:42:39,400,40,400,100.0
266,0.0,1.0,1.0,0.0219517406076192,1.0,0.2183320522308349,1406.6990657298238,d400_B400_R6_20251031_174106,2025-10-31 17:42:39,400,40,400,100.0
267,0.0,1.0,1.0,0.0219517406076192,1.0,0.3069193363189697,1406.2780619129371,d400_B400_R6_20251031_174106,2025-10-31 17:42:39,400,40,400,100.0
268,0.0,1.0,1.0,0.0219517406076192,1.0,0.2697181701660156,1406.54424150537,d400_B400_R6_20251031_174106,2025-10-31 17:42:39,400,40,400,100.0
269,0.0,1.0,1.0,0.0219517406076192,1.0,0.3582339286804199,1405.0727622993215,d400_B400_R6_20251031_174106,2025-10-31 17:42:39,400,40,400,100.0
270,0.0,1.0,1.0,0.0219517406076192,1.0,0.3114681243896484,1404.580409662207,d400_B400_R6_20251031_174106,2025-10-31 17:42:39,400,40,400,100.0
271,0.0,1.0,1.0,0.0219517406076192,1.0,0.803002119064331,1395.2343447602177,d400_B400_R6_20251031_174106,2025-10-31 17:42:39,400,40,400,100.0
272,0.0,1.0,1.0,0.0219517406076192,1.0,0.4809417724609375,1391.4606257240057,d400_B400_R6_20251031_174106,2025-10-31 17:42:39,400,40,400,100.0
273,0.0,1.0,1.0,0.0219517406076192,1.0,0.284714937210083,1391.5053188054344,d400_B400_R6_20251031_174106,2025-10-31 17:42:39,400,40,400,100.0
274,0.0,1.0,1.0,0.0219517406076192,1.0,0.6282608509063721,1385.5270456094072,d400_B400_R6_20251031_174106,2025-10-31 17:42:39,400,40,400,100.0
275,0.0,1.0,1.0,0.0219517406076192,1.0,0.3436880111694336,1384.5633513019334,d400_B400_R6_20251031_174106,2025-10-31 17:42:39,400,40,400,100.0
276,0.0,1.0,1.0,0.0219517406076192,1.0,0.287402868270874,1384.581094717519,d400_B400_R6_20251031_174106,2025-10-31 17:42:39,400,40,400,100.0
277,0.0,1.0,1.0,0.0219517406076192,1.0,0.3178160190582275,1384.0788102069132,d400_B400_R6_20251031_174106,2025-10-31 17:42:39,400,40,400,100.0
278,0.0,1.0,1.0,0.0219517406076192,1.0,0.8673999309539795,1374.1906540151715,d400_B400_R6_20251031_174106,2025-10-31 17:42:39,400,40,400,100.0
279,0.0,1.0,1.0,0.0219517406076192,1.0,0.398982286453247,1372.370140647782,d400_B400_R6_20251031_174106,2025-10-31 17:42:39,400,40,400,100.0
280,0.0,1.0,1.0,0.0219517406076192,1.0,0.3284280300140381,1371.7447429342433,d400_B400_R6_20251031_174106,2025-10-31 17:42:39,400,40,400,100.0
281,0.0,1.0,1.0,0.0219517406076192,1.0,0.2757050991058349,1371.8051580982517,d400_B400_R6_20251031_174106,2025-10-31 17:42:39,400,40,400,100.0
282,0.0,1.0,1.0,0.0219517406076192,1.0,0.3976762294769287,1370.0396653277917,d400_B400_R6_20251031_174106,2025-10-31 17:42:39,400,40,400,100.0
283,0.0,1.0,1.0,0.0219517406076192,1.0,0.8254818916320801,1361.2697360897444,d400_B400_R6_20251031_174106,2025-10-31 17:42:39,400,40,400,100.0
284,0.0,1.0,1.0,0.0219517406076192,1.0,0.4784138202667236,1358.2707736612788,d400_B400_R6_20251031_174106,2025-10-31 17:42:39,400,40,400,100.0
285,0.0,1.0,1.0,0.0219517406076192,1.0,0.372126817703247,1357.016293020603,d400_B400_R6_20251031_174106,2025-10-31 17:42:39,400,40,400,100.0
286,0.0,1.0,1.0,0.0219517406076192,1.0,0.4102520942687988,1355.1561820935335,d400_B400_R6_20251031_174106,2025-10-31 17:42:39,400,40,400,100.0
287,0.0,1.0,1.0,0.0219517406076192,1.0,0.4093868732452392,1353.3341100140344,d400_B400_R6_20251031_174106,2025-10-31 17:42:39,400,40,400,100.0
288,0.0,1.0,1.0,0.0219517406076192,1.0,0.5010538101196289,1350.0273498978372,d400_B400_R6_20251031_174106,2025-10-31 17:42:39,400,40,400,100.0
289,0.0,1.0,1.0,0.0219517406076192,1.0,0.3786959648132324,1348.7300355794546,d400_B400_R6_20251031_174106,2025-10-31 17:42:39,400,40,400,100.0
290,0.0,1.0,1.0,0.0219517406076192,1.0,0.3220431804656982,1348.3289925711122,d400_B400_R6_20251031_174106,2025-10-31 17:42:39,400,40,400,100.0
291,0.0,1.0,1.0,0.0219517406076192,1.0,0.4514968395233154,1345.9156510631112,d400_B400_R6_20251031_174106,2025-10-31 17:42:39,400,40,400,100.0
292,0.0,1.0,1.0,0.0219517406076192,1.0,0.6045048236846924,1341.1781581164814,d400_B400_R6_20251031_174106,2025-10-31 17:42:39,400,40,400,100.0
293,0.0,1.0,1.0,0.0219517406076192,1.0,0.4722082614898681,1338.3539832358576,d400_B400_R6_20251031_174106,2025-10-31 17:42:39,400,40,400,100.0
294,0.0,1.0,1.0,0.0219517406076192,1.0,0.47926926612854,1335.61780109927,d400_B400_R6_20251031_174106,2025-10-31 17:42:39,400,40,400,100.0
295,0.0,1.0,1.0,0.0219517406076192,1.0,0.4533009529113769,1333.2866400097002,d400_B400_R6_20251031_174106,2025-10-31 17:42:39,400,40,400,100.0
296,0.0,1.0,1.0,0.0219517406076192,1.0,0.4695219993591308,1330.750220160674,d400_B400_R6_20251031_174106,2025-10-31 17:42:39,400,40,400,100.0
297,0.0,1.0,1.0,0.0219517406076192,1.0,0.6968209743499756,1324.4672120087378,d400_B400_R6_20251031_174106,2025-10-31 17:42:39,400,40,400,100.0
298,0.0,1.0,1.0,0.0219517406076192,1.0,0.5500321388244629,1320.797030468941,d400_B400_R6_20251031_174106,2025-10-31 17:42:39,400,40,400,100.0
299,0.0,1.0,1.0,0.0219517406076192,1.0,0.4600729942321777,1318.51133412786,d400_B400_R6_20251031_174106,2025-10-31 17:42:39,400,40,400,100.0
0,0.6931473016738892,0.4916666746139526,1.0,0.0083250440657138,1.0,0.1252179145812988,4513.482432699033,d600_B600_R6_20251031_174106,2025-10-31 17:43:05,600,40,600,122.4744871391589
1,0.0,1.0,1.0,0.0083250440657138,1.0,0.1452579498291015,4308.906551241178,d600_B600_R6_20251031_174106,2025-10-31 17:43:05,600,40,600,122.4744871391589
2,0.0,1.0,1.0,0.0083250440657138,1.0,0.1503980159759521,4194.544021130098,d600_B600_R6_20251031_174106,2025-10-31 17:43:05,600,40,600,122.4744871391589
3,0.0,1.0,1.0,0.0083250440657138,1.0,0.1100471019744873,4439.248801031939,d600_B600_R6_20251031_174106,2025-10-31 17:43:05,600,40,600,122.4744871391589
4,0.0,1.0,1.0,0.0083250440657138,1.0,0.1609799861907959,4272.46446492127,d600_B600_R6_20251031_174106,2025-10-31 17:43:05,600,40,600,122.4744871391589
5,0.0,1.0,1.0,0.0083250440657138,1.0,0.1163079738616943,4397.203168654987,d600_B600_R6_20251031_174106,2025-10-31 17:43:05,600,40,600,122.4744871391589
6,0.0,1.0,1.0,0.0083250440657138,1.0,0.1201791763305664,4470.986757399011,d600_B600_R6_20251031_174106,2025-10-31 17:43:05,600,40,600,122.4744871391589
7,0.0,1.0,1.0,0.0083250440657138,1.0,0.1052300930023193,4593.991815879421,d600_B600_R6_20251031_174106,2025-10-31 17:43:05,600,40,600,122.4744871391589
8,0.0,1.0,1.0,0.0083250440657138,1.0,0.0937070846557617,4742.149616166142,d600_B600_R6_20251031_174106,2025-10-31 17:43:05,600,40,600,122.4744871391589
9,0.0,1.0,1.0,0.0083250440657138,1.0,0.1252880096435547,4745.960172580205,d600_B600_R6_20251031_174106,2025-10-31 17:43:05,600,40,600,122.4744871391589
10,0.0,1.0,1.0,0.0083250440657138,1.0,0.2231731414794922,4436.51556740233,d600_B600_R6_20251031_174106,2025-10-31 17:43:05,600,40,600,122.4744871391589
11,0.0,1.0,1.0,0.0083250440657138,1.0,0.1597657203674316,4369.743117062392,d600_B600_R6_20251031_174106,2025-10-31 17:43:05,600,40,600,122.4744871391589
12,0.0,1.0,1.0,0.0083250440657138,1.0,0.203477144241333,4212.95496769094,d600_B600_R6_20251031_174106,2025-10-31 17:43:05,600,40,600,122.4744871391589
13,0.0,1.0,1.0,0.0083250440657138,1.0,0.2029120922088623,4088.547868596093,d600_B600_R6_20251031_174106,2025-10-31 17:43:05,600,40,600,122.4744871391589
14,0.0,1.0,1.0,0.0083250440657138,1.0,0.1434240341186523,4094.344669245051,d600_B600_R6_20251031_174106,2025-10-31 17:43:05,600,40,600,122.4744871391589
15,0.0,1.0,1.0,0.0083250440657138,1.0,0.1746730804443359,4045.4593305699377,d600_B600_R6_20251031_174106,2025-10-31 17:43:05,600,40,600,122.4744871391589
16,0.0,1.0,1.0,0.0083250440657138,1.0,0.1432142257690429,4053.3499477294577,d600_B600_R6_20251031_174106,2025-10-31 17:43:05,600,40,600,122.4744871391589
17,0.0,1.0,1.0,0.0083250440657138,1.0,0.2803120613098144,3861.330725611811,d600_B600_R6_20251031_174106,2025-10-31 17:43:05,600,40,600,122.4744871391589
18,0.0,1.0,1.0,0.0083250440657138,1.0,0.1648268699645996,3839.0587217409256,d600_B600_R6_20251031_174106,2025-10-31 17:43:05,600,40,600,122.4744871391589
19,0.0,1.0,1.0,0.0083250440657138,1.0,0.1328680515289306,3867.7923805063806,d600_B600_R6_20251031_174106,2025-10-31 17:43:05,600,40,600,122.4744871391589
20,0.0,1.0,1.0,0.0083250440657138,1.0,0.1117761135101318,3919.648330874787,d600_B600_R6_20251031_174106,2025-10-31 17:43:05,600,40,600,122.4744871391589
21,0.0,1.0,1.0,0.0083250440657138,1.0,0.1299471855163574,3946.039802643887,d600_B600_R6_20251031_174106,2025-10-31 17:43:05,600,40,600,122.4744871391589
22,0.0,1.0,1.0,0.0083250440657138,1.0,0.1331610679626464,3967.19529343515,d600_B600_R6_20251031_174106,2025-10-31 17:43:05,600,40,600,122.4744871391589
23,0.0,1.0,1.0,0.0083250440657138,1.0,0.2193200588226318,3893.92726222668,d600_B600_R6_20251031_174106,2025-10-31 17:43:05,600,40,600,122.4744871391589
24,0.0,1.0,1.0,0.0083250440657138,1.0,0.1888740062713623,3858.8952558533224,d600_B600_R6_20251031_174106,2025-10-31 17:43:05,600,40,600,122.4744871391589
25,0.0,1.0,1.0,0.0083250440657138,1.0,0.235746145248413,3783.537901795111,d600_B600_R6_20251031_174106,2025-10-31 17:43:05,600,40,600,122.4744871391589
26,0.0,1.0,1.0,0.0083250440657138,1.0,0.1316089630126953,3807.290137325905,d600_B600_R6_20251031_174106,2025-10-31 17:43:05,600,40,600,122.4744871391589
27,0.0,1.0,1.0,0.0083250440657138,1.0,0.1428031921386718,3819.9214562432953,d600_B600_R6_20251031_174106,2025-10-31 17:43:05,600,40,600,122.4744871391589
28,0.0,1.0,1.0,0.0083250440657138,1.0,0.2100968360900879,3775.7278909847137,d600_B600_R6_20251031_174106,2025-10-31 17:43:05,600,40,600,122.4744871391589
29,0.0,1.0,1.0,0.0083250440657138,1.0,0.1629068851470947,3772.323509307708,d600_B600_R6_20251031_174106,2025-10-31 17:43:05,600,40,600,122.4744871391589
30,0.0,1.0,1.0,0.0083250440657138,1.0,0.144230842590332,3782.195197865287,d600_B600_R6_20251031_174106,2025-10-31 17:43:05,600,40,600,122.4744871391589
31,0.0,1.0,1.0,0.0083250440657138,1.0,0.1248519420623779,3807.37981908919,d600_B600_R6_20251031_174106,2025-10-31 17:43:05,600,40,600,122.4744871391589
32,0.0,1.0,1.0,0.0083250440657138,1.0,0.1190869808197021,3835.623778523067,d600_B600_R6_20251031_174106,2025-10-31 17:43:05,600,40,600,122.4744871391589
33,0.0,1.0,1.0,0.0083250440657138,1.0,0.185068130493164,3814.809040642229,d600_B600_R6_20251031_174106,2025-10-31 17:43:05,600,40,600,122.4744871391589
34,0.0,1.0,1.0,0.0083250440657138,1.0,0.1883578300476074,3793.229906541734,d600_B600_R6_20251031_174106,2025-10-31 17:43:05,600,40,600,122.4744871391589
35,0.0,1.0,1.0,0.0083250440657138,1.0,0.131969928741455,3810.611900030928,d600_B600_R6_20251031_174106,2025-10-31 17:43:05,600,40,600,122.4744871391589
36,0.0,1.0,1.0,0.0083250440657138,1.0,0.3170521259307861,3708.885116015846,d600_B600_R6_20251031_174106,2025-10-31 17:43:05,600,40,600,122.4744871391589
37,0.0,1.0,1.0,0.0083250440657138,1.0,0.1956422328948974,3688.4196163794304,d600_B600_R6_20251031_174106,2025-10-31 17:43:05,600,40,600,122.4744871391589
38,0.0,1.0,1.0,0.0083250440657138,1.0,0.19403076171875,3670.136240093806,d600_B600_R6_20251031_174106,2025-10-31 17:43:05,600,40,600,122.4744871391589
39,0.0,1.0,1.0,0.0083250440657138,1.0,0.2116751670837402,3643.109435771543,d600_B600_R6_20251031_174106,2025-10-31 17:43:05,600,40,600,122.4744871391589
40,0.0,1.0,1.0,0.0083250440657138,1.0,0.1864550113677978,3631.254133468701,d600_B600_R6_20251031_174106,2025-10-31 17:43:05,600,40,600,122.4744871391589
41,0.0,1.0,1.0,0.0083250440657138,1.0,0.1963510513305664,3614.845673069524,d600_B600_R6_20251031_174106,2025-10-31 17:43:05,600,40,600,122.4744871391589
42,0.0,1.0,1.0,0.0083250440657138,1.0,0.1675677299499511,3613.894356759255,d600_B600_R6_20251031_174106,2025-10-31 17:43:05,600,40,600,122.4744871391589
43,0.0,1.0,1.0,0.0083250440657138,1.0,0.2348148822784423,3580.0065994167608,d600_B600_R6_20251031_174106,2025-10-31 17:43:05,600,40,600,122.4744871391589
44,0.0,1.0,1.0,0.0083250440657138,1.0,0.224848985671997,3552.886860372675,d600_B600_R6_20251031_174106,2025-10-31 17:43:05,600,40,600,122.4744871391589
45,0.0,1.0,1.0,0.0083250440657138,1.0,0.2381417751312255,3521.388157616163,d600_B600_R6_20251031_174106,2025-10-31 17:43:05,600,40,600,122.4744871391589
46,0.0,1.0,1.0,0.0083250440657138,1.0,0.2028610706329345,3507.063140458268,d600_B600_R6_20251031_174106,2025-10-31 17:43:05,600,40,600,122.4744871391589
47,0.0,1.0,1.0,0.0083250440657138,1.0,0.4912409782409668,3375.365545048416,d600_B600_R6_20251031_174106,2025-10-31 17:43:05,600,40,600,122.4744871391589
48,0.0,1.0,1.0,0.0083250440657138,1.0,0.1842648983001709,3372.620529933873,d600_B600_R6_20251031_174106,2025-10-31 17:43:05,600,40,600,122.4744871391589
49,0.0,1.0,1.0,0.0083250440657138,1.0,0.1549508571624755,3381.271152406697,d600_B600_R6_20251031_174106,2025-10-31 17:43:05,600,40,600,122.4744871391589
50,0.0,1.0,1.0,0.0083250440657138,1.0,0.1842639446258545,3378.6570027084126,d600_B600_R6_20251031_174106,2025-10-31 17:43:05,600,40,600,122.4744871391589
51,0.0,1.0,1.0,0.0083250440657138,1.0,0.2425320148468017,3354.9793525982254,d600_B600_R6_20251031_174106,2025-10-31 17:43:05,600,40,600,122.4744871391589
52,0.0,1.0,1.0,0.0083250440657138,1.0,0.1951360702514648,3349.1488223415886,d600_B600_R6_20251031_174106,2025-10-31 17:43:05,600,40,600,122.4744871391589
53,0.0,1.0,1.0,0.0083250440657138,1.0,0.1456451416015625,3360.705068372607,d600_B600_R6_20251031_174106,2025-10-31 17:43:05,600,40,600,122.4744871391589
54,0.0,1.0,1.0,0.0083250440657138,1.0,0.1857128143310547,3358.165064018191,d600_B600_R6_20251031_174106,2025-10-31 17:43:05,600,40,600,122.4744871391589
55,0.0,1.0,1.0,0.0083250440657138,1.0,0.2881989479064941,3321.716233313533,d600_B600_R6_20251031_174106,2025-10-31 17:43:05,600,40,600,122.4744871391589
56,0.0,1.0,1.0,0.0083250440657138,1.0,0.1677439212799072,3325.7133453486526,d600_B600_R6_20251031_174106,2025-10-31 17:43:05,600,40,600,122.4744871391589
57,0.0,1.0,1.0,0.0083250440657138,1.0,0.2373011112213134,3307.6074406391863,d600_B600_R6_20251031_174106,2025-10-31 17:43:05,600,40,600,122.4744871391589
58,0.0,1.0,1.0,0.0083250440657138,1.0,0.199272871017456,3302.0300102864885,d600_B600_R6_20251031_174106,2025-10-31 17:43:05,600,40,600,122.4744871391589
59,0.0,1.0,1.0,0.0083250440657138,1.0,0.1809039115905761,3302.1402718740933,d600_B600_R6_20251031_174106,2025-10-31 17:43:05,600,40,600,122.4744871391589
60,0.0,1.0,1.0,0.0083250440657138,1.0,0.1584911346435547,3308.954950549172,d600_B600_R6_20251031_174106,2025-10-31 17:43:05,600,40,600,122.4744871391589
61,0.0,1.0,1.0,0.0083250440657138,1.0,0.6517939567565918,3175.979460488529,d600_B600_R6_20251031_174106,2025-10-31 17:43:05,600,40,600,122.4744871391589
62,0.0,1.0,1.0,0.0083250440657138,1.0,0.1452689170837402,3187.4944865355465,d600_B600_R6_20251031_174106,2025-10-31 17:43:05,600,40,600,122.4744871391589
63,0.0,1.0,1.0,0.0083250440657138,1.0,0.1968669891357422,3185.1613551498613,d600_B600_R6_20251031_174106,2025-10-31 17:43:05,600,40,600,122.4744871391589
64,0.0,1.0,1.0,0.0083250440657138,1.0,0.1945300102233886,3183.511816096244,d600_B600_R6_20251031_174106,2025-10-31 17:43:05,600,40,600,122.4744871391589
65,0.0,1.0,1.0,0.0083250440657138,1.0,0.1646280288696289,3189.548040695464,d600_B600_R6_20251031_174106,2025-10-31 17:43:05,600,40,600,122.4744871391589
66,0.0,1.0,1.0,0.0083250440657138,1.0,0.1986479759216308,3186.83128617377,d600_B600_R6_20251031_174106,2025-10-31 17:43:05,600,40,600,122.4744871391589
67,0.0,1.0,1.0,0.0083250440657138,1.0,0.1554880142211914,3194.943162895767,d600_B600_R6_20251031_174106,2025-10-31 17:43:05,600,40,600,122.4744871391589
68,0.0,1.0,1.0,0.0083250440657138,1.0,0.1653089523315429,3200.4321400792655,d600_B600_R6_20251031_174106,2025-10-31 17:43:05,600,40,600,122.4744871391589
69,0.0,1.0,1.0,0.0083250440657138,1.0,0.1608660221099853,3206.87649188465,d600_B600_R6_20251031_174106,2025-10-31 17:43:05,600,40,600,122.4744871391589
70,0.0,1.0,1.0,0.0083250440657138,1.0,0.2101702690124511,3201.268945354901,d600_B600_R6_20251031_174106,2025-10-31 17:43:05,600,40,600,122.4744871391589
71,0.0,1.0,1.0,0.0083250440657138,1.0,0.1927480697631836,3199.914666084964,d600_B600_R6_20251031_174106,2025-10-31 17:43:05,600,40,600,122.4744871391589
72,0.0,1.0,1.0,0.0083250440657138,1.0,0.2047517299652099,3195.832080239915,d600_B600_R6_20251031_174106,2025-10-31 17:43:05,600,40,600,122.4744871391589
73,0.0,1.0,1.0,0.0083250440657138,1.0,0.1358482837677002,3207.768187414439,d600_B600_R6_20251031_174106,2025-10-31 17:43:05,600,40,600,122.4744871391589
74,0.0,1.0,1.0,0.0083250440657138,1.0,0.1834785938262939,3208.539655716162,d600_B600_R6_20251031_174106,2025-10-31 17:43:05,600,40,600,122.4744871391589
75,0.0,1.0,1.0,0.0083250440657138,1.0,0.2792019844055176,3187.4133907509145,d600_B600_R6_20251031_174106,2025-10-31 17:43:05,600,40,600,122.4744871391589
76,0.0,1.0,1.0,0.0083250440657138,1.0,0.1598551273345947,3193.6162760595125,d600_B600_R6_20251031_174106,2025-10-31 17:43:05,600,40,600,122.4744871391589
77,0.0,1.0,1.0,0.0083250440657138,1.0,0.2243399620056152,3185.6119121921183,d600_B600_R6_20251031_174106,2025-10-31 17:43:05,600,40,600,122.4744871391589
78,0.0,1.0,1.0,0.0083250440657138,1.0,0.179532766342163,3187.440449529606,d600_B600_R6_20251031_174106,2025-10-31 17:43:05,600,40,600,122.4744871391589
79,0.0,1.0,1.0,0.0083250440657138,1.0,0.187741994857788,3187.501350709344,d600_B600_R6_20251031_174106,2025-10-31 17:43:05,600,40,600,122.4744871391589
80,0.0,1.0,1.0,0.0083250440657138,1.0,0.1829807758331298,3188.521750724582,d600_B600_R6_20251031_174106,2025-10-31 17:43:05,600,40,600,122.4744871391589
81,0.0,1.0,1.0,0.0083250440657138,1.0,0.1819338798522949,3189.769921574941,d600_B600_R6_20251031_174106,2025-10-31 17:43:05,600,40,600,122.4744871391589
82,0.0,1.0,1.0,0.0083250440657138,1.0,0.1809089183807373,3191.108396876405,d600_B600_R6_20251031_174106,2025-10-31 17:43:05,600,40,600,122.4744871391589
83,0.0,1.0,1.0,0.0083250440657138,1.0,0.1699409484863281,3194.723119989461,d600_B600_R6_20251031_174106,2025-10-31 17:43:05,600,40,600,122.4744871391589
84,0.0,1.0,1.0,0.0083250440657138,1.0,0.2169687747955322,3188.774676165921,d600_B600_R6_20251031_174106,2025-10-31 17:43:05,600,40,600,122.4744871391589
85,0.0,1.0,1.0,0.0083250440657138,1.0,0.1526582241058349,3195.741352161325,d600_B600_R6_20251031_174106,2025-10-31 17:43:05,600,40,600,122.4744871391589
86,0.0,1.0,1.0,0.0083250440657138,1.0,0.2143990993499755,3190.4561321782257,d600_B600_R6_20251031_174106,2025-10-31 17:43:05,600,40,600,122.4744871391589
87,0.0,1.0,1.0,0.0083250440657138,1.0,0.158034086227417,3196.2205206797366,d600_B600_R6_20251031_174106,2025-10-31 17:43:05,600,40,600,122.4744871391589
88,0.0,1.0,1.0,0.0083250440657138,1.0,0.2123830318450927,3191.473923827884,d600_B600_R6_20251031_174106,2025-10-31 17:43:05,600,40,600,122.4744871391589
89,0.0,1.0,1.0,0.0083250440657138,1.0,0.1532609462738037,3197.9917577156466,d600_B600_R6_20251031_174106,2025-10-31 17:43:05,600,40,600,122.4744871391589
90,0.0,1.0,1.0,0.0083250440657138,1.0,0.2291798591613769,3190.1844028261694,d600_B600_R6_20251031_174106,2025-10-31 17:43:05,600,40,600,122.4744871391589
91,0.0,1.0,1.0,0.0083250440657138,1.0,0.1782319545745849,3191.964384756664,d600_B600_R6_20251031_174106,2025-10-31 17:43:05,600,40,600,122.4744871391589
92,0.0,1.0,1.0,0.0083250440657138,1.0,0.1873469352722168,3191.939562429555,d600_B600_R6_20251031_174106,2025-10-31 17:43:05,600,40,600,122.4744871391589
93,0.0,1.0,1.0,0.0083250440657138,1.0,0.2028260231018066,3188.820241060236,d600_B600_R6_20251031_174106,2025-10-31 17:43:05,600,40,600,122.4744871391589
94,0.0,1.0,1.0,0.0083250440657138,1.0,0.1679358482360839,3192.3931001780593,d600_B600_R6_20251031_174106,2025-10-31 17:43:05,600,40,600,122.4744871391589
95,0.0,1.0,1.0,0.0083250440657138,1.0,0.2374589443206787,3183.585432063049,d600_B600_R6_20251031_174106,2025-10-31 17:43:05,600,40,600,122.4744871391589
96,0.0,1.0,1.0,0.0083250440657138,1.0,0.1663680076599121,3187.3820725984906,d600_B600_R6_20251031_174106,2025-10-31 17:43:05,600,40,600,122.4744871391589
97,0.0,1.0,1.0,0.0083250440657138,1.0,0.6507337093353271,3109.393036956271,d600_B600_R6_20251031_174106,2025-10-31 17:43:05,600,40,600,122.4744871391589
98,0.0,1.0,1.0,0.0083250440657138,1.0,0.3064010143280029,3090.7299435799773,d600_B600_R6_20251031_174106,2025-10-31 17:43:05,600,40,600,122.4744871391589
99,0.0,1.0,1.0,0.0083250440657138,1.0,0.3648791313171386,3063.746136263564,d600_B600_R6_20251031_174106,2025-10-31 17:43:05,600,40,600,122.4744871391589
100,0.0,1.0,1.0,0.0083250440657138,1.0,0.2101340293884277,3060.175454997872,d600_B600_R6_20251031_174106,2025-10-31 17:43:05,600,40,600,122.4744871391589
101,0.0,1.0,1.0,0.0083250440657138,1.0,0.2165257930755615,3056.974659892143,d600_B600_R6_20251031_174106,2025-10-31 17:43:05,600,40,600,122.4744871391589
102,0.0,1.0,1.0,0.0083250440657138,1.0,0.2823691368103027,3043.9799055134067,d600_B600_R6_20251031_174106,2025-10-31 17:43:05,600,40,600,122.4744871391589
103,0.0,1.0,1.0,0.0083250440657138,1.0,0.2068569660186767,3042.4850721818493,d600_B600_R6_20251031_174106,2025-10-31 17:43:05,600,40,600,122.4744871391589
104,0.0,1.0,1.0,0.0083250440657138,1.0,0.2116186618804931,3040.3329053367756,d600_B600_R6_20251031_174106,2025-10-31 17:43:05,600,40,600,122.4744871391589
105,0.0,1.0,1.0,0.0083250440657138,1.0,0.2115828990936279,3038.228351132203,d600_B600_R6_20251031_174106,2025-10-31 17:43:05,600,40,600,122.4744871391589
106,0.0,1.0,1.0,0.0083250440657138,1.0,0.5957150459289551,2981.987947544343,d600_B600_R6_20251031_174106,2025-10-31 17:43:05,600,40,600,122.4744871391589
107,0.0,1.0,1.0,0.0083250440657138,1.0,0.5283880233764648,2936.723274029238,d600_B600_R6_20251031_174106,2025-10-31 17:43:05,600,40,600,122.4744871391589
108,0.0,1.0,1.0,0.0083250440657138,1.0,0.8873169422149658,2849.2854648149537,d600_B600_R6_20251031_174106,2025-10-31 17:43:05,600,40,600,122.4744871391589
109,0.0,1.0,1.0,0.0083250440657138,1.0,0.4736931324005127,2817.15103018318,d600_B600_R6_20251031_174106,2025-10-31 17:43:05,600,40,600,122.4744871391589
110,0.0,1.0,1.0,0.0083250440657138,1.0,0.3975861072540283,2793.3774966753595,d600_B600_R6_20251031_174106,2025-10-31 17:43:05,600,40,600,122.4744871391589
111,0.0,1.0,1.0,0.0083250440657138,1.0,0.3006191253662109,2783.4218177404464,d600_B600_R6_20251031_174106,2025-10-31 17:43:05,600,40,600,122.4744871391589
112,0.0,1.0,1.0,0.0083250440657138,1.0,0.4678530693054199,2754.3492065257005,d600_B600_R6_20251031_174106,2025-10-31 17:43:05,600,40,600,122.4744871391589
113,0.0,1.0,1.0,0.0083250440657138,1.0,0.2496368885040283,2750.770659621799,d600_B600_R6_20251031_174106,2025-10-31 17:43:05,600,40,600,122.4744871391589
114,0.0,1.0,1.0,0.0083250440657138,1.0,0.237684965133667,2748.5937563617276,d600_B600_R6_20251031_174106,2025-10-31 17:43:05,600,40,600,122.4744871391589
115,0.0,1.0,1.0,0.0083250440657138,1.0,0.2687551975250244,2743.1010130876234,d600_B600_R6_20251031_174106,2025-10-31 17:43:05,600,40,600,122.4744871391589
116,0.0,1.0,1.0,0.0083250440657138,1.0,1.7549078464508057,2587.695501470523,d600_B600_R6_20251031_174106,2025-10-31 17:43:05,600,40,600,122.4744871391589
117,0.0,1.0,1.0,0.0083250440657138,1.0,0.527946949005127,2559.42308643198,d600_B600_R6_20251031_174106,2025-10-31 17:43:05,600,40,600,122.4744871391589
118,0.0,1.0,1.0,0.0083250440657138,1.0,0.4654541015625,2538.349687116488,d600_B600_R6_20251031_174106,2025-10-31 17:43:05,600,40,600,122.4744871391589
119,0.0,1.0,1.0,0.0083250440657138,1.0,0.2541577816009521,2536.69620241511,d600_B600_R6_20251031_174106,2025-10-31 17:43:05,600,40,600,122.4744871391589
120,0.0,1.0,1.0,0.0083250440657138,1.0,0.3056356906890869,2530.562355795291,d600_B600_R6_20251031_174106,2025-10-31 17:43:05,600,40,600,122.4744871391589
121,0.0,1.0,1.0,0.0083250440657138,1.0,1.6494858264923096,2412.104240143574,d600_B600_R6_20251031_174106,2025-10-31 17:43:05,600,40,600,122.4744871391589
122,0.0,1.0,1.0,0.0083250440657138,1.0,0.5399470329284668,2387.5443989757537,d600_B600_R6_20251031_174106,2025-10-31 17:43:05,600,40,600,122.4744871391589
123,0.0,1.0,1.0,0.0083250440657138,1.0,0.3073229789733886,2382.847031980904,d600_B600_R6_20251031_174106,2025-10-31 17:43:05,600,40,600,122.4744871391589
124,0.0,1.0,1.0,0.0083250440657138,1.0,0.2429921627044677,2383.494547568921,d600_B600_R6_20251031_174106,2025-10-31 17:43:05,600,40,600,122.4744871391589
125,0.0,1.0,1.0,0.0083250440657138,1.0,0.7288401126861572,2348.115736938813,d600_B600_R6_20251031_174106,2025-10-31 17:43:05,600,40,600,122.4744871391589
126,0.0,1.0,1.0,0.0083250440657138,1.0,0.3470821380615234,2341.443118455675,d600_B600_R6_20251031_174106,2025-10-31 17:43:05,600,40,600,122.4744871391589
127,0.0,1.0,1.0,0.0083250440657138,1.0,1.3709402084350586,2264.4680448314166,d600_B600_R6_20251031_174106,2025-10-31 17:43:05,600,40,600,122.4744871391589
128,0.0,1.0,1.0,0.0083250440657138,1.0,0.292731761932373,2262.395165240764,d600_B600_R6_20251031_174106,2025-10-31 17:43:05,600,40,600,122.4744871391589
129,0.0,1.0,1.0,0.0083250440657138,1.0,0.2792348861694336,2261.4368955790706,d600_B600_R6_20251031_174106,2025-10-31 17:43:05,600,40,600,122.4744871391589
130,0.0,1.0,1.0,0.0083250440657138,1.0,0.3074500560760498,2258.6825442441977,d600_B600_R6_20251031_174106,2025-10-31 17:43:05,600,40,600,122.4744871391589
131,0.0,1.0,1.0,0.0083250440657138,1.0,0.2126379013061523,2262.0845395719693,d600_B600_R6_20251031_174106,2025-10-31 17:43:05,600,40,600,122.4744871391589
132,0.0,1.0,1.0,0.0083250440657138,1.0,0.2533509731292724,2262.829774933238,d600_B600_R6_20251031_174106,2025-10-31 17:43:05,600,40,600,122.4744871391589
133,0.0,1.0,1.0,0.0083250440657138,1.0,0.2273099422454834,2265.2209715658114,d600_B600_R6_20251031_174106,2025-10-31 17:43:05,600,40,600,122.4744871391589
134,0.0,1.0,1.0,0.0083250440657138,1.0,0.2582149505615234,2265.62304429255,d600_B600_R6_20251031_174106,2025-10-31 17:43:05,600,40,600,122.4744871391589
135,0.0,1.0,1.0,0.0083250440657138,1.0,0.243577241897583,2266.947252069539,d600_B600_R6_20251031_174106,2025-10-31 17:43:05,600,40,600,122.4744871391589
136,0.0,1.0,1.0,0.0083250440657138,1.0,0.3706810474395752,2260.3239766904553,d600_B600_R6_20251031_174106,2025-10-31 17:43:05,600,40,600,122.4744871391589
137,0.0,1.0,1.0,0.0083250440657138,1.0,0.3357148170471191,2255.982939442824,d600_B600_R6_20251031_174106,2025-10-31 17:43:05,600,40,600,122.4744871391589
138,0.0,1.0,1.0,0.0083250440657138,1.0,0.3241510391235351,2252.4032851010556,d600_B600_R6_20251031_174106,2025-10-31 17:43:05,600,40,600,122.4744871391589
139,0.0,1.0,1.0,0.0083250440657138,1.0,0.5248041152954102,2236.8864200539347,d600_B600_R6_20251031_174106,2025-10-31 17:43:05,600,40,600,122.4744871391589
140,0.0,1.0,1.0,0.0083250440657138,1.0,0.3739359378814697,2230.5670115820626,d600_B600_R6_20251031_174106,2025-10-31 17:43:05,600,40,600,122.4744871391589
141,0.0,1.0,1.0,0.0083250440657138,1.0,0.8101871013641357,2199.387656925568,d600_B600_R6_20251031_174106,2025-10-31 17:43:05,600,40,600,122.4744871391589
142,0.0,1.0,1.0,0.0083250440657138,1.0,0.6718757152557373,2176.8287133347712,d600_B600_R6_20251031_174106,2025-10-31 17:43:05,600,40,600,122.4744871391589
143,0.0,1.0,1.0,0.0083250440657138,1.0,0.3700618743896484,2171.649870713591,d600_B600_R6_20251031_174106,2025-10-31 17:43:05,600,40,600,122.4744871391589
144,0.0,1.0,1.0,0.0083250440657138,1.0,0.3153400421142578,2169.523152828433,d600_B600_R6_20251031_174106,2025-10-31 17:43:05,600,40,600,122.4744871391589
145,0.0,1.0,1.0,0.0083250440657138,1.0,0.3967690467834472,2163.07116152716,d600_B600_R6_20251031_174106,2025-10-31 17:43:05,600,40,600,122.4744871391589
146,0.0,1.0,1.0,0.0083250440657138,1.0,0.392190933227539,2156.985556557991,d600_B600_R6_20251031_174106,2025-10-31 17:43:05,600,40,600,122.4744871391589
147,0.0,1.0,1.0,0.0083250440657138,1.0,0.3568687438964844,2152.858063039494,d600_B600_R6_20251031_174106,2025-10-31 17:43:05,600,40,600,122.4744871391589
148,0.0,1.0,1.0,0.0083250440657138,1.0,0.3894422054290771,2147.1196164059115,d600_B600_R6_20251031_174106,2025-10-31 17:43:05,600,40,600,122.4744871391589
149,0.0,1.0,1.0,0.0083250440657138,1.0,0.2671029567718506,2147.737152002445,d600_B600_R6_20251031_174106,2025-10-31 17:43:05,600,40,600,122.4744871391589
150,0.0,1.0,1.0,0.0083250440657138,1.0,0.2260880470275879,2150.4419208503205,d600_B600_R6_20251031_174106,2025-10-31 17:43:05,600,40,600,122.4744871391589
151,0.0,1.0,1.0,0.0083250440657138,1.0,0.3000111579895019,2149.2155084800543,d600_B600_R6_20251031_174106,2025-10-31 17:43:05,600,40,600,122.4744871391589
152,0.0,1.0,1.0,0.0083250440657138,1.0,0.2202558517456054,2152.1690484922756,d600_B600_R6_20251031_174106,2025-10-31 17:43:05,600,40,600,122.4744871391589
153,0.0,1.0,1.0,0.0083250440657138,1.0,0.9726729393005372,2117.7371499728156,d600_B600_R6_20251031_174106,2025-10-31 17:43:05,600,40,600,122.4744871391589
154,0.0,1.0,1.0,0.0083250440657138,1.0,0.2928619384765625,2114.9471883844344,d600_B600_R6_20251031_174106,2025-10-31 17:43:05,600,40,600,122.4744871391589
155,0.0,1.0,1.0,0.0083250440657138,1.0,0.22337007522583,2117.8214166213893,d600_B600_R6_20251031_174106,2025-10-31 17:43:05,600,40,600,122.4744871391589
156,0.0,1.0,1.0,0.0083250440657138,1.0,0.2993271350860595,2117.024760888795,d600_B600_R6_20251031_174106,2025-10-31 17:43:05,600,40,600,122.4744871391589
157,0.0,1.0,1.0,0.0083250440657138,1.0,0.2029182910919189,2120.825004407184,d600_B600_R6_20251031_174106,2025-10-31 17:43:05,600,40,600,122.4744871391589
158,0.0,1.0,1.0,0.0083250440657138,1.0,0.3180968761444092,2119.1575182621195,d600_B600_R6_20251031_174106,2025-10-31 17:43:05,600,40,600,122.4744871391589
159,0.0,1.0,1.0,0.0083250440657138,1.0,0.1927342414855957,2123.3813333427834,d600_B600_R6_20251031_174106,2025-10-31 17:43:05,600,40,600,122.4744871391589
160,0.0,1.0,1.0,0.0083250440657138,1.0,0.2316000461578369,2125.752325099674,d600_B600_R6_20251031_174106,2025-10-31 17:43:05,600,40,600,122.4744871391589
161,0.0,1.0,1.0,0.0083250440657138,1.0,0.2063841819763183,2129.2730811568767,d600_B600_R6_20251031_174106,2025-10-31 17:43:05,600,40,600,122.4744871391589
162,0.0,1.0,1.0,0.0083250440657138,1.0,0.2195520401000976,2132.147904993312,d600_B600_R6_20251031_174106,2025-10-31 17:43:05,600,40,600,122.4744871391589
163,0.0,1.0,1.0,0.0083250440657138,1.0,0.297839879989624,2131.364670015125,d600_B600_R6_20251031_174106,2025-10-31 17:43:05,600,40,600,122.4744871391589
164,0.0,1.0,1.0,0.0083250440657138,1.0,0.2170038223266601,2134.3185269769983,d600_B600_R6_20251031_174106,2025-10-31 17:43:05,600,40,600,122.4744871391589
165,0.0,1.0,1.0,0.0083250440657138,1.0,0.1649940013885498,2139.5652507084747,d600_B600_R6_20251031_174106,2025-10-31 17:43:05,600,40,600,122.4744871391589
166,0.0,1.0,1.0,0.0083250440657138,1.0,0.1912918090820312,2143.635790094296,d600_B600_R6_20251031_174106,2025-10-31 17:43:05,600,40,600,122.4744871391589
167,0.0,1.0,1.0,0.0083250440657138,1.0,0.2471561431884765,2145.120871587938,d600_B600_R6_20251031_174106,2025-10-31 17:43:05,600,40,600,122.4744871391589
168,0.0,1.0,1.0,0.0083250440657138,1.0,0.4983799457550049,2135.232127753408,d600_B600_R6_20251031_174106,2025-10-31 17:43:05,600,40,600,122.4744871391589
169,0.0,1.0,1.0,0.0083250440657138,1.0,0.1824550628662109,2139.6254531498357,d600_B600_R6_20251031_174106,2025-10-31 17:43:05,600,40,600,122.4744871391589
170,0.0,1.0,1.0,0.0083250440657138,1.0,0.3110909461975097,2138.2477143274564,d600_B600_R6_20251031_174106,2025-10-31 17:43:05,600,40,600,122.4744871391589
171,0.0,1.0,1.0,0.0083250440657138,1.0,0.7077178955078125,2119.479235034647,d600_B600_R6_20251031_174106,2025-10-31 17:43:05,600,40,600,122.4744871391589
172,0.0,1.0,1.0,0.0083250440657138,1.0,0.3944010734558105,2114.580862350757,d600_B600_R6_20251031_174106,2025-10-31 17:43:05,600,40,600,122.4744871391589
173,0.0,1.0,1.0,0.0083250440657138,1.0,1.3551177978515625,2069.0533439374726,d600_B600_R6_20251031_174106,2025-10-31 17:43:05,600,40,600,122.4744871391589
174,0.0,1.0,1.0,0.0083250440657138,1.0,0.746906042098999,2050.395789842536,d600_B600_R6_20251031_174106,2025-10-31 17:43:05,600,40,600,122.4744871391589
175,0.0,1.0,1.0,0.0083250440657138,1.0,0.4134118556976318,2045.542611246222,d600_B600_R6_20251031_174106,2025-10-31 17:43:05,600,40,600,122.4744871391589
176,0.0,1.0,1.0,0.0083250440657138,1.0,0.3936562538146972,2041.579597794756,d600_B600_R6_20251031_174106,2025-10-31 17:43:05,600,40,600,122.4744871391589
177,0.0,1.0,1.0,0.0083250440657138,1.0,0.3958151340484619,2037.5974805045132,d600_B600_R6_20251031_174106,2025-10-31 17:43:05,600,40,600,122.4744871391589
178,0.0,1.0,1.0,0.0083250440657138,1.0,0.4209909439086914,2032.707470106919,d600_B600_R6_20251031_174106,2025-10-31 17:43:05,600,40,600,122.4744871391589
179,0.0,1.0,1.0,0.0083250440657138,1.0,0.647533655166626,2018.526595040766,d600_B600_R6_20251031_174106,2025-10-31 17:43:05,600,40,600,122.4744871391589
180,0.0,1.0,1.0,0.0083250440657138,1.0,0.4731428623199463,2011.931642504753,d600_B600_R6_20251031_174106,2025-10-31 17:43:05,600,40,600,122.4744871391589
181,0.0,1.0,1.0,0.0083250440657138,1.0,0.8443601131439209,1991.875150866111,d600_B600_R6_20251031_174106,2025-10-31 17:43:05,600,40,600,122.4744871391589
182,0.0,1.0,1.0,0.0083250440657138,1.0,1.3719968795776367,1952.606498334295,d600_B600_R6_20251031_174106,2025-10-31 17:43:05,600,40,600,122.4744871391589
183,0.0,1.0,1.0,0.0083250440657138,1.0,0.4852528572082519,1946.3637451614877,d600_B600_R6_20251031_174106,2025-10-31 17:43:05,600,40,600,122.4744871391589
184,0.0,1.0,1.0,0.0083250440657138,1.0,0.2531547546386719,1948.2375012491177,d600_B600_R6_20251031_174106,2025-10-31 17:43:05,600,40,600,122.4744871391589
185,0.0,1.0,1.0,0.0083250440657138,1.0,0.2985589504241943,1948.5468026870865,d600_B600_R6_20251031_174106,2025-10-31 17:43:05,600,40,600,122.4744871391589
186,0.0,1.0,1.0,0.0083250440657138,1.0,0.1803500652313232,1952.86639815262,d600_B600_R6_20251031_174106,2025-10-31 17:43:05,600,40,600,122.4744871391589
187,0.0,1.0,1.0,0.0083250440657138,1.0,0.2835640907287597,1953.6539199845147,d600_B600_R6_20251031_174106,2025-10-31 17:43:05,600,40,600,122.4744871391589
188,0.0,1.0,1.0,0.0083250440657138,1.0,0.2417070865631103,1955.8504140188536,d600_B600_R6_20251031_174106,2025-10-31 17:43:05,600,40,600,122.4744871391589
189,0.0,1.0,1.0,0.0083250440657138,1.0,0.1925280094146728,1959.6772621924456,d600_B600_R6_20251031_174106,2025-10-31 17:43:05,600,40,600,122.4744871391589
190,0.0,1.0,1.0,0.0083250440657138,1.0,0.2686338424682617,1960.914792587816,d600_B600_R6_20251031_174106,2025-10-31 17:43:05,600,40,600,122.4744871391589
191,0.0,1.0,1.0,0.0083250440657138,1.0,0.2836120128631592,1961.653548244439,d600_B600_R6_20251031_174106,2025-10-31 17:43:05,600,40,600,122.4744871391589
192,0.0,1.0,1.0,0.0083250440657138,1.0,0.2246489524841308,1964.3354675009584,d600_B600_R6_20251031_174106,2025-10-31 17:43:05,600,40,600,122.4744871391589
193,0.0,1.0,1.0,0.0083250440657138,1.0,0.2243261337280273,1967.0197684088455,d600_B600_R6_20251031_174106,2025-10-31 17:43:05,600,40,600,122.4744871391589
194,0.0,1.0,1.0,0.0083250440657138,1.0,0.2034478187561035,1970.375323475594,d600_B600_R6_20251031_174106,2025-10-31 17:43:05,600,40,600,122.4744871391589
195,0.0,1.0,1.0,0.0083250440657138,1.0,0.2454349994659423,1972.3192363073483,d600_B600_R6_20251031_174106,2025-10-31 17:43:05,600,40,600,122.4744871391589
196,0.0,1.0,1.0,0.0083250440657138,1.0,0.3720228672027588,1970.0834038598723,d600_B600_R6_20251031_174106,2025-10-31 17:43:05,600,40,600,122.4744871391589
197,0.0,1.0,1.0,0.0083250440657138,1.0,0.2599327564239502,1971.525366442099,d600_B600_R6_20251031_174106,2025-10-31 17:43:05,600,40,600,122.4744871391589
198,0.0,1.0,1.0,0.0083250440657138,1.0,0.3492350578308105,1970.0581221551624,d600_B600_R6_20251031_174106,2025-10-31 17:43:05,600,40,600,122.4744871391589
199,0.0,1.0,1.0,0.0083250440657138,1.0,0.3670008182525635,1968.006640062992,d600_B600_R6_20251031_174106,2025-10-31 17:43:05,600,40,600,122.4744871391589
200,0.0,1.0,1.0,0.0083250440657138,1.0,1.6657071113586426,1925.2302185819387,d600_B600_R6_20251031_174106,2025-10-31 17:43:05,600,40,600,122.4744871391589
201,0.0,1.0,1.0,0.0083250440657138,1.0,0.6379480361938477,1915.0353172540472,d600_B600_R6_20251031_174106,2025-10-31 17:43:05,600,40,600,122.4744871391589
202,0.0,1.0,1.0,0.0083250440657138,1.0,0.4894890785217285,1909.7361469211348,d600_B600_R6_20251031_174106,2025-10-31 17:43:05,600,40,600,122.4744871391589
203,0.0,1.0,1.0,0.0083250440657138,1.0,0.4265909194946289,1905.5201724251367,d600_B600_R6_20251031_174106,2025-10-31 17:43:05,600,40,600,122.4744871391589
204,0.0,1.0,1.0,0.0083250440657138,1.0,0.3358049392700195,1904.8940552174236,d600_B600_R6_20251031_174106,2025-10-31 17:43:05,600,40,600,122.4744871391589
205,0.0,1.0,1.0,0.0083250440657138,1.0,0.4647402763366699,1900.4776980645308,d600_B600_R6_20251031_174106,2025-10-31 17:43:05,600,40,600,122.4744871391589
206,0.0,1.0,1.0,0.0083250440657138,1.0,0.5024251937866211,1895.0570785603984,d600_B600_R6_20251031_174106,2025-10-31 17:43:05,600,40,600,122.4744871391589
207,0.0,1.0,1.0,0.0083250440657138,1.0,0.46462082862854,1890.7997987935744,d600_B600_R6_20251031_174106,2025-10-31 17:43:05,600,40,600,122.4744871391589
208,0.0,1.0,1.0,0.0083250440657138,1.0,0.4573168754577636,1886.811448394141,d600_B600_R6_20251031_174106,2025-10-31 17:43:05,600,40,600,122.4744871391589
209,0.0,1.0,1.0,0.0083250440657138,1.0,0.4586367607116699,1882.8399001791383,d600_B600_R6_20251031_174106,2025-10-31 17:43:05,600,40,600,122.4744871391589
210,0.0,1.0,1.0,0.0083250440657138,1.0,0.4606111049652099,1878.866925092911,d600_B600_R6_20251031_174106,2025-10-31 17:43:05,600,40,600,122.4744871391589
211,0.0,1.0,1.0,0.0083250440657138,1.0,1.1811938285827637,1855.2418646769,d600_B600_R6_20251031_174106,2025-10-31 17:43:05,600,40,600,122.4744871391589
212,0.0,1.0,1.0,0.0083250440657138,1.0,0.561072826385498,1848.8532890326744,d600_B600_R6_20251031_174106,2025-10-31 17:43:05,600,40,600,122.4744871391589
213,0.0,1.0,1.0,0.0083250440657138,1.0,0.4967579841613769,1844.26850269681,d600_B600_R6_20251031_174106,2025-10-31 17:43:05,600,40,600,122.4744871391589
214,0.0,1.0,1.0,0.0083250440657138,1.0,0.4085912704467773,1842.0187331151967,d600_B600_R6_20251031_174106,2025-10-31 17:43:05,600,40,600,122.4744871391589
215,0.0,1.0,1.0,0.0083250440657138,1.0,0.3339509963989258,1841.796057680397,d600_B600_R6_20251031_174106,2025-10-31 17:43:05,600,40,600,122.4744871391589
216,0.0,1.0,1.0,0.0083250440657138,1.0,0.3280122280120849,1841.69577536568,d600_B600_R6_20251031_174106,2025-10-31 17:43:05,600,40,600,122.4744871391589
217,0.0,1.0,1.0,0.0083250440657138,1.0,0.2058000564575195,1844.8049340965113,d600_B600_R6_20251031_174106,2025-10-31 17:43:05,600,40,600,122.4744871391589
218,0.0,1.0,1.0,0.0083250440657138,1.0,0.3382930755615234,1844.4378622765091,d600_B600_R6_20251031_174106,2025-10-31 17:43:05,600,40,600,122.4744871391589
219,0.0,1.0,1.0,0.0083250440657138,1.0,0.5083000659942627,1839.728021717803,d600_B600_R6_20251031_174106,2025-10-31 17:43:05,600,40,600,122.4744871391589
220,0.0,1.0,1.0,0.0083250440657138,1.0,0.2435767650604248,1841.831766187849,d600_B600_R6_20251031_174106,2025-10-31 17:43:05,600,40,600,122.4744871391589
221,0.0,1.0,1.0,0.0083250440657138,1.0,0.3474361896514892,1841.270099823515,d600_B600_R6_20251031_174106,2025-10-31 17:43:05,600,40,600,122.4744871391589
222,0.0,1.0,1.0,0.0083250440657138,1.0,0.2366511821746826,1843.526838662678,d600_B600_R6_20251031_174106,2025-10-31 17:43:05,600,40,600,122.4744871391589
223,0.0,1.0,1.0,0.0083250440657138,1.0,0.2788338661193847,1844.6977734597692,d600_B600_R6_20251031_174106,2025-10-31 17:43:05,600,40,600,122.4744871391589
224,0.0,1.0,1.0,0.0083250440657138,1.0,0.3487720489501953,1844.100505732309,d600_B600_R6_20251031_174106,2025-10-31 17:43:05,600,40,600,122.4744871391589
225,0.0,1.0,1.0,0.0083250440657138,1.0,0.230334997177124,1846.4646861446397,d600_B600_R6_20251031_174106,2025-10-31 17:43:05,600,40,600,122.4744871391589
226,0.0,1.0,1.0,0.0083250440657138,1.0,0.3245351314544678,1846.4683764412616,d600_B600_R6_20251031_174106,2025-10-31 17:43:05,600,40,600,122.4744871391589
227,0.0,1.0,1.0,0.0083250440657138,1.0,0.3222308158874511,1846.528806886348,d600_B600_R6_20251031_174106,2025-10-31 17:43:05,600,40,600,122.4744871391589
228,0.0,1.0,1.0,0.0083250440657138,1.0,0.3473467826843261,1845.9664305868864,d600_B600_R6_20251031_174106,2025-10-31 17:43:05,600,40,600,122.4744871391589
229,0.0,1.0,1.0,0.0083250440657138,1.0,0.2755718231201172,1847.182679815716,d600_B600_R6_20251031_174106,2025-10-31 17:43:05,600,40,600,122.4744871391589
230,0.0,1.0,1.0,0.0083250440657138,1.0,0.1533997058868408,1851.406411515817,d600_B600_R6_20251031_174106,2025-10-31 17:43:05,600,40,600,122.4744871391589
231,0.0,1.0,1.0,0.0083250440657138,1.0,0.3239941596984863,1851.4010188466928,d600_B600_R6_20251031_174106,2025-10-31 17:43:05,600,40,600,122.4744871391589
232,0.0,1.0,1.0,0.0083250440657138,1.0,0.2958500385284424,1852.0791738068308,d600_B600_R6_20251031_174106,2025-10-31 17:43:05,600,40,600,122.4744871391589
233,0.0,1.0,1.0,0.0083250440657138,1.0,0.2963500022888183,1852.709144737415,d600_B600_R6_20251031_174106,2025-10-31 17:43:05,600,40,600,122.4744871391589
234,0.0,1.0,1.0,0.0083250440657138,1.0,0.3199281692504883,1852.79849559734,d600_B600_R6_20251031_174106,2025-10-31 17:43:05,600,40,600,122.4744871391589
235,0.0,1.0,1.0,0.0083250440657138,1.0,0.4155962467193603,1850.314470009499,d600_B600_R6_20251031_174106,2025-10-31 17:43:05,600,40,600,122.4744871391589
236,0.0,1.0,1.0,0.0083250440657138,1.0,1.0375909805297852,1833.2839701497137,d600_B600_R6_20251031_174106,2025-10-31 17:43:05,600,40,600,122.4744871391589
237,0.0,1.0,1.0,0.0083250440657138,1.0,0.5176219940185547,1828.7375257152116,d600_B600_R6_20251031_174106,2025-10-31 17:43:05,600,40,600,122.4744871391589
238,0.0,1.0,1.0,0.0083250440657138,1.0,0.3598799705505371,1827.991551129062,d600_B600_R6_20251031_174106,2025-10-31 17:43:05,600,40,600,122.4744871391589
239,0.0,1.0,1.0,0.0083250440657138,1.0,0.7036228179931641,1819.3166606977627,d600_B600_R6_20251031_174106,2025-10-31 17:43:05,600,40,600,122.4744871391589
240,0.0,1.0,1.0,0.0083250440657138,1.0,0.3650941848754883,1818.503053748209,d600_B600_R6_20251031_174106,2025-10-31 17:43:05,600,40,600,122.4744871391589
241,0.0,1.0,1.0,0.0083250440657138,1.0,0.2431511878967285,1820.4762676038704,d600_B600_R6_20251031_174106,2025-10-31 17:43:05,600,40,600,122.4744871391589
242,0.0,1.0,1.0,0.0083250440657138,1.0,1.126905918121338,1802.461892578151,d600_B600_R6_20251031_174106,2025-10-31 17:43:05,600,40,600,122.4744871391589
243,0.0,1.0,1.0,0.0083250440657138,1.0,0.4369599819183349,1800.1277807137592,d600_B600_R6_20251031_174106,2025-10-31 17:43:05,600,40,600,122.4744871391589
244,0.0,1.0,1.0,0.0083250440657138,1.0,0.3523540496826172,1799.701719479997,d600_B600_R6_20251031_174106,2025-10-31 17:43:05,600,40,600,122.4744871391589
245,0.0,1.0,1.0,0.0083250440657138,1.0,0.272916316986084,1801.0161701990098,d600_B600_R6_20251031_174106,2025-10-31 17:43:05,600,40,600,122.4744871391589
246,0.0,1.0,1.0,0.0083250440657138,1.0,1.3384969234466553,1779.272805379515,d600_B600_R6_20251031_174106,2025-10-31 17:43:05,600,40,600,122.4744871391589
247,0.0,1.0,1.0,0.0083250440657138,1.0,0.4790098667144775,1776.2536361102864,d600_B600_R6_20251031_174106,2025-10-31 17:43:05,600,40,600,122.4744871391589
248,0.0,1.0,1.0,0.0083250440657138,1.0,0.4484889507293701,1773.91271263433,d600_B600_R6_20251031_174106,2025-10-31 17:43:05,600,40,600,122.4744871391589
249,0.0,1.0,1.0,0.0083250440657138,1.0,0.5376710891723633,1769.7278041993782,d600_B600_R6_20251031_174106,2025-10-31 17:43:05,600,40,600,122.4744871391589
250,0.0,1.0,1.0,0.0083250440657138,1.0,0.4913280010223388,1766.1506324667128,d600_B600_R6_20251031_174106,2025-10-31 17:43:05,600,40,600,122.4744871391589
251,0.0,1.0,1.0,0.0083250440657138,1.0,0.5346190929412842,1762.1064197484095,d600_B600_R6_20251031_174106,2025-10-31 17:43:05,600,40,600,122.4744871391589
252,0.0,1.0,1.0,0.0083250440657138,1.0,0.5403783321380615,1757.810673461891,d600_B600_R6_20251031_174106,2025-10-31 17:43:05,600,40,600,122.4744871391589
253,0.0,1.0,1.0,0.0083250440657138,1.0,0.6359291076660156,1751.852906431703,d600_B600_R6_20251031_174106,2025-10-31 17:43:05,600,40,600,122.4744871391589
254,0.0,1.0,1.0,0.0083250440657138,1.0,0.494441270828247,1748.8056102526962,d600_B600_R6_20251031_174106,2025-10-31 17:43:05,600,40,600,122.4744871391589
255,0.0,1.0,1.0,0.0083250440657138,1.0,0.4894981384277344,1745.8908020441688,d600_B600_R6_20251031_174106,2025-10-31 17:43:05,600,40,600,122.4744871391589
256,0.0,1.0,1.0,0.0083250440657138,1.0,0.4952788352966308,1742.893858362587,d600_B600_R6_20251031_174106,2025-10-31 17:43:05,600,40,600,122.4744871391589
257,0.0,1.0,1.0,0.0083250440657138,1.0,1.3250598907470703,1723.8441504772998,d600_B600_R6_20251031_174106,2025-10-31 17:43:05,600,40,600,122.4744871391589
258,0.0,1.0,1.0,0.0083250440657138,1.0,0.5218667984008789,1720.4061656128554,d600_B600_R6_20251031_174106,2025-10-31 17:43:05,600,40,600,122.4744871391589
259,0.0,1.0,1.0,0.0083250440657138,1.0,0.4809608459472656,1717.4163001935842,d600_B600_R6_20251031_174106,2025-10-31 17:43:05,600,40,600,122.4744871391589
260,0.0,1.0,1.0,0.0083250440657138,1.0,0.7699019908905029,1708.4384016949068,d600_B600_R6_20251031_174106,2025-10-31 17:43:05,600,40,600,122.4744871391589
261,0.0,1.0,1.0,0.0083250440657138,1.0,1.5112788677215576,1687.159739008077,d600_B600_R6_20251031_174106,2025-10-31 17:43:05,600,40,600,122.4744871391589
262,0.0,1.0,1.0,0.0083250440657138,1.0,0.5368199348449707,1683.8895058523224,d600_B600_R6_20251031_174106,2025-10-31 17:43:05,600,40,600,122.4744871391589
263,0.0,1.0,1.0,0.0083250440657138,1.0,0.3447079658508301,1684.093025742082,d600_B600_R6_20251031_174106,2025-10-31 17:43:05,600,40,600,122.4744871391589
264,0.0,1.0,1.0,0.0083250440657138,1.0,0.5391480922698975,1680.7897198973033,d600_B600_R6_20251031_174106,2025-10-31 17:43:05,600,40,600,122.4744871391589
265,0.0,1.0,1.0,0.0083250440657138,1.0,0.2740509510040283,1682.2539547451615,d600_B600_R6_20251031_174106,2025-10-31 17:43:05,600,40,600,122.4744871391589
266,0.0,1.0,1.0,0.0083250440657138,1.0,0.213231086730957,1684.7837718680605,d600_B600_R6_20251031_174106,2025-10-31 17:43:05,600,40,600,122.4744871391589
267,0.0,1.0,1.0,0.0083250440657138,1.0,0.3397650718688965,1685.0649622039448,d600_B600_R6_20251031_174106,2025-10-31 17:43:05,600,40,600,122.4744871391589
268,0.0,1.0,1.0,0.0083250440657138,1.0,0.381746768951416,1684.60933925188,d600_B600_R6_20251031_174106,2025-10-31 17:43:05,600,40,600,122.4744871391589
269,0.0,1.0,1.0,0.0083250440657138,1.0,0.5055859088897705,1681.9905501591873,d600_B600_R6_20251031_174106,2025-10-31 17:43:05,600,40,600,122.4744871391589
270,0.0,1.0,1.0,0.0083250440657138,1.0,0.3979887962341308,1681.268853939825,d600_B600_R6_20251031_174106,2025-10-31 17:43:05,600,40,600,122.4744871391589
271,0.0,1.0,1.0,0.0083250440657138,1.0,0.4194631576538086,1680.1815752584148,d600_B600_R6_20251031_174106,2025-10-31 17:43:05,600,40,600,122.4744871391589
272,0.0,1.0,1.0,0.0083250440657138,1.0,0.4334070682525635,1678.8613192978223,d600_B600_R6_20251031_174106,2025-10-31 17:43:05,600,40,600,122.4744871391589
273,0.0,1.0,1.0,0.0083250440657138,1.0,0.3654360771179199,1678.718893810572,d600_B600_R6_20251031_174106,2025-10-31 17:43:05,600,40,600,122.4744871391589
274,0.0,1.0,1.0,0.0083250440657138,1.0,0.3392009735107422,1679.0267593972703,d600_B600_R6_20251031_174106,2025-10-31 17:43:05,600,40,600,122.4744871391589
275,0.0,1.0,1.0,0.0083250440657138,1.0,0.3136618137359619,1679.763510785952,d600_B600_R6_20251031_174106,2025-10-31 17:43:05,600,40,600,122.4744871391589
276,0.0,1.0,1.0,0.0083250440657138,1.0,1.3465919494628906,1663.128597204636,d600_B600_R6_20251031_174106,2025-10-31 17:43:05,600,40,600,122.4744871391589
277,0.0,1.0,1.0,0.0083250440657138,1.0,0.5345172882080078,1660.24130942963,d600_B600_R6_20251031_174106,2025-10-31 17:43:05,600,40,600,122.4744871391589
278,0.0,1.0,1.0,0.0083250440657138,1.0,0.4253020286560058,1659.1788353878817,d600_B600_R6_20251031_174106,2025-10-31 17:43:05,600,40,600,122.4744871391589
279,0.0,1.0,1.0,0.0083250440657138,1.0,0.3735759258270263,1658.9723604741555,d600_B600_R6_20251031_174106,2025-10-31 17:43:05,600,40,600,122.4744871391589
280,0.0,1.0,1.0,0.0083250440657138,1.0,0.5018548965454102,1656.6835116855352,d600_B600_R6_20251031_174106,2025-10-31 17:43:05,600,40,600,122.4744871391589
281,0.0,1.0,1.0,0.0083250440657138,1.0,0.3213770389556885,1657.3416188211672,d600_B600_R6_20251031_174106,2025-10-31 17:43:05,600,40,600,122.4744871391589
282,0.0,1.0,1.0,0.0083250440657138,1.0,1.100677251815796,1645.4712093213848,d600_B600_R6_20251031_174106,2025-10-31 17:43:05,600,40,600,122.4744871391589
283,0.0,1.0,1.0,0.0083250440657138,1.0,0.3475520610809326,1645.6685846163252,d600_B600_R6_20251031_174106,2025-10-31 17:43:05,600,40,600,122.4744871391589
284,0.0,1.0,1.0,0.0083250440657138,1.0,0.4737029075622558,1643.933848756533,d600_B600_R6_20251031_174106,2025-10-31 17:43:05,600,40,600,122.4744871391589
285,0.0,1.0,1.0,0.0083250440657138,1.0,4.261130094528198,1584.7752937059322,d600_B600_R6_20251031_174106,2025-10-31 17:43:05,600,40,600,122.4744871391589
286,0.0,1.0,1.0,0.0083250440657138,1.0,0.5746827125549316,1581.8768570733505,d600_B600_R6_20251031_174106,2025-10-31 17:43:05,600,40,600,122.4744871391589
287,0.0,1.0,1.0,0.0083250440657138,1.0,0.395543098449707,1581.6339198198316,d600_B600_R6_20251031_174106,2025-10-31 17:43:05,600,40,600,122.4744871391589
288,0.0,1.0,1.0,0.0083250440657138,1.0,0.7112507820129395,1576.8498187005728,d600_B600_R6_20251031_174106,2025-10-31 17:43:05,600,40,600,122.4744871391589
289,0.0,1.0,1.0,0.0083250440657138,1.0,0.9369311332702636,1568.9210376912454,d600_B600_R6_20251031_174106,2025-10-31 17:43:05,600,40,600,122.4744871391589
290,0.0,1.0,1.0,0.0083250440657138,1.0,0.5505859851837158,1566.543129689876,d600_B600_R6_20251031_174106,2025-10-31 17:43:05,600,40,600,122.4744871391589
291,0.0,1.0,1.0,0.0083250440657138,1.0,0.4376969337463379,1565.7737728480631,d600_B600_R6_20251031_174106,2025-10-31 17:43:05,600,40,600,122.4744871391589
292,0.0,1.0,1.0,0.0083250440657138,1.0,0.2079229354858398,1568.217740143205,d600_B600_R6_20251031_174106,2025-10-31 17:43:05,600,40,600,122.4744871391589
293,0.0,1.0,1.0,0.0083250440657138,1.0,1.4238030910491943,1553.8268758093168,d600_B600_R6_20251031_174106,2025-10-31 17:43:05,600,40,600,122.4744871391589
294,0.0,1.0,1.0,0.0083250440657138,1.0,0.5965659618377686,1550.8170265929743,d600_B600_R6_20251031_174106,2025-10-31 17:43:05,600,40,600,122.4744871391589
295,0.0,1.0,1.0,0.0083250440657138,1.0,0.5615839958190918,1548.4457784121887,d600_B600_R6_20251031_174106,2025-10-31 17:43:05,600,40,600,122.4744871391589
296,0.0,1.0,1.0,0.0083250440657138,1.0,0.8709239959716797,1541.962471764787,d600_B600_R6_20251031_174106,2025-10-31 17:43:05,600,40,600,122.4744871391589
297,0.0,1.0,1.0,0.0083250440657138,1.0,0.334907054901123,1542.6745450736378,d600_B600_R6_20251031_174106,2025-10-31 17:43:05,600,40,600,122.4744871391589
298,0.0,1.0,1.0,0.0083250440657138,1.0,0.3926780223846435,1542.617836615468,d600_B600_R6_20251031_174106,2025-10-31 17:43:05,600,40,600,122.4744871391589
299,0.0,1.0,1.0,0.0083250440657138,1.0,0.5889148712158203,1539.9735528528788,d600_B600_R6_20251031_174106,2025-10-31 17:43:05,600,40,600,122.4744871391589
0,0.6931473016738892,0.5,1.0,0.0037406673654913,1.0,0.22813081741333,3471.829334790171,d800_B800_R7_20251031_174106,2025-10-31 17:43:23,800,40,800,141.4213562373095
1,0.0,1.0,1.0,0.0037406673654913,1.0,0.1454830169677734,4253.283754158446,d800_B800_R7_20251031_174106,2025-10-31 17:43:23,800,40,800,141.4213562373095
2,0.0,1.0,1.0,0.0037406673654913,1.0,0.1276018619537353,4761.657471787417,d800_B800_R7_20251031_174106,2025-10-31 17:43:23,800,40,800,141.4213562373095
3,0.0,1.0,1.0,0.0037406673654913,1.0,0.1402819156646728,4964.734621527827,d800_B800_R7_20251031_174106,2025-10-31 17:43:23,800,40,800,141.4213562373095
4,0.0,1.0,1.0,0.0037406673654913,1.0,0.1745400428771972,4882.412975754128,d800_B800_R7_20251031_174106,2025-10-31 17:43:23,800,40,800,141.4213562373095
5,0.0,1.0,1.0,0.0037406673654913,1.0,0.2075459957122802,4673.80200601037,d800_B800_R7_20251031_174106,2025-10-31 17:43:23,800,40,800,141.4213562373095
6,0.0,1.0,1.0,0.0037406673654913,1.0,0.1796221733093261,4640.332787538169,d800_B800_R7_20251031_174106,2025-10-31 17:43:23,800,40,800,141.4213562373095
7,0.0,1.0,1.0,0.0037406673654913,1.0,0.2357540130615234,4435.871879064095,d800_B800_R7_20251031_174106,2025-10-31 17:43:23,800,40,800,141.4213562373095
8,0.0,1.0,1.0,0.0037406673654913,1.0,0.175502061843872,4448.613304598061,d800_B800_R7_20251031_174106,2025-10-31 17:43:23,800,40,800,141.4213562373095
9,0.0,1.0,1.0,0.0037406673654913,1.0,0.170900821685791,4470.050223139945,d800_B800_R7_20251031_174106,2025-10-31 17:43:23,800,40,800,141.4213562373095
10,0.0,1.0,1.0,0.0037406673654913,1.0,0.1773550510406494,4473.1787368771875,d800_B800_R7_20251031_174106,2025-10-31 17:43:23,800,40,800,141.4213562373095
11,0.0,1.0,1.0,0.0037406673654913,1.0,0.3225352764129638,4192.068230277186,d800_B800_R7_20251031_174106,2025-10-31 17:43:23,800,40,800,141.4213562373095
12,0.0,1.0,1.0,0.0037406673654913,1.0,0.1775128841400146,4213.849780134006,d800_B800_R7_20251031_174106,2025-10-31 17:43:23,800,40,800,141.4213562373095
13,0.0,1.0,1.0,0.0037406673654913,1.0,0.1613247394561767,4259.003588260157,d800_B800_R7_20251031_174106,2025-10-31 17:43:23,800,40,800,141.4213562373095
14,0.0,1.0,1.0,0.0037406673654913,1.0,0.160416841506958,4300.5373060463935,d800_B800_R7_20251031_174106,2025-10-31 17:43:23,800,40,800,141.4213562373095
15,0.0,1.0,1.0,0.0037406673654913,1.0,0.1213562488555908,4395.522791803531,d800_B800_R7_20251031_174106,2025-10-31 17:43:23,800,40,800,141.4213562373095
16,0.0,1.0,1.0,0.0037406673654913,1.0,0.1702919006347656,4411.902946160159,d800_B800_R7_20251031_174106,2025-10-31 17:43:23,800,40,800,141.4213562373095
17,0.0,1.0,1.0,0.0037406673654913,1.0,0.2797789573669433,4282.44352781643,d800_B800_R7_20251031_174106,2025-10-31 17:43:23,800,40,800,141.4213562373095
18,0.0,1.0,1.0,0.0037406673654913,1.0,0.2129530906677246,4250.876737123418,d800_B800_R7_20251031_174106,2025-10-31 17:43:23,800,40,800,141.4213562373095
19,0.0,1.0,1.0,0.0037406673654913,1.0,0.1647229194641113,4277.224138433227,d800_B800_R7_20251031_174106,2025-10-31 17:43:23,800,40,800,141.4213562373095
20,0.0,1.0,1.0,0.0037406673654913,1.0,0.2795300483703613,4178.560774833105,d800_B800_R7_20251031_174106,2025-10-31 17:43:23,800,40,800,141.4213562373095
21,0.0,1.0,1.0,0.0037406673654913,1.0,0.2143299579620361,4155.739212352461,d800_B800_R7_20251031_174106,2025-10-31 17:43:23,800,40,800,141.4213562373095
22,0.0,1.0,1.0,0.0037406673654913,1.0,0.1548588275909423,4190.8178772592755,d800_B800_R7_20251031_174106,2025-10-31 17:43:23,800,40,800,141.4213562373095
23,0.0,1.0,1.0,0.0037406673654913,1.0,0.1642909049987793,4215.131579842691,d800_B800_R7_20251031_174106,2025-10-31 17:43:23,800,40,800,141.4213562373095
24,0.0,1.0,1.0,0.0037406673654913,1.0,0.1813061237335205,4222.470198583159,d800_B800_R7_20251031_174106,2025-10-31 17:43:23,800,40,800,141.4213562373095
25,0.0,1.0,1.0,0.0037406673654913,1.0,0.1170458793640136,4285.247458159272,d800_B800_R7_20251031_174106,2025-10-31 17:43:23,800,40,800,141.4213562373095
26,0.0,1.0,1.0,0.0037406673654913,1.0,0.2107961177825927,4264.655815688396,d800_B800_R7_20251031_174106,2025-10-31 17:43:23,800,40,800,141.4213562373095
27,0.0,1.0,1.0,0.0037406673654913,1.0,0.1666159629821777,4281.598530613122,d800_B800_R7_20251031_174106,2025-10-31 17:43:23,800,40,800,141.4213562373095
28,0.0,1.0,1.0,0.0037406673654913,1.0,0.3530371189117431,4153.794832071743,d800_B800_R7_20251031_174106,2025-10-31 17:43:23,800,40,800,141.4213562373095
29,0.0,1.0,1.0,0.0037406673654913,1.0,0.2097170352935791,4141.329152809549,d800_B800_R7_20251031_174106,2025-10-31 17:43:23,800,40,800,141.4213562373095
30,0.0,1.0,1.0,0.0037406673654913,1.0,0.2270481586456298,4117.871326877199,d800_B800_R7_20251031_174106,2025-10-31 17:43:23,800,40,800,141.4213562373095
31,0.0,1.0,1.0,0.0037406673654913,1.0,0.1947991847991943,4117.313770802515,d800_B800_R7_20251031_174106,2025-10-31 17:43:23,800,40,800,141.4213562373095
32,0.0,1.0,1.0,0.0037406673654913,1.0,0.1979849338531494,4114.764510966964,d800_B800_R7_20251031_174106,2025-10-31 17:43:23,800,40,800,141.4213562373095
33,0.0,1.0,1.0,0.0037406673654913,1.0,0.2352120876312255,4089.341283632647,d800_B800_R7_20251031_174106,2025-10-31 17:43:23,800,40,800,141.4213562373095
34,0.0,1.0,1.0,0.0037406673654913,1.0,0.2735769748687744,4043.106404532859,d800_B800_R7_20251031_174106,2025-10-31 17:43:23,800,40,800,141.4213562373095
35,0.0,1.0,1.0,0.0037406673654913,1.0,0.2617998123168945,4006.88009656639,d800_B800_R7_20251031_174106,2025-10-31 17:43:23,800,40,800,141.4213562373095
36,0.0,1.0,1.0,0.0037406673654913,1.0,0.2362210750579834,3986.1839873373383,d800_B800_R7_20251031_174106,2025-10-31 17:43:23,800,40,800,141.4213562373095
37,0.0,1.0,1.0,0.0037406673654913,1.0,0.4560780525207519,3856.883646120905,d800_B800_R7_20251031_174106,2025-10-31 17:43:23,800,40,800,141.4213562373095
38,0.0,1.0,1.0,0.0037406673654913,1.0,0.3148050308227539,3805.134702062661,d800_B800_R7_20251031_174106,2025-10-31 17:43:23,800,40,800,141.4213562373095
39,0.0,1.0,1.0,0.0037406673654913,1.0,0.1711809635162353,3822.780614989917,d800_B800_R7_20251031_174106,2025-10-31 17:43:23,800,40,800,141.4213562373095
40,0.0,1.0,1.0,0.0037406673654913,1.0,0.2120001316070556,3821.467954867329,d800_B800_R7_20251031_174106,2025-10-31 17:43:23,800,40,800,141.4213562373095
41,0.0,1.0,1.0,0.0037406673654913,1.0,0.2291069030761718,3812.784628198981,d800_B800_R7_20251031_174106,2025-10-31 17:43:23,800,40,800,141.4213562373095
42,0.0,1.0,1.0,0.0037406673654913,1.0,0.2101631164550781,3812.54258470223,d800_B800_R7_20251031_174106,2025-10-31 17:43:23,800,40,800,141.4213562373095
43,0.0,1.0,1.0,0.0037406673654913,1.0,0.1597070693969726,3833.2434986332146,d800_B800_R7_20251031_174106,2025-10-31 17:43:23,800,40,800,141.4213562373095
44,0.0,1.0,1.0,0.0037406673654913,1.0,0.2715909481048584,3807.664732720094,d800_B800_R7_20251031_174106,2025-10-31 17:43:23,800,40,800,141.4213562373095
45,0.0,1.0,1.0,0.0037406673654913,1.0,0.2339136600494384,3798.1262033828857,d800_B800_R7_20251031_174106,2025-10-31 17:43:23,800,40,800,141.4213562373095
46,0.0,1.0,1.0,0.0037406673654913,1.0,0.2567000389099121,3780.27664082031,d800_B800_R7_20251031_174106,2025-10-31 17:43:23,800,40,800,141.4213562373095
47,0.0,1.0,1.0,0.0037406673654913,1.0,0.1926839351654052,3787.2172060292887,d800_B800_R7_20251031_174106,2025-10-31 17:43:23,800,40,800,141.4213562373095
48,0.0,1.0,1.0,0.0037406673654913,1.0,0.2409789562225341,3776.2938911059728,d800_B800_R7_20251031_174106,2025-10-31 17:43:23,800,40,800,141.4213562373095
49,0.0,1.0,1.0,0.0037406673654913,1.0,0.210820198059082,3776.544872167729,d800_B800_R7_20251031_174106,2025-10-31 17:43:23,800,40,800,141.4213562373095
50,0.0,1.0,1.0,0.0037406673654913,1.0,0.7139892578125,3608.7432979091054,d800_B800_R7_20251031_174106,2025-10-31 17:43:23,800,40,800,141.4213562373095
51,0.0,1.0,1.0,0.0037406673654913,1.0,0.1816391944885254,3621.1714459428817,d800_B800_R7_20251031_174106,2025-10-31 17:43:23,800,40,800,141.4213562373095
52,0.0,1.0,1.0,0.0037406673654913,1.0,0.215900182723999,3622.629928628451,d800_B800_R7_20251031_174106,2025-10-31 17:43:23,800,40,800,141.4213562373095
53,0.0,1.0,1.0,0.0037406673654913,1.0,0.1874029636383056,3632.730894644069,d800_B800_R7_20251031_174106,2025-10-31 17:43:23,800,40,800,141.4213562373095
54,0.0,1.0,1.0,0.0037406673654913,1.0,0.2410268783569336,3626.417345946745,d800_B800_R7_20251031_174106,2025-10-31 17:43:23,800,40,800,141.4213562373095
55,0.0,1.0,1.0,0.0037406673654913,1.0,0.1730542182922363,3640.336662254139,d800_B800_R7_20251031_174106,2025-10-31 17:43:23,800,40,800,141.4213562373095
56,0.0,1.0,1.0,0.0037406673654913,1.0,0.169205904006958,3655.0173337898623,d800_B800_R7_20251031_174106,2025-10-31 17:43:23,800,40,800,141.4213562373095
57,0.0,1.0,1.0,0.0037406673654913,1.0,0.1985137462615966,3660.817072823426,d800_B800_R7_20251031_174106,2025-10-31 17:43:23,800,40,800,141.4213562373095
58,0.0,1.0,1.0,0.0037406673654913,1.0,0.231187105178833,3657.146572880807,d800_B800_R7_20251031_174106,2025-10-31 17:43:23,800,40,800,141.4213562373095
59,0.0,1.0,1.0,0.0037406673654913,1.0,0.1564111709594726,3674.512311248234,d800_B800_R7_20251031_174106,2025-10-31 17:43:23,800,40,800,141.4213562373095
60,0.0,1.0,1.0,0.0037406673654913,1.0,0.2026131153106689,3678.650255750638,d800_B800_R7_20251031_174106,2025-10-31 17:43:23,800,40,800,141.4213562373095
61,0.0,1.0,1.0,0.0037406673654913,1.0,0.1622886657714843,3693.7210880793064,d800_B800_R7_20251031_174106,2025-10-31 17:43:23,800,40,800,141.4213562373095
62,0.0,1.0,1.0,0.0037406673654913,1.0,0.2989420890808105,3671.506465897432,d800_B800_R7_20251031_174106,2025-10-31 17:43:23,800,40,800,141.4213562373095
63,0.0,1.0,1.0,0.0037406673654913,1.0,0.1797049045562744,3681.534294828837,d800_B800_R7_20251031_174106,2025-10-31 17:43:23,800,40,800,141.4213562373095
64,0.0,1.0,1.0,0.0037406673654913,1.0,0.2194387912750244,3680.908817902764,d800_B800_R7_20251031_174106,2025-10-31 17:43:23,800,40,800,141.4213562373095
65,0.0,1.0,1.0,0.0037406673654913,1.0,0.2413761615753173,3674.671061817763,d800_B800_R7_20251031_174106,2025-10-31 17:43:23,800,40,800,141.4213562373095
66,0.0,1.0,1.0,0.0037406673654913,1.0,0.2294149398803711,3671.629222089456,d800_B800_R7_20251031_174106,2025-10-31 17:43:23,800,40,800,141.4213562373095
67,0.0,1.0,1.0,0.0037406673654913,1.0,0.2001879215240478,3675.92279912693,d800_B800_R7_20251031_174106,2025-10-31 17:43:23,800,40,800,141.4213562373095
68,0.0,1.0,1.0,0.0037406673654913,1.0,0.1752097606658935,3686.273300006949,d800_B800_R7_20251031_174106,2025-10-31 17:43:23,800,40,800,141.4213562373095
69,0.0,1.0,1.0,0.0037406673654913,1.0,0.2501380443572998,3678.135080895051,d800_B800_R7_20251031_174106,2025-10-31 17:43:23,800,40,800,141.4213562373095
70,0.0,1.0,1.0,0.0037406673654913,1.0,0.1867239475250244,3685.4382207113654,d800_B800_R7_20251031_174106,2025-10-31 17:43:23,800,40,800,141.4213562373095
71,0.0,1.0,1.0,0.0037406673654913,1.0,0.1644330024719238,3697.659592375397,d800_B800_R7_20251031_174106,2025-10-31 17:43:23,800,40,800,141.4213562373095
72,0.0,1.0,1.0,0.0037406673654913,1.0,0.1958498954772949,3702.4115542970226,d800_B800_R7_20251031_174106,2025-10-31 17:43:23,800,40,800,141.4213562373095
73,0.0,1.0,1.0,0.0037406673654913,1.0,0.1982331275939941,3706.4970564057417,d800_B800_R7_20251031_174106,2025-10-31 17:43:23,800,40,800,141.4213562373095
74,0.0,1.0,1.0,0.0037406673654913,1.0,0.2294738292694091,3703.3276248673287,d800_B800_R7_20251031_174106,2025-10-31 17:43:23,800,40,800,141.4213562373095
75,0.0,1.0,1.0,0.0037406673654913,1.0,0.1789369583129882,3711.658326387204,d800_B800_R7_20251031_174106,2025-10-31 17:43:23,800,40,800,141.4213562373095
76,0.0,1.0,1.0,0.0037406673654913,1.0,0.232133150100708,3707.8891380883033,d800_B800_R7_20251031_174106,2025-10-31 17:43:23,800,40,800,141.4213562373095
77,0.0,1.0,1.0,0.0037406673654913,1.0,0.1845922470092773,3714.717324768949,d800_B800_R7_20251031_174106,2025-10-31 17:43:23,800,40,800,141.4213562373095
78,0.0,1.0,1.0,0.0037406673654913,1.0,0.2801001071929931,3700.5678028782954,d800_B800_R7_20251031_174106,2025-10-31 17:43:23,800,40,800,141.4213562373095
79,0.0,1.0,1.0,0.0037406673654913,1.0,0.1570279598236084,3713.1901833065263,d800_B800_R7_20251031_174106,2025-10-31 17:43:23,800,40,800,141.4213562373095
80,0.0,1.0,1.0,0.0037406673654913,1.0,0.2394690513610839,3708.0244595376794,d800_B800_R7_20251031_174106,2025-10-31 17:43:23,800,40,800,141.4213562373095
81,0.0,1.0,1.0,0.0037406673654913,1.0,0.1908719539642334,3712.143423748309,d800_B800_R7_20251031_174106,2025-10-31 17:43:23,800,40,800,141.4213562373095
82,0.0,1.0,1.0,0.0037406673654913,1.0,0.7690460681915283,3600.6378298323098,d800_B800_R7_20251031_174106,2025-10-31 17:43:23,800,40,800,141.4213562373095
83,0.0,1.0,1.0,0.0037406673654913,1.0,0.2974362373352051,3585.8990721442633,d800_B800_R7_20251031_174106,2025-10-31 17:43:23,800,40,800,141.4213562373095
84,0.0,1.0,1.0,0.0037406673654913,1.0,0.3762490749359131,3557.124589650218,d800_B800_R7_20251031_174106,2025-10-31 17:43:23,800,40,800,141.4213562373095
85,0.0,1.0,1.0,0.0037406673654913,1.0,0.2183139324188232,3558.0673579335817,d800_B800_R7_20251031_174106,2025-10-31 17:43:23,800,40,800,141.4213562373095
86,0.0,1.0,1.0,0.0037406673654913,1.0,0.2203929424285888,3558.534186056238,d800_B800_R7_20251031_174106,2025-10-31 17:43:23,800,40,800,141.4213562373095
87,0.0,1.0,1.0,0.0037406673654913,1.0,0.297515869140625,3545.4659954945246,d800_B800_R7_20251031_174106,2025-10-31 17:43:23,800,40,800,141.4213562373095
88,0.0,1.0,1.0,0.0037406673654913,1.0,0.1752099990844726,3553.4701035444573,d800_B800_R7_20251031_174106,2025-10-31 17:43:23,800,40,800,141.4213562373095
89,0.0,1.0,1.0,0.0037406673654913,1.0,0.2463998794555664,3549.6233746999765,d800_B800_R7_20251031_174106,2025-10-31 17:43:23,800,40,800,141.4213562373095
90,0.0,1.0,1.0,0.0037406673654913,1.0,1.0371108055114746,3414.4141088901542,d800_B800_R7_20251031_174106,2025-10-31 17:43:23,800,40,800,141.4213562373095
91,0.0,1.0,1.0,0.0037406673654913,1.0,0.4507091045379638,3379.981350257884,d800_B800_R7_20251031_174106,2025-10-31 17:43:23,800,40,800,141.4213562373095
92,0.0,1.0,1.0,0.0037406673654913,1.0,0.9832231998443604,3266.661521903772,d800_B800_R7_20251031_174106,2025-10-31 17:43:23,800,40,800,141.4213562373095
93,0.0,1.0,1.0,0.0037406673654913,1.0,0.5559277534484863,3219.455095013233,d800_B800_R7_20251031_174106,2025-10-31 17:43:23,800,40,800,141.4213562373095
94,0.0,1.0,1.0,0.0037406673654913,1.0,0.5621650218963623,3177.2022855571804,d800_B800_R7_20251031_174106,2025-10-31 17:43:23,800,40,800,141.4213562373095
95,0.0,1.0,1.0,0.0037406673654913,1.0,0.3644089698791504,3161.9731930951266,d800_B800_R7_20251031_174106,2025-10-31 17:43:23,800,40,800,141.4213562373095
96,0.0,1.0,1.0,0.0037406673654913,1.0,0.2882959842681885,3157.3957164387366,d800_B800_R7_20251031_174106,2025-10-31 17:43:23,800,40,800,141.4213562373095
97,0.0,1.0,1.0,0.0037406673654913,1.0,0.1990687847137451,3164.2684335499985,d800_B800_R7_20251031_174106,2025-10-31 17:43:23,800,40,800,141.4213562373095
98,0.0,1.0,1.0,0.0037406673654913,1.0,1.8579206466674805,2973.5307231865286,d800_B800_R7_20251031_174106,2025-10-31 17:43:23,800,40,800,141.4213562373095
99,0.0,1.0,1.0,0.0037406673654913,1.0,0.6165869235992432,2934.9938801870694,d800_B800_R7_20251031_174106,2025-10-31 17:43:23,800,40,800,141.4213562373095
100,0.0,1.0,1.0,0.0037406673654913,1.0,0.4032318592071533,2921.099027687935,d800_B800_R7_20251031_174106,2025-10-31 17:43:23,800,40,800,141.4213562373095
101,0.0,1.0,1.0,0.0037406673654913,1.0,0.2500500679016113,2923.501424861741,d800_B800_R7_20251031_174106,2025-10-31 17:43:23,800,40,800,141.4213562373095
102,0.0,1.0,1.0,0.0037406673654913,1.0,2.0434482097625732,2750.743361109175,d800_B800_R7_20251031_174106,2025-10-31 17:43:23,800,40,800,141.4213562373095
103,0.0,1.0,1.0,0.0037406673654913,1.0,0.5171480178833008,2730.1154318120944,d800_B800_R7_20251031_174106,2025-10-31 17:43:23,800,40,800,141.4213562373095
104,0.0,1.0,1.0,0.0037406673654913,1.0,0.351517915725708,2724.8892442380316,d800_B800_R7_20251031_174106,2025-10-31 17:43:23,800,40,800,141.4213562373095
105,0.0,1.0,1.0,0.0037406673654913,1.0,0.7625510692596436,2684.3665130282466,d800_B800_R7_20251031_174106,2025-10-31 17:43:23,800,40,800,141.4213562373095
106,0.0,1.0,1.0,0.0037406673654913,1.0,0.4492578506469726,2671.5422826436948,d800_B800_R7_20251031_174106,2025-10-31 17:43:23,800,40,800,141.4213562373095
107,0.0,1.0,1.0,0.0037406673654913,1.0,1.039405107498169,2611.697277170458,d800_B800_R7_20251031_174106,2025-10-31 17:43:23,800,40,800,141.4213562373095
108,0.0,1.0,1.0,0.0037406673654913,1.0,0.5686769485473633,2590.859685001236,d800_B800_R7_20251031_174106,2025-10-31 17:43:23,800,40,800,141.4213562373095
109,0.0,1.0,1.0,0.0037406673654913,1.0,0.3040380477905273,2591.198414082924,d800_B800_R7_20251031_174106,2025-10-31 17:43:23,800,40,800,141.4213562373095
110,0.0,1.0,1.0,0.0037406673654913,1.0,0.3437209129333496,2588.504612813381,d800_B800_R7_20251031_174106,2025-10-31 17:43:23,800,40,800,141.4213562373095
111,0.0,1.0,1.0,0.0037406673654913,1.0,0.2094900608062744,2595.952440607955,d800_B800_R7_20251031_174106,2025-10-31 17:43:23,800,40,800,141.4213562373095
112,0.0,1.0,1.0,0.0037406673654913,1.0,0.2988159656524658,2596.630562941564,d800_B800_R7_20251031_174106,2025-10-31 17:43:23,800,40,800,141.4213562373095
113,0.0,1.0,1.0,0.0037406673654913,1.0,0.2535429000854492,2600.6542990309413,d800_B800_R7_20251031_174106,2025-10-31 17:43:23,800,40,800,141.4213562373095
114,0.0,1.0,1.0,0.0037406673654913,1.0,0.2705080509185791,2603.367272296812,d800_B800_R7_20251031_174106,2025-10-31 17:43:23,800,40,800,141.4213562373095
115,0.0,1.0,1.0,0.0037406673654913,1.0,0.333237886428833,2601.4579019029024,d800_B800_R7_20251031_174106,2025-10-31 17:43:23,800,40,800,141.4213562373095
116,0.0,1.0,1.0,0.0037406673654913,1.0,0.3748319149017334,2596.563153033772,d800_B800_R7_20251031_174106,2025-10-31 17:43:23,800,40,800,141.4213562373095
117,0.0,1.0,1.0,0.0037406673654913,1.0,0.2648191452026367,2599.642298806604,d800_B800_R7_20251031_174106,2025-10-31 17:43:23,800,40,800,141.4213562373095
118,0.0,1.0,1.0,0.0037406673654913,1.0,0.351625919342041,2596.514230477362,d800_B800_R7_20251031_174106,2025-10-31 17:43:23,800,40,800,141.4213562373095
119,0.0,1.0,1.0,0.0037406673654913,1.0,0.5647830963134766,2578.533042302836,d800_B800_R7_20251031_174106,2025-10-31 17:43:23,800,40,800,141.4213562373095
120,0.0,1.0,1.0,0.0037406673654913,1.0,0.4075520038604736,2571.82998411327,d800_B800_R7_20251031_174106,2025-10-31 17:43:23,800,40,800,141.4213562373095
121,0.0,1.0,1.0,0.0037406673654913,1.0,1.1565768718719482,2515.7595094991284,d800_B800_R7_20251031_174106,2025-10-31 17:43:23,800,40,800,141.4213562373095
122,0.0,1.0,1.0,0.0037406673654913,1.0,0.3794479370117187,2511.7735482790504,d800_B800_R7_20251031_174106,2025-10-31 17:43:23,800,40,800,141.4213562373095
123,0.0,1.0,1.0,0.0037406673654913,1.0,0.340066909790039,2510.3857809466012,d800_B800_R7_20251031_174106,2025-10-31 17:43:23,800,40,800,141.4213562373095
124,0.0,1.0,1.0,0.0037406673654913,1.0,0.358328104019165,2507.8759175236733,d800_B800_R7_20251031_174106,2025-10-31 17:43:23,800,40,800,141.4213562373095
125,0.0,1.0,1.0,0.0037406673654913,1.0,0.3807709217071533,2504.0133114203904,d800_B800_R7_20251031_174106,2025-10-31 17:43:23,800,40,800,141.4213562373095
126,0.0,1.0,1.0,0.0037406673654913,1.0,0.4089841842651367,2498.4899050413123,d800_B800_R7_20251031_174106,2025-10-31 17:43:23,800,40,800,141.4213562373095
127,0.0,1.0,1.0,0.0037406673654913,1.0,0.3576986789703369,2496.1841776937727,d800_B800_R7_20251031_174106,2025-10-31 17:43:23,800,40,800,141.4213562373095
128,0.0,1.0,1.0,0.0037406673654913,1.0,0.3303956985473633,2495.569516056181,d800_B800_R7_20251031_174106,2025-10-31 17:43:23,800,40,800,141.4213562373095
129,0.0,1.0,1.0,0.0037406673654913,1.0,0.2236590385437011,2501.3678062667686,d800_B800_R7_20251031_174106,2025-10-31 17:43:23,800,40,800,141.4213562373095
130,0.0,1.0,1.0,0.0037406673654913,1.0,0.3522090911865234,2499.4226093059197,d800_B800_R7_20251031_174106,2025-10-31 17:43:23,800,40,800,141.4213562373095
131,0.0,1.0,1.0,0.0037406673654913,1.0,0.2291860580444336,2504.795047981052,d800_B800_R7_20251031_174106,2025-10-31 17:43:23,800,40,800,141.4213562373095
132,0.0,1.0,1.0,0.0037406673654913,1.0,1.0390121936798096,2463.0174012763005,d800_B800_R7_20251031_174106,2025-10-31 17:43:23,800,40,800,141.4213562373095
133,0.0,1.0,1.0,0.0037406673654913,1.0,0.3424792289733886,2461.839418414436,d800_B800_R7_20251031_174106,2025-10-31 17:43:23,800,40,800,141.4213562373095
134,0.0,1.0,1.0,0.0037406673654913,1.0,0.2753851413726806,2464.612888028343,d800_B800_R7_20251031_174106,2025-10-31 17:43:23,800,40,800,141.4213562373095
135,0.0,1.0,1.0,0.0037406673654913,1.0,0.2472741603851318,2468.921989529654,d800_B800_R7_20251031_174106,2025-10-31 17:43:23,800,40,800,141.4213562373095
136,0.0,1.0,1.0,0.0037406673654913,1.0,0.3007988929748535,2470.1824168521034,d800_B800_R7_20251031_174106,2025-10-31 17:43:23,800,40,800,141.4213562373095
137,0.0,1.0,1.0,0.0037406673654913,1.0,0.2666308879852295,2473.3347968729818,d800_B800_R7_20251031_174106,2025-10-31 17:43:23,800,40,800,141.4213562373095
138,0.0,1.0,1.0,0.0037406673654913,1.0,0.2206599712371826,2478.988016160158,d800_B800_R7_20251031_174106,2025-10-31 17:43:23,800,40,800,141.4213562373095
139,0.0,1.0,1.0,0.0037406673654913,1.0,0.2167890071868896,2484.798740298855,d800_B800_R7_20251031_174106,2025-10-31 17:43:23,800,40,800,141.4213562373095
140,0.0,1.0,1.0,0.0037406673654913,1.0,0.2294228076934814,2489.8597812388293,d800_B800_R7_20251031_174106,2025-10-31 17:43:23,800,40,800,141.4213562373095
141,0.0,1.0,1.0,0.0037406673654913,1.0,0.3265621662139892,2489.5594116211514,d800_B800_R7_20251031_174106,2025-10-31 17:43:23,800,40,800,141.4213562373095
142,0.0,1.0,1.0,0.0037406673654913,1.0,0.2810931205749511,2491.7216178314043,d800_B800_R7_20251031_174106,2025-10-31 17:43:23,800,40,800,141.4213562373095
143,0.0,1.0,1.0,0.0037406673654913,1.0,0.2339987754821777,2496.408919521348,d800_B800_R7_20251031_174106,2025-10-31 17:43:23,800,40,800,141.4213562373095
144,0.0,1.0,1.0,0.0037406673654913,1.0,0.268259048461914,2499.190674292927,d800_B800_R7_20251031_174106,2025-10-31 17:43:23,800,40,800,141.4213562373095
145,0.0,1.0,1.0,0.0037406673654913,1.0,0.4917981624603271,2490.0295435870376,d800_B800_R7_20251031_174106,2025-10-31 17:43:23,800,40,800,141.4213562373095
146,0.0,1.0,1.0,0.0037406673654913,1.0,0.3771069049835205,2487.0748180501746,d800_B800_R7_20251031_174106,2025-10-31 17:43:23,800,40,800,141.4213562373095
147,0.0,1.0,1.0,0.0037406673654913,1.0,0.7941482067108154,2462.2696193042343,d800_B800_R7_20251031_174106,2025-10-31 17:43:23,800,40,800,141.4213562373095
148,0.0,1.0,1.0,0.0037406673654913,1.0,0.5765571594238281,2448.580428449458,d800_B800_R7_20251031_174106,2025-10-31 17:43:23,800,40,800,141.4213562373095
149,0.0,1.0,1.0,0.0037406673654913,1.0,1.3778839111328125,2396.545134047527,d800_B800_R7_20251031_174106,2025-10-31 17:43:23,800,40,800,141.4213562373095
150,0.0,1.0,1.0,0.0037406673654913,1.0,0.778296947479248,2375.1087559610355,d800_B800_R7_20251031_174106,2025-10-31 17:43:23,800,40,800,141.4213562373095
151,0.0,1.0,1.0,0.0037406673654913,1.0,0.3979418277740478,2372.2617516983228,d800_B800_R7_20251031_174106,2025-10-31 17:43:23,800,40,800,141.4213562373095
152,0.0,1.0,1.0,0.0037406673654913,1.0,0.4379279613494873,2367.630822139877,d800_B800_R7_20251031_174106,2025-10-31 17:43:23,800,40,800,141.4213562373095
153,0.0,1.0,1.0,0.0037406673654913,1.0,0.4700801372528076,2361.618499400759,d800_B800_R7_20251031_174106,2025-10-31 17:43:23,800,40,800,141.4213562373095
154,0.0,1.0,1.0,0.0037406673654913,1.0,0.591170072555542,2350.3056697466527,d800_B800_R7_20251031_174106,2025-10-31 17:43:23,800,40,800,141.4213562373095
155,0.0,1.0,1.0,0.0037406673654913,1.0,0.4336676597595215,2346.0428598734825,d800_B800_R7_20251031_174106,2025-10-31 17:43:23,800,40,800,141.4213562373095
156,0.0,1.0,1.0,0.0037406673654913,1.0,1.1742007732391355,2309.1191252228136,d800_B800_R7_20251031_174106,2025-10-31 17:43:23,800,40,800,141.4213562373095
157,0.0,1.0,1.0,0.0037406673654913,1.0,1.405717134475708,2265.2565157836384,d800_B800_R7_20251031_174106,2025-10-31 17:43:23,800,40,800,141.4213562373095
158,0.0,1.0,1.0,0.0037406673654913,1.0,0.4238710403442383,2262.3647712787756,d800_B800_R7_20251031_174106,2025-10-31 17:43:23,800,40,800,141.4213562373095
159,0.0,1.0,1.0,0.0037406673654913,1.0,0.2654421329498291,2265.8090642953744,d800_B800_R7_20251031_174106,2025-10-31 17:43:23,800,40,800,141.4213562373095
160,0.0,1.0,1.0,0.0037406673654913,1.0,0.2996070384979248,2267.928932704008,d800_B800_R7_20251031_174106,2025-10-31 17:43:23,800,40,800,141.4213562373095
161,0.0,1.0,1.0,0.0037406673654913,1.0,0.2310237884521484,2272.7607907238016,d800_B800_R7_20251031_174106,2025-10-31 17:43:23,800,40,800,141.4213562373095
162,0.0,1.0,1.0,0.0037406673654913,1.0,0.2298288345336914,2277.597452795853,d800_B800_R7_20251031_174106,2025-10-31 17:43:23,800,40,800,141.4213562373095
163,0.0,1.0,1.0,0.0037406673654913,1.0,0.2874858379364013,2280.112483508742,d800_B800_R7_20251031_174106,2025-10-31 17:43:23,800,40,800,141.4213562373095
164,0.0,1.0,1.0,0.0037406673654913,1.0,0.2079179286956787,2285.742821987754,d800_B800_R7_20251031_174106,2025-10-31 17:43:23,800,40,800,141.4213562373095
165,0.0,1.0,1.0,0.0037406673654913,1.0,0.3287739753723144,2286.567197608271,d800_B800_R7_20251031_174106,2025-10-31 17:43:23,800,40,800,141.4213562373095
166,0.0,1.0,1.0,0.0037406673654913,1.0,0.2861459255218506,2289.054105632418,d800_B800_R7_20251031_174106,2025-10-31 17:43:23,800,40,800,141.4213562373095
167,0.0,1.0,1.0,0.0037406673654913,1.0,0.2291312217712402,2293.7458320875116,d800_B800_R7_20251031_174106,2025-10-31 17:43:23,800,40,800,141.4213562373095
168,0.0,1.0,1.0,0.0037406673654913,1.0,0.2250239849090576,2298.561318921987,d800_B800_R7_20251031_174106,2025-10-31 17:43:23,800,40,800,141.4213562373095
169,0.0,1.0,1.0,0.0037406673654913,1.0,0.2702391147613525,2301.570205557482,d800_B800_R7_20251031_174106,2025-10-31 17:43:23,800,40,800,141.4213562373095
170,0.0,1.0,1.0,0.0037406673654913,1.0,0.3739891052246094,2300.5399910607916,d800_B800_R7_20251031_174106,2025-10-31 17:43:23,800,40,800,141.4213562373095
171,0.0,1.0,1.0,0.0037406673654913,1.0,0.265265941619873,2303.694152614935,d800_B800_R7_20251031_174106,2025-10-31 17:43:23,800,40,800,141.4213562373095
172,0.0,1.0,1.0,0.0037406673654913,1.0,0.4609949588775635,2299.3304574508898,d800_B800_R7_20251031_174106,2025-10-31 17:43:23,800,40,800,141.4213562373095
173,0.0,1.0,1.0,0.0037406673654913,1.0,0.3242931365966797,2300.215911698536,d800_B800_R7_20251031_174106,2025-10-31 17:43:23,800,40,800,141.4213562373095
174,0.0,1.0,1.0,0.0037406673654913,1.0,1.638898849487305,2252.4224435012193,d800_B800_R7_20251031_174106,2025-10-31 17:43:23,800,40,800,141.4213562373095
175,0.0,1.0,1.0,0.0037406673654913,1.0,0.6444201469421387,2241.926003777872,d800_B800_R7_20251031_174106,2025-10-31 17:43:23,800,40,800,141.4213562373095
176,0.0,1.0,1.0,0.0037406673654913,1.0,0.5132160186767578,2236.3128108539513,d800_B800_R7_20251031_174106,2025-10-31 17:43:23,800,40,800,141.4213562373095
177,0.0,1.0,1.0,0.0037406673654913,1.0,0.4885768890380859,2231.158764042062,d800_B800_R7_20251031_174106,2025-10-31 17:43:23,800,40,800,141.4213562373095
178,0.0,1.0,1.0,0.0037406673654913,1.0,0.3114140033721924,2232.790382792648,d800_B800_R7_20251031_174106,2025-10-31 17:43:23,800,40,800,141.4213562373095
179,0.0,1.0,1.0,0.0037406673654913,1.0,0.442620038986206,2229.675775865383,d800_B800_R7_20251031_174106,2025-10-31 17:43:23,800,40,800,141.4213562373095
180,0.0,1.0,1.0,0.0037406673654913,1.0,0.5615479946136475,2222.7232942290666,d800_B800_R7_20251031_174106,2025-10-31 17:43:23,800,40,800,141.4213562373095
181,0.0,1.0,1.0,0.0037406673654913,1.0,0.4886767864227295,2218.349756334873,d800_B800_R7_20251031_174106,2025-10-31 17:43:23,800,40,800,141.4213562373095
182,0.0,1.0,1.0,0.0037406673654913,1.0,0.5118367671966553,2213.2709026344037,d800_B800_R7_20251031_174106,2025-10-31 17:43:23,800,40,800,141.4213562373095
183,0.0,1.0,1.0,0.0037406673654913,1.0,0.5005910396575928,2208.6052582602506,d800_B800_R7_20251031_174106,2025-10-31 17:43:23,800,40,800,141.4213562373095
184,0.0,1.0,1.0,0.0037406673654913,1.0,0.526806116104126,2203.175472823992,d800_B800_R7_20251031_174106,2025-10-31 17:43:23,800,40,800,141.4213562373095
185,0.0,1.0,1.0,0.0037406673654913,1.0,1.326639175415039,2172.178172808481,d800_B800_R7_20251031_174106,2025-10-31 17:43:23,800,40,800,141.4213562373095
186,0.0,1.0,1.0,0.0037406673654913,1.0,0.6762580871582031,2162.4997427699805,d800_B800_R7_20251031_174106,2025-10-31 17:43:23,800,40,800,141.4213562373095
187,0.0,1.0,1.0,0.0037406673654913,1.0,0.3798232078552246,2162.170864328959,d800_B800_R7_20251031_174106,2025-10-31 17:43:23,800,40,800,141.4213562373095
188,0.0,1.0,1.0,0.0037406673654913,1.0,0.4382178783416748,2160.0448413348468,d800_B800_R7_20251031_174106,2025-10-31 17:43:23,800,40,800,141.4213562373095
189,0.0,1.0,1.0,0.0037406673654913,1.0,0.2814209461212158,2162.766288226734,d800_B800_R7_20251031_174106,2025-10-31 17:43:23,800,40,800,141.4213562373095
190,0.0,1.0,1.0,0.0037406673654913,1.0,0.4178922176361084,2161.290094045594,d800_B800_R7_20251031_174106,2025-10-31 17:43:23,800,40,800,141.4213562373095
191,0.0,1.0,1.0,0.0037406673654913,1.0,0.5750219821929932,2155.0691537938537,d800_B800_R7_20251031_174106,2025-10-31 17:43:23,800,40,800,141.4213562373095
192,0.0,1.0,1.0,0.0037406673654913,1.0,0.431650161743164,2153.2287496988733,d800_B800_R7_20251031_174106,2025-10-31 17:43:23,800,40,800,141.4213562373095
193,0.0,1.0,1.0,0.0037406673654913,1.0,0.2855710983276367,2155.775659054172,d800_B800_R7_20251031_174106,2025-10-31 17:43:23,800,40,800,141.4213562373095
194,0.0,1.0,1.0,0.0037406673654913,1.0,0.2297670841217041,2159.9858000001564,d800_B800_R7_20251031_174106,2025-10-31 17:43:23,800,40,800,141.4213562373095
195,0.0,1.0,1.0,0.0037406673654913,1.0,0.4130191802978515,2158.701664564608,d800_B800_R7_20251031_174106,2025-10-31 17:43:23,800,40,800,141.4213562373095
196,0.0,1.0,1.0,0.0037406673654913,1.0,0.2223637104034423,2163.083753569344,d800_B800_R7_20251031_174106,2025-10-31 17:43:23,800,40,800,141.4213562373095
197,0.0,1.0,1.0,0.0037406673654913,1.0,0.2009541988372802,2168.077408515899,d800_B800_R7_20251031_174106,2025-10-31 17:43:23,800,40,800,141.4213562373095
198,0.0,1.0,1.0,0.0037406673654913,1.0,0.3453702926635742,2168.7682843297375,d800_B800_R7_20251031_174106,2025-10-31 17:43:23,800,40,800,141.4213562373095
199,0.0,1.0,1.0,0.0037406673654913,1.0,0.3738260269165039,2168.6155820126323,d800_B800_R7_20251031_174106,2025-10-31 17:43:23,800,40,800,141.4213562373095
200,0.0,1.0,1.0,0.0037406673654913,1.0,0.3261160850524902,2169.815979588385,d800_B800_R7_20251031_174106,2025-10-31 17:43:23,800,40,800,141.4213562373095
201,0.0,1.0,1.0,0.0037406673654913,1.0,0.2333879470825195,2173.7383228951862,d800_B800_R7_20251031_174106,2025-10-31 17:43:23,800,40,800,141.4213562373095
202,0.0,1.0,1.0,0.0037406673654913,1.0,0.2955350875854492,2175.8309585223938,d800_B800_R7_20251031_174106,2025-10-31 17:43:23,800,40,800,141.4213562373095
203,0.0,1.0,1.0,0.0037406673654913,1.0,0.2684299945831299,2178.7068236489376,d800_B800_R7_20251031_174106,2025-10-31 17:43:23,800,40,800,141.4213562373095
204,0.0,1.0,1.0,0.0037406673654913,1.0,0.3157899379730224,2180.1881618280313,d800_B800_R7_20251031_174106,2025-10-31 17:43:23,800,40,800,141.4213562373095
205,0.0,1.0,1.0,0.0037406673654913,1.0,0.3622467517852783,2180.315359966055,d800_B800_R7_20251031_174106,2025-10-31 17:43:23,800,40,800,141.4213562373095
206,0.0,1.0,1.0,0.0037406673654913,1.0,0.4472968578338623,2177.986502585144,d800_B800_R7_20251031_174106,2025-10-31 17:43:23,800,40,800,141.4213562373095
207,0.0,1.0,1.0,0.0037406673654913,1.0,1.0754671096801758,2157.97368423754,d800_B800_R7_20251031_174106,2025-10-31 17:43:23,800,40,800,141.4213562373095
208,0.0,1.0,1.0,0.0037406673654913,1.0,0.5139989852905273,2153.8651104804258,d800_B800_R7_20251031_174106,2025-10-31 17:43:23,800,40,800,141.4213562373095
209,0.0,1.0,1.0,0.0037406673654913,1.0,0.3381409645080566,2154.7789464042908,d800_B800_R7_20251031_174106,2025-10-31 17:43:23,800,40,800,141.4213562373095
210,0.0,1.0,1.0,0.0037406673654913,1.0,0.6793868541717529,2146.3275297950145,d800_B800_R7_20251031_174106,2025-10-31 17:43:23,800,40,800,141.4213562373095
211,0.0,1.0,1.0,0.0037406673654913,1.0,0.3626918792724609,2146.583476194179,d800_B800_R7_20251031_174106,2025-10-31 17:43:23,800,40,800,141.4213562373095
212,0.0,1.0,1.0,0.0037406673654913,1.0,1.0886449813842771,2127.3762296095924,d800_B800_R7_20251031_174106,2025-10-31 17:43:23,800,40,800,141.4213562373095
213,0.0,1.0,1.0,0.0037406673654913,1.0,0.5611488819122314,2122.236770447352,d800_B800_R7_20251031_174106,2025-10-31 17:43:23,800,40,800,141.4213562373095
214,0.0,1.0,1.0,0.0037406673654913,1.0,0.3591055870056152,2122.6925702182343,d800_B800_R7_20251031_174106,2025-10-31 17:43:23,800,40,800,141.4213562373095
215,0.0,1.0,1.0,0.0037406673654913,1.0,0.2797858715057373,2125.206677478705,d800_B800_R7_20251031_174106,2025-10-31 17:43:23,800,40,800,141.4213562373095
216,0.0,1.0,1.0,0.0037406673654913,1.0,1.1905641555786133,2104.2243148919024,d800_B800_R7_20251031_174106,2025-10-31 17:43:23,800,40,800,141.4213562373095
217,0.0,1.0,1.0,0.0037406673654913,1.0,0.5254981517791748,2100.421262337509,d800_B800_R7_20251031_174106,2025-10-31 17:43:23,800,40,800,141.4213562373095
218,0.0,1.0,1.0,0.0037406673654913,1.0,0.3641700744628906,2100.833687054443,d800_B800_R7_20251031_174106,2025-10-31 17:43:23,800,40,800,141.4213562373095
219,0.0,1.0,1.0,0.0037406673654913,1.0,0.4371321201324463,2099.415659148983,d800_B800_R7_20251031_174106,2025-10-31 17:43:23,800,40,800,141.4213562373095
220,0.0,1.0,1.0,0.0037406673654913,1.0,0.5704591274261475,2094.6996434250937,d800_B800_R7_20251031_174106,2025-10-31 17:43:23,800,40,800,141.4213562373095
221,0.0,1.0,1.0,0.0037406673654913,1.0,0.4103589057922363,2093.9867550884146,d800_B800_R7_20251031_174106,2025-10-31 17:43:23,800,40,800,141.4213562373095
222,0.0,1.0,1.0,0.0037406673654913,1.0,0.744013786315918,2085.1212884618103,d800_B800_R7_20251031_174106,2025-10-31 17:43:23,800,40,800,141.4213562373095
223,0.0,1.0,1.0,0.0037406673654913,1.0,0.4746849536895752,2082.909369104236,d800_B800_R7_20251031_174106,2025-10-31 17:43:23,800,40,800,141.4213562373095
224,0.0,1.0,1.0,0.0037406673654913,1.0,0.5378458499908447,2079.1978264401146,d800_B800_R7_20251031_174106,2025-10-31 17:43:23,800,40,800,141.4213562373095
225,0.0,1.0,1.0,0.0037406673654913,1.0,0.4834740161895752,2076.4871967983095,d800_B800_R7_20251031_174106,2025-10-31 17:43:23,800,40,800,141.4213562373095
226,0.0,1.0,1.0,0.0037406673654913,1.0,0.4955220222473144,2073.8665780972497,d800_B800_R7_20251031_174106,2025-10-31 17:43:23,800,40,800,141.4213562373095
227,0.0,1.0,1.0,0.0037406673654913,1.0,0.4619300365447998,2072.065175211526,d800_B800_R7_20251031_174106,2025-10-31 17:43:23,800,40,800,141.4213562373095
228,0.0,1.0,1.0,0.0037406673654913,1.0,1.1634056568145752,2053.9978307181887,d800_B800_R7_20251031_174106,2025-10-31 17:43:23,800,40,800,141.4213562373095
229,0.0,1.0,1.0,0.0037406673654913,1.0,0.4799621105194092,2050.687167935159,d800_B800_R7_20251031_174106,2025-10-31 17:43:23,800,40,800,141.4213562373095
230,0.0,1.0,1.0,0.0037406673654913,1.0,0.9593961238861084,2037.8083361520644,d800_B800_R7_20251031_174106,2025-10-31 17:43:23,800,40,800,141.4213562373095
231,0.0,1.0,1.0,0.0037406673654913,1.0,0.478989839553833,2035.8576143199496,d800_B800_R7_20251031_174106,2025-10-31 17:43:23,800,40,800,141.4213562373095
232,0.0,1.0,1.0,0.0037406673654913,1.0,0.3950390815734863,2035.792196562211,d800_B800_R7_20251031_174106,2025-10-31 17:43:23,800,40,800,141.4213562373095
233,0.0,1.0,1.0,0.0037406673654913,1.0,1.114241123199463,2019.899024974287,d800_B800_R7_20251031_174106,2025-10-31 17:43:23,800,40,800,141.4213562373095
234,0.0,1.0,1.0,0.0037406673654913,1.0,0.5112199783325195,2017.3930821643285,d800_B800_R7_20251031_174106,2025-10-31 17:43:23,800,40,800,141.4213562373095
235,0.0,1.0,1.0,0.0037406673654913,1.0,0.309920072555542,2019.2567330147651,d800_B800_R7_20251031_174106,2025-10-31 17:43:23,800,40,800,141.4213562373095
236,0.0,1.0,1.0,0.0037406673654913,1.0,0.3949251174926758,2019.278826246832,d800_B800_R7_20251031_174106,2025-10-31 17:43:23,800,40,800,141.4213562373095
237,0.0,1.0,1.0,0.0037406673654913,1.0,0.3813700675964355,2019.5895927445715,d800_B800_R7_20251031_174106,2025-10-31 17:43:23,800,40,800,141.4213562373095
238,0.0,1.0,1.0,0.0037406673654913,1.0,0.2693490982055664,2022.2877637097904,d800_B800_R7_20251031_174106,2025-10-31 17:43:23,800,40,800,141.4213562373095
239,0.0,1.0,1.0,0.0037406673654913,1.0,0.2650282382965088,2025.0663512030696,d800_B800_R7_20251031_174106,2025-10-31 17:43:23,800,40,800,141.4213562373095
240,0.0,1.0,1.0,0.0037406673654913,1.0,0.4449250698089599,2024.000744603142,d800_B800_R7_20251031_174106,2025-10-31 17:43:23,800,40,800,141.4213562373095
241,0.0,1.0,1.0,0.0037406673654913,1.0,0.3551681041717529,2024.840798591912,d800_B800_R7_20251031_174106,2025-10-31 17:43:23,800,40,800,141.4213562373095
242,0.0,1.0,1.0,0.0037406673654913,1.0,0.3931992053985595,2024.8748776519528,d800_B800_R7_20251031_174106,2025-10-31 17:43:23,800,40,800,141.4213562373095
243,0.0,1.0,1.0,0.0037406673654913,1.0,0.3476510047912597,2025.8648766214976,d800_B800_R7_20251031_174106,2025-10-31 17:43:23,800,40,800,141.4213562373095
244,0.0,1.0,1.0,0.0037406673654913,1.0,0.3796048164367676,2026.1799807251496,d800_B800_R7_20251031_174106,2025-10-31 17:43:23,800,40,800,141.4213562373095
245,0.0,1.0,1.0,0.0037406673654913,1.0,0.386819839477539,2026.3419291804887,d800_B800_R7_20251031_174106,2025-10-31 17:43:23,800,40,800,141.4213562373095
246,0.0,1.0,1.0,0.0037406673654913,1.0,0.5008878707885742,2024.133410331348,d800_B800_R7_20251031_174106,2025-10-31 17:43:23,800,40,800,141.4213562373095
247,0.0,1.0,1.0,0.0037406673654913,1.0,0.2721810340881347,2026.6708637174063,d800_B800_R7_20251031_174106,2025-10-31 17:43:23,800,40,800,141.4213562373095
248,0.0,1.0,1.0,0.0037406673654913,1.0,0.2450711727142334,2029.7533521489656,d800_B800_R7_20251031_174106,2025-10-31 17:43:23,800,40,800,141.4213562373095
249,0.0,1.0,1.0,0.0037406673654913,1.0,1.3090579509735107,2011.0406520358815,d800_B800_R7_20251031_174106,2025-10-31 17:43:23,800,40,800,141.4213562373095
250,0.0,1.0,1.0,0.0037406673654913,1.0,0.4149649143218994,2010.6654198712451,d800_B800_R7_20251031_174106,2025-10-31 17:43:23,800,40,800,141.4213562373095
251,0.0,1.0,1.0,0.0037406673654913,1.0,0.2892451286315918,2012.8366634116544,d800_B800_R7_20251031_174106,2025-10-31 17:43:23,800,40,800,141.4213562373095
252,0.0,1.0,1.0,0.0037406673654913,1.0,0.3601610660552978,2013.5790052712457,d800_B800_R7_20251031_174106,2025-10-31 17:43:23,800,40,800,141.4213562373095
253,0.0,1.0,1.0,0.0037406673654913,1.0,0.2440800666809082,2016.6349325489375,d800_B800_R7_20251031_174106,2025-10-31 17:43:23,800,40,800,141.4213562373095
254,0.0,1.0,1.0,0.0037406673654913,1.0,0.5760910511016846,2013.0599010814176,d800_B800_R7_20251031_174106,2025-10-31 17:43:23,800,40,800,141.4213562373095
255,0.0,1.0,1.0,0.0037406673654913,1.0,0.2345077991485595,2016.284035714629,d800_B800_R7_20251031_174106,2025-10-31 17:43:23,800,40,800,141.4213562373095
256,0.0,1.0,1.0,0.0037406673654913,1.0,0.1867270469665527,2020.4402943657915,d800_B800_R7_20251031_174106,2025-10-31 17:43:23,800,40,800,141.4213562373095
257,0.0,1.0,1.0,0.0037406673654913,1.0,1.1581931114196775,2005.4715754359825,d800_B800_R7_20251031_174106,2025-10-31 17:43:23,800,40,800,141.4213562373095
258,0.0,1.0,1.0,0.0037406673654913,1.0,0.318228006362915,2007.0242188132763,d800_B800_R7_20251031_174106,2025-10-31 17:43:23,800,40,800,141.4213562373095
259,0.0,1.0,1.0,0.0037406673654913,1.0,0.4832091331481933,2005.3826021031264,d800_B800_R7_20251031_174106,2025-10-31 17:43:23,800,40,800,141.4213562373095
260,0.0,1.0,1.0,0.0037406673654913,1.0,4.222821235656738,1933.542781871256,d800_B800_R7_20251031_174106,2025-10-31 17:43:23,800,40,800,141.4213562373095
261,0.0,1.0,1.0,0.0037406673654913,1.0,0.3739149570465088,1934.182430107828,d800_B800_R7_20251031_174106,2025-10-31 17:43:23,800,40,800,141.4213562373095
262,0.0,1.0,1.0,0.0037406673654913,1.0,0.4492390155792236,1933.5436636048212,d800_B800_R7_20251031_174106,2025-10-31 17:43:23,800,40,800,141.4213562373095
263,0.0,1.0,1.0,0.0037406673654913,1.0,0.5268118381500244,1931.4104199316544,d800_B800_R7_20251031_174106,2025-10-31 17:43:23,800,40,800,141.4213562373095
264,0.0,1.0,1.0,0.0037406673654913,1.0,1.153097152709961,1918.0072503317415,d800_B800_R7_20251031_174106,2025-10-31 17:43:23,800,40,800,141.4213562373095
265,0.0,1.0,1.0,0.0037406673654913,1.0,0.4534471035003662,1917.3655600048892,d800_B800_R7_20251031_174106,2025-10-31 17:43:23,800,40,800,141.4213562373095
266,0.0,1.0,1.0,0.0037406673654913,1.0,0.3858072757720947,1917.897222143544,d800_B800_R7_20251031_174106,2025-10-31 17:43:23,800,40,800,141.4213562373095
267,0.0,1.0,1.0,0.0037406673654913,1.0,0.2243590354919433,1921.2056028273391,d800_B800_R7_20251031_174106,2025-10-31 17:43:23,800,40,800,141.4213562373095
268,0.0,1.0,1.0,0.0037406673654913,1.0,1.4468307495117188,1903.658646253401,d800_B800_R7_20251031_174106,2025-10-31 17:43:23,800,40,800,141.4213562373095
269,0.0,1.0,1.0,0.0037406673654913,1.0,0.4691090583801269,1902.6282760126896,d800_B800_R7_20251031_174106,2025-10-31 17:43:23,800,40,800,141.4213562373095
270,0.0,1.0,1.0,0.0037406673654913,1.0,0.6276051998138428,1899.109541458742,d800_B800_R7_20251031_174106,2025-10-31 17:43:23,800,40,800,141.4213562373095
271,0.0,1.0,1.0,0.0037406673654913,1.0,0.534797191619873,1897.207652638592,d800_B800_R7_20251031_174106,2025-10-31 17:43:23,800,40,800,141.4213562373095
272,0.0,1.0,1.0,0.0037406673654913,1.0,0.5740349292755127,1894.6034028238555,d800_B800_R7_20251031_174106,2025-10-31 17:43:23,800,40,800,141.4213562373095
273,0.0,1.0,1.0,0.0037406673654913,1.0,0.3113791942596435,1896.41343666607,d800_B800_R7_20251031_174106,2025-10-31 17:43:23,800,40,800,141.4213562373095
274,0.0,1.0,1.0,0.0037406673654913,1.0,0.2563478946685791,1899.119301875992,d800_B800_R7_20251031_174106,2025-10-31 17:43:23,800,40,800,141.4213562373095
275,0.0,1.0,1.0,0.0037406673654913,1.0,0.4974420070648193,1897.8718344113624,d800_B800_R7_20251031_174106,2025-10-31 17:43:23,800,40,800,141.4213562373095
276,0.0,1.0,1.0,0.0037406673654913,1.0,0.214907169342041,1901.2322242408995,d800_B800_R7_20251031_174106,2025-10-31 17:43:23,800,40,800,141.4213562373095
277,0.0,1.0,1.0,0.0037406673654913,1.0,0.3409368991851806,1902.525831602905,d800_B800_R7_20251031_174106,2025-10-31 17:43:23,800,40,800,141.4213562373095
278,0.0,1.0,1.0,0.0037406673654913,1.0,0.3991868495941162,1902.867025947796,d800_B800_R7_20251031_174106,2025-10-31 17:43:23,800,40,800,141.4213562373095
279,0.0,1.0,1.0,0.0037406673654913,1.0,0.5328030586242676,1901.0467937253152,d800_B800_R7_20251031_174106,2025-10-31 17:43:23,800,40,800,141.4213562373095
280,0.0,1.0,1.0,0.0037406673654913,1.0,0.5400762557983398,1899.078799300961,d800_B800_R7_20251031_174106,2025-10-31 17:43:23,800,40,800,141.4213562373095
281,0.0,1.0,1.0,0.0037406673654913,1.0,1.0188579559326172,1889.4482156155232,d800_B800_R7_20251031_174106,2025-10-31 17:43:23,800,40,800,141.4213562373095
282,0.0,1.0,1.0,0.0037406673654913,1.0,0.550804853439331,1887.031320810963,d800_B800_R7_20251031_174106,2025-10-31 17:43:23,800,40,800,141.4213562373095
283,0.0,1.0,1.0,0.0037406673654913,1.0,7.7110490798950195,1779.3220679404892,d800_B800_R7_20251031_174106,2025-10-31 17:43:23,800,40,800,141.4213562373095
284,0.0,1.0,1.0,0.0037406673654913,1.0,0.7602999210357666,1774.9840165349362,d800_B800_R7_20251031_174106,2025-10-31 17:43:23,800,40,800,141.4213562373095
285,0.0,1.0,1.0,0.0037406673654913,1.0,0.7382311820983887,1769.8735537204243,d800_B800_R7_20251031_174106,2025-10-31 17:43:23,800,40,800,141.4213562373095
286,0.0,1.0,1.0,0.0037406673654913,1.0,0.6656081676483154,1766.9575393610355,d800_B800_R7_20251031_174106,2025-10-31 17:43:23,800,40,800,141.4213562373095
287,0.0,1.0,1.0,0.0037406673654913,1.0,0.3274908065795898,1768.6491711647434,d800_B800_R7_20251031_174106,2025-10-31 17:43:23,800,40,800,141.4213562373095
288,0.0,1.0,1.0,0.0037406673654913,1.0,0.3438878059387207,1770.113478439402,d800_B800_R7_20251031_174106,2025-10-31 17:43:23,800,40,800,141.4213562373095
289,0.0,1.0,1.0,0.0037406673654913,1.0,0.7609260082244873,1765.9188392796157,d800_B800_R7_20251031_174106,2025-10-31 17:43:23,800,40,800,141.4213562373095
290,0.0,1.0,1.0,0.0037406673654913,1.0,0.2730069160461426,1768.2989395943223,d800_B800_R7_20251031_174106,2025-10-31 17:43:23,800,40,800,141.4213562373095
291,0.0,1.0,1.0,0.0037406673654913,1.0,0.2796070575714111,1770.6120240616017,d800_B800_R7_20251031_174106,2025-10-31 17:43:23,800,40,800,141.4213562373095
292,0.0,1.0,1.0,0.0037406673654913,1.0,0.1915249824523925,1774.097624879487,d800_B800_R7_20251031_174106,2025-10-31 17:43:23,800,40,800,141.4213562373095
293,0.0,1.0,1.0,0.0037406673654913,1.0,0.3344919681549072,1775.6539717184146,d800_B800_R7_20251031_174106,2025-10-31 17:43:23,800,40,800,141.4213562373095
294,0.0,1.0,1.0,0.0037406673654913,1.0,0.2889118194580078,1777.8129448895625,d800_B800_R7_20251031_174106,2025-10-31 17:43:23,800,40,800,141.4213562373095
295,0.0,1.0,1.0,0.0037406673654913,1.0,0.3481438159942627,1779.170165330517,d800_B800_R7_20251031_174106,2025-10-31 17:43:23,800,40,800,141.4213562373095
296,0.0,1.0,1.0,0.0037406673654913,1.0,0.3112010955810547,1781.0120505047807,d800_B800_R7_20251031_174106,2025-10-31 17:43:23,800,40,800,141.4213562373095
297,0.0,1.0,1.0,0.0037406673654913,1.0,0.5871310234069824,1779.1705178775787,d800_B800_R7_20251031_174106,2025-10-31 17:43:23,800,40,800,141.4213562373095
298,0.0,1.0,1.0,0.0037406673654913,1.0,0.2759289741516113,1781.4639052870814,d800_B800_R7_20251031_174106,2025-10-31 17:43:23,800,40,800,141.4213562373095
299,0.0,1.0,1.0,0.0037406673654913,1.0,0.2959070205688476,1783.4879777853205,d800_B800_R7_20251031_174106,2025-10-31 17:43:23,800,40,800,141.4213562373095
0,0.6931473612785339,0.4959999918937683,1.0,0.0019833340775221,1.0,0.3870201110839844,2562.2300659631737,d1000_B1000_R7_20251031_174106,2025-10-31 17:44:31,1000,40,1000,158.11388300841895
1,0.0,1.0,1.0,0.0019833340775221,1.0,0.3335020542144775,2761.1416894934787,d1000_B1000_R7_20251031_174106,2025-10-31 17:44:31,1000,40,1000,158.11388300841895
2,0.0,1.0,1.0,0.0019833340775221,1.0,0.294478178024292,2943.317525434624,d1000_B1000_R7_20251031_174106,2025-10-31 17:44:31,1000,40,1000,158.11388300841895
3,0.0,1.0,1.0,0.0019833340775221,1.0,0.3867630958557129,2844.3938087717825,d1000_B1000_R7_20251031_174106,2025-10-31 17:44:31,1000,40,1000,158.11388300841895
4,0.0,1.0,1.0,0.0019833340775221,1.0,0.2991299629211426,2931.35657458979,d1000_B1000_R7_20251031_174106,2025-10-31 17:44:31,1000,40,1000,158.11388300841895
5,0.0,1.0,1.0,0.0019833340775221,1.0,0.2674601078033447,3039.9741396242853,d1000_B1000_R7_20251031_174106,2025-10-31 17:44:31,1000,40,1000,158.11388300841895
6,0.0,1.0,1.0,0.0019833340775221,1.0,0.3363118171691894,3030.0379062694474,d1000_B1000_R7_20251031_174106,2025-10-31 17:44:31,1000,40,1000,158.11388300841895
7,0.0,1.0,1.0,0.0019833340775221,1.0,0.4002878665924072,2951.231340874705,d1000_B1000_R7_20251031_174106,2025-10-31 17:44:31,1000,40,1000,158.11388300841895
8,0.0,1.0,1.0,0.0019833340775221,1.0,0.2602908611297607,3028.398261424584,d1000_B1000_R7_20251031_174106,2025-10-31 17:44:31,1000,40,1000,158.11388300841895
9,0.0,1.0,1.0,0.0019833340775221,1.0,0.4128739833831787,2953.917438850453,d1000_B1000_R7_20251031_174106,2025-10-31 17:44:31,1000,40,1000,158.11388300841895
10,0.0,1.0,1.0,0.0019833340775221,1.0,0.2511391639709472,3024.552136965164,d1000_B1000_R7_20251031_174106,2025-10-31 17:44:31,1000,40,1000,158.11388300841895
11,0.0,1.0,1.0,0.0019833340775221,1.0,0.2790389060974121,3063.9101103896814,d1000_B1000_R7_20251031_174106,2025-10-31 17:44:31,1000,40,1000,158.11388300841895
12,0.0,1.0,1.0,0.0019833340775221,1.0,0.2801358699798584,3097.499104993189,d1000_B1000_R7_20251031_174106,2025-10-31 17:44:31,1000,40,1000,158.11388300841895
13,0.0,1.0,1.0,0.0019833340775221,1.0,0.4521799087524414,3011.0175482281174,d1000_B1000_R7_20251031_174106,2025-10-31 17:44:31,1000,40,1000,158.11388300841895
14,0.0,1.0,1.0,0.0019833340775221,1.0,0.4216320514678955,2957.6989444304586,d1000_B1000_R7_20251031_174106,2025-10-31 17:44:31,1000,40,1000,158.11388300841895
15,0.0,1.0,1.0,0.0019833340775221,1.0,0.318619966506958,2968.2701981025484,d1000_B1000_R7_20251031_174106,2025-10-31 17:44:31,1000,40,1000,158.11388300841895
16,0.0,1.0,1.0,0.0019833340775221,1.0,0.347883939743042,2962.3717397805417,d1000_B1000_R7_20251031_174106,2025-10-31 17:44:31,1000,40,1000,158.11388300841895
17,0.0,1.0,1.0,0.0019833340775221,1.0,0.4090809822082519,2927.7742384778726,d1000_B1000_R7_20251031_174106,2025-10-31 17:44:31,1000,40,1000,158.11388300841895
18,0.0,1.0,1.0,0.0019833340775221,1.0,0.3857662677764892,2907.6008113955563,d1000_B1000_R7_20251031_174106,2025-10-31 17:44:31,1000,40,1000,158.11388300841895
19,0.0,1.0,1.0,0.0019833340775221,1.0,0.729464054107666,2752.810120733544,d1000_B1000_R7_20251031_174106,2025-10-31 17:44:31,1000,40,1000,158.11388300841895
20,0.0,1.0,1.0,0.0019833340775221,1.0,0.3754189014434814,2748.3223543409545,d1000_B1000_R7_20251031_174106,2025-10-31 17:44:31,1000,40,1000,158.11388300841895
21,0.0,1.0,1.0,0.0019833340775221,1.0,0.3435859680175781,2754.6049598042746,d1000_B1000_R7_20251031_174106,2025-10-31 17:44:31,1000,40,1000,158.11388300841895
22,0.0,1.0,1.0,0.0019833340775221,1.0,0.316601037979126,2769.9306373063396,d1000_B1000_R7_20251031_174106,2025-10-31 17:44:31,1000,40,1000,158.11388300841895
23,0.0,1.0,1.0,0.0019833340775221,1.0,0.4694619178771972,2735.5383797245904,d1000_B1000_R7_20251031_174106,2025-10-31 17:44:31,1000,40,1000,158.11388300841895
24,0.0,1.0,1.0,0.0019833340775221,1.0,0.3665001392364502,2735.1004496846986,d1000_B1000_R7_20251031_174106,2025-10-31 17:44:31,1000,40,1000,158.11388300841895
25,0.0,1.0,1.0,0.0019833340775221,1.0,0.3531019687652588,2738.2400231248557,d1000_B1000_R7_20251031_174106,2025-10-31 17:44:31,1000,40,1000,158.11388300841895
26,0.0,1.0,1.0,0.0019833340775221,1.0,0.903343915939331,2596.4551892198265,d1000_B1000_R7_20251031_174106,2025-10-31 17:44:31,1000,40,1000,158.11388300841895
27,0.0,1.0,1.0,0.0019833340775221,1.0,0.4334399700164795,2584.818772287747,d1000_B1000_R7_20251031_174106,2025-10-31 17:44:31,1000,40,1000,158.11388300841895
28,0.0,1.0,1.0,0.0019833340775221,1.0,0.3127391338348388,2601.9486011534373,d1000_B1000_R7_20251031_174106,2025-10-31 17:44:31,1000,40,1000,158.11388300841895
29,0.0,1.0,1.0,0.0019833340775221,1.0,0.2992360591888428,2621.1877652856697,d1000_B1000_R7_20251031_174106,2025-10-31 17:44:31,1000,40,1000,158.11388300841895
30,0.0,1.0,1.0,0.0019833340775221,1.0,0.3108029365539551,2636.847482609068,d1000_B1000_R7_20251031_174106,2025-10-31 17:44:31,1000,40,1000,158.11388300841895
31,0.0,1.0,1.0,0.0019833340775221,1.0,0.3342347145080566,2646.5896315029872,d1000_B1000_R7_20251031_174106,2025-10-31 17:44:31,1000,40,1000,158.11388300841895
32,0.0,1.0,1.0,0.0019833340775221,1.0,0.3407628536224365,2654.3173906784295,d1000_B1000_R7_20251031_174106,2025-10-31 17:44:31,1000,40,1000,158.11388300841895
33,0.0,1.0,1.0,0.0019833340775221,1.0,0.4233176708221435,2644.6408409984792,d1000_B1000_R7_20251031_174106,2025-10-31 17:44:31,1000,40,1000,158.11388300841895
34,0.0,1.0,1.0,0.0019833340775221,1.0,0.37618088722229,2644.4720291377753,d1000_B1000_R7_20251031_174106,2025-10-31 17:44:31,1000,40,1000,158.11388300841895
35,0.0,1.0,1.0,0.0019833340775221,1.0,0.4354100227355957,2633.34546456804,d1000_B1000_R7_20251031_174106,2025-10-31 17:44:31,1000,40,1000,158.11388300841895
36,0.0,1.0,1.0,0.0019833340775221,1.0,0.3146049976348877,2645.55900733249,d1000_B1000_R7_20251031_174106,2025-10-31 17:44:31,1000,40,1000,158.11388300841895
37,0.0,1.0,1.0,0.0019833340775221,1.0,0.367354154586792,2647.40248397824,d1000_B1000_R7_20251031_174106,2025-10-31 17:44:31,1000,40,1000,158.11388300841895
38,0.0,1.0,1.0,0.0019833340775221,1.0,0.3273701667785644,2656.4243854510287,d1000_B1000_R7_20251031_174106,2025-10-31 17:44:31,1000,40,1000,158.11388300841895
39,0.0,1.0,1.0,0.0019833340775221,1.0,0.3304779529571533,2664.460842720777,d1000_B1000_R7_20251031_174106,2025-10-31 17:44:31,1000,40,1000,158.11388300841895
40,0.0,1.0,1.0,0.0019833340775221,1.0,0.3578522205352783,2667.453987915628,d1000_B1000_R7_20251031_174106,2025-10-31 17:44:31,1000,40,1000,158.11388300841895
41,0.0,1.0,1.0,0.0019833340775221,1.0,0.3105249404907226,2678.3565514077786,d1000_B1000_R7_20251031_174106,2025-10-31 17:44:31,1000,40,1000,158.11388300841895
42,0.0,1.0,1.0,0.0019833340775221,1.0,0.2802920341491699,2693.941201618135,d1000_B1000_R7_20251031_174106,2025-10-31 17:44:31,1000,40,1000,158.11388300841895
43,0.0,1.0,1.0,0.0019833340775221,1.0,0.3651280403137207,2694.911085302701,d1000_B1000_R7_20251031_174106,2025-10-31 17:44:31,1000,40,1000,158.11388300841895
44,0.0,1.0,1.0,0.0019833340775221,1.0,0.4104948043823242,2688.481505768706,d1000_B1000_R7_20251031_174106,2025-10-31 17:44:31,1000,40,1000,158.11388300841895
45,0.0,1.0,1.0,0.0019833340775221,1.0,0.9919428825378418,2594.3500156820373,d1000_B1000_R7_20251031_174106,2025-10-31 17:44:31,1000,40,1000,158.11388300841895
46,0.0,1.0,1.0,0.0019833340775221,1.0,0.6261038780212402,2560.0705471568144,d1000_B1000_R7_20251031_174106,2025-10-31 17:44:31,1000,40,1000,158.11388300841895
47,0.0,1.0,1.0,0.0019833340775221,1.0,0.3290901184082031,2568.4056013954055,d1000_B1000_R7_20251031_174106,2025-10-31 17:44:31,1000,40,1000,158.11388300841895
48,0.0,1.0,1.0,0.0019833340775221,1.0,0.4232320785522461,2563.816235305509,d1000_B1000_R7_20251031_174106,2025-10-31 17:44:31,1000,40,1000,158.11388300841895
49,0.0,1.0,1.0,0.0019833340775221,1.0,0.2994379997253418,2575.6136832964867,d1000_B1000_R7_20251031_174106,2025-10-31 17:44:31,1000,40,1000,158.11388300841895
50,0.0,1.0,1.0,0.0019833340775221,1.0,1.215813159942627,2472.186553934421,d1000_B1000_R7_20251031_174106,2025-10-31 17:44:31,1000,40,1000,158.11388300841895
51,0.0,1.0,1.0,0.0019833340775221,1.0,0.9789931774139404,2406.3991667671153,d1000_B1000_R7_20251031_174106,2025-10-31 17:44:31,1000,40,1000,158.11388300841895
52,0.0,1.0,1.0,0.0019833340775221,1.0,0.7870819568634033,2366.4133873155524,d1000_B1000_R7_20251031_174106,2025-10-31 17:44:31,1000,40,1000,158.11388300841895
53,0.0,1.0,1.0,0.0019833340775221,1.0,0.8776779174804688,2320.072064158563,d1000_B1000_R7_20251031_174106,2025-10-31 17:44:31,1000,40,1000,158.11388300841895
54,0.0,1.0,1.0,0.0019833340775221,1.0,0.3378670215606689,2329.1620086213843,d1000_B1000_R7_20251031_174106,2025-10-31 17:44:31,1000,40,1000,158.11388300841895
55,0.0,1.0,1.0,0.0019833340775221,1.0,0.3200151920318603,2339.7738462239754,d1000_B1000_R7_20251031_174106,2025-10-31 17:44:31,1000,40,1000,158.11388300841895
56,0.0,1.0,1.0,0.0019833340775221,1.0,1.996279001235962,2198.176731787592,d1000_B1000_R7_20251031_174106,2025-10-31 17:44:31,1000,40,1000,158.11388300841895
57,0.0,1.0,1.0,0.0019833340775221,1.0,0.7726788520812988,2171.841730733803,d1000_B1000_R7_20251031_174106,2025-10-31 17:44:31,1000,40,1000,158.11388300841895
58,0.0,1.0,1.0,0.0019833340775221,1.0,0.3221819400787353,2182.8670665773834,d1000_B1000_R7_20251031_174106,2025-10-31 17:44:31,1000,40,1000,158.11388300841895
59,0.0,1.0,1.0,0.0019833340775221,1.0,2.1781327724456787,2054.2628603378657,d1000_B1000_R7_20251031_174106,2025-10-31 17:44:31,1000,40,1000,158.11388300841895
60,0.0,1.0,1.0,0.0019833340775221,1.0,0.6764609813690186,2041.0948686196557,d1000_B1000_R7_20251031_174106,2025-10-31 17:44:31,1000,40,1000,158.11388300841895
61,0.0,1.0,1.0,0.0019833340775221,1.0,0.7118260860443115,2026.2202703990024,d1000_B1000_R7_20251031_174106,2025-10-31 17:44:31,1000,40,1000,158.11388300841895
62,0.0,1.0,1.0,0.0019833340775221,1.0,0.4774911403656006,2027.1779518998892,d1000_B1000_R7_20251031_174106,2025-10-31 17:44:31,1000,40,1000,158.11388300841895
63,0.0,1.0,1.0,0.0019833340775221,1.0,1.5801751613616943,1959.6839094028428,d1000_B1000_R7_20251031_174106,2025-10-31 17:44:31,1000,40,1000,158.11388300841895
64,0.0,1.0,1.0,0.0019833340775221,1.0,0.3630242347717285,1968.3081816397369,d1000_B1000_R7_20251031_174106,2025-10-31 17:44:31,1000,40,1000,158.11388300841895
65,0.0,1.0,1.0,0.0019833340775221,1.0,0.3425829410552978,1978.049574145012,d1000_B1000_R7_20251031_174106,2025-10-31 17:44:31,1000,40,1000,158.11388300841895
66,0.0,1.0,1.0,0.0019833340775221,1.0,0.3218917846679687,1988.8138303463304,d1000_B1000_R7_20251031_174106,2025-10-31 17:44:31,1000,40,1000,158.11388300841895
67,0.0,1.0,1.0,0.0019833340775221,1.0,0.3978700637817383,1994.9132113167968,d1000_B1000_R7_20251031_174106,2025-10-31 17:44:31,1000,40,1000,158.11388300841895
68,0.0,1.0,1.0,0.0019833340775221,1.0,0.3066060543060303,2006.1855573483087,d1000_B1000_R7_20251031_174106,2025-10-31 17:44:31,1000,40,1000,158.11388300841895
69,0.0,1.0,1.0,0.0019833340775221,1.0,0.3401999473571777,2015.249496684023,d1000_B1000_R7_20251031_174106,2025-10-31 17:44:31,1000,40,1000,158.11388300841895
70,0.0,1.0,1.0,0.0019833340775221,1.0,0.4193449020385742,2019.6409810438288,d1000_B1000_R7_20251031_174106,2025-10-31 17:44:31,1000,40,1000,158.11388300841895
71,0.0,1.0,1.0,0.0019833340775221,1.0,0.3312358856201172,2028.929267471072,d1000_B1000_R7_20251031_174106,2025-10-31 17:44:31,1000,40,1000,158.11388300841895
72,0.0,1.0,1.0,0.0019833340775221,1.0,0.6801791191101074,2018.378236503439,d1000_B1000_R7_20251031_174106,2025-10-31 17:44:31,1000,40,1000,158.11388300841895
73,0.0,1.0,1.0,0.0019833340775221,1.0,0.4919700622558594,2018.459794557932,d1000_B1000_R7_20251031_174106,2025-10-31 17:44:31,1000,40,1000,158.11388300841895
74,0.0,1.0,1.0,0.0019833340775221,1.0,1.1337199211120603,1984.3542406598,d1000_B1000_R7_20251031_174106,2025-10-31 17:44:31,1000,40,1000,158.11388300841895
75,0.0,1.0,1.0,0.0019833340775221,1.0,0.3746869564056396,1991.027434579848,d1000_B1000_R7_20251031_174106,2025-10-31 17:44:31,1000,40,1000,158.11388300841895
76,0.0,1.0,1.0,0.0019833340775221,1.0,0.3414692878723144,1999.1134265247745,d1000_B1000_R7_20251031_174106,2025-10-31 17:44:31,1000,40,1000,158.11388300841895
77,0.0,1.0,1.0,0.0019833340775221,1.0,0.4232311248779297,2003.052963101892,d1000_B1000_R7_20251031_174106,2025-10-31 17:44:31,1000,40,1000,158.11388300841895
78,0.0,1.0,1.0,0.0019833340775221,1.0,0.3647580146789551,2009.896576192452,d1000_B1000_R7_20251031_174106,2025-10-31 17:44:31,1000,40,1000,158.11388300841895
79,0.0,1.0,1.0,0.0019833340775221,1.0,0.4713888168334961,2011.2066414973576,d1000_B1000_R7_20251031_174106,2025-10-31 17:44:31,1000,40,1000,158.11388300841895
80,0.0,1.0,1.0,0.0019833340775221,1.0,0.412302017211914,2015.4403621846543,d1000_B1000_R7_20251031_174106,2025-10-31 17:44:31,1000,40,1000,158.11388300841895
81,0.0,1.0,1.0,0.0019833340775221,1.0,0.361447811126709,2022.113037396526,d1000_B1000_R7_20251031_174106,2025-10-31 17:44:31,1000,40,1000,158.11388300841895
82,0.0,1.0,1.0,0.0019833340775221,1.0,0.4261407852172851,2025.468780798201,d1000_B1000_R7_20251031_174106,2025-10-31 17:44:31,1000,40,1000,158.11388300841895
83,0.0,1.0,1.0,0.0019833340775221,1.0,0.3548800945281982,2032.249182842638,d1000_B1000_R7_20251031_174106,2025-10-31 17:44:31,1000,40,1000,158.11388300841895
84,0.0,1.0,1.0,0.0019833340775221,1.0,1.2102892398834229,1997.907742748343,d1000_B1000_R7_20251031_174106,2025-10-31 17:44:31,1000,40,1000,158.11388300841895
85,0.0,1.0,1.0,0.0019833340775221,1.0,0.2814300060272217,2008.040565086472,d1000_B1000_R7_20251031_174106,2025-10-31 17:44:31,1000,40,1000,158.11388300841895
86,0.0,1.0,1.0,0.0019833340775221,1.0,0.3499977588653564,2014.897547905096,d1000_B1000_R7_20251031_174106,2025-10-31 17:44:31,1000,40,1000,158.11388300841895
87,0.0,1.0,1.0,0.0019833340775221,1.0,0.3281331062316894,2022.6669671468892,d1000_B1000_R7_20251031_174106,2025-10-31 17:44:31,1000,40,1000,158.11388300841895
88,0.0,1.0,1.0,0.0019833340775221,1.0,0.278548002243042,2032.6257917927153,d1000_B1000_R7_20251031_174106,2025-10-31 17:44:31,1000,40,1000,158.11388300841895
89,0.0,1.0,1.0,0.0019833340775221,1.0,0.2869791984558105,2042.0535935571943,d1000_B1000_R7_20251031_174106,2025-10-31 17:44:31,1000,40,1000,158.11388300841895
90,0.0,1.0,1.0,0.0019833340775221,1.0,0.2538497447967529,2052.901692733451,d1000_B1000_R7_20251031_174106,2025-10-31 17:44:31,1000,40,1000,158.11388300841895
91,0.0,1.0,1.0,0.0019833340775221,1.0,0.3034939765930176,2061.337141002778,d1000_B1000_R7_20251031_174106,2025-10-31 17:44:31,1000,40,1000,158.11388300841895
92,0.0,1.0,1.0,0.0019833340775221,1.0,0.3372278213500976,2068.0982878467607,d1000_B1000_R7_20251031_174106,2025-10-31 17:44:31,1000,40,1000,158.11388300841895
93,0.0,1.0,1.0,0.0019833340775221,1.0,0.3929290771484375,2072.206469888981,d1000_B1000_R7_20251031_174106,2025-10-31 17:44:31,1000,40,1000,158.11388300841895
94,0.0,1.0,1.0,0.0019833340775221,1.0,0.7997608184814453,2057.9294142274885,d1000_B1000_R7_20251031_174106,2025-10-31 17:44:31,1000,40,1000,158.11388300841895
95,0.0,1.0,1.0,0.0019833340775221,1.0,0.4981520175933838,2057.3729301364597,d1000_B1000_R7_20251031_174106,2025-10-31 17:44:31,1000,40,1000,158.11388300841895
96,0.0,1.0,1.0,0.0019833340775221,1.0,0.9045910835266112,2039.2557527153483,d1000_B1000_R7_20251031_174106,2025-10-31 17:44:31,1000,40,1000,158.11388300841895
97,0.0,1.0,1.0,0.0019833340775221,1.0,2.130112886428833,1971.8654160324056,d1000_B1000_R7_20251031_174106,2025-10-31 17:44:31,1000,40,1000,158.11388300841895
98,0.0,1.0,1.0,0.0019833340775221,1.0,0.7600791454315186,1961.5986294795075,d1000_B1000_R7_20251031_174106,2025-10-31 17:44:31,1000,40,1000,158.11388300841895
99,0.0,1.0,1.0,0.0019833340775221,1.0,0.7100160121917725,1953.9086238637435,d1000_B1000_R7_20251031_174106,2025-10-31 17:44:31,1000,40,1000,158.11388300841895
100,0.0,1.0,1.0,0.0019833340775221,1.0,1.0235939025878906,1934.7332860803656,d1000_B1000_R7_20251031_174106,2025-10-31 17:44:31,1000,40,1000,158.11388300841895
101,0.0,1.0,1.0,0.0019833340775221,1.0,1.4465830326080322,1901.0641815988597,d1000_B1000_R7_20251031_174106,2025-10-31 17:44:31,1000,40,1000,158.11388300841895
102,0.0,1.0,1.0,0.0019833340775221,1.0,1.7309348583221436,1859.664613795075,d1000_B1000_R7_20251031_174106,2025-10-31 17:44:31,1000,40,1000,158.11388300841895
103,0.0,1.0,1.0,0.0019833340775221,1.0,0.3912670612335205,1864.532631061671,d1000_B1000_R7_20251031_174106,2025-10-31 17:44:31,1000,40,1000,158.11388300841895
104,0.0,1.0,1.0,0.0019833340775221,1.0,0.3121428489685058,1871.9725471067045,d1000_B1000_R7_20251031_174106,2025-10-31 17:44:31,1000,40,1000,158.11388300841895
105,0.0,1.0,1.0,0.0019833340775221,1.0,0.2866208553314209,1880.1730264432977,d1000_B1000_R7_20251031_174106,2025-10-31 17:44:31,1000,40,1000,158.11388300841895
106,0.0,1.0,1.0,0.0019833340775221,1.0,0.2958099842071533,1887.9891303378424,d1000_B1000_R7_20251031_174106,2025-10-31 17:44:31,1000,40,1000,158.11388300841895
107,0.0,1.0,1.0,0.0019833340775221,1.0,0.2924199104309082,1895.843745302869,d1000_B1000_R7_20251031_174106,2025-10-31 17:44:31,1000,40,1000,158.11388300841895
108,0.0,1.0,1.0,0.0019833340775221,1.0,0.3622128963470459,1901.2965787559388,d1000_B1000_R7_20251031_174106,2025-10-31 17:44:31,1000,40,1000,158.11388300841895
109,0.0,1.0,1.0,0.0019833340775221,1.0,0.2873117923736572,1909.146854369144,d1000_B1000_R7_20251031_174106,2025-10-31 17:44:31,1000,40,1000,158.11388300841895
110,0.0,1.0,1.0,0.0019833340775221,1.0,0.3026771545410156,1916.4263088485984,d1000_B1000_R7_20251031_174106,2025-10-31 17:44:31,1000,40,1000,158.11388300841895
111,0.0,1.0,1.0,0.0019833340775221,1.0,0.3383758068084717,1922.4515655507903,d1000_B1000_R7_20251031_174106,2025-10-31 17:44:31,1000,40,1000,158.11388300841895
112,0.0,1.0,1.0,0.0019833340775221,1.0,0.4574100971221924,1924.494744776558,d1000_B1000_R7_20251031_174106,2025-10-31 17:44:31,1000,40,1000,158.11388300841895
113,0.0,1.0,1.0,0.0019833340775221,1.0,0.5255999565124512,1924.2816744639508,d1000_B1000_R7_20251031_174106,2025-10-31 17:44:31,1000,40,1000,158.11388300841895
114,0.0,1.0,1.0,0.0019833340775221,1.0,0.4126069545745849,1927.7269067083892,d1000_B1000_R7_20251031_174106,2025-10-31 17:44:31,1000,40,1000,158.11388300841895
115,0.0,1.0,1.0,0.0019833340775221,1.0,1.929947853088379,1883.5392749890436,d1000_B1000_R7_20251031_174106,2025-10-31 17:44:31,1000,40,1000,158.11388300841895
116,0.0,1.0,1.0,0.0019833340775221,1.0,0.5928020477294922,1881.5902648340227,d1000_B1000_R7_20251031_174106,2025-10-31 17:44:31,1000,40,1000,158.11388300841895
117,0.0,1.0,1.0,0.0019833340775221,1.0,0.603816032409668,1879.4135397987077,d1000_B1000_R7_20251031_174106,2025-10-31 17:44:31,1000,40,1000,158.11388300841895
118,0.0,1.0,1.0,0.0019833340775221,1.0,0.5021519660949707,1880.2456031858255,d1000_B1000_R7_20251031_174106,2025-10-31 17:44:31,1000,40,1000,158.11388300841895
119,0.0,1.0,1.0,0.0019833340775221,1.0,0.5220470428466797,1880.5276005559872,d1000_B1000_R7_20251031_174106,2025-10-31 17:44:31,1000,40,1000,158.11388300841895
120,0.0,1.0,1.0,0.0019833340775221,1.0,0.6395981311798096,1877.3729175012936,d1000_B1000_R7_20251031_174106,2025-10-31 17:44:31,1000,40,1000,158.11388300841895
121,0.0,1.0,1.0,0.0019833340775221,1.0,0.6339976787567139,1874.423778847945,d1000_B1000_R7_20251031_174106,2025-10-31 17:44:31,1000,40,1000,158.11388300841895
122,0.0,1.0,1.0,0.0019833340775221,1.0,0.5185868740081787,1874.8405556887135,d1000_B1000_R7_20251031_174106,2025-10-31 17:44:31,1000,40,1000,158.11388300841895
123,0.0,1.0,1.0,0.0019833340775221,1.0,0.5360028743743896,1874.699357801894,d1000_B1000_R7_20251031_174106,2025-10-31 17:44:31,1000,40,1000,158.11388300841895
124,0.0,1.0,1.0,0.0019833340775221,1.0,1.590569019317627,1845.4329717331805,d1000_B1000_R7_20251031_174106,2025-10-31 17:44:31,1000,40,1000,158.11388300841895
125,0.0,1.0,1.0,0.0019833340775221,1.0,0.644432783126831,1842.6138685899664,d1000_B1000_R7_20251031_174106,2025-10-31 17:44:31,1000,40,1000,158.11388300841895
126,0.0,1.0,1.0,0.0019833340775221,1.0,0.5292239189147949,1842.963297094097,d1000_B1000_R7_20251031_174106,2025-10-31 17:44:31,1000,40,1000,158.11388300841895
127,0.0,1.0,1.0,0.0019833340775221,1.0,0.3822548389434814,1847.1977000141376,d1000_B1000_R7_20251031_174106,2025-10-31 17:44:31,1000,40,1000,158.11388300841895
128,0.0,1.0,1.0,0.0019833340775221,1.0,0.5381319522857666,1847.2722805294325,d1000_B1000_R7_20251031_174106,2025-10-31 17:44:31,1000,40,1000,158.11388300841895
129,0.0,1.0,1.0,0.0019833340775221,1.0,0.5827932357788086,1846.16896477198,d1000_B1000_R7_20251031_174106,2025-10-31 17:44:31,1000,40,1000,158.11388300841895
130,0.0,1.0,1.0,0.0019833340775221,1.0,0.463580846786499,1848.1830994783272,d1000_B1000_R7_20251031_174106,2025-10-31 17:44:31,1000,40,1000,158.11388300841895
131,0.0,1.0,1.0,0.0019833340775221,1.0,0.3241488933563232,1853.7788352104176,d1000_B1000_R7_20251031_174106,2025-10-31 17:44:31,1000,40,1000,158.11388300841895
132,0.0,1.0,1.0,0.0019833340775221,1.0,0.4692888259887695,1855.5818245182215,d1000_B1000_R7_20251031_174106,2025-10-31 17:44:31,1000,40,1000,158.11388300841895
133,0.0,1.0,1.0,0.0019833340775221,1.0,0.332270860671997,1860.8515444382765,d1000_B1000_R7_20251031_174106,2025-10-31 17:44:31,1000,40,1000,158.11388300841895
134,0.0,1.0,1.0,0.0019833340775221,1.0,0.485234260559082,1862.182232174598,d1000_B1000_R7_20251031_174106,2025-10-31 17:44:31,1000,40,1000,158.11388300841895
135,0.0,1.0,1.0,0.0019833340775221,1.0,0.5573499202728271,1861.655908651272,d1000_B1000_R7_20251031_174106,2025-10-31 17:44:31,1000,40,1000,158.11388300841895
136,0.0,1.0,1.0,0.0019833340775221,1.0,0.3321208953857422,1866.8508537202683,d1000_B1000_R7_20251031_174106,2025-10-31 17:44:31,1000,40,1000,158.11388300841895
137,0.0,1.0,1.0,0.0019833340775221,1.0,0.4165370464324951,1869.853454187995,d1000_B1000_R7_20251031_174106,2025-10-31 17:44:31,1000,40,1000,158.11388300841895
138,0.0,1.0,1.0,0.0019833340775221,1.0,0.4191160202026367,1872.751967764658,d1000_B1000_R7_20251031_174106,2025-10-31 17:44:31,1000,40,1000,158.11388300841895
139,0.0,1.0,1.0,0.0019833340775221,1.0,0.7143030166625977,1868.2383972394125,d1000_B1000_R7_20251031_174106,2025-10-31 17:44:31,1000,40,1000,158.11388300841895
140,0.0,1.0,1.0,0.0019833340775221,1.0,0.6615519523620605,1865.1049480471695,d1000_B1000_R7_20251031_174106,2025-10-31 17:44:31,1000,40,1000,158.11388300841895
141,0.0,1.0,1.0,0.0019833340775221,1.0,1.1813960075378418,1849.4122326441443,d1000_B1000_R7_20251031_174106,2025-10-31 17:44:31,1000,40,1000,158.11388300841895
142,0.0,1.0,1.0,0.0019833340775221,1.0,0.9555301666259766,1839.536108177501,d1000_B1000_R7_20251031_174106,2025-10-31 17:44:31,1000,40,1000,158.11388300841895
143,0.0,1.0,1.0,0.0019833340775221,1.0,0.4647660255432129,1841.3798055029283,d1000_B1000_R7_20251031_174106,2025-10-31 17:44:31,1000,40,1000,158.11388300841895
144,0.0,1.0,1.0,0.0019833340775221,1.0,1.5191609859466553,1818.8151980478697,d1000_B1000_R7_20251031_174106,2025-10-31 17:44:31,1000,40,1000,158.11388300841895
145,0.0,1.0,1.0,0.0019833340775221,1.0,0.6049079895019531,1817.4621681015935,d1000_B1000_R7_20251031_174106,2025-10-31 17:44:31,1000,40,1000,158.11388300841895
146,0.0,1.0,1.0,0.0019833340775221,1.0,1.4801061153411863,1796.7922764100497,d1000_B1000_R7_20251031_174106,2025-10-31 17:44:31,1000,40,1000,158.11388300841895
147,0.0,1.0,1.0,0.0019833340775221,1.0,0.7335331439971924,1792.9046152100047,d1000_B1000_R7_20251031_174106,2025-10-31 17:44:31,1000,40,1000,158.11388300841895
148,0.0,1.0,1.0,0.0019833340775221,1.0,0.6925451755523682,1789.992203131497,d1000_B1000_R7_20251031_174106,2025-10-31 17:44:31,1000,40,1000,158.11388300841895
149,0.0,1.0,1.0,0.0019833340775221,1.0,0.7435882091522217,1785.8404223093223,d1000_B1000_R7_20251031_174106,2025-10-31 17:44:31,1000,40,1000,158.11388300841895
150,0.0,1.0,1.0,0.0019833340775221,1.0,1.0924861431121826,1774.6563875899003,d1000_B1000_R7_20251031_174106,2025-10-31 17:44:31,1000,40,1000,158.11388300841895
151,0.0,1.0,1.0,0.0019833340775221,1.0,0.8326730728149414,1769.0787738692595,d1000_B1000_R7_20251031_174106,2025-10-31 17:44:31,1000,40,1000,158.11388300841895
152,0.0,1.0,1.0,0.0019833340775221,1.0,0.8676941394805908,1762.9078805601634,d1000_B1000_R7_20251031_174106,2025-10-31 17:44:31,1000,40,1000,158.11388300841895
153,0.0,1.0,1.0,0.0019833340775221,1.0,1.818253755569458,1737.9937984200103,d1000_B1000_R7_20251031_174106,2025-10-31 17:44:31,1000,40,1000,158.11388300841895
154,0.0,1.0,1.0,0.0019833340775221,1.0,0.7770709991455078,1734.0590067589712,d1000_B1000_R7_20251031_174106,2025-10-31 17:44:31,1000,40,1000,158.11388300841895
155,0.0,1.0,1.0,0.0019833340775221,1.0,0.7086188793182373,1726.8206866529392,d1000_B1000_R7_20251031_174106,2025-10-31 17:44:31,1000,40,1000,158.11388300841895
156,0.0,1.0,1.0,0.0019833340775221,1.0,1.6517932415008545,1706.676154511344,d1000_B1000_R7_20251031_174106,2025-10-31 17:44:31,1000,40,1000,158.11388300841895
157,0.0,1.0,1.0,0.0019833340775221,1.0,0.8333449363708496,1702.0962080465183,d1000_B1000_R7_20251031_174106,2025-10-31 17:44:31,1000,40,1000,158.11388300841895
158,0.0,1.0,1.0,0.0019833340775221,1.0,0.6115691661834717,1701.6530448170763,d1000_B1000_R7_20251031_174106,2025-10-31 17:44:31,1000,40,1000,158.11388300841895
159,0.0,1.0,1.0,0.0019833340775221,1.0,0.3713541030883789,1705.5666643057896,d1000_B1000_R7_20251031_174106,2025-10-31 17:44:31,1000,40,1000,158.11388300841895
160,0.0,1.0,1.0,0.0019833340775221,1.0,0.6677417755126953,1704.0834878966589,d1000_B1000_R7_20251031_174106,2025-10-31 17:44:31,1000,40,1000,158.11388300841895
161,0.0,1.0,1.0,0.0019833340775221,1.0,0.5367259979248047,1704.9475110883575,d1000_B1000_R7_20251031_174106,2025-10-31 17:44:31,1000,40,1000,158.11388300841895
162,0.0,1.0,1.0,0.0019833340775221,1.0,0.6541788578033447,1703.435975572215,d1000_B1000_R7_20251031_174106,2025-10-31 17:44:31,1000,40,1000,158.11388300841895
163,0.0,1.0,1.0,0.0019833340775221,1.0,0.5831210613250732,1703.499954324668,d1000_B1000_R7_20251031_174106,2025-10-31 17:44:31,1000,40,1000,158.11388300841895
164,0.0,1.0,1.0,0.0019833340775221,1.0,0.6179189682006836,1702.9435229022167,d1000_B1000_R7_20251031_174106,2025-10-31 17:44:31,1000,40,1000,158.11388300841895
165,0.0,1.0,1.0,0.0019833340775221,1.0,0.6822829246520996,1701.227060761682,d1000_B1000_R7_20251031_174106,2025-10-31 17:44:31,1000,40,1000,158.11388300841895
166,0.0,1.0,1.0,0.0019833340775221,1.0,1.5007269382476809,1685.4734537307716,d1000_B1000_R7_20251031_174106,2025-10-31 17:44:31,1000,40,1000,158.11388300841895
167,0.0,1.0,1.0,0.0019833340775221,1.0,0.6907320022583008,1683.8079483369904,d1000_B1000_R7_20251031_174106,2025-10-31 17:44:31,1000,40,1000,158.11388300841895
168,0.0,1.0,1.0,0.0019833340775221,1.0,0.7093029022216797,1681.858542094683,d1000_B1000_R7_20251031_174106,2025-10-31 17:44:31,1000,40,1000,158.11388300841895
169,0.0,1.0,1.0,0.0019833340775221,1.0,0.3553221225738525,1685.8237402954535,d1000_B1000_R7_20251031_174106,2025-10-31 17:44:31,1000,40,1000,158.11388300841895
170,0.0,1.0,1.0,0.0019833340775221,1.0,1.442228078842163,1671.8219534591,d1000_B1000_R7_20251031_174106,2025-10-31 17:44:31,1000,40,1000,158.11388300841895
171,0.0,1.0,1.0,0.0019833340775221,1.0,4.772599935531616,1606.622075672894,d1000_B1000_R7_20251031_174106,2025-10-31 17:44:31,1000,40,1000,158.11388300841895
172,0.0,1.0,1.0,0.0019833340775221,1.0,0.7161848545074463,1605.1826322970794,d1000_B1000_R7_20251031_174106,2025-10-31 17:44:31,1000,40,1000,158.11388300841895
173,0.0,1.0,1.0,0.0019833340775221,1.0,0.8721821308135986,1601.3892674685494,d1000_B1000_R7_20251031_174106,2025-10-31 17:44:31,1000,40,1000,158.11388300841895
174,0.0,1.0,1.0,0.0019833340775221,1.0,1.3117530345916748,1591.359936646286,d1000_B1000_R7_20251031_174106,2025-10-31 17:44:31,1000,40,1000,158.11388300841895
175,0.0,1.0,1.0,0.0019833340775221,1.0,0.5936260223388672,1591.8359920182288,d1000_B1000_R7_20251031_174106,2025-10-31 17:44:31,1000,40,1000,158.11388300841895
176,0.0,1.0,1.0,0.0019833340775221,1.0,1.6631200313568115,1577.1506151779547,d1000_B1000_R7_20251031_174106,2025-10-31 17:44:31,1000,40,1000,158.11388300841895
177,0.0,1.0,1.0,0.0019833340775221,1.0,1.083773851394653,1570.7204552226951,d1000_B1000_R7_20251031_174106,2025-10-31 17:44:31,1000,40,1000,158.11388300841895
178,0.0,1.0,1.0,0.0019833340775221,1.0,0.9423251152038574,1565.9669413753304,d1000_B1000_R7_20251031_174106,2025-10-31 17:44:31,1000,40,1000,158.11388300841895
179,0.0,1.0,1.0,0.0019833340775221,1.0,0.4370548725128174,1568.712236390717,d1000_B1000_R7_20251031_174106,2025-10-31 17:44:31,1000,40,1000,158.11388300841895
180,0.0,1.0,1.0,0.0019833340775221,1.0,0.557286262512207,1569.7800283691834,d1000_B1000_R7_20251031_174106,2025-10-31 17:44:31,1000,40,1000,158.11388300841895
181,0.0,1.0,1.0,0.0019833340775221,1.0,0.4266059398651123,1572.6128798612947,d1000_B1000_R7_20251031_174106,2025-10-31 17:44:31,1000,40,1000,158.11388300841895
182,0.0,1.0,1.0,0.0019833340775221,1.0,0.76350998878479,1570.881074887758,d1000_B1000_R7_20251031_174106,2025-10-31 17:44:31,1000,40,1000,158.11388300841895
183,0.0,1.0,1.0,0.0019833340775221,1.0,0.6289701461791992,1570.9774204729868,d1000_B1000_R7_20251031_174106,2025-10-31 17:44:31,1000,40,1000,158.11388300841895
184,0.0,1.0,1.0,0.0019833340775221,1.0,1.330596685409546,1561.7647699342997,d1000_B1000_R7_20251031_174106,2025-10-31 17:44:31,1000,40,1000,158.11388300841895
185,0.0,1.0,1.0,0.0019833340775221,1.0,0.7419149875640869,1560.35777022226,d1000_B1000_R7_20251031_174106,2025-10-31 17:44:31,1000,40,1000,158.11388300841895
186,0.0,1.0,1.0,0.0019833340775221,1.0,7.753747940063477,1472.924191413692,d1000_B1000_R7_20251031_174106,2025-10-31 17:44:31,1000,40,1000,158.11388300841895
187,0.0,1.0,1.0,0.0019833340775221,1.0,1.3773748874664309,1464.8836327574825,d1000_B1000_R7_20251031_174106,2025-10-31 17:44:31,1000,40,1000,158.11388300841895
188,0.0,1.0,1.0,0.0019833340775221,1.0,0.950775146484375,1461.8360199379829,d1000_B1000_R7_20251031_174106,2025-10-31 17:44:31,1000,40,1000,158.11388300841895
189,0.0,1.0,1.0,0.0019833340775221,1.0,0.4586076736450195,1464.3689076334383,d1000_B1000_R7_20251031_174106,2025-10-31 17:44:31,1000,40,1000,158.11388300841895
190,0.0,1.0,1.0,0.0019833340775221,1.0,0.8900008201599121,1462.0414930763395,d1000_B1000_R7_20251031_174106,2025-10-31 17:44:31,1000,40,1000,158.11388300841895
191,0.0,1.0,1.0,0.0019833340775221,1.0,0.4086551666259765,1465.1090895446018,d1000_B1000_R7_20251031_174106,2025-10-31 17:44:31,1000,40,1000,158.11388300841895
192,0.0,1.0,1.0,0.0019833340775221,1.0,0.3732049465179443,1468.5546491155176,d1000_B1000_R7_20251031_174106,2025-10-31 17:44:31,1000,40,1000,158.11388300841895
193,0.0,1.0,1.0,0.0019833340775221,1.0,0.4710469245910644,1470.822359156945,d1000_B1000_R7_20251031_174106,2025-10-31 17:44:31,1000,40,1000,158.11388300841895
194,0.0,1.0,1.0,0.0019833340775221,1.0,0.526604175567627,1472.5069801508462,d1000_B1000_R7_20251031_174106,2025-10-31 17:44:31,1000,40,1000,158.11388300841895
195,0.0,1.0,1.0,0.0019833340775221,1.0,0.7367208003997803,1471.8670415416136,d1000_B1000_R7_20251031_174106,2025-10-31 17:44:31,1000,40,1000,158.11388300841895
196,0.0,1.0,1.0,0.0019833340775221,1.0,0.4197409152984619,1474.7208887972831,d1000_B1000_R7_20251031_174106,2025-10-31 17:44:31,1000,40,1000,158.11388300841895
197,0.0,1.0,1.0,0.0019833340775221,1.0,0.3251698017120361,1478.604416263368,d1000_B1000_R7_20251031_174106,2025-10-31 17:44:31,1000,40,1000,158.11388300841895
198,0.0,1.0,1.0,0.0019833340775221,1.0,0.4502060413360595,1481.0834153897483,d1000_B1000_R7_20251031_174106,2025-10-31 17:44:31,1000,40,1000,158.11388300841895
199,0.0,1.0,1.0,0.0019833340775221,1.0,0.3347079753875732,1484.823643623365,d1000_B1000_R7_20251031_174106,2025-10-31 17:44:31,1000,40,1000,158.11388300841895
200,0.0,1.0,1.0,0.0019833340775221,1.0,0.4891161918640136,1486.8455887303585,d1000_B1000_R7_20251031_174106,2025-10-31 17:44:31,1000,40,1000,158.11388300841895
201,0.0,1.0,1.0,0.0019833340775221,1.0,0.9690639972686768,1483.5829883782324,d1000_B1000_R7_20251031_174106,2025-10-31 17:44:31,1000,40,1000,158.11388300841895
202,0.0,1.0,1.0,0.0019833340775221,1.0,0.7009799480438232,1483.267147488363,d1000_B1000_R7_20251031_174106,2025-10-31 17:44:31,1000,40,1000,158.11388300841895
203,0.0,1.0,1.0,0.0019833340775221,1.0,0.3907370567321777,1486.326871945217,d1000_B1000_R7_20251031_174106,2025-10-31 17:44:31,1000,40,1000,158.11388300841895
204,0.0,1.0,1.0,0.0019833340775221,1.0,0.4811828136444092,1488.390388095219,d1000_B1000_R7_20251031_174106,2025-10-31 17:44:31,1000,40,1000,158.11388300841895
205,0.0,1.0,1.0,0.0019833340775221,1.0,0.3186640739440918,1492.168067036486,d1000_B1000_R7_20251031_174106,2025-10-31 17:44:31,1000,40,1000,158.11388300841895
206,0.0,1.0,1.0,0.0019833340775221,1.0,0.3976838588714599,1495.0925441785191,d1000_B1000_R7_20251031_174106,2025-10-31 17:44:31,1000,40,1000,158.11388300841895
207,0.0,1.0,1.0,0.0019833340775221,1.0,0.3572769165039062,1498.443196400614,d1000_B1000_R7_20251031_174106,2025-10-31 17:44:31,1000,40,1000,158.11388300841895
208,0.0,1.0,1.0,0.0019833340775221,1.0,0.4493021965026855,1500.7862769349151,d1000_B1000_R7_20251031_174106,2025-10-31 17:44:31,1000,40,1000,158.11388300841895
209,0.0,1.0,1.0,0.0019833340775221,1.0,0.4205539226531982,1503.423853676996,d1000_B1000_R7_20251031_174106,2025-10-31 17:44:31,1000,40,1000,158.11388300841895
210,0.0,1.0,1.0,0.0019833340775221,1.0,0.396554946899414,1506.3019097938163,d1000_B1000_R7_20251031_174106,2025-10-31 17:44:31,1000,40,1000,158.11388300841895
211,0.0,1.0,1.0,0.0019833340775221,1.0,0.3315000534057617,1509.8645175277716,d1000_B1000_R7_20251031_174106,2025-10-31 17:44:31,1000,40,1000,158.11388300841895
212,0.0,1.0,1.0,0.0019833340775221,1.0,0.3311107158660888,1513.4126405503098,d1000_B1000_R7_20251031_174106,2025-10-31 17:44:31,1000,40,1000,158.11388300841895
213,0.0,1.0,1.0,0.0019833340775221,1.0,0.4577417373657226,1515.5823892019068,d1000_B1000_R7_20251031_174106,2025-10-31 17:44:31,1000,40,1000,158.11388300841895
214,0.0,1.0,1.0,0.0019833340775221,1.0,0.4461350440979004,1517.865682227066,d1000_B1000_R7_20251031_174106,2025-10-31 17:44:31,1000,40,1000,158.11388300841895
215,0.0,1.0,1.0,0.0019833340775221,1.0,0.7441589832305908,1516.9494334998735,d1000_B1000_R7_20251031_174106,2025-10-31 17:44:31,1000,40,1000,158.11388300841895
216,0.0,1.0,1.0,0.0019833340775221,1.0,0.546205997467041,1518.145245190939,d1000_B1000_R7_20251031_174106,2025-10-31 17:44:31,1000,40,1000,158.11388300841895
217,0.0,1.0,1.0,0.0019833340775221,1.0,0.6099100112915039,1518.6240089830644,d1000_B1000_R7_20251031_174106,2025-10-31 17:44:31,1000,40,1000,158.11388300841895
218,0.0,1.0,1.0,0.0019833340775221,1.0,1.7309377193450928,1507.4078050687233,d1000_B1000_R7_20251031_174106,2025-10-31 17:44:31,1000,40,1000,158.11388300841895
219,0.0,1.0,1.0,0.0019833340775221,1.0,0.622967004776001,1507.7858131400042,d1000_B1000_R7_20251031_174106,2025-10-31 17:44:31,1000,40,1000,158.11388300841895
220,0.0,1.0,1.0,0.0019833340775221,1.0,0.5695438385009766,1508.7477160268866,d1000_B1000_R7_20251031_174106,2025-10-31 17:44:31,1000,40,1000,158.11388300841895
221,0.0,1.0,1.0,0.0019833340775221,1.0,0.5358371734619141,1510.0484118378813,d1000_B1000_R7_20251031_174106,2025-10-31 17:44:31,1000,40,1000,158.11388300841895
222,0.0,1.0,1.0,0.0019833340775221,1.0,0.6348681449890137,1510.3232399900626,d1000_B1000_R7_20251031_174106,2025-10-31 17:44:31,1000,40,1000,158.11388300841895
223,0.0,1.0,1.0,0.0019833340775221,1.0,0.516232967376709,1511.807439464615,d1000_B1000_R7_20251031_174106,2025-10-31 17:44:31,1000,40,1000,158.11388300841895
224,0.0,1.0,1.0,0.0019833340775221,1.0,0.6896507740020752,1511.5189529120971,d1000_B1000_R7_20251031_174106,2025-10-31 17:44:31,1000,40,1000,158.11388300841895
225,0.0,1.0,1.0,0.0019833340775221,1.0,0.4499270915985107,1513.6590940073477,d1000_B1000_R7_20251031_174106,2025-10-31 17:44:31,1000,40,1000,158.11388300841895
226,0.0,1.0,1.0,0.0019833340775221,1.0,0.7912182807922363,1512.3372053889611,d1000_B1000_R7_20251031_174106,2025-10-31 17:44:31,1000,40,1000,158.11388300841895
227,0.0,1.0,1.0,0.0019833340775221,1.0,1.9857122898101809,1499.1586561661827,d1000_B1000_R7_20251031_174106,2025-10-31 17:44:31,1000,40,1000,158.11388300841895
228,0.0,1.0,1.0,0.0019833340775221,1.0,0.6340658664703369,1499.4539667794731,d1000_B1000_R7_20251031_174106,2025-10-31 17:44:31,1000,40,1000,158.11388300841895
229,0.0,1.0,1.0,0.0019833340775221,1.0,0.6181910037994385,1499.9265188473405,d1000_B1000_R7_20251031_174106,2025-10-31 17:44:31,1000,40,1000,158.11388300841895
230,0.0,1.0,1.0,0.0019833340775221,1.0,1.6701428890228271,1490.2124096054524,d1000_B1000_R7_20251031_174106,2025-10-31 17:44:31,1000,40,1000,158.11388300841895
231,0.0,1.0,1.0,0.0019833340775221,1.0,0.7173912525177002,1489.7658262264288,d1000_B1000_R7_20251031_174106,2025-10-31 17:44:31,1000,40,1000,158.11388300841895
232,0.0,1.0,1.0,0.0019833340775221,1.0,0.5672729015350342,1490.748387584494,d1000_B1000_R7_20251031_174106,2025-10-31 17:44:31,1000,40,1000,158.11388300841895
233,0.0,1.0,1.0,0.0019833340775221,1.0,0.6079487800598145,1491.1982211425718,d1000_B1000_R7_20251031_174106,2025-10-31 17:44:31,1000,40,1000,158.11388300841895
234,0.0,1.0,1.0,0.0019833340775221,1.0,0.6748690605163574,1491.1554306707353,d1000_B1000_R7_20251031_174106,2025-10-31 17:44:31,1000,40,1000,158.11388300841895
235,0.0,1.0,1.0,0.0019833340775221,1.0,1.8035290241241455,1480.5487077760308,d1000_B1000_R7_20251031_174106,2025-10-31 17:44:31,1000,40,1000,158.11388300841895
236,0.0,1.0,1.0,0.0019833340775221,1.0,0.5517230033874512,1481.6760569692633,d1000_B1000_R7_20251031_174106,2025-10-31 17:44:31,1000,40,1000,158.11388300841895
237,0.0,1.0,1.0,0.0019833340775221,1.0,0.5752830505371094,1482.5909832656362,d1000_B1000_R7_20251031_174106,2025-10-31 17:44:31,1000,40,1000,158.11388300841895
238,0.0,1.0,1.0,0.0019833340775221,1.0,0.6008479595184326,1483.26480023456,d1000_B1000_R7_20251031_174106,2025-10-31 17:44:31,1000,40,1000,158.11388300841895
239,0.0,1.0,1.0,0.0019833340775221,1.0,0.5276861190795898,1484.603336497075,d1000_B1000_R7_20251031_174106,2025-10-31 17:44:31,1000,40,1000,158.11388300841895
240,0.0,1.0,1.0,0.0019833340775221,1.0,1.3117539882659912,1478.787029888318,d1000_B1000_R7_20251031_174106,2025-10-31 17:44:31,1000,40,1000,158.11388300841895
241,0.0,1.0,1.0,0.0019833340775221,1.0,0.4692087173461914,1480.6498162339649,d1000_B1000_R7_20251031_174106,2025-10-31 17:44:31,1000,40,1000,158.11388300841895
242,0.0,1.0,1.0,0.0019833340775221,1.0,0.362645149230957,1483.4549974786537,d1000_B1000_R7_20251031_174106,2025-10-31 17:44:31,1000,40,1000,158.11388300841895
243,0.0,1.0,1.0,0.0019833340775221,1.0,0.2946789264678955,1486.8823210973346,d1000_B1000_R7_20251031_174106,2025-10-31 17:44:31,1000,40,1000,158.11388300841895
244,0.0,1.0,1.0,0.0019833340775221,1.0,0.3854448795318603,1489.4735978149652,d1000_B1000_R7_20251031_174106,2025-10-31 17:44:31,1000,40,1000,158.11388300841895
245,0.0,1.0,1.0,0.0019833340775221,1.0,1.3602938652038574,1483.2769484252929,d1000_B1000_R7_20251031_174106,2025-10-31 17:44:31,1000,40,1000,158.11388300841895
246,0.0,1.0,1.0,0.0019833340775221,1.0,0.6326310634613037,1483.631686973118,d1000_B1000_R7_20251031_174106,2025-10-31 17:44:31,1000,40,1000,158.11388300841895
247,0.0,1.0,1.0,0.0019833340775221,1.0,0.4140570163726806,1485.936102864572,d1000_B1000_R7_20251031_174106,2025-10-31 17:44:31,1000,40,1000,158.11388300841895
248,0.0,1.0,1.0,0.0019833340775221,1.0,0.4321422576904297,1488.0703728620722,d1000_B1000_R7_20251031_174106,2025-10-31 17:44:31,1000,40,1000,158.11388300841895
249,0.0,1.0,1.0,0.0019833340775221,1.0,0.3017849922180176,1491.350840416056,d1000_B1000_R7_20251031_174106,2025-10-31 17:44:31,1000,40,1000,158.11388300841895
250,0.0,1.0,1.0,0.0019833340775221,1.0,0.4258370399475097,1493.4912057081665,d1000_B1000_R7_20251031_174106,2025-10-31 17:44:31,1000,40,1000,158.11388300841895
251,0.0,1.0,1.0,0.0019833340775221,1.0,1.1741440296173096,1489.0283072407065,d1000_B1000_R7_20251031_174106,2025-10-31 17:44:31,1000,40,1000,158.11388300841895
252,0.0,1.0,1.0,0.0019833340775221,1.0,0.4722821712493896,1490.7738960879349,d1000_B1000_R7_20251031_174106,2025-10-31 17:44:31,1000,40,1000,158.11388300841895
253,0.0,1.0,1.0,0.0019833340775221,1.0,0.5237460136413574,1492.026684445915,d1000_B1000_R7_20251031_174106,2025-10-31 17:44:31,1000,40,1000,158.11388300841895
254,0.0,1.0,1.0,0.0019833340775221,1.0,0.4229609966278076,1494.1835819744354,d1000_B1000_R7_20251031_174106,2025-10-31 17:44:31,1000,40,1000,158.11388300841895
255,0.0,1.0,1.0,0.0019833340775221,1.0,0.4713740348815918,1495.891619234978,d1000_B1000_R7_20251031_174106,2025-10-31 17:44:31,1000,40,1000,158.11388300841895
256,0.0,1.0,1.0,0.0019833340775221,1.0,0.5716381072998047,1496.7313248525686,d1000_B1000_R7_20251031_174106,2025-10-31 17:44:31,1000,40,1000,158.11388300841895
257,0.0,1.0,1.0,0.0019833340775221,1.0,0.5592629909515381,1497.6744410706006,d1000_B1000_R7_20251031_174106,2025-10-31 17:44:31,1000,40,1000,158.11388300841895
258,0.0,1.0,1.0,0.0019833340775221,1.0,0.828639030456543,1496.2485050337878,d1000_B1000_R7_20251031_174106,2025-10-31 17:44:31,1000,40,1000,158.11388300841895
259,0.0,1.0,1.0,0.0019833340775221,1.0,0.9588391780853271,1491.7661860593648,d1000_B1000_R7_20251031_174106,2025-10-31 17:44:31,1000,40,1000,158.11388300841895
260,0.0,1.0,1.0,0.0019833340775221,1.0,1.2733650207519531,1486.6366499731143,d1000_B1000_R7_20251031_174106,2025-10-31 17:44:31,1000,40,1000,158.11388300841895
261,0.0,1.0,1.0,0.0019833340775221,1.0,0.5075671672821045,1488.0027629834876,d1000_B1000_R7_20251031_174106,2025-10-31 17:44:31,1000,40,1000,158.11388300841895
262,0.0,1.0,1.0,0.0019833340775221,1.0,0.3832170963287353,1490.435817591889,d1000_B1000_R7_20251031_174106,2025-10-31 17:44:31,1000,40,1000,158.11388300841895
263,0.0,1.0,1.0,0.0019833340775221,1.0,0.5268838405609131,1491.646348074752,d1000_B1000_R7_20251031_174106,2025-10-31 17:44:31,1000,40,1000,158.11388300841895
264,0.0,1.0,1.0,0.0019833340775221,1.0,0.4357039928436279,1493.6144149165334,d1000_B1000_R7_20251031_174106,2025-10-31 17:44:31,1000,40,1000,158.11388300841895
265,0.0,1.0,1.0,0.0019833340775221,1.0,1.040482997894287,1490.0713391381746,d1000_B1000_R7_20251031_174106,2025-10-31 17:44:31,1000,40,1000,158.11388300841895
266,0.0,1.0,1.0,0.0019833340775221,1.0,0.4292669296264648,1492.0809478258204,d1000_B1000_R7_20251031_174106,2025-10-31 17:44:31,1000,40,1000,158.11388300841895
267,0.0,1.0,1.0,0.0019833340775221,1.0,0.5017557144165039,1493.4699259868075,d1000_B1000_R7_20251031_174106,2025-10-31 17:44:31,1000,40,1000,158.11388300841895
268,0.0,1.0,1.0,0.0019833340775221,1.0,0.5672600269317627,1494.2585010029843,d1000_B1000_R7_20251031_174106,2025-10-31 17:44:31,1000,40,1000,158.11388300841895
269,0.0,1.0,1.0,0.0019833340775221,1.0,1.4013330936431885,1488.155924288102,d1000_B1000_R7_20251031_174106,2025-10-31 17:44:31,1000,40,1000,158.11388300841895
270,0.0,1.0,1.0,0.0019833340775221,1.0,1.0073559284210205,1485.4154008041396,d1000_B1000_R7_20251031_174106,2025-10-31 17:44:31,1000,40,1000,158.11388300841895
271,0.0,1.0,1.0,0.0019833340775221,1.0,0.5251510143280029,1486.6123100671653,d1000_B1000_R7_20251031_174106,2025-10-31 17:44:31,1000,40,1000,158.11388300841895
272,0.0,1.0,1.0,0.0019833340775221,1.0,0.4520769119262695,1488.2551956924617,d1000_B1000_R7_20251031_174106,2025-10-31 17:44:31,1000,40,1000,158.11388300841895
273,0.0,1.0,1.0,0.0019833340775221,1.0,0.4680309295654297,1489.9016758411974,d1000_B1000_R7_20251031_174106,2025-10-31 17:44:31,1000,40,1000,158.11388300841895
274,0.0,1.0,1.0,0.0019833340775221,1.0,0.4316332340240478,1491.8326739165416,d1000_B1000_R7_20251031_174106,2025-10-31 17:44:31,1000,40,1000,158.11388300841895
275,0.0,1.0,1.0,0.0019833340775221,1.0,3.4974517822265625,1469.3703432873467,d1000_B1000_R7_20251031_174106,2025-10-31 17:44:31,1000,40,1000,158.11388300841895
276,0.0,1.0,1.0,0.0019833340775221,1.0,0.8494799137115479,1468.0301325355051,d1000_B1000_R7_20251031_174106,2025-10-31 17:44:31,1000,40,1000,158.11388300841895
277,0.0,1.0,1.0,0.0019833340775221,1.0,0.3832161426544189,1470.2914629970896,d1000_B1000_R7_20251031_174106,2025-10-31 17:44:31,1000,40,1000,158.11388300841895
278,0.0,1.0,1.0,0.0019833340775221,1.0,0.3851583003997803,1472.5686811475905,d1000_B1000_R7_20251031_174106,2025-10-31 17:44:31,1000,40,1000,158.11388300841895
279,0.0,1.0,1.0,0.0019833340775221,1.0,0.4828648567199707,1474.0864112841589,d1000_B1000_R7_20251031_174106,2025-10-31 17:44:31,1000,40,1000,158.11388300841895
280,0.0,1.0,1.0,0.0019833340775221,1.0,0.4119727611541748,1476.1446510094568,d1000_B1000_R7_20251031_174106,2025-10-31 17:44:31,1000,40,1000,158.11388300841895
281,0.0,1.0,1.0,0.0019833340775221,1.0,0.2874760627746582,1479.1620133093472,d1000_B1000_R7_20251031_174106,2025-10-31 17:44:31,1000,40,1000,158.11388300841895
282,0.0,1.0,1.0,0.0019833340775221,1.0,0.6662521362304688,1479.2343142792026,d1000_B1000_R7_20251031_174106,2025-10-31 17:44:31,1000,40,1000,158.11388300841895
283,0.0,1.0,1.0,0.0019833340775221,1.0,0.3793389797210693,1481.519040165697,d1000_B1000_R7_20251031_174106,2025-10-31 17:44:31,1000,40,1000,158.11388300841895
284,0.0,1.0,1.0,0.0019833340775221,1.0,0.4691040515899658,1483.1041575632607,d1000_B1000_R7_20251031_174106,2025-10-31 17:44:31,1000,40,1000,158.11388300841895
285,0.0,1.0,1.0,0.0019833340775221,1.0,0.7126569747924805,1482.8055917587387,d1000_B1000_R7_20251031_174106,2025-10-31 17:44:31,1000,40,1000,158.11388300841895
286,0.0,1.0,1.0,0.0019833340775221,1.0,0.3506457805633545,1485.2704794553642,d1000_B1000_R7_20251031_174106,2025-10-31 17:44:31,1000,40,1000,158.11388300841895
287,0.0,1.0,1.0,0.0019833340775221,1.0,1.0697877407073977,1482.2283223386328,d1000_B1000_R7_20251031_174106,2025-10-31 17:44:31,1000,40,1000,158.11388300841895
288,0.0,1.0,1.0,0.0019833340775221,1.0,0.4238698482513428,1484.1334765714196,d1000_B1000_R7_20251031_174106,2025-10-31 17:44:31,1000,40,1000,158.11388300841895
289,0.0,1.0,1.0,0.0019833340775221,1.0,0.267902135848999,1487.2196039039677,d1000_B1000_R7_20251031_174106,2025-10-31 17:44:31,1000,40,1000,158.11388300841895
290,0.0,1.0,1.0,0.0019833340775221,1.0,0.3254482746124267,1489.8563828414651,d1000_B1000_R7_20251031_174106,2025-10-31 17:44:31,1000,40,1000,158.11388300841895
291,0.0,1.0,1.0,0.0019833340775221,1.0,0.3220438957214355,1492.513632813726,d1000_B1000_R7_20251031_174106,2025-10-31 17:44:31,1000,40,1000,158.11388300841895
292,0.0,1.0,1.0,0.0019833340775221,1.0,0.3868401050567627,1494.6676055976002,d1000_B1000_R7_20251031_174106,2025-10-31 17:44:31,1000,40,1000,158.11388300841895
293,0.0,1.0,1.0,0.0019833340775221,1.0,0.3362691402435303,1497.1986509652068,d1000_B1000_R7_20251031_174106,2025-10-31 17:44:31,1000,40,1000,158.11388300841895
294,0.0,1.0,1.0,0.0019833340775221,1.0,0.3232958316802978,1499.8185549026784,d1000_B1000_R7_20251031_174106,2025-10-31 17:44:31,1000,40,1000,158.11388300841895
295,0.0,1.0,1.0,0.0019833340775221,1.0,0.3682012557983398,1502.0741880398043,d1000_B1000_R7_20251031_174106,2025-10-31 17:44:31,1000,40,1000,158.11388300841895
296,0.0,1.0,1.0,0.0019833340775221,1.0,1.8899190425872805,1492.826440259798,d1000_B1000_R7_20251031_174106,2025-10-31 17:44:31,1000,40,1000,158.11388300841895
297,0.0,1.0,1.0,0.0019833340775221,1.0,1.6424129009246826,1485.4255202575034,d1000_B1000_R7_20251031_174106,2025-10-31 17:44:31,1000,40,1000,158.11388300841895
298,0.0,1.0,1.0,0.0019833340775221,1.0,0.30914306640625,1488.1053402439893,d1000_B1000_R7_20251031_174106,2025-10-31 17:44:31,1000,40,1000,158.11388300841895
299,0.0,1.0,1.0,0.0019833340775221,1.0,0.4470288753509521,1489.7657192110737,d1000_B1000_R7_20251031_174106,2025-10-31 17:44:31,1000,40,1000,158.11388300841895
0,0.6931472420692444,0.5095999836921692,1.0,0.0006364958244375,1.0,0.5005538463592529,2487.919576147124,d1250_B1250_R8_20251031_174111,2025-10-31 17:45:05,1250,40,1250,176.7766952966369
1,0.0,1.0,1.0,0.0006364958244375,1.0,0.3817920684814453,2826.225471434686,d1250_B1250_R8_20251031_174111,2025-10-31 17:45:05,1250,40,1250,176.7766952966369
2,0.0,1.0,1.0,0.0006364958244375,1.0,0.4269173145294189,2858.7563207514763,d1250_B1250_R8_20251031_174111,2025-10-31 17:45:05,1250,40,1250,176.7766952966369
3,0.0,1.0,1.0,0.0006364958244375,1.0,0.5085523128509521,2746.107442406961,d1250_B1250_R8_20251031_174111,2025-10-31 17:45:05,1250,40,1250,176.7766952966369
4,0.0,1.0,1.0,0.0006364958244375,1.0,0.878425121307373,2313.4677084496234,d1250_B1250_R8_20251031_174111,2025-10-31 17:45:05,1250,40,1250,176.7766952966369
5,0.0,1.0,1.0,0.0006364958244375,1.0,0.4770848751068115,2358.946640002616,d1250_B1250_R8_20251031_174111,2025-10-31 17:45:05,1250,40,1250,176.7766952966369
6,0.0,1.0,1.0,0.0006364958244375,1.0,0.3520288467407226,2477.4845230461424,d1250_B1250_R8_20251031_174111,2025-10-31 17:45:05,1250,40,1250,176.7766952966369
7,0.0,1.0,1.0,0.0006364958244375,1.0,0.4203839302062988,2529.703771084313,d1250_B1250_R8_20251031_174111,2025-10-31 17:45:05,1250,40,1250,176.7766952966369
8,0.0,1.0,1.0,0.0006364958244375,1.0,0.4877870082855224,2531.427908339901,d1250_B1250_R8_20251031_174111,2025-10-31 17:45:05,1250,40,1250,176.7766952966369
9,0.0,1.0,1.0,0.0006364958244375,1.0,0.4052848815917969,2575.7565113033493,d1250_B1250_R8_20251031_174111,2025-10-31 17:45:05,1250,40,1250,176.7766952966369
10,0.0,1.0,1.0,0.0006364958244375,1.0,0.9661619663238524,2362.686229209776,d1250_B1250_R8_20251031_174111,2025-10-31 17:45:05,1250,40,1250,176.7766952966369
11,0.0,1.0,1.0,0.0006364958244375,1.0,0.4475958347320556,2393.1104411360893,d1250_B1250_R8_20251031_174111,2025-10-31 17:45:05,1250,40,1250,176.7766952966369
12,0.0,1.0,1.0,0.0006364958244375,1.0,0.4142069816589355,2431.670125278885,d1250_B1250_R8_20251031_174111,2025-10-31 17:45:05,1250,40,1250,176.7766952966369
13,0.0,1.0,1.0,0.0006364958244375,1.0,0.3009679317474365,2505.7305534820593,d1250_B1250_R8_20251031_174111,2025-10-31 17:45:05,1250,40,1250,176.7766952966369
14,0.0,1.0,1.0,0.0006364958244375,1.0,0.3861830234527588,2543.9161069756005,d1250_B1250_R8_20251031_174111,2025-10-31 17:45:05,1250,40,1250,176.7766952966369
15,0.0,1.0,1.0,0.0006364958244375,1.0,0.3817379474639892,2579.574394309062,d1250_B1250_R8_20251031_174111,2025-10-31 17:45:05,1250,40,1250,176.7766952966369
16,0.0,1.0,1.0,0.0006364958244375,1.0,0.4675028324127197,2584.7855364234983,d1250_B1250_R8_20251031_174111,2025-10-31 17:45:05,1250,40,1250,176.7766952966369
17,0.0,1.0,1.0,0.0006364958244375,1.0,0.5199849605560303,2573.893607344244,d1250_B1250_R8_20251031_174111,2025-10-31 17:45:05,1250,40,1250,176.7766952966369
18,0.0,1.0,1.0,0.0006364958244375,1.0,0.472322940826416,2577.549220551479,d1250_B1250_R8_20251031_174111,2025-10-31 17:45:05,1250,40,1250,176.7766952966369
19,0.0,1.0,1.0,0.0006364958244375,1.0,0.436953067779541,2590.301276028016,d1250_B1250_R8_20251031_174111,2025-10-31 17:45:05,1250,40,1250,176.7766952966369
20,0.0,1.0,1.0,0.0006364958244375,1.0,0.3465700149536133,2625.3678002642237,d1250_B1250_R8_20251031_174111,2025-10-31 17:45:05,1250,40,1250,176.7766952966369
21,0.0,1.0,1.0,0.0006364958244375,1.0,0.3903431892395019,2646.8901495710975,d1250_B1250_R8_20251031_174111,2025-10-31 17:45:05,1250,40,1250,176.7766952966369
22,0.0,1.0,1.0,0.0006364958244375,1.0,0.3930909633636474,2666.243026155269,d1250_B1250_R8_20251031_174111,2025-10-31 17:45:05,1250,40,1250,176.7766952966369
23,0.0,1.0,1.0,0.0006364958244375,1.0,0.3864603042602539,2685.785890503054,d1250_B1250_R8_20251031_174111,2025-10-31 17:45:05,1250,40,1250,176.7766952966369
24,0.0,1.0,1.0,0.0006364958244375,1.0,0.4371170997619629,2692.165005363092,d1250_B1250_R8_20251031_174111,2025-10-31 17:45:05,1250,40,1250,176.7766952966369
25,0.0,1.0,1.0,0.0006364958244375,1.0,0.4801619052886963,2688.571881980673,d1250_B1250_R8_20251031_174111,2025-10-31 17:45:05,1250,40,1250,176.7766952966369
26,0.0,1.0,1.0,0.0006364958244375,1.0,1.0329720973968506,2572.0674038407956,d1250_B1250_R8_20251031_174111,2025-10-31 17:45:05,1250,40,1250,176.7766952966369
27,0.0,1.0,1.0,0.0006364958244375,1.0,0.6532962322235107,2540.1509071465725,d1250_B1250_R8_20251031_174111,2025-10-31 17:45:05,1250,40,1250,176.7766952966369
28,0.0,1.0,1.0,0.0006364958244375,1.0,0.5214438438415527,2534.855287188254,d1250_B1250_R8_20251031_174111,2025-10-31 17:45:05,1250,40,1250,176.7766952966369
29,0.0,1.0,1.0,0.0006364958244375,1.0,0.4423880577087402,2543.5058365892783,d1250_B1250_R8_20251031_174111,2025-10-31 17:45:05,1250,40,1250,176.7766952966369
30,0.0,1.0,1.0,0.0006364958244375,1.0,1.3570139408111572,2406.6409665946894,d1250_B1250_R8_20251031_174111,2025-10-31 17:45:05,1250,40,1250,176.7766952966369
31,0.0,1.0,1.0,0.0006364958244375,1.0,1.520752191543579,2269.7536578522927,d1250_B1250_R8_20251031_174111,2025-10-31 17:45:05,1250,40,1250,176.7766952966369
32,0.0,1.0,1.0,0.0006364958244375,1.0,1.037893772125244,2210.395801481807,d1250_B1250_R8_20251031_174111,2025-10-31 17:45:05,1250,40,1250,176.7766952966369
33,0.0,1.0,1.0,0.0006364958244375,1.0,0.4704811573028564,2219.8214486094193,d1250_B1250_R8_20251031_174111,2025-10-31 17:45:05,1250,40,1250,176.7766952966369
34,0.0,1.0,1.0,0.0006364958244375,1.0,2.208472728729248,2048.7047452863753,d1250_B1250_R8_20251031_174111,2025-10-31 17:45:05,1250,40,1250,176.7766952966369
35,0.0,1.0,1.0,0.0006364958244375,1.0,0.8044419288635254,2030.3098241435728,d1250_B1250_R8_20251031_174111,2025-10-31 17:45:05,1250,40,1250,176.7766952966369
36,0.0,1.0,1.0,0.0006364958244375,1.0,0.486652135848999,2041.8478555017623,d1250_B1250_R8_20251031_174111,2025-10-31 17:45:05,1250,40,1250,176.7766952966369
37,0.0,1.0,1.0,0.0006364958244375,1.0,2.434767007827759,1893.1443352387853,d1250_B1250_R8_20251031_174111,2025-10-31 17:45:05,1250,40,1250,176.7766952966369
38,0.0,1.0,1.0,0.0006364958244375,1.0,1.1472768783569336,1857.8519426466976,d1250_B1250_R8_20251031_174111,2025-10-31 17:45:05,1250,40,1250,176.7766952966369
39,0.0,1.0,1.0,0.0006364958244375,1.0,1.897613763809204,1776.8341027715662,d1250_B1250_R8_20251031_174111,2025-10-31 17:45:05,1250,40,1250,176.7766952966369
40,0.0,1.0,1.0,0.0006364958244375,1.0,0.5669229030609131,1785.0518904504468,d1250_B1250_R8_20251031_174111,2025-10-31 17:45:05,1250,40,1250,176.7766952966369
41,0.0,1.0,1.0,0.0006364958244375,1.0,0.4637680053710937,1799.429970527721,d1250_B1250_R8_20251031_174111,2025-10-31 17:45:05,1250,40,1250,176.7766952966369
42,0.0,1.0,1.0,0.0006364958244375,1.0,0.4933109283447265,1811.617766958614,d1250_B1250_R8_20251031_174111,2025-10-31 17:45:05,1250,40,1250,176.7766952966369
43,0.0,1.0,1.0,0.0006364958244375,1.0,0.5658059120178223,1819.0363133904511,d1250_B1250_R8_20251031_174111,2025-10-31 17:45:05,1250,40,1250,176.7766952966369
44,0.0,1.0,1.0,0.0006364958244375,1.0,0.5736362934112549,1825.7273895045748,d1250_B1250_R8_20251031_174111,2025-10-31 17:45:05,1250,40,1250,176.7766952966369
45,0.0,1.0,1.0,0.0006364958244375,1.0,0.8260550498962402,1817.407790336311,d1250_B1250_R8_20251031_174111,2025-10-31 17:45:05,1250,40,1250,176.7766952966369
46,0.0,1.0,1.0,0.0006364958244375,1.0,1.6550750732421875,1764.5141053403822,d1250_B1250_R8_20251031_174111,2025-10-31 17:45:05,1250,40,1250,176.7766952966369
47,0.0,1.0,1.0,0.0006364958244375,1.0,0.6528298854827881,1767.1882626082313,d1250_B1250_R8_20251031_174111,2025-10-31 17:45:05,1250,40,1250,176.7766952966369
48,0.0,1.0,1.0,0.0006364958244375,1.0,0.5209808349609375,1776.718707123189,d1250_B1250_R8_20251031_174111,2025-10-31 17:45:05,1250,40,1250,176.7766952966369
49,0.0,1.0,1.0,0.0006364958244375,1.0,0.7651190757751465,1773.6028060682677,d1250_B1250_R8_20251031_174111,2025-10-31 17:45:05,1250,40,1250,176.7766952966369
50,0.0,1.0,1.0,0.0006364958244375,1.0,0.613257884979248,1778.1060305130784,d1250_B1250_R8_20251031_174111,2025-10-31 17:45:05,1250,40,1250,176.7766952966369
51,0.0,1.0,1.0,0.0006364958244375,1.0,0.5620670318603516,1784.915192655259,d1250_B1250_R8_20251031_174111,2025-10-31 17:45:05,1250,40,1250,176.7766952966369
52,0.0,1.0,1.0,0.0006364958244375,1.0,1.4548768997192385,1749.3369791284051,d1250_B1250_R8_20251031_174111,2025-10-31 17:45:05,1250,40,1250,176.7766952966369
53,0.0,1.0,1.0,0.0006364958244375,1.0,0.5636100769042969,1756.177974209704,d1250_B1250_R8_20251031_174111,2025-10-31 17:45:05,1250,40,1250,176.7766952966369
54,0.0,1.0,1.0,0.0006364958244375,1.0,0.5056331157684326,1765.433665182337,d1250_B1250_R8_20251031_174111,2025-10-31 17:45:05,1250,40,1250,176.7766952966369
55,0.0,1.0,1.0,0.0006364958244375,1.0,0.4212849140167236,1778.2821551895952,d1250_B1250_R8_20251031_174111,2025-10-31 17:45:05,1250,40,1250,176.7766952966369
56,0.0,1.0,1.0,0.0006364958244375,1.0,0.3860111236572265,1792.448013733257,d1250_B1250_R8_20251031_174111,2025-10-31 17:45:05,1250,40,1250,176.7766952966369
57,0.0,1.0,1.0,0.0006364958244375,1.0,0.4982349872589111,1801.3033319726724,d1250_B1250_R8_20251031_174111,2025-10-31 17:45:05,1250,40,1250,176.7766952966369
58,0.0,1.0,1.0,0.0006364958244375,1.0,0.4716010093688965,1811.1207538742176,d1250_B1250_R8_20251031_174111,2025-10-31 17:45:05,1250,40,1250,176.7766952966369
59,0.0,1.0,1.0,0.0006364958244375,1.0,0.8341507911682129,1804.8069101280196,d1250_B1250_R8_20251031_174111,2025-10-31 17:45:05,1250,40,1250,176.7766952966369
60,0.0,1.0,1.0,0.0006364958244375,1.0,1.2124102115631104,1782.8132728612056,d1250_B1250_R8_20251031_174111,2025-10-31 17:45:05,1250,40,1250,176.7766952966369
61,0.0,1.0,1.0,0.0006364958244375,1.0,2.124376058578491,1726.0551440263357,d1250_B1250_R8_20251031_174111,2025-10-31 17:45:05,1250,40,1250,176.7766952966369
62,0.0,1.0,1.0,0.0006364958244375,1.0,0.8371791839599609,1721.5927681535186,d1250_B1250_R8_20251031_174111,2025-10-31 17:45:05,1250,40,1250,176.7766952966369
63,0.0,1.0,1.0,0.0006364958244375,1.0,0.7986299991607666,1718.8612902124942,d1250_B1250_R8_20251031_174111,2025-10-31 17:45:05,1250,40,1250,176.7766952966369
64,0.0,1.0,1.0,0.0006364958244375,1.0,1.2598941326141355,1699.6962436958004,d1250_B1250_R8_20251031_174111,2025-10-31 17:45:05,1250,40,1250,176.7766952966369
65,0.0,1.0,1.0,0.0006364958244375,1.0,2.704434871673584,1633.355645580873,d1250_B1250_R8_20251031_174111,2025-10-31 17:45:05,1250,40,1250,176.7766952966369
66,0.0,1.0,1.0,0.0006364958244375,1.0,0.6449339389801025,1637.116757025566,d1250_B1250_R8_20251031_174111,2025-10-31 17:45:05,1250,40,1250,176.7766952966369
67,0.0,1.0,1.0,0.0006364958244375,1.0,0.4561498165130615,1646.8302725007463,d1250_B1250_R8_20251031_174111,2025-10-31 17:45:05,1250,40,1250,176.7766952966369
68,0.0,1.0,1.0,0.0006364958244375,1.0,0.4319932460784912,1657.169690832636,d1250_B1250_R8_20251031_174111,2025-10-31 17:45:05,1250,40,1250,176.7766952966369
69,0.0,1.0,1.0,0.0006364958244375,1.0,0.5114738941192627,1664.8122840474005,d1250_B1250_R8_20251031_174111,2025-10-31 17:45:05,1250,40,1250,176.7766952966369
70,0.0,1.0,1.0,0.0006364958244375,1.0,0.4318001270294189,1674.8135575299675,d1250_B1250_R8_20251031_174111,2025-10-31 17:45:05,1250,40,1250,176.7766952966369
71,0.0,1.0,1.0,0.0006364958244375,1.0,0.4271528720855713,1684.8006455925936,d1250_B1250_R8_20251031_174111,2025-10-31 17:45:05,1250,40,1250,176.7766952966369
72,0.0,1.0,1.0,0.0006364958244375,1.0,0.6697368621826172,1687.0423193108084,d1250_B1250_R8_20251031_174111,2025-10-31 17:45:05,1250,40,1250,176.7766952966369
73,0.0,1.0,1.0,0.0006364958244375,1.0,0.7203178405761719,1687.666065557824,d1250_B1250_R8_20251031_174111,2025-10-31 17:45:05,1250,40,1250,176.7766952966369
74,0.0,1.0,1.0,0.0006364958244375,1.0,2.100806951522827,1647.3210258323695,d1250_B1250_R8_20251031_174111,2025-10-31 17:45:05,1250,40,1250,176.7766952966369
75,0.0,1.0,1.0,0.0006364958244375,1.0,1.1227877140045166,1636.9156970764247,d1250_B1250_R8_20251031_174111,2025-10-31 17:45:05,1250,40,1250,176.7766952966369
76,0.0,1.0,1.0,0.0006364958244375,1.0,0.6257200241088867,1640.5300325021433,d1250_B1250_R8_20251031_174111,2025-10-31 17:45:05,1250,40,1250,176.7766952966369
77,0.0,1.0,1.0,0.0006364958244375,1.0,0.7487199306488037,1640.88723267472,d1250_B1250_R8_20251031_174111,2025-10-31 17:45:05,1250,40,1250,176.7766952966369
78,0.0,1.0,1.0,0.0006364958244375,1.0,0.9572041034698486,1635.5671756544232,d1250_B1250_R8_20251031_174111,2025-10-31 17:45:05,1250,40,1250,176.7766952966369
79,0.0,1.0,1.0,0.0006364958244375,1.0,0.8518738746643066,1633.2197141560998,d1250_B1250_R8_20251031_174111,2025-10-31 17:45:05,1250,40,1250,176.7766952966369
80,0.0,1.0,1.0,0.0006364958244375,1.0,1.7614288330078125,1607.3829963417152,d1250_B1250_R8_20251031_174111,2025-10-31 17:45:05,1250,40,1250,176.7766952966369
81,0.0,1.0,1.0,0.0006364958244375,1.0,0.9841208457946776,1602.1552967512184,d1250_B1250_R8_20251031_174111,2025-10-31 17:45:05,1250,40,1250,176.7766952966369
82,0.0,1.0,1.0,0.0006364958244375,1.0,0.6327722072601318,1605.8033172067016,d1250_B1250_R8_20251031_174111,2025-10-31 17:45:05,1250,40,1250,176.7766952966369
83,0.0,1.0,1.0,0.0006364958244375,1.0,0.6948659420013428,1607.8430152734345,d1250_B1250_R8_20251031_174111,2025-10-31 17:45:05,1250,40,1250,176.7766952966369
84,0.0,1.0,1.0,0.0006364958244375,1.0,0.9220807552337646,1604.3003021692489,d1250_B1250_R8_20251031_174111,2025-10-31 17:45:05,1250,40,1250,176.7766952966369
85,0.0,1.0,1.0,0.0006364958244375,1.0,0.4638378620147705,1611.872785207421,d1250_B1250_R8_20251031_174111,2025-10-31 17:45:05,1250,40,1250,176.7766952966369
86,0.0,1.0,1.0,0.0006364958244375,1.0,0.6820149421691895,1614.1004197119505,d1250_B1250_R8_20251031_174111,2025-10-31 17:45:05,1250,40,1250,176.7766952966369
87,0.0,1.0,1.0,0.0006364958244375,1.0,0.578575849533081,1618.735371621866,d1250_B1250_R8_20251031_174111,2025-10-31 17:45:05,1250,40,1250,176.7766952966369
88,0.0,1.0,1.0,0.0006364958244375,1.0,0.6626639366149902,1621.3134173794758,d1250_B1250_R8_20251031_174111,2025-10-31 17:45:05,1250,40,1250,176.7766952966369
89,0.0,1.0,1.0,0.0006364958244375,1.0,0.5536928176879883,1626.386537718231,d1250_B1250_R8_20251031_174111,2025-10-31 17:45:05,1250,40,1250,176.7766952966369
90,0.0,1.0,1.0,0.0006364958244375,1.0,0.6521580219268799,1629.0886172950231,d1250_B1250_R8_20251031_174111,2025-10-31 17:45:05,1250,40,1250,176.7766952966369
91,0.0,1.0,1.0,0.0006364958244375,1.0,0.7870771884918213,1628.6153904800249,d1250_B1250_R8_20251031_174111,2025-10-31 17:45:05,1250,40,1250,176.7766952966369
92,0.0,1.0,1.0,0.0006364958244375,1.0,1.4379451274871826,1613.4474443266754,d1250_B1250_R8_20251031_174111,2025-10-31 17:45:05,1250,40,1250,176.7766952966369
93,0.0,1.0,1.0,0.0006364958244375,1.0,1.132896900177002,1605.533815415634,d1250_B1250_R8_20251031_174111,2025-10-31 17:45:05,1250,40,1250,176.7766952966369
94,0.0,1.0,1.0,0.0006364958244375,1.0,1.5742149353027344,1588.4337523994204,d1250_B1250_R8_20251031_174111,2025-10-31 17:45:05,1250,40,1250,176.7766952966369
95,0.0,1.0,1.0,0.0006364958244375,1.0,0.7750558853149414,1588.640250158237,d1250_B1250_R8_20251031_174111,2025-10-31 17:45:05,1250,40,1250,176.7766952966369
96,0.0,1.0,1.0,0.0006364958244375,1.0,1.5131418704986572,1573.3777564986644,d1250_B1250_R8_20251031_174111,2025-10-31 17:45:05,1250,40,1250,176.7766952966369
97,0.0,1.0,1.0,0.0006364958244375,1.0,0.9490070343017578,1570.213311692722,d1250_B1250_R8_20251031_174111,2025-10-31 17:45:05,1250,40,1250,176.7766952966369
98,0.0,1.0,1.0,0.0006364958244375,1.0,0.9052159786224364,1568.0355623477317,d1250_B1250_R8_20251031_174111,2025-10-31 17:45:05,1250,40,1250,176.7766952966369
99,0.0,1.0,1.0,0.0006364958244375,1.0,1.1791670322418213,1560.4178590497793,d1250_B1250_R8_20251031_174111,2025-10-31 17:45:05,1250,40,1250,176.7766952966369
100,0.0,1.0,1.0,0.0006364958244375,1.0,0.9867429733276368,1556.84019607763,d1250_B1250_R8_20251031_174111,2025-10-31 17:45:05,1250,40,1250,176.7766952966369
101,0.0,1.0,1.0,0.0006364958244375,1.0,0.8208620548248291,1556.4846224827477,d1250_B1250_R8_20251031_174111,2025-10-31 17:45:05,1250,40,1250,176.7766952966369
102,0.0,1.0,1.0,0.0006364958244375,1.0,2.053886890411377,1532.4891538300628,d1250_B1250_R8_20251031_174111,2025-10-31 17:45:05,1250,40,1250,176.7766952966369
103,0.0,1.0,1.0,0.0006364958244375,1.0,1.3577799797058103,1522.7352368153076,d1250_B1250_R8_20251031_174111,2025-10-31 17:45:05,1250,40,1250,176.7766952966369
104,0.0,1.0,1.0,0.0006364958244375,1.0,2.079998016357422,1500.7941006382937,d1250_B1250_R8_20251031_174111,2025-10-31 17:45:05,1250,40,1250,176.7766952966369
105,0.0,1.0,1.0,0.0006364958244375,1.0,0.918482780456543,1499.3113482413962,d1250_B1250_R8_20251031_174111,2025-10-31 17:45:05,1250,40,1250,176.7766952966369
106,0.0,1.0,1.0,0.0006364958244375,1.0,0.6556191444396973,1502.3065619037186,d1250_B1250_R8_20251031_174111,2025-10-31 17:45:05,1250,40,1250,176.7766952966369
107,0.0,1.0,1.0,0.0006364958244375,1.0,0.6927270889282227,1504.6320102903535,d1250_B1250_R8_20251031_174111,2025-10-31 17:45:05,1250,40,1250,176.7766952966369
108,0.0,1.0,1.0,0.0006364958244375,1.0,0.8035941123962402,1505.0742054012908,d1250_B1250_R8_20251031_174111,2025-10-31 17:45:05,1250,40,1250,176.7766952966369
109,0.0,1.0,1.0,0.0006364958244375,1.0,0.8186159133911133,1505.2612778050454,d1250_B1250_R8_20251031_174111,2025-10-31 17:45:05,1250,40,1250,176.7766952966369
110,0.0,1.0,1.0,0.0006364958244375,1.0,0.7746970653533936,1506.159754479779,d1250_B1250_R8_20251031_174111,2025-10-31 17:45:05,1250,40,1250,176.7766952966369
111,0.0,1.0,1.0,0.0006364958244375,1.0,0.8640520572662354,1505.559831047079,d1250_B1250_R8_20251031_174111,2025-10-31 17:45:05,1250,40,1250,176.7766952966369
112,0.0,1.0,1.0,0.0006364958244375,1.0,1.697340965270996,1491.720519778197,d1250_B1250_R8_20251031_174111,2025-10-31 17:45:05,1250,40,1250,176.7766952966369
113,0.0,1.0,1.0,0.0006364958244375,1.0,1.1223340034484863,1487.0155516478844,d1250_B1250_R8_20251031_174111,2025-10-31 17:45:05,1250,40,1250,176.7766952966369
114,0.0,1.0,1.0,0.0006364958244375,1.0,1.595851182937622,1475.4498221371084,d1250_B1250_R8_20251031_174111,2025-10-31 17:45:05,1250,40,1250,176.7766952966369
115,0.0,1.0,1.0,0.0006364958244375,1.0,5.130035877227783,1413.8242814067833,d1250_B1250_R8_20251031_174111,2025-10-31 17:45:05,1250,40,1250,176.7766952966369
116,0.0,1.0,1.0,0.0006364958244375,1.0,1.1504249572753906,1410.1268987397505,d1250_B1250_R8_20251031_174111,2025-10-31 17:45:05,1250,40,1250,176.7766952966369
117,0.0,1.0,1.0,0.0006364958244375,1.0,2.0011420249938965,1395.2433169229485,d1250_B1250_R8_20251031_174111,2025-10-31 17:45:05,1250,40,1250,176.7766952966369
118,0.0,1.0,1.0,0.0006364958244375,1.0,2.014374017715454,1380.7126337824266,d1250_B1250_R8_20251031_174111,2025-10-31 17:45:05,1250,40,1250,176.7766952966369
119,0.0,1.0,1.0,0.0006364958244375,1.0,2.072642087936402,1365.956204026603,d1250_B1250_R8_20251031_174111,2025-10-31 17:45:05,1250,40,1250,176.7766952966369
120,0.0,1.0,1.0,0.0006364958244375,1.0,0.9047620296478271,1366.0607200942156,d1250_B1250_R8_20251031_174111,2025-10-31 17:45:05,1250,40,1250,176.7766952966369
121,0.0,1.0,1.0,0.0006364958244375,1.0,0.753471851348877,1368.022068459128,d1250_B1250_R8_20251031_174111,2025-10-31 17:45:05,1250,40,1250,176.7766952966369
122,0.0,1.0,1.0,0.0006364958244375,1.0,0.8333210945129395,1368.9493455559982,d1250_B1250_R8_20251031_174111,2025-10-31 17:45:05,1250,40,1250,176.7766952966369
123,0.0,1.0,1.0,0.0006364958244375,1.0,1.6956777572631836,1359.5370190895403,d1250_B1250_R8_20251031_174111,2025-10-31 17:45:05,1250,40,1250,176.7766952966369
124,0.0,1.0,1.0,0.0006364958244375,1.0,8.354039192199707,1276.889818119441,d1250_B1250_R8_20251031_174111,2025-10-31 17:45:05,1250,40,1250,176.7766952966369
125,0.0,1.0,1.0,0.0006364958244375,1.0,2.286699056625366,1263.4500083718976,d1250_B1250_R8_20251031_174111,2025-10-31 17:45:05,1250,40,1250,176.7766952966369
126,0.0,1.0,1.0,0.0006364958244375,1.0,1.1324360370635986,1262.0072218015252,d1250_B1250_R8_20251031_174111,2025-10-31 17:45:05,1250,40,1250,176.7766952966369
127,0.0,1.0,1.0,0.0006364958244375,1.0,0.6216518878936768,1265.6829084250787,d1250_B1250_R8_20251031_174111,2025-10-31 17:45:05,1250,40,1250,176.7766952966369
128,0.0,1.0,1.0,0.0006364958244375,1.0,0.523284912109375,1270.3060691287164,d1250_B1250_R8_20251031_174111,2025-10-31 17:45:05,1250,40,1250,176.7766952966369
129,0.0,1.0,1.0,0.0006364958244375,1.0,0.7427010536193848,1272.7022757228892,d1250_B1250_R8_20251031_174111,2025-10-31 17:45:05,1250,40,1250,176.7766952966369
130,0.0,1.0,1.0,0.0006364958244375,1.0,0.859198808670044,1273.916023925151,d1250_B1250_R8_20251031_174111,2025-10-31 17:45:05,1250,40,1250,176.7766952966369
131,0.0,1.0,1.0,0.0006364958244375,1.0,0.5920891761779785,1277.7289938206088,d1250_B1250_R8_20251031_174111,2025-10-31 17:45:05,1250,40,1250,176.7766952966369
132,0.0,1.0,1.0,0.0006364958244375,1.0,0.4615399837493896,1282.8210038463471,d1250_B1250_R8_20251031_174111,2025-10-31 17:45:05,1250,40,1250,176.7766952966369
133,0.0,1.0,1.0,0.0006364958244375,1.0,0.4120256900787353,1288.3660604481136,d1250_B1250_R8_20251031_174111,2025-10-31 17:45:05,1250,40,1250,176.7766952966369
134,0.0,1.0,1.0,0.0006364958244375,1.0,0.602128267288208,1291.992383776044,d1250_B1250_R8_20251031_174111,2025-10-31 17:45:05,1250,40,1250,176.7766952966369
135,0.0,1.0,1.0,0.0006364958244375,1.0,1.2254929542541504,1289.4117899121725,d1250_B1250_R8_20251031_174111,2025-10-31 17:45:05,1250,40,1250,176.7766952966369
136,0.0,1.0,1.0,0.0006364958244375,1.0,0.7319459915161133,1291.6907134118237,d1250_B1250_R8_20251031_174111,2025-10-31 17:45:05,1250,40,1250,176.7766952966369
137,0.0,1.0,1.0,0.0006364958244375,1.0,0.6163561344146729,1295.09159711466,d1250_B1250_R8_20251031_174111,2025-10-31 17:45:05,1250,40,1250,176.7766952966369
138,0.0,1.0,1.0,0.0006364958244375,1.0,0.4454939365386963,1300.1249729328072,d1250_B1250_R8_20251031_174111,2025-10-31 17:45:05,1250,40,1250,176.7766952966369
139,0.0,1.0,1.0,0.0006364958244375,1.0,0.5351967811584473,1304.2521089855677,d1250_B1250_R8_20251031_174111,2025-10-31 17:45:05,1250,40,1250,176.7766952966369
140,0.0,1.0,1.0,0.0006364958244375,1.0,0.588773250579834,1307.8250666064198,d1250_B1250_R8_20251031_174111,2025-10-31 17:45:05,1250,40,1250,176.7766952966369
141,0.0,1.0,1.0,0.0006364958244375,1.0,0.5120980739593506,1312.112125554591,d1250_B1250_R8_20251031_174111,2025-10-31 17:45:05,1250,40,1250,176.7766952966369
142,0.0,1.0,1.0,0.0006364958244375,1.0,0.4590840339660644,1316.8808428441073,d1250_B1250_R8_20251031_174111,2025-10-31 17:45:05,1250,40,1250,176.7766952966369
143,0.0,1.0,1.0,0.0006364958244375,1.0,0.478245735168457,1321.426245915549,d1250_B1250_R8_20251031_174111,2025-10-31 17:45:05,1250,40,1250,176.7766952966369
144,0.0,1.0,1.0,0.0006364958244375,1.0,0.6951961517333984,1323.84236605227,d1250_B1250_R8_20251031_174111,2025-10-31 17:45:05,1250,40,1250,176.7766952966369
145,0.0,1.0,1.0,0.0006364958244375,1.0,1.020759105682373,1323.0971295942077,d1250_B1250_R8_20251031_174111,2025-10-31 17:45:05,1250,40,1250,176.7766952966369
146,0.0,1.0,1.0,0.0006364958244375,1.0,0.9313430786132812,1323.2073076436109,d1250_B1250_R8_20251031_174111,2025-10-31 17:45:05,1250,40,1250,176.7766952966369
147,0.0,1.0,1.0,0.0006364958244375,1.0,1.858147144317627,1314.5987413512046,d1250_B1250_R8_20251031_174111,2025-10-31 17:45:05,1250,40,1250,176.7766952966369
148,0.0,1.0,1.0,0.0006364958244375,1.0,0.8655390739440918,1315.3073395877225,d1250_B1250_R8_20251031_174111,2025-10-31 17:45:05,1250,40,1250,176.7766952966369
149,0.0,1.0,1.0,0.0006364958244375,1.0,0.7329139709472656,1317.314026128028,d1250_B1250_R8_20251031_174111,2025-10-31 17:45:05,1250,40,1250,176.7766952966369
150,0.0,1.0,1.0,0.0006364958244375,1.0,0.8001449108123779,1318.6649343975444,d1250_B1250_R8_20251031_174111,2025-10-31 17:45:05,1250,40,1250,176.7766952966369
151,0.0,1.0,1.0,0.0006364958244375,1.0,0.802527904510498,1319.97643024168,d1250_B1250_R8_20251031_174111,2025-10-31 17:45:05,1250,40,1250,176.7766952966369
152,0.0,1.0,1.0,0.0006364958244375,1.0,1.5096721649169922,1314.8064312786732,d1250_B1250_R8_20251031_174111,2025-10-31 17:45:05,1250,40,1250,176.7766952966369
153,0.0,1.0,1.0,0.0006364958244375,1.0,2.160151720046997,1304.0253287193843,d1250_B1250_R8_20251031_174111,2025-10-31 17:45:05,1250,40,1250,176.7766952966369
154,0.0,1.0,1.0,0.0006364958244375,1.0,1.1236271858215332,1302.5092839919998,d1250_B1250_R8_20251031_174111,2025-10-31 17:45:05,1250,40,1250,176.7766952966369
155,0.0,1.0,1.0,0.0006364958244375,1.0,2.044787883758545,1293.1292253588797,d1250_B1250_R8_20251031_174111,2025-10-31 17:45:05,1250,40,1250,176.7766952966369
156,0.0,1.0,1.0,0.0006364958244375,1.0,1.0670137405395508,1292.2606451969673,d1250_B1250_R8_20251031_174111,2025-10-31 17:45:05,1250,40,1250,176.7766952966369
157,0.0,1.0,1.0,0.0006364958244375,1.0,0.9916348457336426,1292.0526844959588,d1250_B1250_R8_20251031_174111,2025-10-31 17:45:05,1250,40,1250,176.7766952966369
158,0.0,1.0,1.0,0.0006364958244375,1.0,1.9771389961242676,1283.6143398209251,d1250_B1250_R8_20251031_174111,2025-10-31 17:45:05,1250,40,1250,176.7766952966369
159,0.0,1.0,1.0,0.0006364958244375,1.0,0.9131510257720948,1284.085419963773,d1250_B1250_R8_20251031_174111,2025-10-31 17:45:05,1250,40,1250,176.7766952966369
160,0.0,1.0,1.0,0.0006364958244375,1.0,0.7919378280639648,1285.5717884037683,d1250_B1250_R8_20251031_174111,2025-10-31 17:45:05,1250,40,1250,176.7766952966369
161,0.0,1.0,1.0,0.0006364958244375,1.0,0.9181151390075684,1286.0113499262443,d1250_B1250_R8_20251031_174111,2025-10-31 17:45:05,1250,40,1250,176.7766952966369
162,0.0,1.0,1.0,0.0006364958244375,1.0,1.466904878616333,1281.9497349338162,d1250_B1250_R8_20251031_174111,2025-10-31 17:45:05,1250,40,1250,176.7766952966369
163,0.0,1.0,1.0,0.0006364958244375,1.0,0.3999898433685303,1286.5732789031842,d1250_B1250_R8_20251031_174111,2025-10-31 17:45:05,1250,40,1250,176.7766952966369
164,0.0,1.0,1.0,0.0006364958244375,1.0,0.5121960639953613,1290.2394005151875,d1250_B1250_R8_20251031_174111,2025-10-31 17:45:05,1250,40,1250,176.7766952966369
165,0.0,1.0,1.0,0.0006364958244375,1.0,1.424463987350464,1286.5894262693755,d1250_B1250_R8_20251031_174111,2025-10-31 17:45:05,1250,40,1250,176.7766952966369
166,0.0,1.0,1.0,0.0006364958244375,1.0,0.6516671180725098,1289.1262552226665,d1250_B1250_R8_20251031_174111,2025-10-31 17:45:05,1250,40,1250,176.7766952966369
167,0.0,1.0,1.0,0.0006364958244375,1.0,0.5057928562164307,1292.80494204884,d1250_B1250_R8_20251031_174111,2025-10-31 17:45:05,1250,40,1250,176.7766952966369
168,0.0,1.0,1.0,0.0006364958244375,1.0,0.4277167320251465,1297.0768981162096,d1250_B1250_R8_20251031_174111,2025-10-31 17:45:05,1250,40,1250,176.7766952966369
169,0.0,1.0,1.0,0.0006364958244375,1.0,0.5489788055419922,1300.365457583562,d1250_B1250_R8_20251031_174111,2025-10-31 17:45:05,1250,40,1250,176.7766952966369
170,0.0,1.0,1.0,0.0006364958244375,1.0,1.264021873474121,1297.9704518299332,d1250_B1250_R8_20251031_174111,2025-10-31 17:45:05,1250,40,1250,176.7766952966369
171,0.0,1.0,1.0,0.0006364958244375,1.0,0.8390688896179199,1298.909641429898,d1250_B1250_R8_20251031_174111,2025-10-31 17:45:05,1250,40,1250,176.7766952966369
172,0.0,1.0,1.0,0.0006364958244375,1.0,0.8647418022155762,1299.6596093717603,d1250_B1250_R8_20251031_174111,2025-10-31 17:45:05,1250,40,1250,176.7766952966369
173,0.0,1.0,1.0,0.0006364958244375,1.0,0.7220668792724609,1301.5195675271475,d1250_B1250_R8_20251031_174111,2025-10-31 17:45:05,1250,40,1250,176.7766952966369
174,0.0,1.0,1.0,0.0006364958244375,1.0,1.153959035873413,1300.0164151329832,d1250_B1250_R8_20251031_174111,2025-10-31 17:45:05,1250,40,1250,176.7766952966369
175,0.0,1.0,1.0,0.0006364958244375,1.0,1.482659101486206,1295.9422581399783,d1250_B1250_R8_20251031_174111,2025-10-31 17:45:05,1250,40,1250,176.7766952966369
176,0.0,1.0,1.0,0.0006364958244375,1.0,1.4870519638061523,1291.982572015315,d1250_B1250_R8_20251031_174111,2025-10-31 17:45:05,1250,40,1250,176.7766952966369
177,0.0,1.0,1.0,0.0006364958244375,1.0,0.5156717300415039,1295.356809891059,d1250_B1250_R8_20251031_174111,2025-10-31 17:45:05,1250,40,1250,176.7766952966369
178,0.0,1.0,1.0,0.0006364958244375,1.0,0.6658997535705566,1297.5981402943955,d1250_B1250_R8_20251031_174111,2025-10-31 17:45:05,1250,40,1250,176.7766952966369
179,0.0,1.0,1.0,0.0006364958244375,1.0,1.3450381755828855,1294.7438517086134,d1250_B1250_R8_20251031_174111,2025-10-31 17:45:05,1250,40,1250,176.7766952966369
180,0.0,1.0,1.0,0.0006364958244375,1.0,0.6393401622772217,1297.1513436590146,d1250_B1250_R8_20251031_174111,2025-10-31 17:45:05,1250,40,1250,176.7766952966369
181,0.0,1.0,1.0,0.0006364958244375,1.0,0.7217772006988525,1298.9398873973223,d1250_B1250_R8_20251031_174111,2025-10-31 17:45:05,1250,40,1250,176.7766952966369
182,0.0,1.0,1.0,0.0006364958244375,1.0,2.3718719482421875,1288.6143368491678,d1250_B1250_R8_20251031_174111,2025-10-31 17:45:05,1250,40,1250,176.7766952966369
183,0.0,1.0,1.0,0.0006364958244375,1.0,1.0371031761169434,1288.0956740648658,d1250_B1250_R8_20251031_174111,2025-10-31 17:45:05,1250,40,1250,176.7766952966369
184,0.0,1.0,1.0,0.0006364958244375,1.0,0.3350441455841064,1292.664547226961,d1250_B1250_R8_20251031_174111,2025-10-31 17:45:05,1250,40,1250,176.7766952966369
185,0.0,1.0,1.0,0.0006364958244375,1.0,0.6747729778289795,1294.7656969503828,d1250_B1250_R8_20251031_174111,2025-10-31 17:45:05,1250,40,1250,176.7766952966369
186,0.0,1.0,1.0,0.0006364958244375,1.0,3.707774162292481,1275.341450176448,d1250_B1250_R8_20251031_174111,2025-10-31 17:45:05,1250,40,1250,176.7766952966369
187,0.0,1.0,1.0,0.0006364958244375,1.0,0.9033260345458984,1275.8524704506178,d1250_B1250_R8_20251031_174111,2025-10-31 17:45:05,1250,40,1250,176.7766952966369
188,0.0,1.0,1.0,0.0006364958244375,1.0,0.4205381870269775,1279.715451828252,d1250_B1250_R8_20251031_174111,2025-10-31 17:45:05,1250,40,1250,176.7766952966369
189,0.0,1.0,1.0,0.0006364958244375,1.0,0.3792159557342529,1283.8467413056262,d1250_B1250_R8_20251031_174111,2025-10-31 17:45:05,1250,40,1250,176.7766952966369
190,0.0,1.0,1.0,0.0006364958244375,1.0,0.6838719844818115,1285.8486954535772,d1250_B1250_R8_20251031_174111,2025-10-31 17:45:05,1250,40,1250,176.7766952966369
191,0.0,1.0,1.0,0.0006364958244375,1.0,0.3826467990875244,1289.9203534219912,d1250_B1250_R8_20251031_174111,2025-10-31 17:45:05,1250,40,1250,176.7766952966369
192,0.0,1.0,1.0,0.0006364958244375,1.0,0.7403566837310791,1291.4965671108444,d1250_B1250_R8_20251031_174111,2025-10-31 17:45:05,1250,40,1250,176.7766952966369
193,0.0,1.0,1.0,0.0006364958244375,1.0,0.6251749992370605,1293.8526680180162,d1250_B1250_R8_20251031_174111,2025-10-31 17:45:05,1250,40,1250,176.7766952966369
194,0.0,1.0,1.0,0.0006364958244375,1.0,0.7818002700805664,1295.111784328791,d1250_B1250_R8_20251031_174111,2025-10-31 17:45:05,1250,40,1250,176.7766952966369
195,0.0,1.0,1.0,0.0006364958244375,1.0,1.342437982559204,1292.5094144643306,d1250_B1250_R8_20251031_174111,2025-10-31 17:45:05,1250,40,1250,176.7766952966369
196,0.0,1.0,1.0,0.0006364958244375,1.0,0.4694001674652099,1295.892657691572,d1250_B1250_R8_20251031_174111,2025-10-31 17:45:05,1250,40,1250,176.7766952966369
197,0.0,1.0,1.0,0.0006364958244375,1.0,0.3602240085601806,1300.0016765808766,d1250_B1250_R8_20251031_174111,2025-10-31 17:45:05,1250,40,1250,176.7766952966369
198,0.0,1.0,1.0,0.0006364958244375,1.0,0.3869411945343017,1303.9127286683104,d1250_B1250_R8_20251031_174111,2025-10-31 17:45:05,1250,40,1250,176.7766952966369
199,0.0,1.0,1.0,0.0006364958244375,1.0,0.4262819290161133,1307.5404000731007,d1250_B1250_R8_20251031_174111,2025-10-31 17:45:05,1250,40,1250,176.7766952966369
200,0.0,1.0,1.0,0.0006364958244375,1.0,0.4961271286010742,1310.6751370898348,d1250_B1250_R8_20251031_174111,2025-10-31 17:45:05,1250,40,1250,176.7766952966369
201,0.0,1.0,1.0,0.0006364958244375,1.0,0.3969359397888183,1314.4610178755852,d1250_B1250_R8_20251031_174111,2025-10-31 17:45:05,1250,40,1250,176.7766952966369
202,0.0,1.0,1.0,0.0006364958244375,1.0,1.06003999710083,1313.6657887554934,d1250_B1250_R8_20251031_174111,2025-10-31 17:45:05,1250,40,1250,176.7766952966369
203,0.0,1.0,1.0,0.0006364958244375,1.0,2.607203960418701,1301.849640074834,d1250_B1250_R8_20251031_174111,2025-10-31 17:45:05,1250,40,1250,176.7766952966369
204,0.0,1.0,1.0,0.0006364958244375,1.0,0.6458160877227783,1303.9059054078955,d1250_B1250_R8_20251031_174111,2025-10-31 17:45:05,1250,40,1250,176.7766952966369
205,0.0,1.0,1.0,0.0006364958244375,1.0,0.3938560485839844,1307.6436619598446,d1250_B1250_R8_20251031_174111,2025-10-31 17:45:05,1250,40,1250,176.7766952966369
206,0.0,1.0,1.0,0.0006364958244375,1.0,0.5355439186096191,1310.425306239465,d1250_B1250_R8_20251031_174111,2025-10-31 17:45:05,1250,40,1250,176.7766952966369
207,0.0,1.0,1.0,0.0006364958244375,1.0,1.327549934387207,1307.955022384213,d1250_B1250_R8_20251031_174111,2025-10-31 17:45:05,1250,40,1250,176.7766952966369
208,0.0,1.0,1.0,0.0006364958244375,1.0,0.5907161235809326,1310.337158980347,d1250_B1250_R8_20251031_174111,2025-10-31 17:45:05,1250,40,1250,176.7766952966369
209,0.0,1.0,1.0,0.0006364958244375,1.0,0.287712812423706,1314.704865752722,d1250_B1250_R8_20251031_174111,2025-10-31 17:45:05,1250,40,1250,176.7766952966369
210,0.0,1.0,1.0,0.0006364958244375,1.0,0.348870038986206,1318.6594595564698,d1250_B1250_R8_20251031_174111,2025-10-31 17:45:05,1250,40,1250,176.7766952966369
211,0.0,1.0,1.0,0.0006364958244375,1.0,0.2879142761230469,1323.0031245218916,d1250_B1250_R8_20251031_174111,2025-10-31 17:45:05,1250,40,1250,176.7766952966369
212,0.0,1.0,1.0,0.0006364958244375,1.0,0.2838912010192871,1327.3605142889082,d1250_B1250_R8_20251031_174111,2025-10-31 17:45:05,1250,40,1250,176.7766952966369
213,0.0,1.0,1.0,0.0006364958244375,1.0,0.4053628444671631,1330.9003644872123,d1250_B1250_R8_20251031_174111,2025-10-31 17:45:05,1250,40,1250,176.7766952966369
214,0.0,1.0,1.0,0.0006364958244375,1.0,0.3617351055145263,1334.7156846419562,d1250_B1250_R8_20251031_174111,2025-10-31 17:45:05,1250,40,1250,176.7766952966369
215,0.0,1.0,1.0,0.0006364958244375,1.0,0.2716529369354248,1339.115263403226,d1250_B1250_R8_20251031_174111,2025-10-31 17:45:05,1250,40,1250,176.7766952966369
216,0.0,1.0,1.0,0.0006364958244375,1.0,0.2550959587097168,1343.613610032507,d1250_B1250_R8_20251031_174111,2025-10-31 17:45:05,1250,40,1250,176.7766952966369
217,0.0,1.0,1.0,0.0006364958244375,1.0,0.2514657974243164,1348.1246761220034,d1250_B1250_R8_20251031_174111,2025-10-31 17:45:05,1250,40,1250,176.7766952966369
218,0.0,1.0,1.0,0.0006364958244375,1.0,0.3227720260620117,1352.1466253083886,d1250_B1250_R8_20251031_174111,2025-10-31 17:45:05,1250,40,1250,176.7766952966369
219,0.0,1.0,1.0,0.0006364958244375,1.0,0.2940480709075928,1356.346438395217,d1250_B1250_R8_20251031_174111,2025-10-31 17:45:05,1250,40,1250,176.7766952966369
220,0.0,1.0,1.0,0.0006364958244375,1.0,0.2792129516601562,1360.6353399559334,d1250_B1250_R8_20251031_174111,2025-10-31 17:45:05,1250,40,1250,176.7766952966369
221,0.0,1.0,1.0,0.0006364958244375,1.0,0.5496008396148682,1363.0972800804784,d1250_B1250_R8_20251031_174111,2025-10-31 17:45:05,1250,40,1250,176.7766952966369
222,0.0,1.0,1.0,0.0006364958244375,1.0,0.3551750183105469,1366.8211495670064,d1250_B1250_R8_20251031_174111,2025-10-31 17:45:05,1250,40,1250,176.7766952966369
223,0.0,1.0,1.0,0.0006364958244375,1.0,0.3960137367248535,1370.2874203487884,d1250_B1250_R8_20251031_174111,2025-10-31 17:45:05,1250,40,1250,176.7766952966369
224,0.0,1.0,1.0,0.0006364958244375,1.0,2.4982991218566895,1359.773559193182,d1250_B1250_R8_20251031_174111,2025-10-31 17:45:05,1250,40,1250,176.7766952966369
225,0.0,1.0,1.0,0.0006364958244375,1.0,0.8550000190734863,1359.9766997205757,d1250_B1250_R8_20251031_174111,2025-10-31 17:45:05,1250,40,1250,176.7766952966369
226,0.0,1.0,1.0,0.0006364958244375,1.0,0.5256619453430176,1362.540286746844,d1250_B1250_R8_20251031_174111,2025-10-31 17:45:05,1250,40,1250,176.7766952966369
227,0.0,1.0,1.0,0.0006364958244375,1.0,1.898413896560669,1356.157814792032,d1250_B1250_R8_20251031_174111,2025-10-31 17:45:05,1250,40,1250,176.7766952966369
228,0.0,1.0,1.0,0.0006364958244375,1.0,0.3871350288391113,1359.5968461149996,d1250_B1250_R8_20251031_174111,2025-10-31 17:45:05,1250,40,1250,176.7766952966369
229,0.0,1.0,1.0,0.0006364958244375,1.0,0.3622400760650635,1363.1844903036365,d1250_B1250_R8_20251031_174111,2025-10-31 17:45:05,1250,40,1250,176.7766952966369
230,0.0,1.0,1.0,0.0006364958244375,1.0,0.3691301345825195,1366.7145911457835,d1250_B1250_R8_20251031_174111,2025-10-31 17:45:05,1250,40,1250,176.7766952966369
231,0.0,1.0,1.0,0.0006364958244375,1.0,0.329848051071167,1370.4879358615678,d1250_B1250_R8_20251031_174111,2025-10-31 17:45:05,1250,40,1250,176.7766952966369
232,0.0,1.0,1.0,0.0006364958244375,1.0,0.2658720016479492,1374.666647222838,d1250_B1250_R8_20251031_174111,2025-10-31 17:45:05,1250,40,1250,176.7766952966369
233,0.0,1.0,1.0,0.0006364958244375,1.0,0.2592251300811767,1378.8769460968847,d1250_B1250_R8_20251031_174111,2025-10-31 17:45:05,1250,40,1250,176.7766952966369
234,0.0,1.0,1.0,0.0006364958244375,1.0,0.3105051517486572,1382.7263095611077,d1250_B1250_R8_20251031_174111,2025-10-31 17:45:05,1250,40,1250,176.7766952966369
235,0.0,1.0,1.0,0.0006364958244375,1.0,0.4859907627105713,1385.4390016468344,d1250_B1250_R8_20251031_174111,2025-10-31 17:45:05,1250,40,1250,176.7766952966369
236,0.0,1.0,1.0,0.0006364958244375,1.0,1.3668720722198486,1382.4280431448165,d1250_B1250_R8_20251031_174111,2025-10-31 17:45:05,1250,40,1250,176.7766952966369
237,0.0,1.0,1.0,0.0006364958244375,1.0,0.3883750438690185,1385.7361126683793,d1250_B1250_R8_20251031_174111,2025-10-31 17:45:05,1250,40,1250,176.7766952966369
238,0.0,1.0,1.0,0.0006364958244375,1.0,0.2932522296905517,1389.6574506038746,d1250_B1250_R8_20251031_174111,2025-10-31 17:45:05,1250,40,1250,176.7766952966369
239,0.0,1.0,1.0,0.0006364958244375,1.0,0.333493709564209,1393.3019792685643,d1250_B1250_R8_20251031_174111,2025-10-31 17:45:05,1250,40,1250,176.7766952966369
240,0.0,1.0,1.0,0.0006364958244375,1.0,0.3480470180511474,1396.8472543013056,d1250_B1250_R8_20251031_174111,2025-10-31 17:45:05,1250,40,1250,176.7766952966369
241,0.0,1.0,1.0,0.0006364958244375,1.0,0.3666079044342041,1400.2602167323228,d1250_B1250_R8_20251031_174111,2025-10-31 17:45:05,1250,40,1250,176.7766952966369
242,0.0,1.0,1.0,0.0006364958244375,1.0,0.291921854019165,1404.1432898726746,d1250_B1250_R8_20251031_174111,2025-10-31 17:45:05,1250,40,1250,176.7766952966369
243,0.0,1.0,1.0,0.0006364958244375,1.0,0.2623112201690674,1408.2127750797554,d1250_B1250_R8_20251031_174111,2025-10-31 17:45:05,1250,40,1250,176.7766952966369
244,0.0,1.0,1.0,0.0006364958244375,1.0,0.2277801036834716,1412.497071473077,d1250_B1250_R8_20251031_174111,2025-10-31 17:45:05,1250,40,1250,176.7766952966369
245,0.0,1.0,1.0,0.0006364958244375,1.0,0.4181559085845947,1415.5309337428805,d1250_B1250_R8_20251031_174111,2025-10-31 17:45:05,1250,40,1250,176.7766952966369
246,0.0,1.0,1.0,0.0006364958244375,1.0,0.3512718677520752,1418.9850180305,d1250_B1250_R8_20251031_174111,2025-10-31 17:45:05,1250,40,1250,176.7766952966369
247,0.0,1.0,1.0,0.0006364958244375,1.0,0.2822017669677734,1422.8821431701087,d1250_B1250_R8_20251031_174111,2025-10-31 17:45:05,1250,40,1250,176.7766952966369
248,0.0,1.0,1.0,0.0006364958244375,1.0,0.3143270015716553,1426.559584477511,d1250_B1250_R8_20251031_174111,2025-10-31 17:45:05,1250,40,1250,176.7766952966369
249,0.0,1.0,1.0,0.0006364958244375,1.0,0.3828601837158203,1429.7764934883342,d1250_B1250_R8_20251031_174111,2025-10-31 17:45:05,1250,40,1250,176.7766952966369
250,0.0,1.0,1.0,0.0006364958244375,1.0,0.2852630615234375,1433.621404367382,d1250_B1250_R8_20251031_174111,2025-10-31 17:45:05,1250,40,1250,176.7766952966369
251,0.0,1.0,1.0,0.0006364958244375,1.0,0.3202941417694092,1437.2277368470984,d1250_B1250_R8_20251031_174111,2025-10-31 17:45:05,1250,40,1250,176.7766952966369
252,0.0,1.0,1.0,0.0006364958244375,1.0,0.2467279434204101,1441.3055781670066,d1250_B1250_R8_20251031_174111,2025-10-31 17:45:05,1250,40,1250,176.7766952966369
253,0.0,1.0,1.0,0.0006364958244375,1.0,0.2631781101226806,1445.265358297168,d1250_B1250_R8_20251031_174111,2025-10-31 17:45:05,1250,40,1250,176.7766952966369
254,0.0,1.0,1.0,0.0006364958244375,1.0,0.2439219951629638,1449.3429538797473,d1250_B1250_R8_20251031_174111,2025-10-31 17:45:05,1250,40,1250,176.7766952966369
255,0.0,1.0,1.0,0.0006364958244375,1.0,0.2481610774993896,1453.384001887521,d1250_B1250_R8_20251031_174111,2025-10-31 17:45:05,1250,40,1250,176.7766952966369
256,0.0,1.0,1.0,0.0006364958244375,1.0,0.2370860576629638,1457.4901262362484,d1250_B1250_R8_20251031_174111,2025-10-31 17:45:05,1250,40,1250,176.7766952966369
257,0.0,1.0,1.0,0.0006364958244375,1.0,0.2758378982543945,1461.3307542857815,d1250_B1250_R8_20251031_174111,2025-10-31 17:45:05,1250,40,1250,176.7766952966369
258,0.0,1.0,1.0,0.0006364958244375,1.0,0.2680368423461914,1465.213878173866,d1250_B1250_R8_20251031_174111,2025-10-31 17:45:05,1250,40,1250,176.7766952966369
259,0.0,1.0,1.0,0.0006364958244375,1.0,0.2801408767700195,1469.0069336164531,d1250_B1250_R8_20251031_174111,2025-10-31 17:45:05,1250,40,1250,176.7766952966369
260,0.0,1.0,1.0,0.0006364958244375,1.0,0.2727940082550049,1472.8396043087942,d1250_B1250_R8_20251031_174111,2025-10-31 17:45:05,1250,40,1250,176.7766952966369
261,0.0,1.0,1.0,0.0006364958244375,1.0,0.1990551948547363,1477.1489722585422,d1250_B1250_R8_20251031_174111,2025-10-31 17:45:05,1250,40,1250,176.7766952966369
262,0.0,1.0,1.0,0.0006364958244375,1.0,0.2240979671478271,1481.28837207557,d1250_B1250_R8_20251031_174111,2025-10-31 17:45:05,1250,40,1250,176.7766952966369
263,0.0,1.0,1.0,0.0006364958244375,1.0,0.2090001106262207,1485.5201566375742,d1250_B1250_R8_20251031_174111,2025-10-31 17:45:05,1250,40,1250,176.7766952966369
264,0.0,1.0,1.0,0.0006364958244375,1.0,0.3305537700653076,1488.929158412852,d1250_B1250_R8_20251031_174111,2025-10-31 17:45:05,1250,40,1250,176.7766952966369
265,0.0,1.0,1.0,0.0006364958244375,1.0,0.2723031044006347,1492.716721039148,d1250_B1250_R8_20251031_174111,2025-10-31 17:45:05,1250,40,1250,176.7766952966369
266,0.0,1.0,1.0,0.0006364958244375,1.0,0.1919631958007812,1497.0356058235216,d1250_B1250_R8_20251031_174111,2025-10-31 17:45:05,1250,40,1250,176.7766952966369
267,0.0,1.0,1.0,0.0006364958244375,1.0,0.3023507595062256,1500.6058991822938,d1250_B1250_R8_20251031_174111,2025-10-31 17:45:05,1250,40,1250,176.7766952966369
268,0.0,1.0,1.0,0.0006364958244375,1.0,0.5219526290893555,1502.6894821160886,d1250_B1250_R8_20251031_174111,2025-10-31 17:45:05,1250,40,1250,176.7766952966369
269,0.0,1.0,1.0,0.0006364958244375,1.0,0.5038661956787109,1504.8840644474567,d1250_B1250_R8_20251031_174111,2025-10-31 17:45:05,1250,40,1250,176.7766952966369
270,0.0,1.0,1.0,0.0006364958244375,1.0,0.2692511081695556,1508.6436891355115,d1250_B1250_R8_20251031_174111,2025-10-31 17:45:05,1250,40,1250,176.7766952966369
271,0.0,1.0,1.0,0.0006364958244375,1.0,0.1918561458587646,1512.9152317574678,d1250_B1250_R8_20251031_174111,2025-10-31 17:45:05,1250,40,1250,176.7766952966369
272,0.0,1.0,1.0,0.0006364958244375,1.0,0.239656925201416,1516.85839755886,d1250_B1250_R8_20251031_174111,2025-10-31 17:45:05,1250,40,1250,176.7766952966369
273,0.0,1.0,1.0,0.0006364958244375,1.0,0.2245237827301025,1520.8950902556478,d1250_B1250_R8_20251031_174111,2025-10-31 17:45:05,1250,40,1250,176.7766952966369
274,0.0,1.0,1.0,0.0006364958244375,1.0,0.2794489860534668,1524.5524953364566,d1250_B1250_R8_20251031_174111,2025-10-31 17:45:05,1250,40,1250,176.7766952966369
275,0.0,1.0,1.0,0.0006364958244375,1.0,0.2746932506561279,1528.233035586676,d1250_B1250_R8_20251031_174111,2025-10-31 17:45:05,1250,40,1250,176.7766952966369
276,0.0,1.0,1.0,0.0006364958244375,1.0,0.2703778743743896,1531.9332311059115,d1250_B1250_R8_20251031_174111,2025-10-31 17:45:05,1250,40,1250,176.7766952966369
277,0.0,1.0,1.0,0.0006364958244375,1.0,0.209014892578125,1536.041797180507,d1250_B1250_R8_20251031_174111,2025-10-31 17:45:05,1250,40,1250,176.7766952966369
278,0.0,1.0,1.0,0.0006364958244375,1.0,0.2183902263641357,1540.0786759778937,d1250_B1250_R8_20251031_174111,2025-10-31 17:45:05,1250,40,1250,176.7766952966369
279,0.0,1.0,1.0,0.0006364958244375,1.0,0.1955687999725341,1544.2637418873712,d1250_B1250_R8_20251031_174111,2025-10-31 17:45:05,1250,40,1250,176.7766952966369
280,0.0,1.0,1.0,0.0006364958244375,1.0,0.2200658321380615,1548.2744240593672,d1250_B1250_R8_20251031_174111,2025-10-31 17:45:05,1250,40,1250,176.7766952966369
281,0.0,1.0,1.0,0.0006364958244375,1.0,0.1817710399627685,1552.5389202097033,d1250_B1250_R8_20251031_174111,2025-10-31 17:45:05,1250,40,1250,176.7766952966369
282,0.0,1.0,1.0,0.0006364958244375,1.0,0.1755237579345703,1556.8394782066964,d1250_B1250_R8_20251031_174111,2025-10-31 17:45:05,1250,40,1250,176.7766952966369
283,0.0,1.0,1.0,0.0006364958244375,1.0,0.1652171611785888,1561.2038909221185,d1250_B1250_R8_20251031_174111,2025-10-31 17:45:05,1250,40,1250,176.7766952966369
284,0.0,1.0,1.0,0.0006364958244375,1.0,0.1754140853881836,1565.4920468668267,d1250_B1250_R8_20251031_174111,2025-10-31 17:45:05,1250,40,1250,176.7766952966369
285,0.0,1.0,1.0,0.0006364958244375,1.0,0.2394716739654541,1569.332275329716,d1250_B1250_R8_20251031_174111,2025-10-31 17:45:05,1250,40,1250,176.7766952966369
286,0.0,1.0,1.0,0.0006364958244375,1.0,0.2371799945831298,1573.1798089948272,d1250_B1250_R8_20251031_174111,2025-10-31 17:45:05,1250,40,1250,176.7766952966369
287,0.0,1.0,1.0,0.0006364958244375,1.0,0.2517359256744385,1576.9178550052636,d1250_B1250_R8_20251031_174111,2025-10-31 17:45:05,1250,40,1250,176.7766952966369
288,0.0,1.0,1.0,0.0006364958244375,1.0,0.2497079372406005,1580.6624893644437,d1250_B1250_R8_20251031_174111,2025-10-31 17:45:05,1250,40,1250,176.7766952966369
289,0.0,1.0,1.0,0.0006364958244375,1.0,0.2172400951385498,1584.6243122833423,d1250_B1250_R8_20251031_174111,2025-10-31 17:45:05,1250,40,1250,176.7766952966369
290,0.0,1.0,1.0,0.0006364958244375,1.0,0.2423470020294189,1588.4043355830336,d1250_B1250_R8_20251031_174111,2025-10-31 17:45:05,1250,40,1250,176.7766952966369
291,0.0,1.0,1.0,0.0006364958244375,1.0,0.2838120460510254,1591.888496967404,d1250_B1250_R8_20251031_174111,2025-10-31 17:45:05,1250,40,1250,176.7766952966369
292,0.0,1.0,1.0,0.0006364958244375,1.0,0.3194470405578613,1595.1149365825438,d1250_B1250_R8_20251031_174111,2025-10-31 17:45:05,1250,40,1250,176.7766952966369
293,0.0,1.0,1.0,0.0006364958244375,1.0,0.2971358299255371,1598.4864492049442,d1250_B1250_R8_20251031_174111,2025-10-31 17:45:05,1250,40,1250,176.7766952966369
294,0.0,1.0,1.0,0.0006364958244375,1.0,0.1847350597381591,1602.6327562219146,d1250_B1250_R8_20251031_174111,2025-10-31 17:45:05,1250,40,1250,176.7766952966369
295,0.0,1.0,1.0,0.0006364958244375,1.0,0.1591219902038574,1606.9524445297216,d1250_B1250_R8_20251031_174111,2025-10-31 17:45:05,1250,40,1250,176.7766952966369
296,0.0,1.0,1.0,0.0006364958244375,1.0,0.2123498916625976,1610.8940785271502,d1250_B1250_R8_20251031_174111,2025-10-31 17:45:05,1250,40,1250,176.7766952966369
297,0.0,1.0,1.0,0.0006364958244375,1.0,0.2067158222198486,1614.8680583206476,d1250_B1250_R8_20251031_174111,2025-10-31 17:45:05,1250,40,1250,176.7766952966369
298,0.0,1.0,1.0,0.0006364958244375,1.0,0.1822121143341064,1619.0061640856586,d1250_B1250_R8_20251031_174111,2025-10-31 17:45:05,1250,40,1250,176.7766952966369
299,0.0,1.0,1.0,0.0006364958244375,1.0,0.1931440830230713,1623.0603584919954,d1250_B1250_R8_20251031_174111,2025-10-31 17:45:05,1250,40,1250,176.7766952966369
0,0.6931473016738892,0.496666669845581,1.0,0.0003068421792704,1.0,1.1628789901733398,1251.6915312324238,d1500_B1500_R8_20251031_174126,2025-10-31 17:45:19,1500,40,1500,193.64916731037084
1,0.0,1.0,1.0,0.0003068421792704,1.0,2.558908224105835,797.8631853219032,d1500_B1500_R8_20251031_174126,2025-10-31 17:45:19,1500,40,1500,193.64916731037084
2,0.0,1.0,1.0,0.0003068421792704,1.0,1.456228733062744,861.8336461532737,d1500_B1500_R8_20251031_174126,2025-10-31 17:45:19,1500,40,1500,193.64916731037084
3,0.0,1.0,1.0,0.0003068421792704,1.0,2.0153610706329346,828.9207962715102,d1500_B1500_R8_20251031_174126,2025-10-31 17:45:19,1500,40,1500,193.64916731037084
4,0.0,1.0,1.0,0.0003068421792704,1.0,0.6466538906097412,951.087904629018,d1500_B1500_R8_20251031_174126,2025-10-31 17:45:19,1500,40,1500,193.64916731037084
5,0.0,1.0,1.0,0.0003068421792704,1.0,0.5528147220611572,1066.501189110949,d1500_B1500_R8_20251031_174126,2025-10-31 17:45:19,1500,40,1500,193.64916731037084
6,0.0,1.0,1.0,0.0003068421792704,1.0,0.52876877784729,1170.8370331693177,d1500_B1500_R8_20251031_174126,2025-10-31 17:45:19,1500,40,1500,193.64916731037084
7,0.0,1.0,1.0,0.0003068421792704,1.0,0.7024388313293457,1240.8669463395008,d1500_B1500_R8_20251031_174126,2025-10-31 17:45:19,1500,40,1500,193.64916731037084
8,0.0,1.0,1.0,0.0003068421792704,1.0,0.9516541957855223,1270.8780325175217,d1500_B1500_R8_20251031_174126,2025-10-31 17:45:19,1500,40,1500,193.64916731037084
9,0.0,1.0,1.0,0.0003068421792704,1.0,1.754516839981079,1211.7673787898643,d1500_B1500_R8_20251031_174126,2025-10-31 17:45:19,1500,40,1500,193.64916731037084
10,0.0,1.0,1.0,0.0003068421792704,1.0,0.7102169990539551,1260.470392885795,d1500_B1500_R8_20251031_174126,2025-10-31 17:45:19,1500,40,1500,193.64916731037084
11,0.0,1.0,1.0,0.0003068421792704,1.0,0.7643270492553711,1299.1683409434738,d1500_B1500_R8_20251031_174126,2025-10-31 17:45:19,1500,40,1500,193.64916731037084
12,0.0,1.0,1.0,0.0003068421792704,1.0,0.8680250644683838,1324.4326535628863,d1500_B1500_R8_20251031_174126,2025-10-31 17:45:19,1500,40,1500,193.64916731037084
13,0.0,1.0,1.0,0.0003068421792704,1.0,0.6194369792938232,1368.37206023253,d1500_B1500_R8_20251031_174126,2025-10-31 17:45:19,1500,40,1500,193.64916731037084
14,0.0,1.0,1.0,0.0003068421792704,1.0,1.604886770248413,1327.2452728163669,d1500_B1500_R8_20251031_174126,2025-10-31 17:45:19,1500,40,1500,193.64916731037084
15,0.0,1.0,1.0,0.0003068421792704,1.0,0.6096837520599365,1366.5137047700775,d1500_B1500_R8_20251031_174126,2025-10-31 17:45:19,1500,40,1500,193.64916731037084
16,0.0,1.0,1.0,0.0003068421792704,1.0,0.4878091812133789,1412.5877997564355,d1500_B1500_R8_20251031_174126,2025-10-31 17:45:19,1500,40,1500,193.64916731037084
17,0.0,1.0,1.0,0.0003068421792704,1.0,0.4765748977661133,1456.6565154781078,d1500_B1500_R8_20251031_174126,2025-10-31 17:45:19,1500,40,1500,193.64916731037084
18,0.0,1.0,1.0,0.0003068421792704,1.0,0.457921028137207,1500.4687518828405,d1500_B1500_R8_20251031_174126,2025-10-31 17:45:19,1500,40,1500,193.64916731037084
19,0.0,1.0,1.0,0.0003068421792704,1.0,0.522108793258667,1537.1547800228536,d1500_B1500_R8_20251031_174126,2025-10-31 17:45:19,1500,40,1500,193.64916731037084
20,0.0,1.0,1.0,0.0003068421792704,1.0,1.16858172416687,1522.6490991619864,d1500_B1500_R8_20251031_174126,2025-10-31 17:45:19,1500,40,1500,193.64916731037084
21,0.0,1.0,1.0,0.0003068421792704,1.0,3.239579916000366,1379.1523786761045,d1500_B1500_R8_20251031_174126,2025-10-31 17:45:19,1500,40,1500,193.64916731037084
22,0.0,1.0,1.0,0.0003068421792704,1.0,1.2504551410675049,1369.9236581817074,d1500_B1500_R8_20251031_174126,2025-10-31 17:45:19,1500,40,1500,193.64916731037084
23,0.0,1.0,1.0,0.0003068421792704,1.0,1.406361103057861,1353.6595254611846,d1500_B1500_R8_20251031_174126,2025-10-31 17:45:19,1500,40,1500,193.64916731037084
24,0.0,1.0,1.0,0.0003068421792704,1.0,2.9691050052642822,1268.4002587373177,d1500_B1500_R8_20251031_174126,2025-10-31 17:45:19,1500,40,1500,193.64916731037084
25,0.0,1.0,1.0,0.0003068421792704,1.0,0.6820859909057617,1289.1882932255987,d1500_B1500_R8_20251031_174126,2025-10-31 17:45:19,1500,40,1500,193.64916731037084
26,0.0,1.0,1.0,0.0003068421792704,1.0,0.471308946609497,1318.222056650316,d1500_B1500_R8_20251031_174126,2025-10-31 17:45:19,1500,40,1500,193.64916731037084
27,0.0,1.0,1.0,0.0003068421792704,1.0,0.4861359596252441,1345.7316931938235,d1500_B1500_R8_20251031_174126,2025-10-31 17:45:19,1500,40,1500,193.64916731037084
28,0.0,1.0,1.0,0.0003068421792704,1.0,0.5746111869812012,1368.5586612636575,d1500_B1500_R8_20251031_174126,2025-10-31 17:45:19,1500,40,1500,193.64916731037084
29,0.0,1.0,1.0,0.0003068421792704,1.0,0.5417020320892334,1391.9947451858527,d1500_B1500_R8_20251031_174126,2025-10-31 17:45:19,1500,40,1500,193.64916731037084
30,0.0,1.0,1.0,0.0003068421792704,1.0,0.5796737670898438,1413.0370437217923,d1500_B1500_R8_20251031_174126,2025-10-31 17:45:19,1500,40,1500,193.64916731037084
31,0.0,1.0,1.0,0.0003068421792704,1.0,0.8052468299865723,1423.6905394681978,d1500_B1500_R8_20251031_174126,2025-10-31 17:45:19,1500,40,1500,193.64916731037084
32,0.0,1.0,1.0,0.0003068421792704,1.0,2.293771982192993,1374.621474833607,d1500_B1500_R8_20251031_174126,2025-10-31 17:45:19,1500,40,1500,193.64916731037084
33,0.0,1.0,1.0,0.0003068421792704,1.0,1.135025978088379,1372.8041860773612,d1500_B1500_R8_20251031_174126,2025-10-31 17:45:19,1500,40,1500,193.64916731037084
34,0.0,1.0,1.0,0.0003068421792704,1.0,0.663316011428833,1388.3700055506183,d1500_B1500_R8_20251031_174126,2025-10-31 17:45:19,1500,40,1500,193.64916731037084
35,0.0,1.0,1.0,0.0003068421792704,1.0,1.0180132389068604,1390.2974563972466,d1500_B1500_R8_20251031_174126,2025-10-31 17:45:19,1500,40,1500,193.64916731037084
36,0.0,1.0,1.0,0.0003068421792704,1.0,1.0349717140197754,1391.7418504461164,d1500_B1500_R8_20251031_174126,2025-10-31 17:45:19,1500,40,1500,193.64916731037084
37,0.0,1.0,1.0,0.0003068421792704,1.0,1.936042070388794,1363.1574536583264,d1500_B1500_R8_20251031_174126,2025-10-31 17:45:19,1500,40,1500,193.64916731037084
38,0.0,1.0,1.0,0.0003068421792704,1.0,0.9592208862304688,1367.5835010071464,d1500_B1500_R8_20251031_174126,2025-10-31 17:45:19,1500,40,1500,193.64916731037084
39,0.0,1.0,1.0,0.0003068421792704,1.0,0.5650558471679688,1384.317232896952,d1500_B1500_R8_20251031_174126,2025-10-31 17:45:19,1500,40,1500,193.64916731037084
40,0.0,1.0,1.0,0.0003068421792704,1.0,0.5163538455963135,1402.1984584289714,d1500_B1500_R8_20251031_174126,2025-10-31 17:45:19,1500,40,1500,193.64916731037084
41,0.0,1.0,1.0,0.0003068421792704,1.0,0.9737682342529296,1405.1918272051269,d1500_B1500_R8_20251031_174126,2025-10-31 17:45:19,1500,40,1500,193.64916731037084
42,0.0,1.0,1.0,0.0003068421792704,1.0,0.6085152626037598,1419.3735023512302,d1500_B1500_R8_20251031_174126,2025-10-31 17:45:19,1500,40,1500,193.64916731037084
43,0.0,1.0,1.0,0.0003068421792704,1.0,0.6592907905578613,1431.5932254747122,d1500_B1500_R8_20251031_174126,2025-10-31 17:45:19,1500,40,1500,193.64916731037084
44,0.0,1.0,1.0,0.0003068421792704,1.0,0.557426929473877,1446.5930911129044,d1500_B1500_R8_20251031_174126,2025-10-31 17:45:19,1500,40,1500,193.64916731037084
45,0.0,1.0,1.0,0.0003068421792704,1.0,0.7548689842224121,1455.181422155654,d1500_B1500_R8_20251031_174126,2025-10-31 17:45:19,1500,40,1500,193.64916731037084
46,0.0,1.0,1.0,0.0003068421792704,1.0,0.5007848739624023,1471.188605996278,d1500_B1500_R8_20251031_174126,2025-10-31 17:45:19,1500,40,1500,193.64916731037084
47,0.0,1.0,1.0,0.0003068421792704,1.0,0.6397628784179688,1482.588164234932,d1500_B1500_R8_20251031_174126,2025-10-31 17:45:19,1500,40,1500,193.64916731037084
48,0.0,1.0,1.0,0.0003068421792704,1.0,0.7474632263183594,1490.512629675194,d1500_B1500_R8_20251031_174126,2025-10-31 17:45:19,1500,40,1500,193.64916731037084
49,0.0,1.0,1.0,0.0003068421792704,1.0,1.5616629123687744,1474.1633325911423,d1500_B1500_R8_20251031_174126,2025-10-31 17:45:19,1500,40,1500,193.64916731037084
50,0.0,1.0,1.0,0.0003068421792704,1.0,1.3582332134246826,1464.5240527928586,d1500_B1500_R8_20251031_174126,2025-10-31 17:45:19,1500,40,1500,193.64916731037084
51,0.0,1.0,1.0,0.0003068421792704,1.0,1.5616140365600586,1449.8478337810188,d1500_B1500_R8_20251031_174126,2025-10-31 17:45:19,1500,40,1500,193.64916731037084
52,0.0,1.0,1.0,0.0003068421792704,1.0,0.8536179065704346,1454.5665010180023,d1500_B1500_R8_20251031_174126,2025-10-31 17:45:19,1500,40,1500,193.64916731037084
53,0.0,1.0,1.0,0.0003068421792704,1.0,1.605422019958496,1439.6741582205002,d1500_B1500_R8_20251031_174126,2025-10-31 17:45:19,1500,40,1500,193.64916731037084
54,0.0,1.0,1.0,0.0003068421792704,1.0,0.8534698486328125,1444.3636835203258,d1500_B1500_R8_20251031_174126,2025-10-31 17:45:19,1500,40,1500,193.64916731037084
55,0.0,1.0,1.0,0.0003068421792704,1.0,0.8952078819274902,1447.9240910364497,d1500_B1500_R8_20251031_174126,2025-10-31 17:45:19,1500,40,1500,193.64916731037084
56,0.0,1.0,1.0,0.0003068421792704,1.0,1.1636199951171875,1444.781560910507,d1500_B1500_R8_20251031_174126,2025-10-31 17:45:19,1500,40,1500,193.64916731037084
57,0.0,1.0,1.0,0.0003068421792704,1.0,1.0309438705444336,1444.9141376674602,d1500_B1500_R8_20251031_174126,2025-10-31 17:45:19,1500,40,1500,193.64916731037084
58,0.0,1.0,1.0,0.0003068421792704,1.0,0.8968546390533447,1448.2454266230086,d1500_B1500_R8_20251031_174126,2025-10-31 17:45:19,1500,40,1500,193.64916731037084
59,0.0,1.0,1.0,0.0003068421792704,1.0,1.886944055557251,1428.660319359759,d1500_B1500_R8_20251031_174126,2025-10-31 17:45:19,1500,40,1500,193.64916731037084
60,0.0,1.0,1.0,0.0003068421792704,1.0,1.3617668151855469,1421.7220303176398,d1500_B1500_R8_20251031_174126,2025-10-31 17:45:19,1500,40,1500,193.64916731037084
61,0.0,1.0,1.0,0.0003068421792704,1.0,2.0754189491271973,1399.8232865635905,d1500_B1500_R8_20251031_174126,2025-10-31 17:45:19,1500,40,1500,193.64916731037084
62,0.0,1.0,1.0,0.0003068421792704,1.0,0.9812171459197998,1401.6609340896362,d1500_B1500_R8_20251031_174126,2025-10-31 17:45:19,1500,40,1500,193.64916731037084
63,0.0,1.0,1.0,0.0003068421792704,1.0,0.6926732063293457,1409.4222187822456,d1500_B1500_R8_20251031_174126,2025-10-31 17:45:19,1500,40,1500,193.64916731037084
64,0.0,1.0,1.0,0.0003068421792704,1.0,0.7527539730072021,1415.7815749186868,d1500_B1500_R8_20251031_174126,2025-10-31 17:45:19,1500,40,1500,193.64916731037084
65,0.0,1.0,1.0,0.0003068421792704,1.0,0.8008551597595215,1421.0273902182453,d1500_B1500_R8_20251031_174126,2025-10-31 17:45:19,1500,40,1500,193.64916731037084
66,0.0,1.0,1.0,0.0003068421792704,1.0,0.7758619785308838,1426.6642590615588,d1500_B1500_R8_20251031_174126,2025-10-31 17:45:19,1500,40,1500,193.64916731037084
67,0.0,1.0,1.0,0.0003068421792704,1.0,0.7512881755828857,1432.6170625436043,d1500_B1500_R8_20251031_174126,2025-10-31 17:45:19,1500,40,1500,193.64916731037084
68,0.0,1.0,1.0,0.0003068421792704,1.0,1.9187700748443604,1415.481144191422,d1500_B1500_R8_20251031_174126,2025-10-31 17:45:19,1500,40,1500,193.64916731037084
69,0.0,1.0,1.0,0.0003068421792704,1.0,0.8383560180664062,1419.4939223894569,d1500_B1500_R8_20251031_174126,2025-10-31 17:45:19,1500,40,1500,193.64916731037084
70,0.0,1.0,1.0,0.0003068421792704,1.0,0.9465441703796388,1421.5660722170728,d1500_B1500_R8_20251031_174126,2025-10-31 17:45:19,1500,40,1500,193.64916731037084
71,0.0,1.0,1.0,0.0003068421792704,1.0,1.5260789394378662,1412.7799072691323,d1500_B1500_R8_20251031_174126,2025-10-31 17:45:19,1500,40,1500,193.64916731037084
72,0.0,1.0,1.0,0.0003068421792704,1.0,5.099130868911743,1342.819117616041,d1500_B1500_R8_20251031_174126,2025-10-31 17:45:19,1500,40,1500,193.64916731037084
73,0.0,1.0,1.0,0.0003068421792704,1.0,0.9879763126373292,1344.858661622712,d1500_B1500_R8_20251031_174126,2025-10-31 17:45:19,1500,40,1500,193.64916731037084
74,0.0,1.0,1.0,0.0003068421792704,1.0,1.8535280227661133,1333.0733667293648,d1500_B1500_R8_20251031_174126,2025-10-31 17:45:19,1500,40,1500,193.64916731037084
75,0.0,1.0,1.0,0.0003068421792704,1.0,2.6999471187591553,1308.941834093735,d1500_B1500_R8_20251031_174126,2025-10-31 17:45:19,1500,40,1500,193.64916731037084
76,0.0,1.0,1.0,0.0003068421792704,1.0,1.795407772064209,1299.2880091527152,d1500_B1500_R8_20251031_174126,2025-10-31 17:45:19,1500,40,1500,193.64916731037084
77,0.0,1.0,1.0,0.0003068421792704,1.0,0.8430449962615967,1303.7705304672495,d1500_B1500_R8_20251031_174126,2025-10-31 17:45:19,1500,40,1500,193.64916731037084
78,0.0,1.0,1.0,0.0003068421792704,1.0,0.7119438648223877,1310.0802924917764,d1500_B1500_R8_20251031_174126,2025-10-31 17:45:19,1500,40,1500,193.64916731037084
79,0.0,1.0,1.0,0.0003068421792704,1.0,0.8382899761199951,1314.438079797594,d1500_B1500_R8_20251031_174126,2025-10-31 17:45:19,1500,40,1500,193.64916731037084
80,0.0,1.0,1.0,0.0003068421792704,1.0,1.478266716003418,1309.6384804670963,d1500_B1500_R8_20251031_174126,2025-10-31 17:45:19,1500,40,1500,193.64916731037084
81,0.0,1.0,1.0,0.0003068421792704,1.0,8.64116096496582,1212.807864198685,d1500_B1500_R8_20251031_174126,2025-10-31 17:45:19,1500,40,1500,193.64916731037084
82,0.0,1.0,1.0,0.0003068421792704,1.0,2.215319871902466,1201.274157837939,d1500_B1500_R8_20251031_174126,2025-10-31 17:45:19,1500,40,1500,193.64916731037084
83,0.0,1.0,1.0,0.0003068421792704,1.0,1.2606201171875,1201.1316934929832,d1500_B1500_R8_20251031_174126,2025-10-31 17:45:19,1500,40,1500,193.64916731037084
84,0.0,1.0,1.0,0.0003068421792704,1.0,0.5209109783172607,1209.410886952645,d1500_B1500_R8_20251031_174126,2025-10-31 17:45:19,1500,40,1500,193.64916731037084
85,0.0,1.0,1.0,0.0003068421792704,1.0,0.5748469829559326,1216.9292848638456,d1500_B1500_R8_20251031_174126,2025-10-31 17:45:19,1500,40,1500,193.64916731037084
86,0.0,1.0,1.0,0.0003068421792704,1.0,0.6817011833190918,1223.2104603848595,d1500_B1500_R8_20251031_174126,2025-10-31 17:45:19,1500,40,1500,193.64916731037084
87,0.0,1.0,1.0,0.0003068421792704,1.0,0.8395321369171143,1227.607082843867,d1500_B1500_R8_20251031_174126,2025-10-31 17:45:19,1500,40,1500,193.64916731037084
88,0.0,1.0,1.0,0.0003068421792704,1.0,0.5951831340789795,1234.7001668085709,d1500_B1500_R8_20251031_174126,2025-10-31 17:45:19,1500,40,1500,193.64916731037084
89,0.0,1.0,1.0,0.0003068421792704,1.0,0.543708086013794,1242.3233938012615,d1500_B1500_R8_20251031_174126,2025-10-31 17:45:19,1500,40,1500,193.64916731037084
90,0.0,1.0,1.0,0.0003068421792704,1.0,0.4719469547271728,1250.6893862160243,d1500_B1500_R8_20251031_174126,2025-10-31 17:45:19,1500,40,1500,193.64916731037084
91,0.0,1.0,1.0,0.0003068421792704,1.0,0.888279914855957,1254.1678668512493,d1500_B1500_R8_20251031_174126,2025-10-31 17:45:19,1500,40,1500,193.64916731037084
92,0.0,1.0,1.0,0.0003068421792704,1.0,1.167827844619751,1254.4804364512145,d1500_B1500_R8_20251031_174126,2025-10-31 17:45:19,1500,40,1500,193.64916731037084
93,0.0,1.0,1.0,0.0003068421792704,1.0,0.5195996761322021,1262.0678278796513,d1500_B1500_R8_20251031_174126,2025-10-31 17:45:19,1500,40,1500,193.64916731037084
94,0.0,1.0,1.0,0.0003068421792704,1.0,0.5836970806121826,1268.8543267898126,d1500_B1500_R8_20251031_174126,2025-10-31 17:45:19,1500,40,1500,193.64916731037084
95,0.0,1.0,1.0,0.0003068421792704,1.0,0.4923446178436279,1276.5611004550033,d1500_B1500_R8_20251031_174126,2025-10-31 17:45:19,1500,40,1500,193.64916731037084
96,0.0,1.0,1.0,0.0003068421792704,1.0,0.4959380626678467,1284.205243811009,d1500_B1500_R8_20251031_174126,2025-10-31 17:45:19,1500,40,1500,193.64916731037084
97,0.0,1.0,1.0,0.0003068421792704,1.0,0.573815107345581,1290.8998654014124,d1500_B1500_R8_20251031_174126,2025-10-31 17:45:19,1500,40,1500,193.64916731037084
98,0.0,1.0,1.0,0.0003068421792704,1.0,0.4887552261352539,1298.494629344365,d1500_B1500_R8_20251031_174126,2025-10-31 17:45:19,1500,40,1500,193.64916731037084
99,0.0,1.0,1.0,0.0003068421792704,1.0,0.4552609920501709,1306.4074700127037,d1500_B1500_R8_20251031_174126,2025-10-31 17:45:19,1500,40,1500,193.64916731037084
100,0.0,1.0,1.0,0.0003068421792704,1.0,0.5446209907531738,1313.2378980017263,d1500_B1500_R8_20251031_174126,2025-10-31 17:45:19,1500,40,1500,193.64916731037084
101,0.0,1.0,1.0,0.0003068421792704,1.0,0.9898390769958496,1314.9393842642976,d1500_B1500_R8_20251031_174126,2025-10-31 17:45:19,1500,40,1500,193.64916731037084
102,0.0,1.0,1.0,0.0003068421792704,1.0,0.7166671752929688,1319.6218046235736,d1500_B1500_R8_20251031_174126,2025-10-31 17:45:19,1500,40,1500,193.64916731037084
103,0.0,1.0,1.0,0.0003068421792704,1.0,0.7419180870056152,1324.0326684129575,d1500_B1500_R8_20251031_174126,2025-10-31 17:45:19,1500,40,1500,193.64916731037084
104,0.0,1.0,1.0,0.0003068421792704,1.0,1.9054601192474363,1315.4826003511905,d1500_B1500_R8_20251031_174126,2025-10-31 17:45:19,1500,40,1500,193.64916731037084
105,0.0,1.0,1.0,0.0003068421792704,1.0,0.7762248516082764,1319.4265869362466,d1500_B1500_R8_20251031_174126,2025-10-31 17:45:19,1500,40,1500,193.64916731037084
106,0.0,1.0,1.0,0.0003068421792704,1.0,0.710852861404419,1324.0551430018782,d1500_B1500_R8_20251031_174126,2025-10-31 17:45:19,1500,40,1500,193.64916731037084
107,0.0,1.0,1.0,0.0003068421792704,1.0,0.6516389846801758,1329.2797713607622,d1500_B1500_R8_20251031_174126,2025-10-31 17:45:19,1500,40,1500,193.64916731037084
108,0.0,1.0,1.0,0.0003068421792704,1.0,0.6450827121734619,1334.5209334308229,d1500_B1500_R8_20251031_174126,2025-10-31 17:45:19,1500,40,1500,193.64916731037084
109,0.0,1.0,1.0,0.0003068421792704,1.0,0.7661030292510986,1338.391867831863,d1500_B1500_R8_20251031_174126,2025-10-31 17:45:19,1500,40,1500,193.64916731037084
110,0.0,1.0,1.0,0.0003068421792704,1.0,1.0314288139343262,1339.3490689981486,d1500_B1500_R8_20251031_174126,2025-10-31 17:45:19,1500,40,1500,193.64916731037084
111,0.0,1.0,1.0,0.0003068421792704,1.0,2.359141111373902,1326.2386475071817,d1500_B1500_R8_20251031_174126,2025-10-31 17:45:19,1500,40,1500,193.64916731037084
112,0.0,1.0,1.0,0.0003068421792704,1.0,0.8331608772277832,1329.2673054340028,d1500_B1500_R8_20251031_174126,2025-10-31 17:45:19,1500,40,1500,193.64916731037084
113,0.0,1.0,1.0,0.0003068421792704,1.0,1.945694923400879,1320.871328240805,d1500_B1500_R8_20251031_174126,2025-10-31 17:45:19,1500,40,1500,193.64916731037084
114,0.0,1.0,1.0,0.0003068421792704,1.0,0.8858339786529541,1323.3868330339835,d1500_B1500_R8_20251031_174126,2025-10-31 17:45:19,1500,40,1500,193.64916731037084
115,0.0,1.0,1.0,0.0003068421792704,1.0,0.7481288909912109,1327.2731316762383,d1500_B1500_R8_20251031_174126,2025-10-31 17:45:19,1500,40,1500,193.64916731037084
116,0.0,1.0,1.0,0.0003068421792704,1.0,0.7962329387664795,1330.6266076412485,d1500_B1500_R8_20251031_174126,2025-10-31 17:45:19,1500,40,1500,193.64916731037084
117,0.0,1.0,1.0,0.0003068421792704,1.0,1.985055923461914,1322.0950641076972,d1500_B1500_R8_20251031_174126,2025-10-31 17:45:19,1500,40,1500,193.64916731037084
118,0.0,1.0,1.0,0.0003068421792704,1.0,0.768848180770874,1325.6631784490376,d1500_B1500_R8_20251031_174126,2025-10-31 17:45:19,1500,40,1500,193.64916731037084
119,0.0,1.0,1.0,0.0003068421792704,1.0,0.5537919998168945,1331.325138748607,d1500_B1500_R8_20251031_174126,2025-10-31 17:45:19,1500,40,1500,193.64916731037084
120,0.0,1.0,1.0,0.0003068421792704,1.0,0.6078121662139893,1336.4090211662608,d1500_B1500_R8_20251031_174126,2025-10-31 17:45:19,1500,40,1500,193.64916731037084
121,0.0,1.0,1.0,0.0003068421792704,1.0,1.6276133060455322,1331.4903074766437,d1500_B1500_R8_20251031_174126,2025-10-31 17:45:19,1500,40,1500,193.64916731037084
122,0.0,1.0,1.0,0.0003068421792704,1.0,0.7124879360198975,1335.4714454546802,d1500_B1500_R8_20251031_174126,2025-10-31 17:45:19,1500,40,1500,193.64916731037084
123,0.0,1.0,1.0,0.0003068421792704,1.0,0.5371460914611816,1341.1102615275613,d1500_B1500_R8_20251031_174126,2025-10-31 17:45:19,1500,40,1500,193.64916731037084
124,0.0,1.0,1.0,0.0003068421792704,1.0,1.6895909309387207,1335.6451826452906,d1500_B1500_R8_20251031_174126,2025-10-31 17:45:19,1500,40,1500,193.64916731037084
125,0.0,1.0,1.0,0.0003068421792704,1.0,0.6597580909729004,1340.01445979377,d1500_B1500_R8_20251031_174126,2025-10-31 17:45:19,1500,40,1500,193.64916731037084
126,0.0,1.0,1.0,0.0003068421792704,1.0,0.575779914855957,1345.154582591062,d1500_B1500_R8_20251031_174126,2025-10-31 17:45:19,1500,40,1500,193.64916731037084
127,0.0,1.0,1.0,0.0003068421792704,1.0,0.5325839519500732,1350.6642304676054,d1500_B1500_R8_20251031_174126,2025-10-31 17:45:19,1500,40,1500,193.64916731037084
128,0.0,1.0,1.0,0.0003068421792704,1.0,1.4561069011688232,1347.4097968606109,d1500_B1500_R8_20251031_174126,2025-10-31 17:45:19,1500,40,1500,193.64916731037084
129,0.0,1.0,1.0,0.0003068421792704,1.0,1.0435447692871094,1348.040307978456,d1500_B1500_R8_20251031_174126,2025-10-31 17:45:19,1500,40,1500,193.64916731037084
130,0.0,1.0,1.0,0.0003068421792704,1.0,0.6500799655914307,1352.3141153957952,d1500_B1500_R8_20251031_174126,2025-10-31 17:45:19,1500,40,1500,193.64916731037084
131,0.0,1.0,1.0,0.0003068421792704,1.0,0.5637030601501465,1357.3684119977577,d1500_B1500_R8_20251031_174126,2025-10-31 17:45:19,1500,40,1500,193.64916731037084
132,0.0,1.0,1.0,0.0003068421792704,1.0,0.7447659969329834,1360.6695814175598,d1500_B1500_R8_20251031_174126,2025-10-31 17:45:19,1500,40,1500,193.64916731037084
133,0.0,1.0,1.0,0.0003068421792704,1.0,1.7530031204223633,1354.6907055126544,d1500_B1500_R8_20251031_174126,2025-10-31 17:45:19,1500,40,1500,193.64916731037084
134,0.0,1.0,1.0,0.0003068421792704,1.0,1.7599098682403564,1348.756372113613,d1500_B1500_R8_20251031_174126,2025-10-31 17:45:19,1500,40,1500,193.64916731037084
135,0.0,1.0,1.0,0.0003068421792704,1.0,0.5843489170074463,1353.440621342993,d1500_B1500_R8_20251031_174126,2025-10-31 17:45:19,1500,40,1500,193.64916731037084
136,0.0,1.0,1.0,0.0003068421792704,1.0,0.611652135848999,1357.7994537059667,d1500_B1500_R8_20251031_174126,2025-10-31 17:45:19,1500,40,1500,193.64916731037084
137,0.0,1.0,1.0,0.0003068421792704,1.0,1.2402067184448242,1356.5897185296683,d1500_B1500_R8_20251031_174126,2025-10-31 17:45:19,1500,40,1500,193.64916731037084
138,0.0,1.0,1.0,0.0003068421792704,1.0,0.6682009696960449,1360.451695053382,d1500_B1500_R8_20251031_174126,2025-10-31 17:45:19,1500,40,1500,193.64916731037084
139,0.0,1.0,1.0,0.0003068421792704,1.0,0.7230362892150879,1363.802497163511,d1500_B1500_R8_20251031_174126,2025-10-31 17:45:19,1500,40,1500,193.64916731037084
140,0.0,1.0,1.0,0.0003068421792704,1.0,2.5128231048583984,1351.4774384453494,d1500_B1500_R8_20251031_174126,2025-10-31 17:45:19,1500,40,1500,193.64916731037084
141,0.0,1.0,1.0,0.0003068421792704,1.0,1.1819112300872805,1350.8393050544514,d1500_B1500_R8_20251031_174126,2025-10-31 17:45:19,1500,40,1500,193.64916731037084
142,0.0,1.0,1.0,0.0003068421792704,1.0,0.9569122791290284,1352.1338546168802,d1500_B1500_R8_20251031_174126,2025-10-31 17:45:19,1500,40,1500,193.64916731037084
143,0.0,1.0,1.0,0.0003068421792704,1.0,3.733574867248535,1330.269089498462,d1500_B1500_R8_20251031_174126,2025-10-31 17:45:19,1500,40,1500,193.64916731037084
144,0.0,1.0,1.0,0.0003068421792704,1.0,0.8859231472015381,1332.2155038781698,d1500_B1500_R8_20251031_174126,2025-10-31 17:45:19,1500,40,1500,193.64916731037084
145,0.0,1.0,1.0,0.0003068421792704,1.0,0.5038118362426758,1337.2733659388944,d1500_B1500_R8_20251031_174126,2025-10-31 17:45:19,1500,40,1500,193.64916731037084
146,0.0,1.0,1.0,0.0003068421792704,1.0,0.5909960269927979,1341.5863969198317,d1500_B1500_R8_20251031_174126,2025-10-31 17:45:19,1500,40,1500,193.64916731037084
147,0.0,1.0,1.0,0.0003068421792704,1.0,0.5037810802459717,1346.580496319576,d1500_B1500_R8_20251031_174126,2025-10-31 17:45:19,1500,40,1500,193.64916731037084
148,0.0,1.0,1.0,0.0003068421792704,1.0,0.7734479904174805,1349.3450025856832,d1500_B1500_R8_20251031_174126,2025-10-31 17:45:19,1500,40,1500,193.64916731037084
149,0.0,1.0,1.0,0.0003068421792704,1.0,0.7423951625823975,1352.3376463756588,d1500_B1500_R8_20251031_174126,2025-10-31 17:45:19,1500,40,1500,193.64916731037084
150,0.0,1.0,1.0,0.0003068421792704,1.0,0.8737130165100098,1354.238719081137,d1500_B1500_R8_20251031_174126,2025-10-31 17:45:19,1500,40,1500,193.64916731037084
151,0.0,1.0,1.0,0.0003068421792704,1.0,1.3639099597930908,1352.1726961886986,d1500_B1500_R8_20251031_174126,2025-10-31 17:45:19,1500,40,1500,193.64916731037084
152,0.0,1.0,1.0,0.0003068421792704,1.0,0.5932271480560303,1356.2894472320515,d1500_B1500_R8_20251031_174126,2025-10-31 17:45:19,1500,40,1500,193.64916731037084
153,0.0,1.0,1.0,0.0003068421792704,1.0,0.4672913551330566,1361.3910963159474,d1500_B1500_R8_20251031_174126,2025-10-31 17:45:19,1500,40,1500,193.64916731037084
154,0.0,1.0,1.0,0.0003068421792704,1.0,0.462785005569458,1366.502113167035,d1500_B1500_R8_20251031_174126,2025-10-31 17:45:19,1500,40,1500,193.64916731037084
155,0.0,1.0,1.0,0.0003068421792704,1.0,0.4453442096710205,1371.7145687879115,d1500_B1500_R8_20251031_174126,2025-10-31 17:45:19,1500,40,1500,193.64916731037084
156,0.0,1.0,1.0,0.0003068421792704,1.0,0.4653072357177734,1376.7493443161968,d1500_B1500_R8_20251031_174126,2025-10-31 17:45:19,1500,40,1500,193.64916731037084
157,0.0,1.0,1.0,0.0003068421792704,1.0,0.7743351459503174,1379.2720773849785,d1500_B1500_R8_20251031_174126,2025-10-31 17:45:19,1500,40,1500,193.64916731037084
158,0.0,1.0,1.0,0.0003068421792704,1.0,2.978515863418579,1363.760541093846,d1500_B1500_R8_20251031_174126,2025-10-31 17:45:19,1500,40,1500,193.64916731037084
159,0.0,1.0,1.0,0.0003068421792704,1.0,0.6542849540710449,1367.2078496935635,d1500_B1500_R8_20251031_174126,2025-10-31 17:45:19,1500,40,1500,193.64916731037084
160,0.0,1.0,1.0,0.0003068421792704,1.0,0.4240579605102539,1372.435471567691,d1500_B1500_R8_20251031_174126,2025-10-31 17:45:19,1500,40,1500,193.64916731037084
161,0.0,1.0,1.0,0.0003068421792704,1.0,1.4684369564056396,1369.5201338394843,d1500_B1500_R8_20251031_174126,2025-10-31 17:45:19,1500,40,1500,193.64916731037084
162,0.0,1.0,1.0,0.0003068421792704,1.0,0.946202039718628,1370.5299369590937,d1500_B1500_R8_20251031_174126,2025-10-31 17:45:19,1500,40,1500,193.64916731037084
163,0.0,1.0,1.0,0.0003068421792704,1.0,0.4087297916412353,1375.7835533586683,d1500_B1500_R8_20251031_174126,2025-10-31 17:45:19,1500,40,1500,193.64916731037084
164,0.0,1.0,1.0,0.0003068421792704,1.0,0.3600356578826904,1381.3877030502326,d1500_B1500_R8_20251031_174126,2025-10-31 17:45:19,1500,40,1500,193.64916731037084
165,0.0,1.0,1.0,0.0003068421792704,1.0,0.3569469451904297,1386.984041658825,d1500_B1500_R8_20251031_174126,2025-10-31 17:45:19,1500,40,1500,193.64916731037084
166,0.0,1.0,1.0,0.0003068421792704,1.0,0.4517021179199219,1391.835253978399,d1500_B1500_R8_20251031_174126,2025-10-31 17:45:19,1500,40,1500,193.64916731037084
167,0.0,1.0,1.0,0.0003068421792704,1.0,0.3330168724060058,1397.5804831867515,d1500_B1500_R8_20251031_174126,2025-10-31 17:45:19,1500,40,1500,193.64916731037084
168,0.0,1.0,1.0,0.0003068421792704,1.0,0.3348968029022217,1403.2915931969237,d1500_B1500_R8_20251031_174126,2025-10-31 17:45:19,1500,40,1500,193.64916731037084
169,0.0,1.0,1.0,0.0003068421792704,1.0,0.3817522525787353,1408.6166937789735,d1500_B1500_R8_20251031_174126,2025-10-31 17:45:19,1500,40,1500,193.64916731037084
170,0.0,1.0,1.0,0.0003068421792704,1.0,0.4757649898529053,1413.1349868782402,d1500_B1500_R8_20251031_174126,2025-10-31 17:45:19,1500,40,1500,193.64916731037084
171,0.0,1.0,1.0,0.0003068421792704,1.0,0.3948571681976318,1418.3105303981868,d1500_B1500_R8_20251031_174126,2025-10-31 17:45:19,1500,40,1500,193.64916731037084
172,0.0,1.0,1.0,0.0003068421792704,1.0,0.7217168807983398,1420.9155033752195,d1500_B1500_R8_20251031_174126,2025-10-31 17:45:19,1500,40,1500,193.64916731037084
173,0.0,1.0,1.0,0.0003068421792704,1.0,0.4164009094238281,1425.8737074336266,d1500_B1500_R8_20251031_174126,2025-10-31 17:45:19,1500,40,1500,193.64916731037084
174,0.0,1.0,1.0,0.0003068421792704,1.0,0.6057248115539551,1429.334181911879,d1500_B1500_R8_20251031_174126,2025-10-31 17:45:19,1500,40,1500,193.64916731037084
175,0.0,1.0,1.0,0.0003068421792704,1.0,2.82494592666626,1415.7210145497413,d1500_B1500_R8_20251031_174126,2025-10-31 17:45:19,1500,40,1500,193.64916731037084
176,0.0,1.0,1.0,0.0003068421792704,1.0,2.659982204437256,1403.7249568752557,d1500_B1500_R8_20251031_174126,2025-10-31 17:45:19,1500,40,1500,193.64916731037084
177,0.0,1.0,1.0,0.0003068421792704,1.0,0.6772899627685547,1406.6061994781169,d1500_B1500_R8_20251031_174126,2025-10-31 17:45:19,1500,40,1500,193.64916731037084
178,0.0,1.0,1.0,0.0003068421792704,1.0,0.4287178516387939,1411.318662882573,d1500_B1500_R8_20251031_174126,2025-10-31 17:45:19,1500,40,1500,193.64916731037084
179,0.0,1.0,1.0,0.0003068421792704,1.0,0.3501830101013183,1416.5937581175417,d1500_B1500_R8_20251031_174126,2025-10-31 17:45:19,1500,40,1500,193.64916731037084
180,0.0,1.0,1.0,0.0003068421792704,1.0,0.3387050628662109,1421.934587575931,d1500_B1500_R8_20251031_174126,2025-10-31 17:45:19,1500,40,1500,193.64916731037084
181,0.0,1.0,1.0,0.0003068421792704,1.0,0.3487951755523681,1427.17955033022,d1500_B1500_R8_20251031_174126,2025-10-31 17:45:19,1500,40,1500,193.64916731037084
182,0.0,1.0,1.0,0.0003068421792704,1.0,0.3375499248504638,1432.4903079757537,d1500_B1500_R8_20251031_174126,2025-10-31 17:45:19,1500,40,1500,193.64916731037084
183,0.0,1.0,1.0,0.0003068421792704,1.0,1.6034579277038574,1428.3623401342968,d1500_B1500_R8_20251031_174126,2025-10-31 17:45:19,1500,40,1500,193.64916731037084
184,0.0,1.0,1.0,0.0003068421792704,1.0,0.4900128841400146,1432.4850191654114,d1500_B1500_R8_20251031_174126,2025-10-31 17:45:19,1500,40,1500,193.64916731037084
185,0.0,1.0,1.0,0.0003068421792704,1.0,0.3730151653289795,1437.4567065675672,d1500_B1500_R8_20251031_174126,2025-10-31 17:45:19,1500,40,1500,193.64916731037084
186,0.0,1.0,1.0,0.0003068421792704,1.0,0.4043140411376953,1442.17719032812,d1500_B1500_R8_20251031_174126,2025-10-31 17:45:19,1500,40,1500,193.64916731037084
187,0.0,1.0,1.0,0.0003068421792704,1.0,0.4689559936523437,1446.3998806011846,d1500_B1500_R8_20251031_174126,2025-10-31 17:45:19,1500,40,1500,193.64916731037084
188,0.0,1.0,1.0,0.0003068421792704,1.0,0.3887491226196289,1451.198111079136,d1500_B1500_R8_20251031_174126,2025-10-31 17:45:19,1500,40,1500,193.64916731037084
189,0.0,1.0,1.0,0.0003068421792704,1.0,0.2825288772583008,1456.7655725908626,d1500_B1500_R8_20251031_174126,2025-10-31 17:45:19,1500,40,1500,193.64916731037084
190,0.0,1.0,1.0,0.0003068421792704,1.0,0.3151910305023193,1462.0754971249503,d1500_B1500_R8_20251031_174126,2025-10-31 17:45:19,1500,40,1500,193.64916731037084
191,0.0,1.0,1.0,0.0003068421792704,1.0,0.4470500946044922,1466.3688514239388,d1500_B1500_R8_20251031_174126,2025-10-31 17:45:19,1500,40,1500,193.64916731037084
192,0.0,1.0,1.0,0.0003068421792704,1.0,0.3344099521636963,1471.4971671603507,d1500_B1500_R8_20251031_174126,2025-10-31 17:45:19,1500,40,1500,193.64916731037084
193,0.0,1.0,1.0,0.0003068421792704,1.0,0.3666191101074219,1476.3639065830985,d1500_B1500_R8_20251031_174126,2025-10-31 17:45:19,1500,40,1500,193.64916731037084
194,0.0,1.0,1.0,0.0003068421792704,1.0,0.5064547061920166,1480.1674328565427,d1500_B1500_R8_20251031_174126,2025-10-31 17:45:19,1500,40,1500,193.64916731037084
195,0.0,1.0,1.0,0.0003068421792704,1.0,0.3920240402221679,1484.7911830413022,d1500_B1500_R8_20251031_174126,2025-10-31 17:45:19,1500,40,1500,193.64916731037084
196,0.0,1.0,1.0,0.0003068421792704,1.0,0.3182411193847656,1489.9686595587991,d1500_B1500_R8_20251031_174126,2025-10-31 17:45:19,1500,40,1500,193.64916731037084
197,0.0,1.0,1.0,0.0003068421792704,1.0,0.2812240123748779,1495.3041771404985,d1500_B1500_R8_20251031_174126,2025-10-31 17:45:19,1500,40,1500,193.64916731037084
198,0.0,1.0,1.0,0.0003068421792704,1.0,0.2632272243499756,1500.8654768915196,d1500_B1500_R8_20251031_174126,2025-10-31 17:45:19,1500,40,1500,193.64916731037084
199,0.0,1.0,1.0,0.0003068421792704,1.0,0.3550059795379638,1505.713200231089,d1500_B1500_R8_20251031_174126,2025-10-31 17:45:19,1500,40,1500,193.64916731037084
200,0.0,1.0,1.0,0.0003068421792704,1.0,0.2774899005889892,1511.1344888073495,d1500_B1500_R8_20251031_174126,2025-10-31 17:45:19,1500,40,1500,193.64916731037084
201,0.0,1.0,1.0,0.0003068421792704,1.0,0.3075683116912842,1516.312768136767,d1500_B1500_R8_20251031_174126,2025-10-31 17:45:19,1500,40,1500,193.64916731037084
202,0.0,1.0,1.0,0.0003068421792704,1.0,0.2739100456237793,1521.728921393089,d1500_B1500_R8_20251031_174126,2025-10-31 17:45:19,1500,40,1500,193.64916731037084
203,0.0,1.0,1.0,0.0003068421792704,1.0,0.256803035736084,1527.2600849847609,d1500_B1500_R8_20251031_174126,2025-10-31 17:45:19,1500,40,1500,193.64916731037084
204,0.0,1.0,1.0,0.0003068421792704,1.0,0.3121190071105957,1532.3576740623946,d1500_B1500_R8_20251031_174126,2025-10-31 17:45:19,1500,40,1500,193.64916731037084
205,0.0,1.0,1.0,0.0003068421792704,1.0,0.2633860111236572,1537.8125854833115,d1500_B1500_R8_20251031_174126,2025-10-31 17:45:19,1500,40,1500,193.64916731037084
206,0.0,1.0,1.0,0.0003068421792704,1.0,0.2556190490722656,1543.3074023371769,d1500_B1500_R8_20251031_174126,2025-10-31 17:45:19,1500,40,1500,193.64916731037084
207,0.0,1.0,1.0,0.0003068421792704,1.0,0.3815510272979736,1547.8257218550316,d1500_B1500_R8_20251031_174126,2025-10-31 17:45:19,1500,40,1500,193.64916731037084
208,0.0,1.0,1.0,0.0003068421792704,1.0,0.2777819633483886,1553.123840573597,d1500_B1500_R8_20251031_174126,2025-10-31 17:45:19,1500,40,1500,193.64916731037084
209,0.0,1.0,1.0,0.0003068421792704,1.0,0.3163561820983886,1558.110908152942,d1500_B1500_R8_20251031_174126,2025-10-31 17:45:19,1500,40,1500,193.64916731037084
210,0.0,1.0,1.0,0.0003068421792704,1.0,0.5226781368255615,1561.4883758715143,d1500_B1500_R8_20251031_174126,2025-10-31 17:45:19,1500,40,1500,193.64916731037084
211,0.0,1.0,1.0,0.0003068421792704,1.0,0.5653088092803955,1564.523016744814,d1500_B1500_R8_20251031_174126,2025-10-31 17:45:19,1500,40,1500,193.64916731037084
212,0.0,1.0,1.0,0.0003068421792704,1.0,0.3647618293762207,1569.0842289492582,d1500_B1500_R8_20251031_174126,2025-10-31 17:45:19,1500,40,1500,193.64916731037084
213,0.0,1.0,1.0,0.0003068421792704,1.0,0.212691068649292,1574.8008468256226,d1500_B1500_R8_20251031_174126,2025-10-31 17:45:19,1500,40,1500,193.64916731037084
214,0.0,1.0,1.0,0.0003068421792704,1.0,0.2959182262420654,1579.8608251628673,d1500_B1500_R8_20251031_174126,2025-10-31 17:45:19,1500,40,1500,193.64916731037084
215,0.0,1.0,1.0,0.0003068421792704,1.0,0.2974362373352051,1584.897784011985,d1500_B1500_R8_20251031_174126,2025-10-31 17:45:19,1500,40,1500,193.64916731037084
216,0.0,1.0,1.0,0.0003068421792704,1.0,0.3085112571716308,1589.834458981584,d1500_B1500_R8_20251031_174126,2025-10-31 17:45:19,1500,40,1500,193.64916731037084
217,0.0,1.0,1.0,0.0003068421792704,1.0,0.3137280941009521,1594.713780670637,d1500_B1500_R8_20251031_174126,2025-10-31 17:45:19,1500,40,1500,193.64916731037084
218,0.0,1.0,1.0,0.0003068421792704,1.0,0.2772347927093506,1599.8643109397783,d1500_B1500_R8_20251031_174126,2025-10-31 17:45:19,1500,40,1500,193.64916731037084
219,0.0,1.0,1.0,0.0003068421792704,1.0,0.2743332386016845,1605.023654693353,d1500_B1500_R8_20251031_174126,2025-10-31 17:45:19,1500,40,1500,193.64916731037084
220,0.0,1.0,1.0,0.0003068421792704,1.0,0.2604479789733886,1610.2779129100218,d1500_B1500_R8_20251031_174126,2025-10-31 17:45:19,1500,40,1500,193.64916731037084
221,0.0,1.0,1.0,0.0003068421792704,1.0,0.2036230564117431,1615.9631456016125,d1500_B1500_R8_20251031_174126,2025-10-31 17:45:19,1500,40,1500,193.64916731037084
222,0.0,1.0,1.0,0.0003068421792704,1.0,0.2133517265319824,1621.5618192473794,d1500_B1500_R8_20251031_174126,2025-10-31 17:45:19,1500,40,1500,193.64916731037084
223,0.0,1.0,1.0,0.0003068421792704,1.0,0.2332727909088134,1626.9920198125683,d1500_B1500_R8_20251031_174126,2025-10-31 17:45:19,1500,40,1500,193.64916731037084
224,0.0,1.0,1.0,0.0003068421792704,1.0,0.2593328952789306,1632.2027810719544,d1500_B1500_R8_20251031_174126,2025-10-31 17:45:19,1500,40,1500,193.64916731037084
225,0.0,1.0,1.0,0.0003068421792704,1.0,0.3136069774627685,1636.97240440913,d1500_B1500_R8_20251031_174126,2025-10-31 17:45:19,1500,40,1500,193.64916731037084
226,0.0,1.0,1.0,0.0003068421792704,1.0,0.3389112949371338,1641.5260951930293,d1500_B1500_R8_20251031_174126,2025-10-31 17:45:19,1500,40,1500,193.64916731037084
227,0.0,1.0,1.0,0.0003068421792704,1.0,0.2731029987335205,1646.5876907687511,d1500_B1500_R8_20251031_174126,2025-10-31 17:45:19,1500,40,1500,193.64916731037084
228,0.0,1.0,1.0,0.0003068421792704,1.0,0.2389330863952636,1651.9062781045704,d1500_B1500_R8_20251031_174126,2025-10-31 17:45:19,1500,40,1500,193.64916731037084
229,0.0,1.0,1.0,0.0003068421792704,1.0,0.2911078929901123,1656.7987406352324,d1500_B1500_R8_20251031_174126,2025-10-31 17:45:19,1500,40,1500,193.64916731037084
230,0.0,1.0,1.0,0.0003068421792704,1.0,0.3166935443878174,1661.4722973595249,d1500_B1500_R8_20251031_174126,2025-10-31 17:45:19,1500,40,1500,193.64916731037084
231,0.0,1.0,1.0,0.0003068421792704,1.0,0.3407881259918213,1665.938742715903,d1500_B1500_R8_20251031_174126,2025-10-31 17:45:19,1500,40,1500,193.64916731037084
232,0.0,1.0,1.0,0.0003068421792704,1.0,0.2557680606842041,1671.0693459468318,d1500_B1500_R8_20251031_174126,2025-10-31 17:45:19,1500,40,1500,193.64916731037084
233,0.0,1.0,1.0,0.0003068421792704,1.0,0.2482318878173828,1676.2475413415823,d1500_B1500_R8_20251031_174126,2025-10-31 17:45:19,1500,40,1500,193.64916731037084
234,0.0,1.0,1.0,0.0003068421792704,1.0,0.2437520027160644,1681.452114978021,d1500_B1500_R8_20251031_174126,2025-10-31 17:45:19,1500,40,1500,193.64916731037084
235,0.0,1.0,1.0,0.0003068421792704,1.0,0.241981029510498,1686.6585403770148,d1500_B1500_R8_20251031_174126,2025-10-31 17:45:19,1500,40,1500,193.64916731037084
236,0.0,1.0,1.0,0.0003068421792704,1.0,0.2192790508270263,1692.0362207157405,d1500_B1500_R8_20251031_174126,2025-10-31 17:45:19,1500,40,1500,193.64916731037084
237,0.0,1.0,1.0,0.0003068421792704,1.0,0.1898128986358642,1697.6404808294683,d1500_B1500_R8_20251031_174126,2025-10-31 17:45:19,1500,40,1500,193.64916731037084
238,0.0,1.0,1.0,0.0003068421792704,1.0,0.1646399497985839,1703.4382355097748,d1500_B1500_R8_20251031_174126,2025-10-31 17:45:19,1500,40,1500,193.64916731037084
239,0.0,1.0,1.0,0.0003068421792704,1.0,0.1660351753234863,1709.2155912921212,d1500_B1500_R8_20251031_174126,2025-10-31 17:45:19,1500,40,1500,193.64916731037084
240,0.0,1.0,1.0,0.0003068421792704,1.0,0.1698129177093505,1714.9529563778462,d1500_B1500_R8_20251031_174126,2025-10-31 17:45:19,1500,40,1500,193.64916731037084
241,0.0,1.0,1.0,0.0003068421792704,1.0,0.1682338714599609,1720.6941376544323,d1500_B1500_R8_20251031_174126,2025-10-31 17:45:19,1500,40,1500,193.64916731037084
242,0.0,1.0,1.0,0.0003068421792704,1.0,0.1573660373687744,1726.51502527291,d1500_B1500_R8_20251031_174126,2025-10-31 17:45:19,1500,40,1500,193.64916731037084
243,0.0,1.0,1.0,0.0003068421792704,1.0,0.1655631065368652,1732.2600664667368,d1500_B1500_R8_20251031_174126,2025-10-31 17:45:19,1500,40,1500,193.64916731037084
244,0.0,1.0,1.0,0.0003068421792704,1.0,0.188439130783081,1737.808149139231,d1500_B1500_R8_20251031_174126,2025-10-31 17:45:19,1500,40,1500,193.64916731037084
245,0.0,1.0,1.0,0.0003068421792704,1.0,0.2814407348632812,1742.5790942743472,d1500_B1500_R8_20251031_174126,2025-10-31 17:45:19,1500,40,1500,193.64916731037084
246,0.0,1.0,1.0,0.0003068421792704,1.0,0.1782369613647461,1748.189738291989,d1500_B1500_R8_20251031_174126,2025-10-31 17:45:19,1500,40,1500,193.64916731037084
247,0.0,1.0,1.0,0.0003068421792704,1.0,0.2409830093383789,1753.272124355473,d1500_B1500_R8_20251031_174126,2025-10-31 17:45:19,1500,40,1500,193.64916731037084
248,0.0,1.0,1.0,0.0003068421792704,1.0,0.1890628337860107,1758.772903678008,d1500_B1500_R8_20251031_174126,2025-10-31 17:45:19,1500,40,1500,193.64916731037084
249,0.0,1.0,1.0,0.0003068421792704,1.0,0.1929490566253662,1764.2318224062,d1500_B1500_R8_20251031_174126,2025-10-31 17:45:19,1500,40,1500,193.64916731037084
250,0.0,1.0,1.0,0.0003068421792704,1.0,0.2135710716247558,1769.5093839700403,d1500_B1500_R8_20251031_174126,2025-10-31 17:45:19,1500,40,1500,193.64916731037084
251,0.0,1.0,1.0,0.0003068421792704,1.0,0.1819398403167724,1775.0398105611396,d1500_B1500_R8_20251031_174126,2025-10-31 17:45:19,1500,40,1500,193.64916731037084
252,0.0,1.0,1.0,0.0003068421792704,1.0,0.2075891494750976,1780.3465371907257,d1500_B1500_R8_20251031_174126,2025-10-31 17:45:19,1500,40,1500,193.64916731037084
253,0.0,1.0,1.0,0.0003068421792704,1.0,0.2164578437805175,1785.5686850904403,d1500_B1500_R8_20251031_174126,2025-10-31 17:45:19,1500,40,1500,193.64916731037084
254,0.0,1.0,1.0,0.0003068421792704,1.0,0.2257649898529052,1790.7022931741033,d1500_B1500_R8_20251031_174126,2025-10-31 17:45:19,1500,40,1500,193.64916731037084
255,0.0,1.0,1.0,0.0003068421792704,1.0,0.1885528564453125,1796.1374769347844,d1500_B1500_R8_20251031_174126,2025-10-31 17:45:19,1500,40,1500,193.64916731037084
256,0.0,1.0,1.0,0.0003068421792704,1.0,0.2005867958068847,1801.4618709868305,d1500_B1500_R8_20251031_174126,2025-10-31 17:45:19,1500,40,1500,193.64916731037084
257,0.0,1.0,1.0,0.0003068421792704,1.0,0.2011139392852783,1806.771881090191,d1500_B1500_R8_20251031_174126,2025-10-31 17:45:19,1500,40,1500,193.64916731037084
258,0.0,1.0,1.0,0.0003068421792704,1.0,0.1910450458526611,1812.1569316924097,d1500_B1500_R8_20251031_174126,2025-10-31 17:45:19,1500,40,1500,193.64916731037084
259,0.0,1.0,1.0,0.0003068421792704,1.0,0.2044849395751953,1817.418576814033,d1500_B1500_R8_20251031_174126,2025-10-31 17:45:19,1500,40,1500,193.64916731037084
260,0.0,1.0,1.0,0.0003068421792704,1.0,0.2107958793640136,1822.6166841310928,d1500_B1500_R8_20251031_174126,2025-10-31 17:45:19,1500,40,1500,193.64916731037084
261,0.0,1.0,1.0,0.0003068421792704,1.0,0.1940321922302246,1827.9467049615,d1500_B1500_R8_20251031_174126,2025-10-31 17:45:19,1500,40,1500,193.64916731037084
262,0.0,1.0,1.0,0.0003068421792704,1.0,0.1638238430023193,1833.5249580435016,d1500_B1500_R8_20251031_174126,2025-10-31 17:45:19,1500,40,1500,193.64916731037084
263,0.0,1.0,1.0,0.0003068421792704,1.0,0.1957039833068847,1838.8225322842345,d1500_B1500_R8_20251031_174126,2025-10-31 17:45:19,1500,40,1500,193.64916731037084
264,0.0,1.0,1.0,0.0003068421792704,1.0,0.1668357849121093,1844.3572641770809,d1500_B1500_R8_20251031_174126,2025-10-31 17:45:19,1500,40,1500,193.64916731037084
265,0.0,1.0,1.0,0.0003068421792704,1.0,0.162226915359497,1849.9232005330557,d1500_B1500_R8_20251031_174126,2025-10-31 17:45:19,1500,40,1500,193.64916731037084
266,0.0,1.0,1.0,0.0003068421792704,1.0,0.1621432304382324,1855.481376586789,d1500_B1500_R8_20251031_174126,2025-10-31 17:45:19,1500,40,1500,193.64916731037084
267,0.0,1.0,1.0,0.0003068421792704,1.0,0.161402940750122,1861.0376058809725,d1500_B1500_R8_20251031_174126,2025-10-31 17:45:19,1500,40,1500,193.64916731037084
268,0.0,1.0,1.0,0.0003068421792704,1.0,0.161219835281372,1866.587250096857,d1500_B1500_R8_20251031_174126,2025-10-31 17:45:19,1500,40,1500,193.64916731037084
269,0.0,1.0,1.0,0.0003068421792704,1.0,0.1666979789733886,1872.0810860926763,d1500_B1500_R8_20251031_174126,2025-10-31 17:45:19,1500,40,1500,193.64916731037084
270,0.0,1.0,1.0,0.0003068421792704,1.0,0.1673653125762939,1877.560537812557,d1500_B1500_R8_20251031_174126,2025-10-31 17:45:19,1500,40,1500,193.64916731037084
271,0.0,1.0,1.0,0.0003068421792704,1.0,0.1718640327453613,1882.992601015132,d1500_B1500_R8_20251031_174126,2025-10-31 17:45:19,1500,40,1500,193.64916731037084
272,0.0,1.0,1.0,0.0003068421792704,1.0,0.1668727397918701,1888.4595855610792,d1500_B1500_R8_20251031_174126,2025-10-31 17:45:19,1500,40,1500,193.64916731037084
273,0.0,1.0,1.0,0.0003068421792704,1.0,0.2092378139495849,1893.5484868949873,d1500_B1500_R8_20251031_174126,2025-10-31 17:45:19,1500,40,1500,193.64916731037084
274,0.0,1.0,1.0,0.0003068421792704,1.0,0.1845171451568603,1898.8433071056909,d1500_B1500_R8_20251031_174126,2025-10-31 17:45:19,1500,40,1500,193.64916731037084
275,0.0,1.0,1.0,0.0003068421792704,1.0,0.1678941249847412,1904.2748348308685,d1500_B1500_R8_20251031_174126,2025-10-31 17:45:19,1500,40,1500,193.64916731037084
276,0.0,1.0,1.0,0.0003068421792704,1.0,0.1652188301086425,1909.7214464199435,d1500_B1500_R8_20251031_174126,2025-10-31 17:45:19,1500,40,1500,193.64916731037084
277,0.0,1.0,1.0,0.0003068421792704,1.0,0.1768510341644287,1915.057551761392,d1500_B1500_R8_20251031_174126,2025-10-31 17:45:19,1500,40,1500,193.64916731037084
278,0.0,1.0,1.0,0.0003068421792704,1.0,0.2101960182189941,1920.0907027893957,d1500_B1500_R8_20251031_174126,2025-10-31 17:45:19,1500,40,1500,193.64916731037084
279,0.0,1.0,1.0,0.0003068421792704,1.0,0.1863927841186523,1925.324252738176,d1500_B1500_R8_20251031_174126,2025-10-31 17:45:19,1500,40,1500,193.64916731037084
280,0.0,1.0,1.0,0.0003068421792704,1.0,0.2120029926300048,1930.322455244531,d1500_B1500_R8_20251031_174126,2025-10-31 17:45:19,1500,40,1500,193.64916731037084
281,0.0,1.0,1.0,0.0003068421792704,1.0,0.176462173461914,1935.6257895978447,d1500_B1500_R8_20251031_174126,2025-10-31 17:45:19,1500,40,1500,193.64916731037084
282,0.0,1.0,1.0,0.0003068421792704,1.0,0.2153172492980957,1940.5761091994473,d1500_B1500_R8_20251031_174126,2025-10-31 17:45:19,1500,40,1500,193.64916731037084
283,0.0,1.0,1.0,0.0003068421792704,1.0,0.3164489269256592,1944.6183378295664,d1500_B1500_R8_20251031_174126,2025-10-31 17:45:19,1500,40,1500,193.64916731037084
284,0.0,1.0,1.0,0.0003068421792704,1.0,0.2518448829650879,1949.2218237748652,d1500_B1500_R8_20251031_174126,2025-10-31 17:45:19,1500,40,1500,193.64916731037084
285,0.0,1.0,1.0,0.0003068421792704,1.0,0.1690349578857422,1954.5510277982992,d1500_B1500_R8_20251031_174126,2025-10-31 17:45:19,1500,40,1500,193.64916731037084
286,0.0,1.0,1.0,0.0003068421792704,1.0,0.168544054031372,1959.8786826447683,d1500_B1500_R8_20251031_174126,2025-10-31 17:45:19,1500,40,1500,193.64916731037084
287,0.0,1.0,1.0,0.0003068421792704,1.0,0.1726992130279541,1965.1608885377705,d1500_B1500_R8_20251031_174126,2025-10-31 17:45:19,1500,40,1500,193.64916731037084
288,0.0,1.0,1.0,0.0003068421792704,1.0,0.1661441326141357,1970.4935240943817,d1500_B1500_R8_20251031_174126,2025-10-31 17:45:19,1500,40,1500,193.64916731037084
289,0.0,1.0,1.0,0.0003068421792704,1.0,0.1786377429962158,1975.706117097077,d1500_B1500_R8_20251031_174126,2025-10-31 17:45:19,1500,40,1500,193.64916731037084
290,0.0,1.0,1.0,0.0003068421792704,1.0,0.2105300426483154,1980.6229537493296,d1500_B1500_R8_20251031_174126,2025-10-31 17:45:19,1500,40,1500,193.64916731037084
291,0.0,1.0,1.0,0.0003068421792704,1.0,0.2160179615020752,1985.4814236891425,d1500_B1500_R8_20251031_174126,2025-10-31 17:45:19,1500,40,1500,193.64916731037084
292,0.0,1.0,1.0,0.0003068421792704,1.0,0.2400629520416259,1990.113528768945,d1500_B1500_R8_20251031_174126,2025-10-31 17:45:19,1500,40,1500,193.64916731037084
293,0.0,1.0,1.0,0.0003068421792704,1.0,0.1900298595428466,1995.1870173873629,d1500_B1500_R8_20251031_174126,2025-10-31 17:45:19,1500,40,1500,193.64916731037084
294,0.0,1.0,1.0,0.0003068421792704,1.0,1.615293025970459,1987.446621772165,d1500_B1500_R8_20251031_174126,2025-10-31 17:45:19,1500,40,1500,193.64916731037084
295,0.0,1.0,1.0,0.0003068421792704,1.0,0.3444657325744629,1991.0879767000904,d1500_B1500_R8_20251031_174126,2025-10-31 17:45:19,1500,40,1500,193.64916731037084
296,0.0,1.0,1.0,0.0003068421792704,1.0,0.2792489528656006,1995.313648036188,d1500_B1500_R8_20251031_174126,2025-10-31 17:45:19,1500,40,1500,193.64916731037084
297,0.0,1.0,1.0,0.0003068421792704,1.0,0.3204779624938965,1999.160491887597,d1500_B1500_R8_20251031_174126,2025-10-31 17:45:19,1500,40,1500,193.64916731037084
298,0.0,1.0,1.0,0.0003068421792704,1.0,0.240739107131958,2003.7097956122968,d1500_B1500_R8_20251031_174126,2025-10-31 17:45:19,1500,40,1500,193.64916731037084
299,0.0,1.0,1.0,0.0003068421792704,1.0,0.2027320861816406,2008.5902197753396,d1500_B1500_R8_20251031_174126,2025-10-31 17:45:19,1500,40,1500,193.64916731037084
0,0.6931471824645996,1.0,0.5,3.419999599456787,0.0,0.1604411602020263,6.193057604254798,d1000_B1_R7_20251031_174130,2025-10-31 17:42:08,1000,40,1,193.64916731037084
1,0.0,1.0,0.5,3.419999599456787,0.0,0.1078701019287109,7.418091651183952,d1000_B1_R7_20251031_174130,2025-10-31 17:42:08,1000,40,1,193.64916731037084
2,0.0,1.0,0.5,3.419999599456787,0.0,0.1062970161437988,7.9743510931775505,d1000_B1_R7_20251031_174130,2025-10-31 17:42:08,1000,40,1,193.64916731037084
3,0.0,1.0,0.5,3.419999599456787,0.0,0.1062479019165039,8.2691070001868,d1000_B1_R7_20251031_174130,2025-10-31 17:42:08,1000,40,1,193.64916731037084
4,0.0,1.0,0.5,3.419999599456787,0.0,0.2129232883453369,7.174980190689419,d1000_B1_R7_20251031_174130,2025-10-31 17:42:08,1000,40,1,193.64916731037084
5,0.0,1.0,0.5,3.419999599456787,0.0,0.4276950359344482,5.307860374834669,d1000_B1_R7_20251031_174130,2025-10-31 17:42:08,1000,40,1,193.64916731037084
6,0.0,1.0,0.5,3.419999599456787,0.0,0.1579279899597168,5.431762760285477,d1000_B1_R7_20251031_174130,2025-10-31 17:42:08,1000,40,1,193.64916731037084
7,0.0,1.0,0.5,3.419999599456787,0.0,0.1397628784179687,5.597289901654177,d1000_B1_R7_20251031_174130,2025-10-31 17:42:08,1000,40,1,193.64916731037084
8,0.0,1.0,0.5,3.419999599456787,0.0,0.1525521278381347,5.6876237382092745,d1000_B1_R7_20251031_174130,2025-10-31 17:42:08,1000,40,1,193.64916731037084
9,0.0,1.0,0.5,3.419999599456787,0.0,0.1392650604248047,5.802466215258107,d1000_B1_R7_20251031_174130,2025-10-31 17:42:08,1000,40,1,193.64916731037084
10,0.0,1.0,0.5,3.419999599456787,0.0,0.1593949794769287,5.841527727203436,d1000_B1_R7_20251031_174130,2025-10-31 17:42:08,1000,40,1,193.64916731037084
11,0.0,1.0,0.5,3.419999599456787,0.0,0.129127025604248,5.9589961557268065,d1000_B1_R7_20251031_174130,2025-10-31 17:42:08,1000,40,1,193.64916731037084
12,0.0,1.0,0.5,3.419999599456787,0.0,0.0850419998168945,6.193380485120926,d1000_B1_R7_20251031_174130,2025-10-31 17:42:08,1000,40,1,193.64916731037084
13,0.0,1.0,0.5,3.419999599456787,0.0,0.1126039028167724,6.322411429560762,d1000_B1_R7_20251031_174130,2025-10-31 17:42:08,1000,40,1,193.64916731037084
14,0.0,1.0,0.5,3.419999599456787,0.0,0.0733728408813476,6.556089948328292,d1000_B1_R7_20251031_174130,2025-10-31 17:42:08,1000,40,1,193.64916731037084
15,0.0,1.0,0.5,3.419999599456787,0.0,0.0838110446929931,6.7313881890072595,d1000_B1_R7_20251031_174130,2025-10-31 17:42:08,1000,40,1,193.64916731037084
16,0.0,1.0,0.5,3.419999599456787,0.0,0.1548871994018554,6.620301361669564,d1000_B1_R7_20251031_174130,2025-10-31 17:42:08,1000,40,1,193.64916731037084
17,0.0,1.0,0.5,3.419999599456787,0.0,0.1871149539947509,6.530462774467025,d1000_B1_R7_20251031_174130,2025-10-31 17:42:08,1000,40,1,193.64916731037084
18,0.0,1.0,0.5,3.419999599456787,0.0,0.0760660171508789,6.707234275635684,d1000_B1_R7_20251031_174130,2025-10-31 17:42:08,1000,40,1,193.64916731037084
19,0.0,1.0,0.5,3.419999599456787,0.0,0.1043672561645507,6.8088300586273425,d1000_B1_R7_20251031_174130,2025-10-31 17:42:08,1000,40,1,193.64916731037084
20,0.0,1.0,0.5,3.419999599456787,0.0,0.0619809627532959,7.0010404543598215,d1000_B1_R7_20251031_174130,2025-10-31 17:42:08,1000,40,1,193.64916731037084
21,0.0,1.0,0.5,3.419999599456787,0.0,0.098499059677124,7.100717877117112,d1000_B1_R7_20251031_174130,2025-10-31 17:42:08,1000,40,1,193.64916731037084
22,0.0,1.0,0.5,3.419999599456787,0.0,0.058873176574707,7.284402758059101,d1000_B1_R7_20251031_174130,2025-10-31 17:42:08,1000,40,1,193.64916731037084
23,0.0,1.0,0.5,3.419999599456787,0.0,0.0658550262451171,7.445133947745095,d1000_B1_R7_20251031_174130,2025-10-31 17:42:08,1000,40,1,193.64916731037084
24,0.0,1.0,0.5,3.419999599456787,0.0,0.0512850284576416,7.63305188570397,d1000_B1_R7_20251031_174130,2025-10-31 17:42:08,1000,40,1,193.64916731037084
25,0.0,1.0,0.5,3.419999599456787,0.0,0.0497479438781738,7.819031268695798,d1000_B1_R7_20251031_174130,2025-10-31 17:42:08,1000,40,1,193.64916731037084
26,0.0,1.0,0.5,3.419999599456787,0.0,0.1001288890838623,7.881936127244392,d1000_B1_R7_20251031_174130,2025-10-31 17:42:08,1000,40,1,193.64916731037084
27,0.0,1.0,0.5,3.419999599456787,0.0,0.1198270320892334,7.897124797428604,d1000_B1_R7_20251031_174130,2025-10-31 17:42:08,1000,40,1,193.64916731037084
28,0.0,1.0,0.5,3.419999599456787,0.0,0.0662779808044433,8.027919659829797,d1000_B1_R7_20251031_174130,2025-10-31 17:42:08,1000,40,1,193.64916731037084
29,0.0,1.0,0.5,3.419999599456787,0.0,0.0810959339141845,8.121906256938814,d1000_B1_R7_20251031_174130,2025-10-31 17:42:08,1000,40,1,193.64916731037084
30,0.0,1.0,0.5,3.419999599456787,0.0,0.5713789463043213,7.23751487806734,d1000_B1_R7_20251031_174130,2025-10-31 17:42:08,1000,40,1,193.64916731037084
31,0.0,1.0,0.5,3.419999599456787,0.0,0.5600230693817139,6.49194271070718,d1000_B1_R7_20251031_174130,2025-10-31 17:42:08,1000,40,1,193.64916731037084
32,0.0,1.0,0.5,3.419999599456787,0.0,0.4121670722961426,6.131052886232389,d1000_B1_R7_20251031_174130,2025-10-31 17:42:08,1000,40,1,193.64916731037084
33,0.0,1.0,0.5,3.419999599456787,0.0,0.1865873336791992,6.104909623311705,d1000_B1_R7_20251031_174130,2025-10-31 17:42:08,1000,40,1,193.64916731037084
34,0.0,1.0,0.5,3.419999599456787,0.0,0.1196691989898681,6.151960729875832,d1000_B1_R7_20251031_174130,2025-10-31 17:42:08,1000,40,1,193.64916731037084
35,0.0,1.0,0.5,3.419999599456787,0.0,0.1127488613128662,6.204499168589818,d1000_B1_R7_20251031_174130,2025-10-31 17:42:08,1000,40,1,193.64916731037084
36,0.0,1.0,0.5,3.419999599456787,0.0,0.1550729274749755,6.209975913067759,d1000_B1_R7_20251031_174130,2025-10-31 17:42:08,1000,40,1,193.64916731037084
37,0.0,1.0,0.5,3.419999599456787,0.0,0.1510400772094726,6.219888651723032,d1000_B1_R7_20251031_174130,2025-10-31 17:42:08,1000,40,1,193.64916731037084
38,0.0,1.0,0.5,3.419999599456787,0.0,0.0785832405090332,6.299704979077411,d1000_B1_R7_20251031_174130,2025-10-31 17:42:08,1000,40,1,193.64916731037084
39,0.0,1.0,0.5,3.419999599456787,0.0,0.1091351509094238,6.349102357398885,d1000_B1_R7_20251031_174130,2025-10-31 17:42:08,1000,40,1,193.64916731037084
40,0.0,1.0,0.5,3.419999599456787,0.0,0.064716100692749,6.4414027436437555,d1000_B1_R7_20251031_174130,2025-10-31 17:42:08,1000,40,1,193.64916731037084
41,0.0,1.0,0.5,3.419999599456787,0.0,0.1097700595855712,6.485955441945466,d1000_B1_R7_20251031_174130,2025-10-31 17:42:08,1000,40,1,193.64916731037084
42,0.0,1.0,0.5,3.419999599456787,0.0,0.0927410125732421,6.5463628436353645,d1000_B1_R7_20251031_174130,2025-10-31 17:42:08,1000,40,1,193.64916731037084
43,0.0,1.0,0.5,3.419999599456787,0.0,0.1094779968261718,6.58854243776466,d1000_B1_R7_20251031_174130,2025-10-31 17:42:08,1000,40,1,193.64916731037084
44,0.0,1.0,0.5,3.419999599456787,0.0,0.1277430057525634,6.611599336905316,d1000_B1_R7_20251031_174130,2025-10-31 17:42:08,1000,40,1,193.64916731037084
45,0.0,1.0,0.5,3.419999599456787,0.0,0.0656239986419677,6.693762707275409,d1000_B1_R7_20251031_174130,2025-10-31 17:42:08,1000,40,1,193.64916731037084
46,0.0,1.0,0.5,3.419999599456787,0.0,0.2363598346710205,6.611685459146258,d1000_B1_R7_20251031_174130,2025-10-31 17:42:08,1000,40,1,193.64916731037084
47,0.0,1.0,0.5,3.419999599456787,0.0,0.2157878875732422,6.548477393872001,d1000_B1_R7_20251031_174130,2025-10-31 17:42:08,1000,40,1,193.64916731037084
48,0.0,1.0,0.5,3.419999599456787,0.0,0.836493968963623,5.993647671058665,d1000_B1_R7_20251031_174130,2025-10-31 17:42:08,1000,40,1,193.64916731037084
49,0.0,1.0,0.5,3.419999599456787,0.0,0.2529590129852295,5.898155822257374,d1000_B1_R7_20251031_174130,2025-10-31 17:42:08,1000,40,1,193.64916731037084
50,0.0,1.0,0.5,3.419999599456787,0.0,0.2075400352478027,5.8679186092482185,d1000_B1_R7_20251031_174130,2025-10-31 17:42:08,1000,40,1,193.64916731037084
51,0.0,1.0,0.5,3.419999599456787,0.0,0.1888792514801025,5.855397509714193,d1000_B1_R7_20251031_174130,2025-10-31 17:42:08,1000,40,1,193.64916731037084
52,0.0,1.0,0.5,3.419999599456787,0.0,0.1078279018402099,5.895005220160294,d1000_B1_R7_20251031_174130,2025-10-31 17:42:08,1000,40,1,193.64916731037084
53,0.0,1.0,0.5,3.419999599456787,0.0,0.1609628200531005,5.900406862957849,d1000_B1_R7_20251031_174130,2025-10-31 17:42:08,1000,40,1,193.64916731037084
54,0.0,1.0,0.5,3.419999599456787,0.0,0.1002871990203857,5.943971736500803,d1000_B1_R7_20251031_174130,2025-10-31 17:42:08,1000,40,1,193.64916731037084
55,0.0,1.0,0.5,3.419999599456787,0.0,0.1171019077301025,5.976281076341645,d1000_B1_R7_20251031_174130,2025-10-31 17:42:08,1000,40,1,193.64916731037084
56,0.0,1.0,0.5,3.419999599456787,0.0,0.0775539875030517,6.032929568157905,d1000_B1_R7_20251031_174130,2025-10-31 17:42:08,1000,40,1,193.64916731037084
57,0.0,1.0,0.5,3.419999599456787,0.0,0.1012842655181884,6.073524839273673,d1000_B1_R7_20251031_174130,2025-10-31 17:42:08,1000,40,1,193.64916731037084
58,0.0,1.0,0.5,3.419999599456787,0.0,0.1005387306213378,6.113741855370824,d1000_B1_R7_20251031_174130,2025-10-31 17:42:08,1000,40,1,193.64916731037084
59,0.0,1.0,0.5,3.419999599456787,0.0,0.2235739231109619,6.07643790276965,d1000_B1_R7_20251031_174130,2025-10-31 17:42:08,1000,40,1,193.64916731037084
60,0.0,1.0,0.5,3.419999599456787,0.0,0.2513101100921631,6.023010708917202,d1000_B1_R7_20251031_174130,2025-10-31 17:42:08,1000,40,1,193.64916731037084
61,0.0,1.0,0.5,3.419999599456787,0.0,0.1149249076843261,6.052824281343804,d1000_B1_R7_20251031_174130,2025-10-31 17:42:08,1000,40,1,193.64916731037084
62,0.0,1.0,0.5,3.419999599456787,0.0,0.1719119548797607,6.047904024960541,d1000_B1_R7_20251031_174130,2025-10-31 17:42:08,1000,40,1,193.64916731037084
63,0.0,1.0,0.5,3.419999599456787,0.0,0.1257810592651367,6.070446274679951,d1000_B1_R7_20251031_174130,2025-10-31 17:42:08,1000,40,1,193.64916731037084
64,0.0,1.0,0.5,3.419999599456787,0.0,0.119593858718872,6.096006632518296,d1000_B1_R7_20251031_174130,2025-10-31 17:42:08,1000,40,1,193.64916731037084
65,0.0,1.0,0.5,3.419999599456787,0.0,0.1324620246887207,6.1134664535354775,d1000_B1_R7_20251031_174130,2025-10-31 17:42:08,1000,40,1,193.64916731037084
66,0.0,1.0,0.5,3.419999599456787,0.0,0.1011321544647216,6.148366713281805,d1000_B1_R7_20251031_174130,2025-10-31 17:42:08,1000,40,1,193.64916731037084
67,0.0,1.0,0.5,3.419999599456787,0.0,0.1654937267303466,6.13996037834856,d1000_B1_R7_20251031_174130,2025-10-31 17:42:08,1000,40,1,193.64916731037084
68,0.0,1.0,0.5,3.419999599456787,0.0,0.5390069484710693,5.755814291358303,d1000_B1_R7_20251031_174130,2025-10-31 17:42:08,1000,40,1,193.64916731037084
69,0.0,1.0,0.5,3.419999599456787,0.0,0.1412808895111084,5.771004512272933,d1000_B1_R7_20251031_174130,2025-10-31 17:42:08,1000,40,1,193.64916731037084
70,0.0,1.0,0.5,3.419999599456787,0.0,0.1070368289947509,5.802126774024619,d1000_B1_R7_20251031_174130,2025-10-31 17:42:08,1000,40,1,193.64916731037084
71,0.0,1.0,0.5,3.419999599456787,0.0,0.094628095626831,5.838469918567437,d1000_B1_R7_20251031_174130,2025-10-31 17:42:08,1000,40,1,193.64916731037084
72,0.0,1.0,0.5,3.419999599456787,0.0,0.0796427726745605,5.881318808812023,d1000_B1_R7_20251031_174130,2025-10-31 17:42:08,1000,40,1,193.64916731037084
73,0.0,1.0,0.5,3.419999599456787,0.0,0.0864629745483398,5.920540347777636,d1000_B1_R7_20251031_174130,2025-10-31 17:42:08,1000,40,1,193.64916731037084
74,0.0,1.0,0.5,3.419999599456787,0.0,0.1264257431030273,5.9403507379824445,d1000_B1_R7_20251031_174130,2025-10-31 17:42:08,1000,40,1,193.64916731037084
75,0.0,1.0,0.5,3.419999599456787,0.0,0.1076459884643554,5.968531731974036,d1000_B1_R7_20251031_174130,2025-10-31 17:42:08,1000,40,1,193.64916731037084
76,0.0,1.0,0.5,3.419999599456787,0.0,0.1062641143798828,5.994227407479366,d1000_B1_R7_20251031_174130,2025-10-31 17:42:08,1000,40,1,193.64916731037084
77,0.0,1.0,0.5,3.419999599456787,0.0,0.0612502098083496,6.043127951168611,d1000_B1_R7_20251031_174130,2025-10-31 17:42:08,1000,40,1,193.64916731037084
78,0.0,1.0,0.5,3.419999599456787,0.0,0.0948119163513183,6.075651808674791,d1000_B1_R7_20251031_174130,2025-10-31 17:42:08,1000,40,1,193.64916731037084
79,0.0,1.0,0.5,3.419999599456787,0.0,0.0619258880615234,6.12325344263877,d1000_B1_R7_20251031_174130,2025-10-31 17:42:08,1000,40,1,193.64916731037084
80,0.0,1.0,0.5,3.419999599456787,0.0,0.071624755859375,6.165880870902349,d1000_B1_R7_20251031_174130,2025-10-31 17:42:08,1000,40,1,193.64916731037084
81,0.0,1.0,0.5,3.419999599456787,0.0,0.1026821136474609,6.193497565417754,d1000_B1_R7_20251031_174130,2025-10-31 17:42:08,1000,40,1,193.64916731037084
82,0.0,1.0,0.5,3.419999599456787,0.0,0.1010160446166992,6.221453331473298,d1000_B1_R7_20251031_174130,2025-10-31 17:42:08,1000,40,1,193.64916731037084
83,0.0,1.0,0.5,3.419999599456787,0.0,0.1179966926574707,6.24110963724665,d1000_B1_R7_20251031_174130,2025-10-31 17:42:08,1000,40,1,193.64916731037084
84,0.0,1.0,0.5,3.419999599456787,0.0,0.081921100616455,6.277085056850697,d1000_B1_R7_20251031_174130,2025-10-31 17:42:08,1000,40,1,193.64916731037084
85,0.0,1.0,0.5,3.419999599456787,0.0,0.0650732517242431,6.320029662479959,d1000_B1_R7_20251031_174130,2025-10-31 17:42:08,1000,40,1,193.64916731037084
86,0.0,1.0,0.5,3.419999599456787,0.0,0.0917167663574218,6.350502645120051,d1000_B1_R7_20251031_174130,2025-10-31 17:42:08,1000,40,1,193.64916731037084
87,0.0,1.0,0.5,3.419999599456787,0.0,0.0988390445709228,6.377390503627393,d1000_B1_R7_20251031_174130,2025-10-31 17:42:08,1000,40,1,193.64916731037084
88,0.0,1.0,0.5,3.419999599456787,0.0,0.0689940452575683,6.417679828220977,d1000_B1_R7_20251031_174130,2025-10-31 17:42:08,1000,40,1,193.64916731037084
89,0.0,1.0,0.5,3.419999599456787,0.0,0.0899960994720459,6.447834800086942,d1000_B1_R7_20251031_174130,2025-10-31 17:42:08,1000,40,1,193.64916731037084
90,0.0,1.0,0.5,3.419999599456787,0.0,0.1043381690979003,6.471003375154039,d1000_B1_R7_20251031_174130,2025-10-31 17:42:08,1000,40,1,193.64916731037084
91,0.0,1.0,0.5,3.419999599456787,0.0,0.0616559982299804,6.513374382131927,d1000_B1_R7_20251031_174130,2025-10-31 17:42:08,1000,40,1,193.64916731037084
92,0.0,1.0,0.5,3.419999599456787,0.0,0.1353271007537841,6.5215978226201194,d1000_B1_R7_20251031_174130,2025-10-31 17:42:08,1000,40,1,193.64916731037084
93,0.0,1.0,0.5,3.419999599456787,0.0,0.1126091480255127,6.539224141820137,d1000_B1_R7_20251031_174130,2025-10-31 17:42:08,1000,40,1,193.64916731037084
94,0.0,1.0,0.5,3.419999599456787,0.0,0.1420507431030273,6.54403247383829,d1000_B1_R7_20251031_174130,2025-10-31 17:42:08,1000,40,1,193.64916731037084
95,0.0,1.0,0.5,3.419999599456787,0.0,0.1240909099578857,6.556789391402204,d1000_B1_R7_20251031_174130,2025-10-31 17:42:08,1000,40,1,193.64916731037084
96,0.0,1.0,0.5,3.419999599456787,0.0,0.1416289806365966,6.561529219104659,d1000_B1_R7_20251031_174130,2025-10-31 17:42:08,1000,40,1,193.64916731037084
97,0.0,1.0,0.5,3.419999599456787,0.0,0.1279518604278564,6.572114459564101,d1000_B1_R7_20251031_174130,2025-10-31 17:42:08,1000,40,1,193.64916731037084
98,0.0,1.0,0.5,3.419999599456787,0.0,0.0727190971374511,6.606841907036609,d1000_B1_R7_20251031_174130,2025-10-31 17:42:08,1000,40,1,193.64916731037084
99,0.0,1.0,0.5,3.419999599456787,0.0,0.0798201560974121,6.638070694222233,d1000_B1_R7_20251031_174130,2025-10-31 17:42:08,1000,40,1,193.64916731037084
100,0.0,1.0,0.5,3.419999599456787,0.0,0.1418302059173584,6.641747101566193,d1000_B1_R7_20251031_174130,2025-10-31 17:42:08,1000,40,1,193.64916731037084
101,0.0,1.0,0.5,3.419999599456787,0.0,0.1165540218353271,6.656347887667311,d1000_B1_R7_20251031_174130,2025-10-31 17:42:08,1000,40,1,193.64916731037084
102,0.0,1.0,0.5,3.419999599456787,0.0,0.0307033061981201,6.708005318228447,d1000_B1_R7_20251031_174130,2025-10-31 17:42:08,1000,40,1,193.64916731037084
103,0.0,1.0,0.5,3.419999599456787,0.0,0.2092642784118652,6.68187380672924,d1000_B1_R7_20251031_174130,2025-10-31 17:42:08,1000,40,1,193.64916731037084
104,0.0,1.0,0.5,3.419999599456787,0.0,0.2016949653625488,6.659710092469913,d1000_B1_R7_20251031_174130,2025-10-31 17:42:08,1000,40,1,193.64916731037084
105,0.0,1.0,0.5,3.419999599456787,0.0,0.1407809257507324,6.663280903887876,d1000_B1_R7_20251031_174130,2025-10-31 17:42:08,1000,40,1,193.64916731037084
106,0.0,1.0,0.5,3.419999599456787,0.0,0.1482172012329101,6.663934633380383,d1000_B1_R7_20251031_174130,2025-10-31 17:42:08,1000,40,1,193.64916731037084
107,0.0,1.0,0.5,3.419999599456787,0.0,0.1789188385009765,6.651996911901601,d1000_B1_R7_20251031_174130,2025-10-31 17:42:08,1000,40,1,193.64916731037084
108,0.0,1.0,0.5,3.419999599456787,0.0,0.1123812198638916,6.667345526362825,d1000_B1_R7_20251031_174130,2025-10-31 17:42:08,1000,40,1,193.64916731037084
109,0.0,1.0,0.5,3.419999599456787,0.0,0.0428879261016845,6.708612497497757,d1000_B1_R7_20251031_174130,2025-10-31 17:42:08,1000,40,1,193.64916731037084
110,0.0,1.0,0.5,3.419999599456787,0.0,0.1460847854614257,6.702494924660595,d1000_B1_R7_20251031_174130,2025-10-31 17:42:08,1000,40,1,193.64916731037084
111,0.0,1.0,0.5,3.419999599456787,0.0,0.2035350799560547,6.680615956476978,d1000_B1_R7_20251031_174130,2025-10-31 17:42:08,1000,40,1,193.64916731037084
112,0.0,1.0,0.5,3.419999599456787,0.0,0.1577458381652832,6.675880493100589,d1000_B1_R7_20251031_174130,2025-10-31 17:42:08,1000,40,1,193.64916731037084
113,0.0,1.0,0.5,3.419999599456787,0.0,0.1369297504425048,6.680712084827811,d1000_B1_R7_20251031_174130,2025-10-31 17:42:08,1000,40,1,193.64916731037084
114,0.0,1.0,0.5,3.419999599456787,0.0,0.1853260993957519,6.664144300493033,d1000_B1_R7_20251031_174130,2025-10-31 17:42:08,1000,40,1,193.64916731037084
115,0.0,1.0,0.5,3.419999599456787,0.0,0.12113618850708,6.675086850414348,d1000_B1_R7_20251031_174130,2025-10-31 17:42:08,1000,40,1,193.64916731037084
116,0.0,1.0,0.5,3.419999599456787,0.0,0.0928921699523925,6.696640527856228,d1000_B1_R7_20251031_174130,2025-10-31 17:42:08,1000,40,1,193.64916731037084
117,0.0,1.0,0.5,3.419999599456787,0.0,0.1476941108703613,6.697175488294567,d1000_B1_R7_20251031_174130,2025-10-31 17:42:08,1000,40,1,193.64916731037084
118,0.0,1.0,0.5,3.419999599456787,0.0,0.1165828704833984,6.709327851330589,d1000_B1_R7_20251031_174130,2025-10-31 17:42:08,1000,40,1,193.64916731037084
119,0.0,1.0,0.5,3.419999599456787,0.0,0.1375589370727539,6.713222870087705,d1000_B1_R7_20251031_174130,2025-10-31 17:42:08,1000,40,1,193.64916731037084
120,0.0,1.0,0.5,3.419999599456787,0.0,0.1288540363311767,6.720636454982108,d1000_B1_R7_20251031_174130,2025-10-31 17:42:08,1000,40,1,193.64916731037084
121,0.0,1.0,0.5,3.419999599456787,0.0,0.123072862625122,6.730089087369668,d1000_B1_R7_20251031_174130,2025-10-31 17:42:08,1000,40,1,193.64916731037084
122,0.0,1.0,0.5,3.419999599456787,0.0,0.1265709400177002,6.738133967531064,d1000_B1_R7_20251031_174130,2025-10-31 17:42:08,1000,40,1,193.64916731037084
123,0.0,1.0,0.5,3.419999599456787,0.0,0.1189551353454589,6.748863780429459,d1000_B1_R7_20251031_174130,2025-10-31 17:42:08,1000,40,1,193.64916731037084
124,0.0,1.0,0.5,3.419999599456787,0.0,0.1404609680175781,6.7515977784249515,d1000_B1_R7_20251031_174130,2025-10-31 17:42:08,1000,40,1,193.64916731037084
125,0.0,1.0,0.5,3.419999599456787,0.0,0.1425161361694336,6.753540734166023,d1000_B1_R7_20251031_174130,2025-10-31 17:42:08,1000,40,1,193.64916731037084
126,0.0,1.0,0.5,3.419999599456787,0.0,0.1438758373260498,6.754981729299016,d1000_B1_R7_20251031_174130,2025-10-31 17:42:08,1000,40,1,193.64916731037084
127,0.0,1.0,0.5,3.419999599456787,0.0,0.1081736087799072,6.769144449403653,d1000_B1_R7_20251031_174130,2025-10-31 17:42:08,1000,40,1,193.64916731037084
128,0.0,1.0,0.5,3.419999599456787,0.0,0.1193799972534179,6.779150023363949,d1000_B1_R7_20251031_174130,2025-10-31 17:42:08,1000,40,1,193.64916731037084
129,0.0,1.0,0.5,3.419999599456787,0.0,0.0853538513183593,6.801114208240581,d1000_B1_R7_20251031_174130,2025-10-31 17:42:08,1000,40,1,193.64916731037084
130,0.0,1.0,0.5,3.419999599456787,0.0,0.0265529155731201,6.843772015256803,d1000_B1_R7_20251031_174130,2025-10-31 17:42:08,1000,40,1,193.64916731037084
131,0.0,1.0,0.5,3.419999599456787,0.0,0.1836693286895752,6.830286851428206,d1000_B1_R7_20251031_174130,2025-10-31 17:42:08,1000,40,1,193.64916731037084
132,0.0,1.0,0.5,3.419999599456787,0.0,0.1144208908081054,6.8413396570890335,d1000_B1_R7_20251031_174130,2025-10-31 17:42:08,1000,40,1,193.64916731037084
133,0.0,1.0,0.5,3.419999599456787,0.0,0.1440062522888183,6.842035100681453,d1000_B1_R7_20251031_174130,2025-10-31 17:42:08,1000,40,1,193.64916731037084
134,0.0,1.0,0.5,3.419999599456787,0.0,0.1333582401275634,6.846402405506749,d1000_B1_R7_20251031_174130,2025-10-31 17:42:08,1000,40,1,193.64916731037084
135,0.0,1.0,0.5,3.419999599456787,0.0,0.0649619102478027,6.874387395951327,d1000_B1_R7_20251031_174130,2025-10-31 17:42:08,1000,40,1,193.64916731037084
136,0.0,1.0,0.5,3.419999599456787,0.0,0.1096842288970947,6.886683214834938,d1000_B1_R7_20251031_174130,2025-10-31 17:42:08,1000,40,1,193.64916731037084
137,0.0,1.0,0.5,3.419999599456787,0.0,0.1202328205108642,6.895212991068675,d1000_B1_R7_20251031_174130,2025-10-31 17:42:08,1000,40,1,193.64916731037084
138,0.0,1.0,0.5,3.419999599456787,0.0,0.09122896194458,6.913561709115453,d1000_B1_R7_20251031_174130,2025-10-31 17:42:08,1000,40,1,193.64916731037084
139,0.0,1.0,0.5,3.419999599456787,0.0,0.0574409961700439,6.943380866157209,d1000_B1_R7_20251031_174130,2025-10-31 17:42:08,1000,40,1,193.64916731037084
140,0.0,1.0,0.5,3.419999599456787,0.0,0.0979170799255371,6.959106372575986,d1000_B1_R7_20251031_174130,2025-10-31 17:42:08,1000,40,1,193.64916731037084
141,0.0,1.0,0.5,3.419999599456787,0.0,0.078179121017456,6.980605022556502,d1000_B1_R7_20251031_174130,2025-10-31 17:42:08,1000,40,1,193.64916731037084
142,0.0,1.0,0.5,3.419999599456787,0.0,0.1559920310974121,6.973464267733752,d1000_B1_R7_20251031_174130,2025-10-31 17:42:08,1000,40,1,193.64916731037084
143,0.0,1.0,0.5,3.419999599456787,0.0,0.1179478168487548,6.981980972933017,d1000_B1_R7_20251031_174130,2025-10-31 17:42:08,1000,40,1,193.64916731037084
144,0.0,1.0,0.5,3.419999599456787,0.0,0.0650312900543212,7.0082950890396205,d1000_B1_R7_20251031_174130,2025-10-31 17:42:08,1000,40,1,193.64916731037084
145,0.0,1.0,0.5,3.419999599456787,0.0,0.063688039779663,7.03488474336176,d1000_B1_R7_20251031_174130,2025-10-31 17:42:08,1000,40,1,193.64916731037084
146,0.0,1.0,0.5,3.419999599456787,0.0,0.0685980319976806,7.059651713001173,d1000_B1_R7_20251031_174130,2025-10-31 17:42:08,1000,40,1,193.64916731037084
147,0.0,1.0,0.5,3.419999599456787,0.0,0.0640010833740234,7.085814542847572,d1000_B1_R7_20251031_174130,2025-10-31 17:42:08,1000,40,1,193.64916731037084
148,0.0,1.0,0.5,3.419999599456787,0.0,0.0271768569946289,7.12434717084376,d1000_B1_R7_20251031_174130,2025-10-31 17:42:08,1000,40,1,193.64916731037084
149,0.0,1.0,0.5,3.419999599456787,0.0,0.1805472373962402,7.110715364103497,d1000_B1_R7_20251031_174130,2025-10-31 17:42:08,1000,40,1,193.64916731037084
150,0.0,1.0,0.5,3.419999599456787,0.0,0.4126358032226562,7.020163370069097,d1000_B1_R7_20251031_174130,2025-10-31 17:42:08,1000,40,1,193.64916731037084
151,0.0,1.0,0.5,3.419999599456787,0.0,0.1282761096954345,7.02393118304969,d1000_B1_R7_20251031_174130,2025-10-31 17:42:08,1000,40,1,193.64916731037084
152,0.0,1.0,0.5,3.419999599456787,0.0,0.2039120197296142,7.003239593765109,d1000_B1_R7_20251031_174130,2025-10-31 17:42:08,1000,40,1,193.64916731037084
153,0.0,1.0,0.5,3.419999599456787,0.0,0.1568150520324707,6.998455215195926,d1000_B1_R7_20251031_174130,2025-10-31 17:42:08,1000,40,1,193.64916731037084
154,0.0,1.0,0.5,3.419999599456787,0.0,0.0607471466064453,7.02444508426211,d1000_B1_R7_20251031_174130,2025-10-31 17:42:08,1000,40,1,193.64916731037084
155,0.0,1.0,0.5,3.419999599456787,0.0,0.0786190032958984,7.044582264964949,d1000_B1_R7_20251031_174130,2025-10-31 17:42:08,1000,40,1,193.64916731037084
156,0.0,1.0,0.5,3.419999599456787,0.0,0.0722417831420898,7.066606289649849,d1000_B1_R7_20251031_174130,2025-10-31 17:42:08,1000,40,1,193.64916731037084
157,0.0,1.0,0.5,3.419999599456787,0.0,0.0743799209594726,7.087805488466033,d1000_B1_R7_20251031_174130,2025-10-31 17:42:08,1000,40,1,193.64916731037084
158,0.0,1.0,0.5,3.419999599456787,0.0,0.0713043212890625,7.10920626684893,d1000_B1_R7_20251031_174130,2025-10-31 17:42:08,1000,40,1,193.64916731037084
159,0.0,1.0,0.5,3.419999599456787,0.0,0.104306936264038,7.120529840899248,d1000_B1_R7_20251031_174130,2025-10-31 17:42:08,1000,40,1,193.64916731037084
160,0.0,1.0,0.5,3.419999599456787,0.0,0.0788319110870361,7.139930179383091,d1000_B1_R7_20251031_174130,2025-10-31 17:42:08,1000,40,1,193.64916731037084
161,0.0,1.0,0.5,3.419999599456787,0.0,0.0782968997955322,7.159340035311111,d1000_B1_R7_20251031_174130,2025-10-31 17:42:08,1000,40,1,193.64916731037084
162,0.0,1.0,0.5,3.419999599456787,0.0,0.0628800392150878,7.183494553125282,d1000_B1_R7_20251031_174130,2025-10-31 17:42:08,1000,40,1,193.64916731037084
163,0.0,1.0,0.5,3.419999599456787,0.0,0.0491089820861816,7.211694617433059,d1000_B1_R7_20251031_174130,2025-10-31 17:42:08,1000,40,1,193.64916731037084
164,0.0,1.0,0.5,3.419999599456787,0.0,0.0658130645751953,7.234414437916778,d1000_B1_R7_20251031_174130,2025-10-31 17:42:08,1000,40,1,193.64916731037084
165,0.0,1.0,0.5,3.419999599456787,0.0,0.0742449760437011,7.254564284701891,d1000_B1_R7_20251031_174130,2025-10-31 17:42:08,1000,40,1,193.64916731037084
166,0.0,1.0,0.5,3.419999599456787,0.0,0.1337032318115234,7.255792939142348,d1000_B1_R7_20251031_174130,2025-10-31 17:42:08,1000,40,1,193.64916731037084
167,0.0,1.0,0.5,3.419999599456787,0.0,0.0927739143371582,7.269856454285143,d1000_B1_R7_20251031_174130,2025-10-31 17:42:08,1000,40,1,193.64916731037084
168,0.0,1.0,0.5,3.419999599456787,0.0,0.0932450294494628,7.283674942247706,d1000_B1_R7_20251031_174130,2025-10-31 17:42:08,1000,40,1,193.64916731037084
169,0.0,1.0,0.5,3.419999599456787,0.0,0.0612118244171142,7.307378452822468,d1000_B1_R7_20251031_174130,2025-10-31 17:42:08,1000,40,1,193.64916731037084
170,0.0,1.0,0.5,3.419999599456787,0.0,0.0771219730377197,7.325923428202035,d1000_B1_R7_20251031_174130,2025-10-31 17:42:08,1000,40,1,193.64916731037084
171,0.0,1.0,0.5,3.419999599456787,0.0,0.068382978439331,7.347165040030994,d1000_B1_R7_20251031_174130,2025-10-31 17:42:08,1000,40,1,193.64916731037084
172,0.0,1.0,0.5,3.419999599456787,0.0,0.1026370525360107,7.35754928287746,d1000_B1_R7_20251031_174130,2025-10-31 17:42:08,1000,40,1,193.64916731037084
173,0.0,1.0,0.5,3.419999599456787,0.0,0.073289155960083,7.376984257466915,d1000_B1_R7_20251031_174130,2025-10-31 17:42:08,1000,40,1,193.64916731037084
174,0.0,1.0,0.5,3.419999599456787,0.0,0.0596022605895996,7.400598796575123,d1000_B1_R7_20251031_174130,2025-10-31 17:42:08,1000,40,1,193.64916731037084
175,0.0,1.0,0.5,3.419999599456787,0.0,0.060845136642456,7.423722118622409,d1000_B1_R7_20251031_174130,2025-10-31 17:42:08,1000,40,1,193.64916731037084
176,0.0,1.0,0.5,3.419999599456787,0.0,0.0575690269470214,7.447739227053376,d1000_B1_R7_20251031_174130,2025-10-31 17:42:08,1000,40,1,193.64916731037084
177,0.0,1.0,0.5,3.419999599456787,0.0,0.0816318988800048,7.463928858097216,d1000_B1_R7_20251031_174130,2025-10-31 17:42:08,1000,40,1,193.64916731037084
178,0.0,1.0,0.5,3.419999599456787,0.0,0.0588421821594238,7.487320124982469,d1000_B1_R7_20251031_174130,2025-10-31 17:42:08,1000,40,1,193.64916731037084
179,0.0,1.0,0.5,3.419999599456787,0.0,0.0594916343688964,7.51038781101433,d1000_B1_R7_20251031_174130,2025-10-31 17:42:08,1000,40,1,193.64916731037084
180,0.0,1.0,0.5,3.419999599456787,0.0,0.125943899154663,7.512565719201313,d1000_B1_R7_20251031_174130,2025-10-31 17:42:08,1000,40,1,193.64916731037084
181,0.0,1.0,0.5,3.419999599456787,0.0,0.0958271026611328,7.523828940439153,d1000_B1_R7_20251031_174130,2025-10-31 17:42:08,1000,40,1,193.64916731037084
182,0.0,1.0,0.5,3.419999599456787,0.0,0.1094388961791992,7.531037411649535,d1000_B1_R7_20251031_174130,2025-10-31 17:42:08,1000,40,1,193.64916731037084
183,0.0,1.0,0.5,3.419999599456787,0.0,0.0815117359161377,7.546805119039588,d1000_B1_R7_20251031_174130,2025-10-31 17:42:08,1000,40,1,193.64916731037084
184,0.0,1.0,0.5,3.419999599456787,0.0,0.0816621780395507,7.562406652384943,d1000_B1_R7_20251031_174130,2025-10-31 17:42:08,1000,40,1,193.64916731037084
185,0.0,1.0,0.5,3.419999599456787,0.0,0.0678610801696777,7.582179459004379,d1000_B1_R7_20251031_174130,2025-10-31 17:42:08,1000,40,1,193.64916731037084
186,0.0,1.0,0.5,3.419999599456787,0.0,0.0510849952697753,7.607026982292437,d1000_B1_R7_20251031_174130,2025-10-31 17:42:08,1000,40,1,193.64916731037084
187,0.0,1.0,0.5,3.419999599456787,0.0,0.0531558990478515,7.631120344764077,d1000_B1_R7_20251031_174130,2025-10-31 17:42:08,1000,40,1,193.64916731037084
188,0.0,1.0,0.5,3.419999599456787,0.0,0.0521810054779052,7.655364324541185,d1000_B1_R7_20251031_174130,2025-10-31 17:42:08,1000,40,1,193.64916731037084
189,0.0,1.0,0.5,3.419999599456787,0.0,0.0822999477386474,7.670211619781502,d1000_B1_R7_20251031_174130,2025-10-31 17:42:08,1000,40,1,193.64916731037084
190,0.0,1.0,0.5,3.419999599456787,0.0,0.0292060375213623,7.70139576299062,d1000_B1_R7_20251031_174130,2025-10-31 17:42:08,1000,40,1,193.64916731037084
191,0.0,1.0,0.5,3.419999599456787,0.0,0.0782783031463623,7.717119635711136,d1000_B1_R7_20251031_174130,2025-10-31 17:42:08,1000,40,1,193.64916731037084
192,0.0,1.0,0.5,3.419999599456787,0.0,0.0478909015655517,7.742340034492837,d1000_B1_R7_20251031_174130,2025-10-31 17:42:08,1000,40,1,193.64916731037084
193,0.0,1.0,0.5,3.419999599456787,0.0,0.120352029800415,7.744994855405136,d1000_B1_R7_20251031_174130,2025-10-31 17:42:08,1000,40,1,193.64916731037084
194,0.0,1.0,0.5,3.419999599456787,0.0,0.0553960800170898,7.767668395931804,d1000_B1_R7_20251031_174130,2025-10-31 17:42:08,1000,40,1,193.64916731037084
195,0.0,1.0,0.5,3.419999599456787,0.0,0.0583009719848632,7.789352302754188,d1000_B1_R7_20251031_174130,2025-10-31 17:42:08,1000,40,1,193.64916731037084
196,0.0,1.0,0.5,3.419999599456787,0.0,0.0615479946136474,7.809902694212539,d1000_B1_R7_20251031_174130,2025-10-31 17:42:08,1000,40,1,193.64916731037084
197,0.0,1.0,0.5,3.419999599456787,0.0,0.080416202545166,7.824493623837004,d1000_B1_R7_20251031_174130,2025-10-31 17:42:08,1000,40,1,193.64916731037084
198,0.0,1.0,0.5,3.419999599456787,0.0,0.1651277542114257,7.81293588620816,d1000_B1_R7_20251031_174130,2025-10-31 17:42:08,1000,40,1,193.64916731037084
199,0.0,1.0,0.5,3.419999599456787,0.0,0.1532752513885498,7.8027054245624,d1000_B1_R7_20251031_174130,2025-10-31 17:42:08,1000,40,1,193.64916731037084
200,0.0,1.0,0.5,3.419999599456787,0.0,0.0854279994964599,7.815007159024185,d1000_B1_R7_20251031_174130,2025-10-31 17:42:08,1000,40,1,193.64916731037084
201,0.0,1.0,0.5,3.419999599456787,0.0,0.0612030029296875,7.835136299099798,d1000_B1_R7_20251031_174130,2025-10-31 17:42:08,1000,40,1,193.64916731037084
202,0.0,1.0,0.5,3.419999599456787,0.0,0.0778441429138183,7.850100972894183,d1000_B1_R7_20251031_174130,2025-10-31 17:42:08,1000,40,1,193.64916731037084
203,0.0,1.0,0.5,3.419999599456787,0.0,0.1479508876800537,7.843826273604413,d1000_B1_R7_20251031_174130,2025-10-31 17:42:08,1000,40,1,193.64916731037084
204,0.0,1.0,0.5,3.419999599456787,0.0,0.1108317375183105,7.848546168980442,d1000_B1_R7_20251031_174130,2025-10-31 17:42:08,1000,40,1,193.64916731037084
205,0.0,1.0,0.5,3.419999599456787,0.0,0.0992729663848877,7.85675860879388,d1000_B1_R7_20251031_174130,2025-10-31 17:42:08,1000,40,1,193.64916731037084
206,0.0,1.0,0.5,3.419999599456787,0.0,0.0946969985961914,7.866404882308482,d1000_B1_R7_20251031_174130,2025-10-31 17:42:08,1000,40,1,193.64916731037084
207,0.0,1.0,0.5,3.419999599456787,0.0,0.1037220954895019,7.873301051798341,d1000_B1_R7_20251031_174130,2025-10-31 17:42:08,1000,40,1,193.64916731037084
208,0.0,1.0,0.5,3.419999599456787,0.0,0.2474129199981689,7.835237141473089,d1000_B1_R7_20251031_174130,2025-10-31 17:42:08,1000,40,1,193.64916731037084
209,0.0,1.0,0.5,3.419999599456787,0.0,0.0840404033660888,7.847923655432141,d1000_B1_R7_20251031_174130,2025-10-31 17:42:08,1000,40,1,193.64916731037084
210,0.0,1.0,0.5,3.419999599456787,0.0,0.1387431621551513,7.843824430627112,d1000_B1_R7_20251031_174130,2025-10-31 17:42:08,1000,40,1,193.64916731037084
211,0.0,1.0,0.5,3.419999599456787,0.0,0.0514318943023681,7.864513969704807,d1000_B1_R7_20251031_174130,2025-10-31 17:42:08,1000,40,1,193.64916731037084
212,0.0,1.0,0.5,3.419999599456787,0.0,0.0896508693695068,7.875285919694975,d1000_B1_R7_20251031_174130,2025-10-31 17:42:08,1000,40,1,193.64916731037084
213,0.0,1.0,0.5,3.419999599456787,0.0,0.0990781784057617,7.883316859640448,d1000_B1_R7_20251031_174130,2025-10-31 17:42:08,1000,40,1,193.64916731037084
214,0.0,1.0,0.5,3.419999599456787,0.0,0.1285932064056396,7.882746354989033,d1000_B1_R7_20251031_174130,2025-10-31 17:42:08,1000,40,1,193.64916731037084
215,0.0,1.0,0.5,3.419999599456787,0.0,0.4049849510192871,7.799354088551425,d1000_B1_R7_20251031_174130,2025-10-31 17:42:08,1000,40,1,193.64916731037084
216,0.0,1.0,0.5,3.419999599456787,0.0,0.3280699253082275,7.667936074009246,d1000_B1_R7_20251031_174130,2025-10-31 17:42:08,1000,40,1,193.64916731037084
217,0.0,1.0,0.5,3.419999599456787,0.0,0.2371361255645752,7.639139648249855,d1000_B1_R7_20251031_174130,2025-10-31 17:42:08,1000,40,1,193.64916731037084
218,0.0,1.0,0.5,3.419999599456787,0.0,0.1943099498748779,7.621648790629319,d1000_B1_R7_20251031_174130,2025-10-31 17:42:08,1000,40,1,193.64916731037084
219,0.0,1.0,0.5,3.419999599456787,0.0,0.3218209743499756,7.570221435078788,d1000_B1_R7_20251031_174130,2025-10-31 17:42:08,1000,40,1,193.64916731037084
220,0.0,1.0,0.5,3.419999599456787,0.0,0.1573381423950195,7.563628093485586,d1000_B1_R7_20251031_174130,2025-10-31 17:42:08,1000,40,1,193.64916731037084
221,0.0,1.0,0.5,3.419999599456787,0.0,0.1726772785186767,7.553129593501288,d1000_B1_R7_20251031_174130,2025-10-31 17:42:08,1000,40,1,193.64916731037084
222,0.0,1.0,0.5,3.419999599456787,0.0,0.127281904220581,7.554151920972244,d1000_B1_R7_20251031_174130,2025-10-31 17:42:08,1000,40,1,193.64916731037084
223,0.0,1.0,0.5,3.419999599456787,0.0,0.1047210693359375,7.561141029409066,d1000_B1_R7_20251031_174130,2025-10-31 17:42:08,1000,40,1,193.64916731037084
224,0.0,1.0,0.5,3.419999599456787,0.0,0.0993080139160156,7.569323650926507,d1000_B1_R7_20251031_174130,2025-10-31 17:42:08,1000,40,1,193.64916731037084
225,0.0,1.0,0.5,3.419999599456787,0.0,0.1655972003936767,7.56077843595665,d1000_B1_R7_20251031_174130,2025-10-31 17:42:08,1000,40,1,193.64916731037084
226,0.0,1.0,0.5,3.419999599456787,0.0,0.0986349582672119,7.56918924610643,d1000_B1_R7_20251031_174130,2025-10-31 17:42:08,1000,40,1,193.64916731037084
227,0.0,1.0,0.5,3.419999599456787,0.0,0.1785469055175781,7.557490843776138,d1000_B1_R7_20251031_174130,2025-10-31 17:42:08,1000,40,1,193.64916731037084
228,0.0,1.0,0.5,3.419999599456787,0.0,0.1509411334991455,7.552463250473928,d1000_B1_R7_20251031_174130,2025-10-31 17:42:08,1000,40,1,193.64916731037084
229,0.0,1.0,0.5,3.419999599456787,0.0,0.1602787971496582,7.545494519920776,d1000_B1_R7_20251031_174130,2025-10-31 17:42:08,1000,40,1,193.64916731037084
230,0.0,1.0,0.5,3.419999599456787,0.0,0.1319210529327392,7.545550384474987,d1000_B1_R7_20251031_174130,2025-10-31 17:42:08,1000,40,1,193.64916731037084
231,0.0,1.0,0.5,3.419999599456787,0.0,0.1213679313659668,7.548235249436941,d1000_B1_R7_20251031_174130,2025-10-31 17:42:08,1000,40,1,193.64916731037084
232,0.0,1.0,0.5,3.419999599456787,0.0,0.0921719074249267,7.558055254376851,d1000_B1_R7_20251031_174130,2025-10-31 17:42:08,1000,40,1,193.64916731037084
233,0.0,1.0,0.5,3.419999599456787,0.0,0.1239891052246093,7.558263793502027,d1000_B1_R7_20251031_174130,2025-10-31 17:42:08,1000,40,1,193.64916731037084
234,0.0,1.0,0.5,3.419999599456787,0.0,0.1454441547393798,7.555005129931895,d1000_B1_R7_20251031_174130,2025-10-31 17:42:08,1000,40,1,193.64916731037084
235,0.0,1.0,0.5,3.419999599456787,0.0,0.2502970695495605,7.524702973414527,d1000_B1_R7_20251031_174130,2025-10-31 17:42:08,1000,40,1,193.64916731037084
236,0.0,1.0,0.5,3.419999599456787,0.0,0.1151580810546875,7.528862193456583,d1000_B1_R7_20251031_174130,2025-10-31 17:42:08,1000,40,1,193.64916731037084
237,0.0,1.0,0.5,3.419999599456787,0.0,0.0478909015655517,7.549051868885465,d1000_B1_R7_20251031_174130,2025-10-31 17:42:08,1000,40,1,193.64916731037084
238,0.0,1.0,0.5,3.419999599456787,0.0,0.1796290874481201,7.537666169278085,d1000_B1_R7_20251031_174130,2025-10-31 17:42:08,1000,40,1,193.64916731037084
239,0.0,1.0,0.5,3.419999599456787,0.0,0.1261200904846191,7.538783942298871,d1000_B1_R7_20251031_174130,2025-10-31 17:42:08,1000,40,1,193.64916731037084
240,0.0,1.0,0.5,3.419999599456787,0.0,0.1010057926177978,7.546183904485089,d1000_B1_R7_20251031_174130,2025-10-31 17:42:08,1000,40,1,193.64916731037084
241,0.0,1.0,0.5,3.419999599456787,0.0,0.1270248889923095,7.547406786580639,d1000_B1_R7_20251031_174130,2025-10-31 17:42:08,1000,40,1,193.64916731037084
242,0.0,1.0,0.5,3.419999599456787,0.0,0.1567151546478271,7.541613820881307,d1000_B1_R7_20251031_174130,2025-10-31 17:42:08,1000,40,1,193.64916731037084
243,0.0,1.0,0.5,3.419999599456787,0.0,0.060497760772705,7.55835157787329,d1000_B1_R7_20251031_174130,2025-10-31 17:42:08,1000,40,1,193.64916731037084
244,0.0,1.0,0.5,3.419999599456787,0.0,0.0791540145874023,7.570711358796491,d1000_B1_R7_20251031_174130,2025-10-31 17:42:08,1000,40,1,193.64916731037084
245,0.0,1.0,0.5,3.419999599456787,0.0,0.4506251811981201,7.495982557631536,d1000_B1_R7_20251031_174130,2025-10-31 17:42:08,1000,40,1,193.64916731037084
246,0.0,1.0,0.5,3.419999599456787,0.0,0.1355261802673339,7.495236174080076,d1000_B1_R7_20251031_174130,2025-10-31 17:42:08,1000,40,1,193.64916731037084
247,0.0,1.0,0.5,3.419999599456787,0.0,0.1007139682769775,7.50235834177407,d1000_B1_R7_20251031_174130,2025-10-31 17:42:08,1000,40,1,193.64916731037084
248,0.0,1.0,0.5,3.419999599456787,0.0,0.1749348640441894,7.492874943102943,d1000_B1_R7_20251031_174130,2025-10-31 17:42:08,1000,40,1,193.64916731037084
249,0.0,1.0,0.5,3.419999599456787,0.0,0.2551262378692627,7.465606783499846,d1000_B1_R7_20251031_174130,2025-10-31 17:42:08,1000,40,1,193.64916731037084
250,0.0,1.0,0.5,3.419999599456787,0.0,0.2241063117980957,7.443310791489542,d1000_B1_R7_20251031_174130,2025-10-31 17:42:08,1000,40,1,193.64916731037084
251,0.0,1.0,0.5,3.419999599456787,0.0,0.1529610157012939,7.439141564981329,d1000_B1_R7_20251031_174130,2025-10-31 17:42:08,1000,40,1,193.64916731037084
252,0.0,1.0,0.5,3.419999599456787,0.0,0.2355070114135742,7.417009225028262,d1000_B1_R7_20251031_174130,2025-10-31 17:42:08,1000,40,1,193.64916731037084
253,0.0,1.0,0.5,3.419999599456787,0.0,0.2039527893066406,7.401526137489935,d1000_B1_R7_20251031_174130,2025-10-31 17:42:08,1000,40,1,193.64916731037084
254,0.0,1.0,0.5,3.419999599456787,0.0,0.2323031425476074,7.3796199422404625,d1000_B1_R7_20251031_174130,2025-10-31 17:42:08,1000,40,1,193.64916731037084
255,0.0,1.0,0.5,3.419999599456787,0.0,0.1839001178741455,7.3692875678846095,d1000_B1_R7_20251031_174130,2025-10-31 17:42:08,1000,40,1,193.64916731037084
256,0.0,1.0,0.5,3.419999599456787,0.0,0.1439018249511718,7.36744437566009,d1000_B1_R7_20251031_174130,2025-10-31 17:42:08,1000,40,1,193.64916731037084
257,0.0,1.0,0.5,3.419999599456787,0.0,0.0804941654205322,7.379031051434144,d1000_B1_R7_20251031_174130,2025-10-31 17:42:08,1000,40,1,193.64916731037084
258,0.0,1.0,0.5,3.419999599456787,0.0,0.0945401191711425,7.387525000588921,d1000_B1_R7_20251031_174130,2025-10-31 17:42:08,1000,40,1,193.64916731037084
259,0.0,1.0,0.5,3.419999599456787,0.0,0.0970299243927002,7.395534540954776,d1000_B1_R7_20251031_174130,2025-10-31 17:42:08,1000,40,1,193.64916731037084
260,0.0,1.0,0.5,3.419999599456787,0.0,0.0910761356353759,7.404696247735024,d1000_B1_R7_20251031_174130,2025-10-31 17:42:08,1000,40,1,193.64916731037084
261,0.0,1.0,0.5,3.419999599456787,0.0,0.0615549087524414,7.420057124926741,d1000_B1_R7_20251031_174130,2025-10-31 17:42:08,1000,40,1,193.64916731037084
262,0.0,1.0,0.5,3.419999599456787,0.0,0.0955729484558105,7.428195229729342,d1000_B1_R7_20251031_174130,2025-10-31 17:42:08,1000,40,1,193.64916731037084
263,0.0,1.0,0.5,3.419999599456787,0.0,0.0886580944061279,7.4377601251713505,d1000_B1_R7_20251031_174130,2025-10-31 17:42:08,1000,40,1,193.64916731037084
264,0.0,1.0,0.5,3.419999599456787,0.0,0.0473809242248535,7.455920762080862,d1000_B1_R7_20251031_174130,2025-10-31 17:42:08,1000,40,1,193.64916731037084
265,0.0,1.0,0.5,3.419999599456787,0.0,0.0751669406890869,7.468215217671238,d1000_B1_R7_20251031_174130,2025-10-31 17:42:08,1000,40,1,193.64916731037084
266,0.0,1.0,0.5,3.419999599456787,0.0,0.0813241004943847,7.479138435577297,d1000_B1_R7_20251031_174130,2025-10-31 17:42:08,1000,40,1,193.64916731037084
267,0.0,1.0,0.5,3.419999599456787,0.0,0.0842821598052978,7.489413330168441,d1000_B1_R7_20251031_174130,2025-10-31 17:42:08,1000,40,1,193.64916731037084
268,0.0,1.0,0.5,3.419999599456787,0.0,0.07438325881958,7.501684659344774,d1000_B1_R7_20251031_174130,2025-10-31 17:42:08,1000,40,1,193.64916731037084
269,0.0,1.0,0.5,3.419999599456787,0.0,0.0401158332824707,7.521098333634077,d1000_B1_R7_20251031_174130,2025-10-31 17:42:08,1000,40,1,193.64916731037084
270,0.0,1.0,0.5,3.419999599456787,0.0,0.0449542999267578,7.539397626837937,d1000_B1_R7_20251031_174130,2025-10-31 17:42:08,1000,40,1,193.64916731037084
271,0.0,1.0,0.5,3.419999599456787,0.0,0.0739367008209228,7.551634775533525,d1000_B1_R7_20251031_174130,2025-10-31 17:42:08,1000,40,1,193.64916731037084
272,0.0,1.0,0.5,3.419999599456787,0.0,0.1055579185485839,7.557214525195502,d1000_B1_R7_20251031_174130,2025-10-31 17:42:08,1000,40,1,193.64916731037084
273,0.0,1.0,0.5,3.419999599456787,0.0,0.0780258178710937,7.568486025599667,d1000_B1_R7_20251031_174130,2025-10-31 17:42:08,1000,40,1,193.64916731037084
274,0.0,1.0,0.5,3.419999599456787,0.0,0.0671770572662353,7.581996103806295,d1000_B1_R7_20251031_174130,2025-10-31 17:42:08,1000,40,1,193.64916731037084
275,0.0,1.0,0.5,3.419999599456787,0.0,0.0938310623168945,7.589891688116314,d1000_B1_R7_20251031_174130,2025-10-31 17:42:08,1000,40,1,193.64916731037084
276,0.0,1.0,0.5,3.419999599456787,0.0,0.0582320690155029,7.605155020901601,d1000_B1_R7_20251031_174130,2025-10-31 17:42:08,1000,40,1,193.64916731037084
277,0.0,1.0,0.5,3.419999599456787,0.0,0.1045591831207275,7.610697376862129,d1000_B1_R7_20251031_174130,2025-10-31 17:42:08,1000,40,1,193.64916731037084
278,0.0,1.0,0.5,3.419999599456787,0.0,0.1336932182312011,7.610174439948169,d1000_B1_R7_20251031_174130,2025-10-31 17:42:08,1000,40,1,193.64916731037084
279,0.0,1.0,0.5,3.419999599456787,0.0,0.115009069442749,7.613486548031465,d1000_B1_R7_20251031_174130,2025-10-31 17:42:08,1000,40,1,193.64916731037084
280,0.0,1.0,0.5,3.419999599456787,0.0,0.0590789318084716,7.6283843868784995,d1000_B1_R7_20251031_174130,2025-10-31 17:42:08,1000,40,1,193.64916731037084
281,0.0,1.0,0.5,3.419999599456787,0.0,0.0619647502899169,7.637686778044119,d1000_B1_R7_20251031_174130,2025-10-31 17:42:08,1000,40,1,193.64916731037084
282,0.0,1.0,0.5,3.419999599456787,0.0,0.0618371963500976,7.65191143870762,d1000_B1_R7_20251031_174130,2025-10-31 17:42:08,1000,40,1,193.64916731037084
283,0.0,1.0,0.5,3.419999599456787,0.0,0.1152951717376709,7.655047789394482,d1000_B1_R7_20251031_174130,2025-10-31 17:42:08,1000,40,1,193.64916731037084
284,0.0,1.0,0.5,3.419999599456787,0.0,0.0516657829284668,7.671151029998252,d1000_B1_R7_20251031_174130,2025-10-31 17:42:08,1000,40,1,193.64916731037084
285,0.0,1.0,0.5,3.419999599456787,0.0,0.0675938129425048,7.684052202497693,d1000_B1_R7_20251031_174130,2025-10-31 17:42:08,1000,40,1,193.64916731037084
286,0.0,1.0,0.5,3.419999599456787,0.0,0.0698499679565429,7.696428545625711,d1000_B1_R7_20251031_174130,2025-10-31 17:42:08,1000,40,1,193.64916731037084
287,0.0,1.0,0.5,3.419999599456787,0.0,0.0926151275634765,7.704051601373589,d1000_B1_R7_20251031_174130,2025-10-31 17:42:08,1000,40,1,193.64916731037084
288,0.0,1.0,0.5,3.419999599456787,0.0,0.0446860790252685,7.721530695730794,d1000_B1_R7_20251031_174130,2025-10-31 17:42:08,1000,40,1,193.64916731037084
289,0.0,1.0,0.5,3.419999599456787,0.0,0.0473709106445312,7.738408899162701,d1000_B1_R7_20251031_174130,2025-10-31 17:42:08,1000,40,1,193.64916731037084
290,0.0,1.0,0.5,3.419999599456787,0.0,0.0724380016326904,7.750077417119171,d1000_B1_R7_20251031_174130,2025-10-31 17:42:08,1000,40,1,193.64916731037084
291,0.0,1.0,0.5,3.419999599456787,0.0,0.0556228160858154,7.765156163526705,d1000_B1_R7_20251031_174130,2025-10-31 17:42:08,1000,40,1,193.64916731037084
292,0.0,1.0,0.5,3.419999599456787,0.0,0.1166021823883056,7.76762714244073,d1000_B1_R7_20251031_174130,2025-10-31 17:42:08,1000,40,1,193.64916731037084
293,0.0,1.0,0.5,3.419999599456787,0.0,0.0823967456817627,7.777100070701347,d1000_B1_R7_20251031_174130,2025-10-31 17:42:08,1000,40,1,193.64916731037084
294,0.0,1.0,0.5,3.419999599456787,0.0,0.16097092628479,7.770423210156888,d1000_B1_R7_20251031_174130,2025-10-31 17:42:08,1000,40,1,193.64916731037084
295,0.0,1.0,0.5,3.419999599456787,0.0,0.1289081573486328,7.770326773765995,d1000_B1_R7_20251031_174130,2025-10-31 17:42:08,1000,40,1,193.64916731037084
296,0.0,1.0,0.5,3.419999599456787,0.0,0.1018652915954589,7.775731930450901,d1000_B1_R7_20251031_174130,2025-10-31 17:42:08,1000,40,1,193.64916731037084
297,0.0,1.0,0.5,3.419999599456787,0.0,0.0784916877746582,7.785868734237955,d1000_B1_R7_20251031_174130,2025-10-31 17:42:08,1000,40,1,193.64916731037084
298,0.0,1.0,0.5,3.419999599456787,0.0,0.0841789245605468,7.79480850794422,d1000_B1_R7_20251031_174130,2025-10-31 17:42:08,1000,40,1,193.64916731037084
299,0.0,1.0,0.5,3.419999599456787,0.0,0.1018121242523193,7.800124439603508,d1000_B1_R7_20251031_174130,2025-10-31 17:42:08,1000,40,1,193.64916731037084
0,0.6931471824645996,0.2857142984867096,0.7821428775787354,4.286352157592773,0.8571428656578064,0.1180758476257324,57.29442689235681,d1000_B7_R7_20251031_174209,2025-10-31 17:43:19,1000,40,7,193.64916731037084
1,0.0,1.0,0.7821428775787354,4.286352157592773,0.8571428656578064,0.136826753616333,53.99881556247908,d1000_B7_R7_20251031_174209,2025-10-31 17:43:19,1000,40,7,193.64916731037084
2,0.0,1.0,0.7821428775787354,4.286352157592773,0.8571428656578064,0.0833582878112793,61.249109221538895,d1000_B7_R7_20251031_174209,2025-10-31 17:43:19,1000,40,7,193.64916731037084
3,0.0,1.0,0.7821428775787354,4.286352157592773,0.8571428656578064,0.1283721923828125,59.39450239114427,d1000_B7_R7_20251031_174209,2025-10-31 17:43:19,1000,40,7,193.64916731037084
4,0.0,1.0,0.7821428775787354,4.286352157592773,0.8571428656578064,0.6432700157165527,31.389791947313277,d1000_B7_R7_20251031_174209,2025-10-31 17:43:19,1000,40,7,193.64916731037084
5,0.0,1.0,0.7821428775787354,4.286352157592773,0.8571428656578064,0.5381870269775391,25.333910879555727,d1000_B7_R7_20251031_174209,2025-10-31 17:43:19,1000,40,7,193.64916731037084
6,0.0,1.0,0.7821428775787354,4.286352157592773,0.8571428656578064,0.3396990299224853,23.73220234039234,d1000_B7_R7_20251031_174209,2025-10-31 17:43:19,1000,40,7,193.64916731037084
7,0.0,1.0,0.7821428775787354,4.286352157592773,0.8571428656578064,0.2383770942687988,24.311644779933378,d1000_B7_R7_20251031_174209,2025-10-31 17:43:19,1000,40,7,193.64916731037084
8,0.0,1.0,0.7821428775787354,4.286352157592773,0.8571428656578064,0.2571401596069336,24.601734347675624,d1000_B7_R7_20251031_174209,2025-10-31 17:43:19,1000,40,7,193.64916731037084
9,0.0,1.0,0.7821428775787354,4.286352157592773,0.8571428656578064,0.2337567806243896,25.04674746880516,d1000_B7_R7_20251031_174209,2025-10-31 17:43:19,1000,40,7,193.64916731037084
10,0.0,1.0,0.7821428775787354,4.286352157592773,0.8571428656578064,0.2134809494018554,25.59421802698095,d1000_B7_R7_20251031_174209,2025-10-31 17:43:19,1000,40,7,193.64916731037084
11,0.0,1.0,0.7821428775787354,4.286352157592773,0.8571428656578064,0.3996901512145996,24.64390137446228,d1000_B7_R7_20251031_174209,2025-10-31 17:43:19,1000,40,7,193.64916731037084
12,0.0,1.0,0.7821428775787354,4.286352157592773,0.8571428656578064,0.1711070537567138,25.41917101150917,d1000_B7_R7_20251031_174209,2025-10-31 17:43:19,1000,40,7,193.64916731037084
13,0.0,1.0,0.7821428775787354,4.286352157592773,0.8571428656578064,0.1809730529785156,26.05577714800909,d1000_B7_R7_20251031_174209,2025-10-31 17:43:19,1000,40,7,193.64916731037084
14,0.0,1.0,0.7821428775787354,4.286352157592773,0.8571428656578064,0.1005780696868896,27.187977188127203,d1000_B7_R7_20251031_174209,2025-10-31 17:43:19,1000,40,7,193.64916731037084
15,0.0,1.0,0.7821428775787354,4.286352157592773,0.8571428656578064,0.1639490127563476,27.817274181932564,d1000_B7_R7_20251031_174209,2025-10-31 17:43:19,1000,40,7,193.64916731037084
16,0.0,1.0,0.7821428775787354,4.286352157592773,0.8571428656578064,0.1680250167846679,28.37034990779335,d1000_B7_R7_20251031_174209,2025-10-31 17:43:19,1000,40,7,193.64916731037084
17,0.0,1.0,0.7821428775787354,4.286352157592773,0.8571428656578064,0.2276489734649658,28.483445524677784,d1000_B7_R7_20251031_174209,2025-10-31 17:43:19,1000,40,7,193.64916731037084
18,0.0,1.0,0.7821428775787354,4.286352157592773,0.8571428656578064,0.1659469604492187,28.97732834186865,d1000_B7_R7_20251031_174209,2025-10-31 17:43:19,1000,40,7,193.64916731037084
19,0.0,1.0,0.7821428775787354,4.286352157592773,0.8571428656578064,0.1739490032196045,29.387340677467336,d1000_B7_R7_20251031_174209,2025-10-31 17:43:19,1000,40,7,193.64916731037084
20,0.0,1.0,0.7821428775787354,4.286352157592773,0.8571428656578064,0.1711528301239013,29.784891759713453,d1000_B7_R7_20251031_174209,2025-10-31 17:43:19,1000,40,7,193.64916731037084
21,0.0,1.0,0.7821428775787354,4.286352157592773,0.8571428656578064,0.1447839736938476,30.280953915272487,d1000_B7_R7_20251031_174209,2025-10-31 17:43:19,1000,40,7,193.64916731037084
22,0.0,1.0,0.7821428775787354,4.286352157592773,0.8571428656578064,0.2362511157989502,30.25091485234242,d1000_B7_R7_20251031_174209,2025-10-31 17:43:19,1000,40,7,193.64916731037084
23,0.0,1.0,0.7821428775787354,4.286352157592773,0.8571428656578064,0.217829942703247,30.323250013039143,d1000_B7_R7_20251031_174209,2025-10-31 17:43:19,1000,40,7,193.64916731037084
24,0.0,1.0,0.7821428775787354,4.286352157592773,0.8571428656578064,0.2018399238586425,30.47471763677982,d1000_B7_R7_20251031_174209,2025-10-31 17:43:19,1000,40,7,193.64916731037084
25,0.0,1.0,0.7821428775787354,4.286352157592773,0.8571428656578064,0.1703600883483886,30.77831460754796,d1000_B7_R7_20251031_174209,2025-10-31 17:43:19,1000,40,7,193.64916731037084
26,0.0,1.0,0.7821428775787354,4.286352157592773,0.8571428656578064,0.1582000255584716,31.12811745135055,d1000_B7_R7_20251031_174209,2025-10-31 17:43:19,1000,40,7,193.64916731037084
27,0.0,1.0,0.7821428775787354,4.286352157592773,0.8571428656578064,0.2086019515991211,31.20762615577005,d1000_B7_R7_20251031_174209,2025-10-31 17:43:19,1000,40,7,193.64916731037084
28,0.0,1.0,0.7821428775787354,4.286352157592773,0.8571428656578064,0.2607929706573486,31.02975795626071,d1000_B7_R7_20251031_174209,2025-10-31 17:43:19,1000,40,7,193.64916731037084
29,0.0,1.0,0.7821428775787354,4.286352157592773,0.8571428656578064,0.2032439708709716,31.131551686544817,d1000_B7_R7_20251031_174209,2025-10-31 17:43:19,1000,40,7,193.64916731037084
30,0.0,1.0,0.7821428775787354,4.286352157592773,0.8571428656578064,0.1667230129241943,31.39247695827898,d1000_B7_R7_20251031_174209,2025-10-31 17:43:19,1000,40,7,193.64916731037084
31,0.0,1.0,0.7821428775787354,4.286352157592773,0.8571428656578064,0.3718659877777099,30.74969922034247,d1000_B7_R7_20251031_174209,2025-10-31 17:43:19,1000,40,7,193.64916731037084
32,0.0,1.0,0.7821428775787354,4.286352157592773,0.8571428656578064,0.263347864151001,30.593286841347528,d1000_B7_R7_20251031_174209,2025-10-31 17:43:19,1000,40,7,193.64916731037084
33,0.0,1.0,0.7821428775787354,4.286352157592773,0.8571428656578064,0.294774055480957,30.326483170126867,d1000_B7_R7_20251031_174209,2025-10-31 17:43:19,1000,40,7,193.64916731037084
34,0.0,1.0,0.7821428775787354,4.286352157592773,0.8571428656578064,0.2403693199157714,30.289643601569125,d1000_B7_R7_20251031_174209,2025-10-31 17:43:19,1000,40,7,193.64916731037084
35,0.0,1.0,0.7821428775787354,4.286352157592773,0.8571428656578064,0.2441699504852295,30.241332714066235,d1000_B7_R7_20251031_174209,2025-10-31 17:43:19,1000,40,7,193.64916731037084
36,0.0,1.0,0.7821428775787354,4.286352157592773,0.8571428656578064,0.2418181896209716,30.204007563202666,d1000_B7_R7_20251031_174209,2025-10-31 17:43:19,1000,40,7,193.64916731037084
37,0.0,1.0,0.7821428775787354,4.286352157592773,0.8571428656578064,0.2243030071258545,30.228770002379157,d1000_B7_R7_20251031_174209,2025-10-31 17:43:19,1000,40,7,193.64916731037084
38,0.0,1.0,0.7821428775787354,4.286352157592773,0.8571428656578064,0.2933878898620605,30.022328183329847,d1000_B7_R7_20251031_174209,2025-10-31 17:43:19,1000,40,7,193.64916731037084
39,0.0,1.0,0.7821428775787354,4.286352157592773,0.8571428656578064,0.1276822090148925,30.36121623854712,d1000_B7_R7_20251031_174209,2025-10-31 17:43:19,1000,40,7,193.64916731037084
40,0.0,1.0,0.7821428775787354,4.286352157592773,0.8571428656578064,0.1526260375976562,30.61251277698601,d1000_B7_R7_20251031_174209,2025-10-31 17:43:19,1000,40,7,193.64916731037084
41,0.0,1.0,0.7821428775787354,4.286352157592773,0.8571428656578064,0.1446878910064697,30.878106756021275,d1000_B7_R7_20251031_174209,2025-10-31 17:43:19,1000,40,7,193.64916731037084
42,0.0,1.0,0.7821428775787354,4.286352157592773,0.8571428656578064,0.1288321018218994,31.190513547758204,d1000_B7_R7_20251031_174209,2025-10-31 17:43:19,1000,40,7,193.64916731037084
43,0.0,1.0,0.7821428775787354,4.286352157592773,0.8571428656578064,0.1468520164489746,31.436648678634235,d1000_B7_R7_20251031_174209,2025-10-31 17:43:19,1000,40,7,193.64916731037084
44,0.0,1.0,0.7821428775787354,4.286352157592773,0.8571428656578064,0.1405901908874511,31.695482113241717,d1000_B7_R7_20251031_174209,2025-10-31 17:43:19,1000,40,7,193.64916731037084
45,0.0,1.0,0.7821428775787354,4.286352157592773,0.8571428656578064,0.115419864654541,32.027133211292316,d1000_B7_R7_20251031_174209,2025-10-31 17:43:19,1000,40,7,193.64916731037084
46,0.0,1.0,0.7821428775787354,4.286352157592773,0.8571428656578064,0.0695400238037109,32.496545196545874,d1000_B7_R7_20251031_174209,2025-10-31 17:43:19,1000,40,7,193.64916731037084
47,0.0,1.0,0.7821428775787354,4.286352157592773,0.8571428656578064,0.147867202758789,32.70957027887266,d1000_B7_R7_20251031_174209,2025-10-31 17:43:19,1000,40,7,193.64916731037084
48,0.0,1.0,0.7821428775787354,4.286352157592773,0.8571428656578064,0.0893738269805908,33.096332443415854,d1000_B7_R7_20251031_174209,2025-10-31 17:43:19,1000,40,7,193.64916731037084
49,0.0,1.0,0.7821428775787354,4.286352157592773,0.8571428656578064,0.1151580810546875,33.39966824354277,d1000_B7_R7_20251031_174209,2025-10-31 17:43:19,1000,40,7,193.64916731037084
50,0.0,1.0,0.7821428775787354,4.286352157592773,0.8571428656578064,0.0947630405426025,33.761673826395416,d1000_B7_R7_20251031_174209,2025-10-31 17:43:19,1000,40,7,193.64916731037084
51,0.0,1.0,0.7821428775787354,4.286352157592773,0.8571428656578064,0.1461608409881591,33.95282323459632,d1000_B7_R7_20251031_174209,2025-10-31 17:43:19,1000,40,7,193.64916731037084
52,0.0,1.0,0.7821428775787354,4.286352157592773,0.8571428656578064,0.173130989074707,34.051144768027044,d1000_B7_R7_20251031_174209,2025-10-31 17:43:19,1000,40,7,193.64916731037084
53,0.0,1.0,0.7821428775787354,4.286352157592773,0.8571428656578064,0.2488729953765869,33.853579423252775,d1000_B7_R7_20251031_174209,2025-10-31 17:43:19,1000,40,7,193.64916731037084
54,0.0,1.0,0.7821428775787354,4.286352157592773,0.8571428656578064,0.0786330699920654,34.23839162866917,d1000_B7_R7_20251031_174209,2025-10-31 17:43:19,1000,40,7,193.64916731037084
55,0.0,1.0,0.7821428775787354,4.286352157592773,0.8571428656578064,0.1508522033691406,34.39559811231715,d1000_B7_R7_20251031_174209,2025-10-31 17:43:19,1000,40,7,193.64916731037084
56,0.0,1.0,0.7821428775787354,4.286352157592773,0.8571428656578064,0.1387159824371338,34.57552150027259,d1000_B7_R7_20251031_174209,2025-10-31 17:43:19,1000,40,7,193.64916731037084
57,0.0,1.0,0.7821428775787354,4.286352157592773,0.8571428656578064,0.1156213283538818,34.83233603583038,d1000_B7_R7_20251031_174209,2025-10-31 17:43:19,1000,40,7,193.64916731037084
58,0.0,1.0,0.7821428775787354,4.286352157592773,0.8571428656578064,0.1043000221252441,35.11784370924748,d1000_B7_R7_20251031_174209,2025-10-31 17:43:19,1000,40,7,193.64916731037084
59,0.0,1.0,0.7821428775787354,4.286352157592773,0.8571428656578064,0.1174073219299316,35.35874710792061,d1000_B7_R7_20251031_174209,2025-10-31 17:43:19,1000,40,7,193.64916731037084
60,0.0,1.0,0.7821428775787354,4.286352157592773,0.8571428656578064,0.121284008026123,35.58406789792669,d1000_B7_R7_20251031_174209,2025-10-31 17:43:19,1000,40,7,193.64916731037084
61,0.0,1.0,0.7821428775787354,4.286352157592773,0.8571428656578064,0.0716049671173095,35.95188387310892,d1000_B7_R7_20251031_174209,2025-10-31 17:43:19,1000,40,7,193.64916731037084
62,0.0,1.0,0.7821428775787354,4.286352157592773,0.8571428656578064,0.0918719768524169,36.25513185324074,d1000_B7_R7_20251031_174209,2025-10-31 17:43:19,1000,40,7,193.64916731037084
63,0.0,1.0,0.7821428775787354,4.286352157592773,0.8571428656578064,0.1845650672912597,36.27900748896125,d1000_B7_R7_20251031_174209,2025-10-31 17:43:19,1000,40,7,193.64916731037084
64,0.0,1.0,0.7821428775787354,4.286352157592773,0.8571428656578064,0.0684351921081543,36.64177063384553,d1000_B7_R7_20251031_174209,2025-10-31 17:43:19,1000,40,7,193.64916731037084
65,0.0,1.0,0.7821428775787354,4.286352157592773,0.8571428656578064,0.071146011352539,36.992671845814144,d1000_B7_R7_20251031_174209,2025-10-31 17:43:19,1000,40,7,193.64916731037084
66,0.0,1.0,0.7821428775787354,4.286352157592773,0.8571428656578064,0.075977087020874,37.32370400438763,d1000_B7_R7_20251031_174209,2025-10-31 17:43:19,1000,40,7,193.64916731037084
67,0.0,1.0,0.7821428775787354,4.286352157592773,0.8571428656578064,0.106921911239624,37.56053797755912,d1000_B7_R7_20251031_174209,2025-10-31 17:43:19,1000,40,7,193.64916731037084
68,0.0,1.0,0.7821428775787354,4.286352157592773,0.8571428656578064,0.0929710865020752,37.83452331414591,d1000_B7_R7_20251031_174209,2025-10-31 17:43:19,1000,40,7,193.64916731037084
69,0.0,1.0,0.7821428775787354,4.286352157592773,0.8571428656578064,0.0850148200988769,38.12822474241994,d1000_B7_R7_20251031_174209,2025-10-31 17:43:19,1000,40,7,193.64916731037084
70,0.0,1.0,0.7821428775787354,4.286352157592773,0.8571428656578064,0.138984203338623,38.25809987703489,d1000_B7_R7_20251031_174209,2025-10-31 17:43:19,1000,40,7,193.64916731037084
71,0.0,1.0,0.7821428775787354,4.286352157592773,0.8571428656578064,0.1552329063415527,38.33803055222595,d1000_B7_R7_20251031_174209,2025-10-31 17:43:19,1000,40,7,193.64916731037084
72,0.0,1.0,0.7821428775787354,4.286352157592773,0.8571428656578064,0.142366886138916,38.45339376345395,d1000_B7_R7_20251031_174209,2025-10-31 17:43:19,1000,40,7,193.64916731037084
73,0.0,1.0,0.7821428775787354,4.286352157592773,0.8571428656578064,0.1724741458892822,38.47964671224977,d1000_B7_R7_20251031_174209,2025-10-31 17:43:19,1000,40,7,193.64916731037084
74,0.0,1.0,0.7821428775787354,4.286352157592773,0.8571428656578064,0.0780858993530273,38.77392249904976,d1000_B7_R7_20251031_174209,2025-10-31 17:43:19,1000,40,7,193.64916731037084
75,0.0,1.0,0.7821428775787354,4.286352157592773,0.8571428656578064,0.1997599601745605,38.719026059434526,d1000_B7_R7_20251031_174209,2025-10-31 17:43:19,1000,40,7,193.64916731037084
76,0.0,1.0,0.7821428775787354,4.286352157592773,0.8571428656578064,0.1078619956970214,38.92153991528793,d1000_B7_R7_20251031_174209,2025-10-31 17:43:19,1000,40,7,193.64916731037084
77,0.0,1.0,0.7821428775787354,4.286352157592773,0.8571428656578064,0.0961260795593261,39.154427268465376,d1000_B7_R7_20251031_174209,2025-10-31 17:43:19,1000,40,7,193.64916731037084
78,0.0,1.0,0.7821428775787354,4.286352157592773,0.8571428656578064,0.0810551643371582,39.42620510117905,d1000_B7_R7_20251031_174209,2025-10-31 17:43:19,1000,40,7,193.64916731037084
79,0.0,1.0,0.7821428775787354,4.286352157592773,0.8571428656578064,0.0715119838714599,39.72207857249267,d1000_B7_R7_20251031_174209,2025-10-31 17:43:19,1000,40,7,193.64916731037084
80,0.0,1.0,0.7821428775787354,4.286352157592773,0.8571428656578064,0.0926687717437744,39.954509690046955,d1000_B7_R7_20251031_174209,2025-10-31 17:43:19,1000,40,7,193.64916731037084
81,0.0,1.0,0.7821428775787354,4.286352157592773,0.8571428656578064,0.1519689559936523,40.018591928564184,d1000_B7_R7_20251031_174209,2025-10-31 17:43:19,1000,40,7,193.64916731037084
82,0.0,1.0,0.7821428775787354,4.286352157592773,0.8571428656578064,0.1041631698608398,40.21337816399389,d1000_B7_R7_20251031_174209,2025-10-31 17:43:19,1000,40,7,193.64916731037084
83,0.0,1.0,0.7821428775787354,4.286352157592773,0.8571428656578064,0.1158080101013183,40.35953171403987,d1000_B7_R7_20251031_174209,2025-10-31 17:43:19,1000,40,7,193.64916731037084
84,0.0,1.0,0.7821428775787354,4.286352157592773,0.8571428656578064,0.118082046508789,40.50740316799104,d1000_B7_R7_20251031_174209,2025-10-31 17:43:19,1000,40,7,193.64916731037084
85,0.0,1.0,0.7821428775787354,4.286352157592773,0.8571428656578064,0.109123945236206,40.680680637330035,d1000_B7_R7_20251031_174209,2025-10-31 17:43:19,1000,40,7,193.64916731037084
86,0.0,1.0,0.7821428775787354,4.286352157592773,0.8571428656578064,0.1073670387268066,40.85595429447979,d1000_B7_R7_20251031_174209,2025-10-31 17:43:19,1000,40,7,193.64916731037084
87,0.0,1.0,0.7821428775787354,4.286352157592773,0.8571428656578064,0.1820271015167236,40.82636276045422,d1000_B7_R7_20251031_174209,2025-10-31 17:43:19,1000,40,7,193.64916731037084
88,0.0,1.0,0.7821428775787354,4.286352157592773,0.8571428656578064,0.1493780612945556,40.88487959655413,d1000_B7_R7_20251031_174209,2025-10-31 17:43:19,1000,40,7,193.64916731037084
89,0.0,1.0,0.7821428775787354,4.286352157592773,0.8571428656578064,0.1323790550231933,40.98740053979228,d1000_B7_R7_20251031_174209,2025-10-31 17:43:19,1000,40,7,193.64916731037084
90,0.0,1.0,0.7821428775787354,4.286352157592773,0.8571428656578064,0.1515641212463379,41.03726761947516,d1000_B7_R7_20251031_174209,2025-10-31 17:43:19,1000,40,7,193.64916731037084
91,0.0,1.0,0.7821428775787354,4.286352157592773,0.8571428656578064,0.1610500812530517,41.06087265466219,d1000_B7_R7_20251031_174209,2025-10-31 17:43:19,1000,40,7,193.64916731037084
92,0.0,1.0,0.7821428775787354,4.286352157592773,0.8571428656578064,0.1785798072814941,41.039275717837,d1000_B7_R7_20251031_174209,2025-10-31 17:43:19,1000,40,7,193.64916731037084
93,0.0,1.0,0.7821428775787354,4.286352157592773,0.8571428656578064,0.1242082118988037,41.15755494432978,d1000_B7_R7_20251031_174209,2025-10-31 17:43:19,1000,40,7,193.64916731037084
94,0.0,1.0,0.7821428775787354,4.286352157592773,0.8571428656578064,0.111271858215332,41.307352150883794,d1000_B7_R7_20251031_174209,2025-10-31 17:43:19,1000,40,7,193.64916731037084
95,0.0,1.0,0.7821428775787354,4.286352157592773,0.8571428656578064,0.2377898693084716,41.13349667127853,d1000_B7_R7_20251031_174209,2025-10-31 17:43:19,1000,40,7,193.64916731037084
96,0.0,1.0,0.7821428775787354,4.286352157592773,0.8571428656578064,0.5513179302215576,40.204187571610994,d1000_B7_R7_20251031_174209,2025-10-31 17:43:19,1000,40,7,193.64916731037084
97,0.0,1.0,0.7821428775787354,4.286352157592773,0.8571428656578064,0.2465357780456543,40.03085977836456,d1000_B7_R7_20251031_174209,2025-10-31 17:43:19,1000,40,7,193.64916731037084
98,0.0,1.0,0.7821428775787354,4.286352157592773,0.8571428656578064,0.2299730777740478,39.902118059010874,d1000_B7_R7_20251031_174209,2025-10-31 17:43:19,1000,40,7,193.64916731037084
99,0.0,1.0,0.7821428775787354,4.286352157592773,0.8571428656578064,0.1342449188232422,39.995538936652125,d1000_B7_R7_20251031_174209,2025-10-31 17:43:19,1000,40,7,193.64916731037084
100,0.0,1.0,0.7821428775787354,4.286352157592773,0.8571428656578064,0.1166441440582275,40.126709869601754,d1000_B7_R7_20251031_174209,2025-10-31 17:43:19,1000,40,7,193.64916731037084
101,0.0,1.0,0.7821428775787354,4.286352157592773,0.8571428656578064,0.1315209865570068,40.22152871469425,d1000_B7_R7_20251031_174209,2025-10-31 17:43:19,1000,40,7,193.64916731037084
102,0.0,1.0,0.7821428775787354,4.286352157592773,0.8571428656578064,0.103813886642456,40.379271234829766,d1000_B7_R7_20251031_174209,2025-10-31 17:43:19,1000,40,7,193.64916731037084
103,0.0,1.0,0.7821428775787354,4.286352157592773,0.8571428656578064,0.3461689949035644,39.98962011532615,d1000_B7_R7_20251031_174209,2025-10-31 17:43:19,1000,40,7,193.64916731037084
104,0.0,1.0,0.7821428775787354,4.286352157592773,0.8571428656578064,0.1730048656463623,39.98462360052158,d1000_B7_R7_20251031_174209,2025-10-31 17:43:19,1000,40,7,193.64916731037084
105,0.0,1.0,0.7821428775787354,4.286352157592773,0.8571428656578064,0.1212871074676513,40.09959152236773,d1000_B7_R7_20251031_174209,2025-10-31 17:43:19,1000,40,7,193.64916731037084
106,0.0,1.0,0.7821428775787354,4.286352157592773,0.8571428656578064,0.13820481300354,40.17740710060623,d1000_B7_R7_20251031_174209,2025-10-31 17:43:19,1000,40,7,193.64916731037084
107,0.0,1.0,0.7821428775787354,4.286352157592773,0.8571428656578064,0.1928880214691162,40.135734765171826,d1000_B7_R7_20251031_174209,2025-10-31 17:43:19,1000,40,7,193.64916731037084
108,0.0,1.0,0.7821428775787354,4.286352157592773,0.8571428656578064,0.0741438865661621,40.34803154738749,d1000_B7_R7_20251031_174209,2025-10-31 17:43:19,1000,40,7,193.64916731037084
109,0.0,1.0,0.7821428775787354,4.286352157592773,0.8571428656578064,0.1214449405670166,40.45705094262852,d1000_B7_R7_20251031_174209,2025-10-31 17:43:19,1000,40,7,193.64916731037084
110,0.0,1.0,0.7821428775787354,4.286352157592773,0.8571428656578064,0.1266078948974609,40.55427276056575,d1000_B7_R7_20251031_174209,2025-10-31 17:43:19,1000,40,7,193.64916731037084
111,0.0,1.0,0.7821428775787354,4.286352157592773,0.8571428656578064,0.3482968807220459,40.18835000014788,d1000_B7_R7_20251031_174209,2025-10-31 17:43:19,1000,40,7,193.64916731037084
112,0.0,1.0,0.7821428775787354,4.286352157592773,0.8571428656578064,0.2355358600616455,40.04751371361358,d1000_B7_R7_20251031_174209,2025-10-31 17:43:19,1000,40,7,193.64916731037084
113,0.0,1.0,0.7821428775787354,4.286352157592773,0.8571428656578064,0.2556989192962646,39.88466206415263,d1000_B7_R7_20251031_174209,2025-10-31 17:43:19,1000,40,7,193.64916731037084
114,0.0,1.0,0.7821428775787354,4.286352157592773,0.8571428656578064,0.2327930927276611,39.771318038514565,d1000_B7_R7_20251031_174209,2025-10-31 17:43:19,1000,40,7,193.64916731037084
115,0.0,1.0,0.7821428775787354,4.286352157592773,0.8571428656578064,0.1578578948974609,39.80591949881151,d1000_B7_R7_20251031_174209,2025-10-31 17:43:19,1000,40,7,193.64916731037084
116,0.0,1.0,0.7821428775787354,4.286352157592773,0.8571428656578064,0.1756739616394043,39.805697611184186,d1000_B7_R7_20251031_174209,2025-10-31 17:43:19,1000,40,7,193.64916731037084
117,0.0,1.0,0.7821428775787354,4.286352157592773,0.8571428656578064,0.1478042602539062,39.85910329534869,d1000_B7_R7_20251031_174209,2025-10-31 17:43:19,1000,40,7,193.64916731037084
118,0.0,1.0,0.7821428775787354,4.286352157592773,0.8571428656578064,0.0887718200683593,40.0245104953621,d1000_B7_R7_20251031_174209,2025-10-31 17:43:19,1000,40,7,193.64916731037084
119,0.0,1.0,0.7821428775787354,4.286352157592773,0.8571428656578064,0.1513569355010986,40.06901183926551,d1000_B7_R7_20251031_174209,2025-10-31 17:43:19,1000,40,7,193.64916731037084
120,0.0,1.0,0.7821428775787354,4.286352157592773,0.8571428656578064,0.0858330726623535,40.23697332874851,d1000_B7_R7_20251031_174209,2025-10-31 17:43:19,1000,40,7,193.64916731037084
121,0.0,1.0,0.7821428775787354,4.286352157592773,0.8571428656578064,0.1284170150756836,40.323056484082606,d1000_B7_R7_20251031_174209,2025-10-31 17:43:19,1000,40,7,193.64916731037084
122,0.0,1.0,0.7821428775787354,4.286352157592773,0.8571428656578064,0.2008779048919677,40.271142140360254,d1000_B7_R7_20251031_174209,2025-10-31 17:43:19,1000,40,7,193.64916731037084
123,0.0,1.0,0.7821428775787354,4.286352157592773,0.8571428656578064,0.2508461475372314,40.127351320227575,d1000_B7_R7_20251031_174209,2025-10-31 17:43:19,1000,40,7,193.64916731037084
124,0.0,1.0,0.7821428775787354,4.286352157592773,0.8571428656578064,0.5375468730926514,39.467102662616576,d1000_B7_R7_20251031_174209,2025-10-31 17:43:19,1000,40,7,193.64916731037084
125,0.0,1.0,0.7821428775787354,4.286352157592773,0.8571428656578064,0.2470858097076416,39.33592742586205,d1000_B7_R7_20251031_174209,2025-10-31 17:43:19,1000,40,7,193.64916731037084
126,0.0,1.0,0.7821428775787354,4.286352157592773,0.8571428656578064,0.2412729263305664,39.22560440606756,d1000_B7_R7_20251031_174209,2025-10-31 17:43:19,1000,40,7,193.64916731037084
127,0.0,1.0,0.7821428775787354,4.286352157592773,0.8571428656578064,0.1891047954559326,39.206939938636765,d1000_B7_R7_20251031_174209,2025-10-31 17:43:19,1000,40,7,193.64916731037084
128,0.0,1.0,0.7821428775787354,4.286352157592773,0.8571428656578064,0.2075178623199463,39.15705702167291,d1000_B7_R7_20251031_174209,2025-10-31 17:43:19,1000,40,7,193.64916731037084
129,0.0,1.0,0.7821428775787354,4.286352157592773,0.8571428656578064,0.1660578250885009,39.17787746336708,d1000_B7_R7_20251031_174209,2025-10-31 17:43:19,1000,40,7,193.64916731037084
130,0.0,1.0,0.7821428775787354,4.286352157592773,0.8571428656578064,0.1829628944396972,39.170307224590374,d1000_B7_R7_20251031_174209,2025-10-31 17:43:19,1000,40,7,193.64916731037084
131,0.0,1.0,0.7821428775787354,4.286352157592773,0.8571428656578064,0.231144905090332,39.083032506265376,d1000_B7_R7_20251031_174209,2025-10-31 17:43:19,1000,40,7,193.64916731037084
132,0.0,1.0,0.7821428775787354,4.286352157592773,0.8571428656578064,0.1948690414428711,39.05683980265184,d1000_B7_R7_20251031_174209,2025-10-31 17:43:19,1000,40,7,193.64916731037084
133,0.0,1.0,0.7821428775787354,4.286352157592773,0.8571428656578064,0.3481347560882568,38.78364375291,d1000_B7_R7_20251031_174209,2025-10-31 17:43:19,1000,40,7,193.64916731037084
134,0.0,1.0,0.7821428775787354,4.286352157592773,0.8571428656578064,0.2357439994812011,38.69513762218713,d1000_B7_R7_20251031_174209,2025-10-31 17:43:19,1000,40,7,193.64916731037084
135,0.0,1.0,0.7821428775787354,4.286352157592773,0.8571428656578064,0.2171409130096435,38.63793818589683,d1000_B7_R7_20251031_174209,2025-10-31 17:43:19,1000,40,7,193.64916731037084
136,0.0,1.0,0.7821428775787354,4.286352157592773,0.8571428656578064,0.2112801074981689,38.59076784242703,d1000_B7_R7_20251031_174209,2025-10-31 17:43:19,1000,40,7,193.64916731037084
137,0.0,1.0,0.7821428775787354,4.286352157592773,0.8571428656578064,0.1531713008880615,38.631067052051435,d1000_B7_R7_20251031_174209,2025-10-31 17:43:19,1000,40,7,193.64916731037084
138,0.0,1.0,0.7821428775787354,4.286352157592773,0.8571428656578064,0.2588639259338379,38.51161802436348,d1000_B7_R7_20251031_174209,2025-10-31 17:43:19,1000,40,7,193.64916731037084
139,0.0,1.0,0.7821428775787354,4.286352157592773,0.8571428656578064,0.2190980911254882,38.454045226022295,d1000_B7_R7_20251031_174209,2025-10-31 17:43:19,1000,40,7,193.64916731037084
140,0.0,1.0,0.7821428775787354,4.286352157592773,0.8571428656578064,0.2332258224487304,38.3772079225261,d1000_B7_R7_20251031_174209,2025-10-31 17:43:19,1000,40,7,193.64916731037084
141,0.0,1.0,0.7821428775787354,4.286352157592773,0.8571428656578064,0.2329299449920654,38.30217475829409,d1000_B7_R7_20251031_174209,2025-10-31 17:43:19,1000,40,7,193.64916731037084
142,0.0,1.0,0.7821428775787354,4.286352157592773,0.8571428656578064,0.3324520587921142,38.08330122533763,d1000_B7_R7_20251031_174209,2025-10-31 17:43:19,1000,40,7,193.64916731037084
143,0.0,1.0,0.7821428775787354,4.286352157592773,0.8571428656578064,0.2427968978881836,37.99628689792843,d1000_B7_R7_20251031_174209,2025-10-31 17:43:19,1000,40,7,193.64916731037084
144,0.0,1.0,0.7821428775787354,4.286352157592773,0.8571428656578064,0.2246158123016357,37.93859241573843,d1000_B7_R7_20251031_174209,2025-10-31 17:43:19,1000,40,7,193.64916731037084
145,0.0,1.0,0.7821428775787354,4.286352157592773,0.8571428656578064,0.2362749576568603,37.86554475880519,d1000_B7_R7_20251031_174209,2025-10-31 17:43:19,1000,40,7,193.64916731037084
146,0.0,1.0,0.7821428775787354,4.286352157592773,0.8571428656578064,0.2052571773529052,37.83683482289344,d1000_B7_R7_20251031_174209,2025-10-31 17:43:19,1000,40,7,193.64916731037084
147,0.0,1.0,0.7821428775787354,4.286352157592773,0.8571428656578064,0.1968641281127929,37.819084242328714,d1000_B7_R7_20251031_174209,2025-10-31 17:43:19,1000,40,7,193.64916731037084
148,0.0,1.0,0.7821428775787354,4.286352157592773,0.8571428656578064,0.228795051574707,37.7587216432882,d1000_B7_R7_20251031_174209,2025-10-31 17:43:19,1000,40,7,193.64916731037084
149,0.0,1.0,0.7821428775787354,4.286352157592773,0.8571428656578064,0.2270231246948242,37.701986936558185,d1000_B7_R7_20251031_174209,2025-10-31 17:43:19,1000,40,7,193.64916731037084
150,0.0,1.0,0.7821428775787354,4.286352157592773,0.8571428656578064,0.1974751949310302,37.68575255404534,d1000_B7_R7_20251031_174209,2025-10-31 17:43:19,1000,40,7,193.64916731037084
151,0.0,1.0,0.7821428775787354,4.286352157592773,0.8571428656578064,0.2346889972686767,37.620215902067216,d1000_B7_R7_20251031_174209,2025-10-31 17:43:19,1000,40,7,193.64916731037084
152,0.0,1.0,0.7821428775787354,4.286352157592773,0.8571428656578064,0.452960729598999,37.26635466824662,d1000_B7_R7_20251031_174209,2025-10-31 17:43:19,1000,40,7,193.64916731037084
153,0.0,1.0,0.7821428775787354,4.286352157592773,0.8571428656578064,0.3207051753997803,37.07706278885762,d1000_B7_R7_20251031_174209,2025-10-31 17:43:19,1000,40,7,193.64916731037084
154,0.0,1.0,0.7821428775787354,4.286352157592773,0.8571428656578064,0.2421350479125976,37.00786517797808,d1000_B7_R7_20251031_174209,2025-10-31 17:43:19,1000,40,7,193.64916731037084
155,0.0,1.0,0.7821428775787354,4.286352157592773,0.8571428656578064,0.2454199790954589,36.9371035279314,d1000_B7_R7_20251031_174209,2025-10-31 17:43:19,1000,40,7,193.64916731037084
156,0.0,1.0,0.7821428775787354,4.286352157592773,0.8571428656578064,0.2314429283142089,36.88485739939651,d1000_B7_R7_20251031_174209,2025-10-31 17:43:19,1000,40,7,193.64916731037084
157,0.0,1.0,0.7821428775787354,4.286352157592773,0.8571428656578064,0.2156970500946045,36.85272649746656,d1000_B7_R7_20251031_174209,2025-10-31 17:43:19,1000,40,7,193.64916731037084
158,0.0,1.0,0.7821428775787354,4.286352157592773,0.8571428656578064,0.151188850402832,36.89979164399916,d1000_B7_R7_20251031_174209,2025-10-31 17:43:19,1000,40,7,193.64916731037084
159,0.0,1.0,0.7821428775787354,4.286352157592773,0.8571428656578064,0.301239013671875,36.760149404753214,d1000_B7_R7_20251031_174209,2025-10-31 17:43:19,1000,40,7,193.64916731037084
160,0.0,1.0,0.7821428775787354,4.286352157592773,0.8571428656578064,0.2301270961761474,36.71228588560672,d1000_B7_R7_20251031_174209,2025-10-31 17:43:19,1000,40,7,193.64916731037084
161,0.0,1.0,0.7821428775787354,4.286352157592773,0.8571428656578064,0.2430179119110107,36.64993827285684,d1000_B7_R7_20251031_174209,2025-10-31 17:43:19,1000,40,7,193.64916731037084
162,0.0,1.0,0.7821428775787354,4.286352157592773,0.8571428656578064,0.2335832118988037,36.59960930954644,d1000_B7_R7_20251031_174209,2025-10-31 17:43:19,1000,40,7,193.64916731037084
163,0.0,1.0,0.7821428775787354,4.286352157592773,0.8571428656578064,0.2793459892272949,36.49683535136169,d1000_B7_R7_20251031_174209,2025-10-31 17:43:19,1000,40,7,193.64916731037084
164,0.0,1.0,0.7821428775787354,4.286352157592773,0.8571428656578064,0.6754500865936279,35.94197253038923,d1000_B7_R7_20251031_174209,2025-10-31 17:43:19,1000,40,7,193.64916731037084
165,0.0,1.0,0.7821428775787354,4.286352157592773,0.8571428656578064,0.2531361579895019,35.86708008434926,d1000_B7_R7_20251031_174209,2025-10-31 17:43:19,1000,40,7,193.64916731037084
166,0.0,1.0,0.7821428775787354,4.286352157592773,0.8571428656578064,0.2576093673706054,35.795803931410674,d1000_B7_R7_20251031_174209,2025-10-31 17:43:19,1000,40,7,193.64916731037084
167,0.0,1.0,0.7821428775787354,4.286352157592773,0.8571428656578064,0.2596080303192138,35.72589594453732,d1000_B7_R7_20251031_174209,2025-10-31 17:43:19,1000,40,7,193.64916731037084
168,0.0,1.0,0.7821428775787354,4.286352157592773,0.8571428656578064,0.1785306930541992,35.744432914066046,d1000_B7_R7_20251031_174209,2025-10-31 17:43:19,1000,40,7,193.64916731037084
169,0.0,1.0,0.7821428775787354,4.286352157592773,0.8571428656578064,0.159208059310913,35.78355451584489,d1000_B7_R7_20251031_174209,2025-10-31 17:43:19,1000,40,7,193.64916731037084
170,0.0,1.0,0.7821428775787354,4.286352157592773,0.8571428656578064,0.1979808807373047,35.780767681755584,d1000_B7_R7_20251031_174209,2025-10-31 17:43:19,1000,40,7,193.64916731037084
171,0.0,1.0,0.7821428775787354,4.286352157592773,0.8571428656578064,0.2263050079345703,35.74770146365229,d1000_B7_R7_20251031_174209,2025-10-31 17:43:19,1000,40,7,193.64916731037084
172,0.0,1.0,0.7821428775787354,4.286352157592773,0.8571428656578064,0.2356176376342773,35.70553084084047,d1000_B7_R7_20251031_174209,2025-10-31 17:43:19,1000,40,7,193.64916731037084
173,0.0,1.0,0.7821428775787354,4.286352157592773,0.8571428656578064,0.13191819190979,35.772485146207345,d1000_B7_R7_20251031_174209,2025-10-31 17:43:19,1000,40,7,193.64916731037084
174,0.0,1.0,0.7821428775787354,4.286352157592773,0.8571428656578064,0.0872180461883544,35.885671626192,d1000_B7_R7_20251031_174209,2025-10-31 17:43:19,1000,40,7,193.64916731037084
175,0.0,1.0,0.7821428775787354,4.286352157592773,0.8571428656578064,0.1294808387756347,35.95409691236452,d1000_B7_R7_20251031_174209,2025-10-31 17:43:19,1000,40,7,193.64916731037084
176,0.0,1.0,0.7821428775787354,4.286352157592773,0.8571428656578064,0.11641526222229,36.03572060805319,d1000_B7_R7_20251031_174209,2025-10-31 17:43:19,1000,40,7,193.64916731037084
177,0.0,1.0,0.7821428775787354,4.286352157592773,0.8571428656578064,0.0813748836517334,36.15342200524754,d1000_B7_R7_20251031_174209,2025-10-31 17:43:19,1000,40,7,193.64916731037084
178,0.0,1.0,0.7821428775787354,4.286352157592773,0.8571428656578064,0.1455600261688232,36.20320627308621,d1000_B7_R7_20251031_174209,2025-10-31 17:43:19,1000,40,7,193.64916731037084
179,0.0,1.0,0.7821428775787354,4.286352157592773,0.8571428656578064,0.1859958171844482,36.21064985047619,d1000_B7_R7_20251031_174209,2025-10-31 17:43:19,1000,40,7,193.64916731037084
180,0.0,1.0,0.7821428775787354,4.286352157592773,0.8571428656578064,0.1013312339782714,36.30585534371114,d1000_B7_R7_20251031_174209,2025-10-31 17:43:19,1000,40,7,193.64916731037084
181,0.0,1.0,0.7821428775787354,4.286352157592773,0.8571428656578064,0.1248059272766113,36.37600730294422,d1000_B7_R7_20251031_174209,2025-10-31 17:43:19,1000,40,7,193.64916731037084
182,0.0,1.0,0.7821428775787354,4.286352157592773,0.8571428656578064,0.1414580345153808,36.42802720957449,d1000_B7_R7_20251031_174209,2025-10-31 17:43:19,1000,40,7,193.64916731037084
183,0.0,1.0,0.7821428775787354,4.286352157592773,0.8571428656578064,0.1851391792297363,36.43480472315553,d1000_B7_R7_20251031_174209,2025-10-31 17:43:19,1000,40,7,193.64916731037084
184,0.0,1.0,0.7821428775787354,4.286352157592773,0.8571428656578064,0.1333720684051513,36.4948929948279,d1000_B7_R7_20251031_174209,2025-10-31 17:43:19,1000,40,7,193.64916731037084
185,0.0,1.0,0.7821428775787354,4.286352157592773,0.8571428656578064,0.1719071865081787,36.514888657342695,d1000_B7_R7_20251031_174209,2025-10-31 17:43:19,1000,40,7,193.64916731037084
186,0.0,1.0,0.7821428775787354,4.286352157592773,0.8571428656578064,0.130202054977417,36.57708958501175,d1000_B7_R7_20251031_174209,2025-10-31 17:43:19,1000,40,7,193.64916731037084
187,0.0,1.0,0.7821428775787354,4.286352157592773,0.8571428656578064,0.195073127746582,36.57247416107274,d1000_B7_R7_20251031_174209,2025-10-31 17:43:19,1000,40,7,193.64916731037084
188,0.0,1.0,0.7821428775787354,4.286352157592773,0.8571428656578064,0.2315871715545654,36.53167937393497,d1000_B7_R7_20251031_174209,2025-10-31 17:43:19,1000,40,7,193.64916731037084
189,0.0,1.0,0.7821428775787354,4.286352157592773,0.8571428656578064,0.1405649185180664,36.58198886443186,d1000_B7_R7_20251031_174209,2025-10-31 17:43:19,1000,40,7,193.64916731037084
190,0.0,1.0,0.7821428775787354,4.286352157592773,0.8571428656578064,0.1597568988800048,36.61342308824392,d1000_B7_R7_20251031_174209,2025-10-31 17:43:19,1000,40,7,193.64916731037084
191,0.0,1.0,0.7821428775787354,4.286352157592773,0.8571428656578064,0.1257088184356689,36.67856597186955,d1000_B7_R7_20251031_174209,2025-10-31 17:43:19,1000,40,7,193.64916731037084
192,0.0,1.0,0.7821428775787354,4.286352157592773,0.8571428656578064,0.1882550716400146,36.68062637860927,d1000_B7_R7_20251031_174209,2025-10-31 17:43:19,1000,40,7,193.64916731037084
193,0.0,1.0,0.7821428775787354,4.286352157592773,0.8571428656578064,0.1169211864471435,36.75369274811075,d1000_B7_R7_20251031_174209,2025-10-31 17:43:19,1000,40,7,193.64916731037084
194,0.0,1.0,0.7821428775787354,4.286352157592773,0.8571428656578064,0.1751971244812011,36.76859672914278,d1000_B7_R7_20251031_174209,2025-10-31 17:43:19,1000,40,7,193.64916731037084
195,0.0,1.0,0.7821428775787354,4.286352157592773,0.8571428656578064,0.1069309711456298,36.850773435355755,d1000_B7_R7_20251031_174209,2025-10-31 17:43:19,1000,40,7,193.64916731037084
196,0.0,1.0,0.7821428775787354,4.286352157592773,0.8571428656578064,0.1792559623718261,36.85703321535169,d1000_B7_R7_20251031_174209,2025-10-31 17:43:19,1000,40,7,193.64916731037084
197,0.0,1.0,0.7821428775787354,4.286352157592773,0.8571428656578064,0.0998008251190185,36.94518048361529,d1000_B7_R7_20251031_174209,2025-10-31 17:43:19,1000,40,7,193.64916731037084
198,0.0,1.0,0.7821428775787354,4.286352157592773,0.8571428656578064,0.0884511470794677,37.04393633868053,d1000_B7_R7_20251031_174209,2025-10-31 17:43:19,1000,40,7,193.64916731037084
199,0.0,1.0,0.7821428775787354,4.286352157592773,0.8571428656578064,0.1193101406097412,37.11151118027749,d1000_B7_R7_20251031_174209,2025-10-31 17:43:19,1000,40,7,193.64916731037084
200,0.0,1.0,0.7821428775787354,4.286352157592773,0.8571428656578064,0.1129400730133056,37.185542094700665,d1000_B7_R7_20251031_174209,2025-10-31 17:43:19,1000,40,7,193.64916731037084
201,0.0,1.0,0.7821428775787354,4.286352157592773,0.8571428656578064,0.3440830707550049,37.03332170791461,d1000_B7_R7_20251031_174209,2025-10-31 17:43:19,1000,40,7,193.64916731037084
202,0.0,1.0,0.7821428775787354,4.286352157592773,0.8571428656578064,0.1568977832794189,37.06204646476929,d1000_B7_R7_20251031_174209,2025-10-31 17:43:19,1000,40,7,193.64916731037084
203,0.0,1.0,0.7821428775787354,4.286352157592773,0.8571428656578064,0.7024691104888916,36.57160475882342,d1000_B7_R7_20251031_174209,2025-10-31 17:43:19,1000,40,7,193.64916731037084
204,0.0,1.0,0.7821428775787354,4.286352157592773,0.8571428656578064,0.2759919166564941,36.4693165644849,d1000_B7_R7_20251031_174209,2025-10-31 17:43:19,1000,40,7,193.64916731037084
205,0.0,1.0,0.7821428775787354,4.286352157592773,0.8571428656578064,0.228208303451538,36.43540087721187,d1000_B7_R7_20251031_174209,2025-10-31 17:43:19,1000,40,7,193.64916731037084
206,0.0,1.0,0.7821428775787354,4.286352157592773,0.8571428656578064,0.2067687511444091,36.4203284966848,d1000_B7_R7_20251031_174209,2025-10-31 17:43:19,1000,40,7,193.64916731037084
207,0.0,1.0,0.7821428775787354,4.286352157592773,0.8571428656578064,0.1979780197143554,36.414327009389176,d1000_B7_R7_20251031_174209,2025-10-31 17:43:19,1000,40,7,193.64916731037084
208,0.0,1.0,0.7821428775787354,4.286352157592773,0.8571428656578064,0.216386079788208,36.39212223326255,d1000_B7_R7_20251031_174209,2025-10-31 17:43:19,1000,40,7,193.64916731037084
209,0.0,1.0,0.7821428775787354,4.286352157592773,0.8571428656578064,0.183427095413208,36.399593820653934,d1000_B7_R7_20251031_174209,2025-10-31 17:43:19,1000,40,7,193.64916731037084
210,0.0,1.0,0.7821428775787354,4.286352157592773,0.8571428656578064,0.1201789379119873,36.46411362163937,d1000_B7_R7_20251031_174209,2025-10-31 17:43:19,1000,40,7,193.64916731037084
211,0.0,1.0,0.7821428775787354,4.286352157592773,0.8571428656578064,0.1975359916687011,36.45894516810757,d1000_B7_R7_20251031_174209,2025-10-31 17:43:19,1000,40,7,193.64916731037084
212,0.0,1.0,0.7821428775787354,4.286352157592773,0.8571428656578064,0.2247920036315918,36.428474131083426,d1000_B7_R7_20251031_174209,2025-10-31 17:43:19,1000,40,7,193.64916731037084
213,0.0,1.0,0.7821428775787354,4.286352157592773,0.8571428656578064,0.1565449237823486,36.45984172559615,d1000_B7_R7_20251031_174209,2025-10-31 17:43:19,1000,40,7,193.64916731037084
214,0.0,1.0,0.7821428775787354,4.286352157592773,0.8571428656578064,0.1531562805175781,36.49395557187266,d1000_B7_R7_20251031_174209,2025-10-31 17:43:19,1000,40,7,193.64916731037084
215,0.0,1.0,0.7821428775787354,4.286352157592773,0.8571428656578064,0.1315951347351074,36.54686114535405,d1000_B7_R7_20251031_174209,2025-10-31 17:43:19,1000,40,7,193.64916731037084
216,0.0,1.0,0.7821428775787354,4.286352157592773,0.8571428656578064,0.143409252166748,36.5890118136695,d1000_B7_R7_20251031_174209,2025-10-31 17:43:19,1000,40,7,193.64916731037084
217,0.0,1.0,0.7821428775787354,4.286352157592773,0.8571428656578064,0.0561447143554687,36.70760044538845,d1000_B7_R7_20251031_174209,2025-10-31 17:43:19,1000,40,7,193.64916731037084
218,0.0,1.0,0.7821428775787354,4.286352157592773,0.8571428656578064,0.5842902660369873,36.36458092229234,d1000_B7_R7_20251031_174209,2025-10-31 17:43:19,1000,40,7,193.64916731037084
219,0.0,1.0,0.7821428775787354,4.286352157592773,0.8571428656578064,0.2974960803985595,36.20677094943294,d1000_B7_R7_20251031_174209,2025-10-31 17:43:19,1000,40,7,193.64916731037084
220,0.0,1.0,0.7821428775787354,4.286352157592773,0.8571428656578064,0.108583927154541,36.27802293352632,d1000_B7_R7_20251031_174209,2025-10-31 17:43:19,1000,40,7,193.64916731037084
221,0.0,1.0,0.7821428775787354,4.286352157592773,0.8571428656578064,0.1241822242736816,36.336157428077215,d1000_B7_R7_20251031_174209,2025-10-31 17:43:19,1000,40,7,193.64916731037084
222,0.0,1.0,0.7821428775787354,4.286352157592773,0.8571428656578064,0.189274787902832,36.33876144388791,d1000_B7_R7_20251031_174209,2025-10-31 17:43:19,1000,40,7,193.64916731037084
223,0.0,1.0,0.7821428775787354,4.286352157592773,0.8571428656578064,0.244236946105957,36.29516790343747,d1000_B7_R7_20251031_174209,2025-10-31 17:43:19,1000,40,7,193.64916731037084
224,0.0,1.0,0.7821428775787354,4.286352157592773,0.8571428656578064,0.1867508888244629,36.30009184773388,d1000_B7_R7_20251031_174209,2025-10-31 17:43:19,1000,40,7,193.64916731037084
225,0.0,1.0,0.7821428775787354,4.286352157592773,0.8571428656578064,0.1692860126495361,36.319544432587264,d1000_B7_R7_20251031_174209,2025-10-31 17:43:19,1000,40,7,193.64916731037084
226,0.0,1.0,0.7821428775787354,4.286352157592773,0.8571428656578064,2.287165880203247,34.65815675043953,d1000_B7_R7_20251031_174209,2025-10-31 17:43:19,1000,40,7,193.64916731037084
227,0.0,1.0,0.7821428775787354,4.286352157592773,0.8571428656578064,0.7193951606750488,34.23998042573064,d1000_B7_R7_20251031_174209,2025-10-31 17:43:19,1000,40,7,193.64916731037084
228,0.0,1.0,0.7821428775787354,4.286352157592773,0.8571428656578064,0.9157330989837646,33.70777474438451,d1000_B7_R7_20251031_174209,2025-10-31 17:43:19,1000,40,7,193.64916731037084
229,0.0,1.0,0.7821428775787354,4.286352157592773,0.8571428656578064,0.2416059970855713,33.67987409264287,d1000_B7_R7_20251031_174209,2025-10-31 17:43:19,1000,40,7,193.64916731037084
230,0.0,1.0,0.7821428775787354,4.286352157592773,0.8571428656578064,0.2512199878692627,33.64885489032794,d1000_B7_R7_20251031_174209,2025-10-31 17:43:19,1000,40,7,193.64916731037084
231,0.0,1.0,0.7821428775787354,4.286352157592773,0.8571428656578064,0.1321501731872558,33.701558727898366,d1000_B7_R7_20251031_174209,2025-10-31 17:43:19,1000,40,7,193.64916731037084
232,0.0,1.0,0.7821428775787354,4.286352157592773,0.8571428656578064,0.1780190467834472,33.72208272990212,d1000_B7_R7_20251031_174209,2025-10-31 17:43:19,1000,40,7,193.64916731037084
233,0.0,1.0,0.7821428775787354,4.286352157592773,0.8571428656578064,0.1202049255371093,33.78105677715115,d1000_B7_R7_20251031_174209,2025-10-31 17:43:19,1000,40,7,193.64916731037084
234,0.0,1.0,0.7821428775787354,4.286352157592773,0.8571428656578064,0.2800729274749756,33.730216582870774,d1000_B7_R7_20251031_174209,2025-10-31 17:43:19,1000,40,7,193.64916731037084
235,0.0,1.0,0.7821428775787354,4.286352157592773,0.8571428656578064,0.2643561363220215,33.69094821161032,d1000_B7_R7_20251031_174209,2025-10-31 17:43:19,1000,40,7,193.64916731037084
236,0.0,1.0,0.7821428775787354,4.286352157592773,0.8571428656578064,0.2624108791351318,33.65326508741912,d1000_B7_R7_20251031_174209,2025-10-31 17:43:19,1000,40,7,193.64916731037084
237,0.0,1.0,0.7821428775787354,4.286352157592773,0.8571428656578064,0.1866281032562255,33.66747874435529,d1000_B7_R7_20251031_174209,2025-10-31 17:43:19,1000,40,7,193.64916731037084
238,0.0,1.0,0.7821428775787354,4.286352157592773,0.8571428656578064,0.7621428966522217,33.29591226776234,d1000_B7_R7_20251031_174209,2025-10-31 17:43:19,1000,40,7,193.64916731037084
239,0.0,1.0,0.7821428775787354,4.286352157592773,0.8571428656578064,0.2518630027770996,33.267445941922546,d1000_B7_R7_20251031_174209,2025-10-31 17:43:19,1000,40,7,193.64916731037084
240,0.0,1.0,0.7821428775787354,4.286352157592773,0.8571428656578064,0.1959447860717773,33.27438624459791,d1000_B7_R7_20251031_174209,2025-10-31 17:43:19,1000,40,7,193.64916731037084
241,0.0,1.0,0.7821428775787354,4.286352157592773,0.8571428656578064,0.2025599479675293,33.27935358582919,d1000_B7_R7_20251031_174209,2025-10-31 17:43:19,1000,40,7,193.64916731037084
242,0.0,1.0,0.7821428775787354,4.286352157592773,0.8571428656578064,0.1380369663238525,33.32598042539262,d1000_B7_R7_20251031_174209,2025-10-31 17:43:19,1000,40,7,193.64916731037084
243,0.0,1.0,0.7821428775787354,4.286352157592773,0.8571428656578064,0.1722328662872314,33.350388543200076,d1000_B7_R7_20251031_174209,2025-10-31 17:43:19,1000,40,7,193.64916731037084
244,0.0,1.0,0.7821428775787354,4.286352157592773,0.8571428656578064,0.0759520530700683,33.437121553684605,d1000_B7_R7_20251031_174209,2025-10-31 17:43:19,1000,40,7,193.64916731037084
245,0.0,1.0,0.7821428775787354,4.286352157592773,0.8571428656578064,0.088702917098999,33.515127824776734,d1000_B7_R7_20251031_174209,2025-10-31 17:43:19,1000,40,7,193.64916731037084
246,0.0,1.0,0.7821428775787354,4.286352157592773,0.8571428656578064,0.0592648983001709,33.61241425051841,d1000_B7_R7_20251031_174209,2025-10-31 17:43:19,1000,40,7,193.64916731037084
247,0.0,1.0,0.7821428775787354,4.286352157592773,0.8571428656578064,0.1704020500183105,33.636927106259186,d1000_B7_R7_20251031_174209,2025-10-31 17:43:19,1000,40,7,193.64916731037084
248,0.0,1.0,0.7821428775787354,4.286352157592773,0.8571428656578064,0.7078561782836914,33.31454221932585,d1000_B7_R7_20251031_174209,2025-10-31 17:43:19,1000,40,7,193.64916731037084
249,0.0,1.0,0.7821428775787354,4.286352157592773,0.8571428656578064,0.2674679756164551,33.27366116562213,d1000_B7_R7_20251031_174209,2025-10-31 17:43:19,1000,40,7,193.64916731037084
250,0.0,1.0,0.7821428775787354,4.286352157592773,0.8571428656578064,0.2790212631225586,33.23030800141841,d1000_B7_R7_20251031_174209,2025-10-31 17:43:19,1000,40,7,193.64916731037084
251,0.0,1.0,0.7821428775787354,4.286352157592773,0.8571428656578064,0.1523830890655517,33.26535919671004,d1000_B7_R7_20251031_174209,2025-10-31 17:43:19,1000,40,7,193.64916731037084
252,0.0,1.0,0.7821428775787354,4.286352157592773,0.8571428656578064,0.1884198188781738,33.27839904829161,d1000_B7_R7_20251031_174209,2025-10-31 17:43:19,1000,40,7,193.64916731037084
253,0.0,1.0,0.7821428775787354,4.286352157592773,0.8571428656578064,0.2172548770904541,33.27322496729385,d1000_B7_R7_20251031_174209,2025-10-31 17:43:19,1000,40,7,193.64916731037084
254,0.0,1.0,0.7821428775787354,4.286352157592773,0.8571428656578064,0.1631617546081543,33.301758480240835,d1000_B7_R7_20251031_174209,2025-10-31 17:43:19,1000,40,7,193.64916731037084
255,0.0,1.0,0.7821428775787354,4.286352157592773,0.8571428656578064,0.2262749671936035,33.28555706527991,d1000_B7_R7_20251031_174209,2025-10-31 17:43:19,1000,40,7,193.64916731037084
256,0.0,1.0,0.7821428775787354,4.286352157592773,0.8571428656578064,0.2621393203735351,33.2528923324286,d1000_B7_R7_20251031_174209,2025-10-31 17:43:19,1000,40,7,193.64916731037084
257,0.0,1.0,0.7821428775787354,4.286352157592773,0.8571428656578064,0.1795713901519775,33.2715456023986,d1000_B7_R7_20251031_174209,2025-10-31 17:43:19,1000,40,7,193.64916731037084
258,0.0,1.0,0.7821428775787354,4.286352157592773,0.8571428656578064,0.1982040405273437,33.278832167464344,d1000_B7_R7_20251031_174209,2025-10-31 17:43:19,1000,40,7,193.64916731037084
259,0.0,1.0,0.7821428775787354,4.286352157592773,0.8571428656578064,0.2268099784851074,33.26164893042954,d1000_B7_R7_20251031_174209,2025-10-31 17:43:19,1000,40,7,193.64916731037084
260,0.0,1.0,0.7821428775787354,4.286352157592773,0.8571428656578064,0.2285571098327636,33.25057337328503,d1000_B7_R7_20251031_174209,2025-10-31 17:43:19,1000,40,7,193.64916731037084
261,0.0,1.0,0.7821428775787354,4.286352157592773,0.8571428656578064,0.1191740036010742,33.30557852845952,d1000_B7_R7_20251031_174209,2025-10-31 17:43:19,1000,40,7,193.64916731037084
262,0.0,1.0,0.7821428775787354,4.286352157592773,0.8571428656578064,0.1349489688873291,33.35082076467828,d1000_B7_R7_20251031_174209,2025-10-31 17:43:19,1000,40,7,193.64916731037084
263,0.0,1.0,0.7821428775787354,4.286352157592773,0.8571428656578064,0.2071099281311035,33.3516833629674,d1000_B7_R7_20251031_174209,2025-10-31 17:43:19,1000,40,7,193.64916731037084
264,0.0,1.0,0.7821428775787354,4.286352157592773,0.8571428656578064,0.1361491680145263,33.39580885713734,d1000_B7_R7_20251031_174209,2025-10-31 17:43:19,1000,40,7,193.64916731037084
265,0.0,1.0,0.7821428775787354,4.286352157592773,0.8571428656578064,0.1759078502655029,33.415772551895195,d1000_B7_R7_20251031_174209,2025-10-31 17:43:19,1000,40,7,193.64916731037084
266,0.0,1.0,0.7821428775787354,4.286352157592773,0.8571428656578064,0.0953876972198486,33.48384525939392,d1000_B7_R7_20251031_174209,2025-10-31 17:43:19,1000,40,7,193.64916731037084
267,0.0,1.0,0.7821428775787354,4.286352157592773,0.8571428656578064,0.1005408763885498,33.54832091225549,d1000_B7_R7_20251031_174209,2025-10-31 17:43:19,1000,40,7,193.64916731037084
268,0.0,1.0,0.7821428775787354,4.286352157592773,0.8571428656578064,0.1379082202911377,33.59010594121239,d1000_B7_R7_20251031_174209,2025-10-31 17:43:19,1000,40,7,193.64916731037084
269,0.0,1.0,0.7821428775787354,4.286352157592773,0.8571428656578064,0.15484619140625,33.62191834143993,d1000_B7_R7_20251031_174209,2025-10-31 17:43:19,1000,40,7,193.64916731037084
270,0.0,1.0,0.7821428775787354,4.286352157592773,0.8571428656578064,0.1021060943603515,33.68510378019249,d1000_B7_R7_20251031_174209,2025-10-31 17:43:19,1000,40,7,193.64916731037084
271,0.0,1.0,0.7821428775787354,4.286352157592773,0.8571428656578064,0.0907719135284423,33.75389482673199,d1000_B7_R7_20251031_174209,2025-10-31 17:43:19,1000,40,7,193.64916731037084
272,0.0,1.0,0.7821428775787354,4.286352157592773,0.8571428656578064,0.3317549228668213,33.679765422234716,d1000_B7_R7_20251031_174209,2025-10-31 17:43:19,1000,40,7,193.64916731037084
273,0.0,1.0,0.7821428775787354,4.286352157592773,0.8571428656578064,0.1567819118499755,33.70977790489538,d1000_B7_R7_20251031_174209,2025-10-31 17:43:19,1000,40,7,193.64916731037084
274,0.0,1.0,0.7821428775787354,4.286352157592773,0.8571428656578064,0.2046999931335449,33.70925839616665,d1000_B7_R7_20251031_174209,2025-10-31 17:43:19,1000,40,7,193.64916731037084
275,0.0,1.0,0.7821428775787354,4.286352157592773,0.8571428656578064,0.1407361030578613,33.748525148327694,d1000_B7_R7_20251031_174209,2025-10-31 17:43:19,1000,40,7,193.64916731037084
276,0.0,1.0,0.7821428775787354,4.286352157592773,0.8571428656578064,0.1362738609313964,33.7901880414653,d1000_B7_R7_20251031_174209,2025-10-31 17:43:19,1000,40,7,193.64916731037084
277,0.0,1.0,0.7821428775787354,4.286352157592773,0.8571428656578064,0.156620979309082,33.81735936235997,d1000_B7_R7_20251031_174209,2025-10-31 17:43:19,1000,40,7,193.64916731037084
278,0.0,1.0,0.7821428775787354,4.286352157592773,0.8571428656578064,0.1643238067626953,33.84185005273172,d1000_B7_R7_20251031_174209,2025-10-31 17:43:19,1000,40,7,193.64916731037084
279,0.0,1.0,0.7821428775787354,4.286352157592773,0.8571428656578064,0.1391489505767822,33.88127176768871,d1000_B7_R7_20251031_174209,2025-10-31 17:43:19,1000,40,7,193.64916731037084
280,0.0,1.0,0.7821428775787354,4.286352157592773,0.8571428656578064,0.1406619548797607,33.91949209427163,d1000_B7_R7_20251031_174209,2025-10-31 17:43:19,1000,40,7,193.64916731037084
281,0.0,1.0,0.7821428775787354,4.286352157592773,0.8571428656578064,0.0895900726318359,33.98664069510249,d1000_B7_R7_20251031_174209,2025-10-31 17:43:19,1000,40,7,193.64916731037084
282,0.0,1.0,0.7821428775787354,4.286352157592773,0.8571428656578064,0.351560115814209,33.87698453439517,d1000_B7_R7_20251031_174209,2025-10-31 17:43:19,1000,40,7,193.64916731037084
283,0.0,1.0,0.7821428775787354,4.286352157592773,0.8571428656578064,0.3157618045806885,33.74363876094535,d1000_B7_R7_20251031_174209,2025-10-31 17:43:19,1000,40,7,193.64916731037084
284,0.0,1.0,0.7821428775787354,4.286352157592773,0.8571428656578064,0.2594571113586426,33.71033481295688,d1000_B7_R7_20251031_174209,2025-10-31 17:43:19,1000,40,7,193.64916731037084
285,0.0,1.0,0.7821428775787354,4.286352157592773,0.8571428656578064,0.1665380001068115,33.73353801273924,d1000_B7_R7_20251031_174209,2025-10-31 17:43:19,1000,40,7,193.64916731037084
286,0.0,1.0,0.7821428775787354,4.286352157592773,0.8571428656578064,0.1623764038085937,33.7589742135745,d1000_B7_R7_20251031_174209,2025-10-31 17:43:19,1000,40,7,193.64916731037084
287,0.0,1.0,0.7821428775787354,4.286352157592773,0.8571428656578064,0.3333041667938232,33.68752123667748,d1000_B7_R7_20251031_174209,2025-10-31 17:43:19,1000,40,7,193.64916731037084
288,0.0,1.0,0.7821428775787354,4.286352157592773,0.8571428656578064,0.2045478820800781,33.68438853556264,d1000_B7_R7_20251031_174209,2025-10-31 17:43:19,1000,40,7,193.64916731037084
289,0.0,1.0,0.7821428775787354,4.286352157592773,0.8571428656578064,0.3752191066741943,33.59084209002694,d1000_B7_R7_20251031_174209,2025-10-31 17:43:19,1000,40,7,193.64916731037084
290,0.0,1.0,0.7821428775787354,4.286352157592773,0.8571428656578064,0.3709912300109863,33.49195170360067,d1000_B7_R7_20251031_174209,2025-10-31 17:43:19,1000,40,7,193.64916731037084
291,0.0,1.0,0.7821428775787354,4.286352157592773,0.8571428656578064,3.0931849479675293,31.96495336319498,d1000_B7_R7_20251031_174209,2025-10-31 17:43:19,1000,40,7,193.64916731037084
292,0.0,1.0,0.7821428775787354,4.286352157592773,0.8571428656578064,2.495154857635498,30.689904050301703,d1000_B7_R7_20251031_174209,2025-10-31 17:43:19,1000,40,7,193.64916731037084
293,0.0,1.0,0.7821428775787354,4.286352157592773,0.8571428656578064,0.4696259498596191,30.45915029523529,d1000_B7_R7_20251031_174209,2025-10-31 17:43:19,1000,40,7,193.64916731037084
294,0.0,1.0,0.7821428775787354,4.286352157592773,0.8571428656578064,0.4228878021240234,30.37239450468531,d1000_B7_R7_20251031_174209,2025-10-31 17:43:19,1000,40,7,193.64916731037084
295,0.0,1.0,0.7821428775787354,4.286352157592773,0.8571428656578064,0.2683529853820801,30.35299751867171,d1000_B7_R7_20251031_174209,2025-10-31 17:43:19,1000,40,7,193.64916731037084
296,0.0,1.0,0.7821428775787354,4.286352157592773,0.8571428656578064,0.2712290287017822,30.3341155978182,d1000_B7_R7_20251031_174209,2025-10-31 17:43:19,1000,40,7,193.64916731037084
297,0.0,1.0,0.7821428775787354,4.286352157592773,0.8571428656578064,0.2552342414855957,30.322064040345087,d1000_B7_R7_20251031_174209,2025-10-31 17:43:19,1000,40,7,193.64916731037084
298,0.0,1.0,0.7821428775787354,4.286352157592773,0.8571428656578064,0.2451949119567871,30.315601752560855,d1000_B7_R7_20251031_174209,2025-10-31 17:43:19,1000,40,7,193.64916731037084
299,0.0,1.0,0.7821428775787354,4.286352157592773,0.8571428656578064,0.2633340358734131,30.30125425178961,d1000_B7_R7_20251031_174209,2025-10-31 17:43:19,1000,40,7,193.64916731037084
0,0.6931471228599548,0.4516128897666931,0.9322580695152284,0.4077769517898559,0.9354838728904724,0.1155810356140136,266.95182387638664,d1000_B31_R7_20251031_174223,2025-10-31 17:43:34,1000,40,31,193.64916731037084
1,0.0,1.0,0.9322580695152284,0.4077769517898559,0.9354838728904724,0.1624886989593505,222.35139384932936,d1000_B31_R7_20251031_174223,2025-10-31 17:43:34,1000,40,31,193.64916731037084
2,0.0,1.0,0.9322580695152284,0.4077769517898559,0.9354838728904724,0.1310420036315918,226.78055898895025,d1000_B31_R7_20251031_174223,2025-10-31 17:43:34,1000,40,31,193.64916731037084
3,0.0,1.0,0.9322580695152284,0.4077769517898559,0.9354838728904724,0.1590909957885742,217.43856523089696,d1000_B31_R7_20251031_174223,2025-10-31 17:43:34,1000,40,31,193.64916731037084
4,0.0,1.0,0.9322580695152284,0.4077769517898559,0.9354838728904724,0.1920151710510254,203.27123942476473,d1000_B31_R7_20251031_174223,2025-10-31 17:43:34,1000,40,31,193.64916731037084
5,0.0,1.0,0.9322580695152284,0.4077769517898559,0.9354838728904724,0.2289416790008545,187.55028543376653,d1000_B31_R7_20251031_174223,2025-10-31 17:43:34,1000,40,31,193.64916731037084
6,0.0,1.0,0.9322580695152284,0.4077769517898559,0.9354838728904724,0.1751022338867187,185.9046672865096,d1000_B31_R7_20251031_174223,2025-10-31 17:43:34,1000,40,31,193.64916731037084
7,0.0,1.0,0.9322580695152284,0.4077769517898559,0.9354838728904724,0.1537830829620361,187.69522055267728,d1000_B31_R7_20251031_174223,2025-10-31 17:43:34,1000,40,31,193.64916731037084
8,0.0,1.0,0.9322580695152284,0.4077769517898559,0.9354838728904724,0.1570348739624023,188.69595818347875,d1000_B31_R7_20251031_174223,2025-10-31 17:43:34,1000,40,31,193.64916731037084
9,0.0,1.0,0.9322580695152284,0.4077769517898559,0.9354838728904724,0.3625950813293457,168.27139408570486,d1000_B31_R7_20251031_174223,2025-10-31 17:43:34,1000,40,31,193.64916731037084
10,0.0,1.0,0.9322580695152284,0.4077769517898559,0.9354838728904724,0.4699399471282959,142.6445203903527,d1000_B31_R7_20251031_174223,2025-10-31 17:43:34,1000,40,31,193.64916731037084
11,0.0,1.0,0.9322580695152284,0.4077769517898559,0.9354838728904724,0.2198939323425293,142.4012751014609,d1000_B31_R7_20251031_174223,2025-10-31 17:43:34,1000,40,31,193.64916731037084
12,0.0,1.0,0.9322580695152284,0.4077769517898559,0.9354838728904724,0.2229218482971191,142.1254019784664,d1000_B31_R7_20251031_174223,2025-10-31 17:43:34,1000,40,31,193.64916731037084
13,0.0,1.0,0.9322580695152284,0.4077769517898559,0.9354838728904724,0.1419951915740966,145.71468952512933,d1000_B31_R7_20251031_174223,2025-10-31 17:43:34,1000,40,31,193.64916731037084
14,0.0,1.0,0.9322580695152284,0.4077769517898559,0.9354838728904724,0.1438071727752685,148.9212757642752,d1000_B31_R7_20251031_174223,2025-10-31 17:43:34,1000,40,31,193.64916731037084
15,0.0,1.0,0.9322580695152284,0.4077769517898559,0.9354838728904724,0.1723449230194091,150.50593685980937,d1000_B31_R7_20251031_174223,2025-10-31 17:43:34,1000,40,31,193.64916731037084
16,0.0,1.0,0.9322580695152284,0.4077769517898559,0.9354838728904724,0.4224488735198974,141.72118206999906,d1000_B31_R7_20251031_174223,2025-10-31 17:43:34,1000,40,31,193.64916731037084
17,0.0,1.0,0.9322580695152284,0.4077769517898559,0.9354838728904724,0.1625831127166748,143.74282187693447,d1000_B31_R7_20251031_174223,2025-10-31 17:43:34,1000,40,31,193.64916731037084
18,0.0,1.0,0.9322580695152284,0.4077769517898559,0.9354838728904724,0.1599748134613037,145.71297674137958,d1000_B31_R7_20251031_174223,2025-10-31 17:43:34,1000,40,31,193.64916731037084
19,0.0,1.0,0.9322580695152284,0.4077769517898559,0.9354838728904724,0.1804938316345214,146.81811727604122,d1000_B31_R7_20251031_174223,2025-10-31 17:43:34,1000,40,31,193.64916731037084
20,0.0,1.0,0.9322580695152284,0.4077769517898559,0.9354838728904724,0.146730899810791,148.97546554220818,d1000_B31_R7_20251031_174223,2025-10-31 17:43:34,1000,40,31,193.64916731037084
21,0.0,1.0,0.9322580695152284,0.4077769517898559,0.9354838728904724,0.1439156532287597,151.08638360608757,d1000_B31_R7_20251031_174223,2025-10-31 17:43:34,1000,40,31,193.64916731037084
22,0.0,1.0,0.9322580695152284,0.4077769517898559,0.9354838728904724,0.5726711750030518,140.11144827586207,d1000_B31_R7_20251031_174223,2025-10-31 17:43:34,1000,40,31,193.64916731037084
23,0.0,1.0,0.9322580695152284,0.4077769517898559,0.9354838728904724,0.2868821620941162,137.8747779102718,d1000_B31_R7_20251031_174223,2025-10-31 17:43:34,1000,40,31,193.64916731037084
24,0.0,1.0,0.9322580695152284,0.4077769517898559,0.9354838728904724,0.2563858032226562,137.09731071548066,d1000_B31_R7_20251031_174223,2025-10-31 17:43:34,1000,40,31,193.64916731037084
25,0.0,1.0,0.9322580695152284,0.4077769517898559,0.9354838728904724,0.1720180511474609,138.35387582373764,d1000_B31_R7_20251031_174223,2025-10-31 17:43:34,1000,40,31,193.64916731037084
26,0.0,1.0,0.9322580695152284,0.4077769517898559,0.9354838728904724,0.1791307926177978,139.38296423684403,d1000_B31_R7_20251031_174223,2025-10-31 17:43:34,1000,40,31,193.64916731037084
27,0.0,1.0,0.9322580695152284,0.4077769517898559,0.9354838728904724,0.1456420421600341,141.11691717254814,d1000_B31_R7_20251031_174223,2025-10-31 17:43:34,1000,40,31,193.64916731037084
28,0.0,1.0,0.9322580695152284,0.4077769517898559,0.9354838728904724,0.0860459804534912,144.13259889661717,d1000_B31_R7_20251031_174223,2025-10-31 17:43:34,1000,40,31,193.64916731037084
29,0.0,1.0,0.9322580695152284,0.4077769517898559,0.9354838728904724,0.1540098190307617,145.5045449669048,d1000_B31_R7_20251031_174223,2025-10-31 17:43:34,1000,40,31,193.64916731037084
30,0.0,1.0,0.9322580695152284,0.4077769517898559,0.9354838728904724,0.0887291431427002,148.29109278756346,d1000_B31_R7_20251031_174223,2025-10-31 17:43:34,1000,40,31,193.64916731037084
31,0.0,1.0,0.9322580695152284,0.4077769517898559,0.9354838728904724,0.1261262893676757,150.14326420421463,d1000_B31_R7_20251031_174223,2025-10-31 17:43:34,1000,40,31,193.64916731037084
32,0.0,1.0,0.9322580695152284,0.4077769517898559,0.9354838728904724,0.2043437957763672,150.144838892643,d1000_B31_R7_20251031_174223,2025-10-31 17:43:34,1000,40,31,193.64916731037084
33,0.0,1.0,0.9322580695152284,0.4077769517898559,0.9354838728904724,0.4502520561218261,144.54343247902193,d1000_B31_R7_20251031_174223,2025-10-31 17:43:34,1000,40,31,193.64916731037084
34,0.0,1.0,0.9322580695152284,0.4077769517898559,0.9354838728904724,0.4314942359924316,139.97012499141107,d1000_B31_R7_20251031_174223,2025-10-31 17:43:34,1000,40,31,193.64916731037084
35,0.0,1.0,0.9322580695152284,0.4077769517898559,0.9354838728904724,0.2532281875610351,139.40064186600247,d1000_B31_R7_20251031_174223,2025-10-31 17:43:34,1000,40,31,193.64916731037084
36,0.0,1.0,0.9322580695152284,0.4077769517898559,0.9354838728904724,0.1835470199584961,140.05672434139782,d1000_B31_R7_20251031_174223,2025-10-31 17:43:34,1000,40,31,193.64916731037084
37,0.0,1.0,0.9322580695152284,0.4077769517898559,0.9354838728904724,0.2005996704101562,140.3986994602813,d1000_B31_R7_20251031_174223,2025-10-31 17:43:34,1000,40,31,193.64916731037084
38,0.0,1.0,0.9322580695152284,0.4077769517898559,0.9354838728904724,0.2224140167236328,140.3656399316634,d1000_B31_R7_20251031_174223,2025-10-31 17:43:34,1000,40,31,193.64916731037084
39,0.0,1.0,0.9322580695152284,0.4077769517898559,0.9354838728904724,0.2165188789367675,140.42339855311118,d1000_B31_R7_20251031_174223,2025-10-31 17:43:34,1000,40,31,193.64916731037084
40,0.0,1.0,0.9322580695152284,0.4077769517898559,0.9354838728904724,0.2262108325958252,140.3337552678527,d1000_B31_R7_20251031_174223,2025-10-31 17:43:34,1000,40,31,193.64916731037084
41,0.0,1.0,0.9322580695152284,0.4077769517898559,0.9354838728904724,0.2283151149749755,140.21798602828,d1000_B31_R7_20251031_174223,2025-10-31 17:43:34,1000,40,31,193.64916731037084
42,0.0,1.0,0.9322580695152284,0.4077769517898559,0.9354838728904724,0.3270211219787597,138.66771456432488,d1000_B31_R7_20251031_174223,2025-10-31 17:43:34,1000,40,31,193.64916731037084
43,0.0,1.0,0.9322580695152284,0.4077769517898559,0.9354838728904724,0.2331049442291259,138.51999493088783,d1000_B31_R7_20251031_174223,2025-10-31 17:43:34,1000,40,31,193.64916731037084
44,0.0,1.0,0.9322580695152284,0.4077769517898559,0.9354838728904724,0.2432928085327148,138.2489541283294,d1000_B31_R7_20251031_174223,2025-10-31 17:43:34,1000,40,31,193.64916731037084
45,0.0,1.0,0.9322580695152284,0.4077769517898559,0.9354838728904724,0.2016348838806152,138.54910010155118,d1000_B31_R7_20251031_174223,2025-10-31 17:43:34,1000,40,31,193.64916731037084
46,0.0,1.0,0.9322580695152284,0.4077769517898559,0.9354838728904724,0.3070788383483886,137.45721240882307,d1000_B31_R7_20251031_174223,2025-10-31 17:43:34,1000,40,31,193.64916731037084
47,0.0,1.0,0.9322580695152284,0.4077769517898559,0.9354838728904724,0.2460238933563232,137.16753199977177,d1000_B31_R7_20251031_174223,2025-10-31 17:43:34,1000,40,31,193.64916731037084
48,0.0,1.0,0.9322580695152284,0.4077769517898559,0.9354838728904724,0.241347074508667,136.97508276577386,d1000_B31_R7_20251031_174223,2025-10-31 17:43:34,1000,40,31,193.64916731037084
49,0.0,1.0,0.9322580695152284,0.4077769517898559,0.9354838728904724,0.2306580543518066,136.9200369710168,d1000_B31_R7_20251031_174223,2025-10-31 17:43:34,1000,40,31,193.64916731037084
50,0.0,1.0,0.9322580695152284,0.4077769517898559,0.9354838728904724,0.3367402553558349,135.58439399296364,d1000_B31_R7_20251031_174223,2025-10-31 17:43:34,1000,40,31,193.64916731037084
51,0.0,1.0,0.9322580695152284,0.4077769517898559,0.9354838728904724,0.2171709537506103,135.1572526808989,d1000_B31_R7_20251031_174223,2025-10-31 17:43:34,1000,40,31,193.64916731037084
52,0.0,1.0,0.9322580695152284,0.4077769517898559,0.9354838728904724,0.2196240425109863,135.26190578583677,d1000_B31_R7_20251031_174223,2025-10-31 17:43:34,1000,40,31,193.64916731037084
53,0.0,1.0,0.9322580695152284,0.4077769517898559,0.9354838728904724,0.2294692993164062,135.25623213740204,d1000_B31_R7_20251031_174223,2025-10-31 17:43:34,1000,40,31,193.64916731037084
54,0.0,1.0,0.9322580695152284,0.4077769517898559,0.9354838728904724,0.2471699714660644,135.0612197759351,d1000_B31_R7_20251031_174223,2025-10-31 17:43:34,1000,40,31,193.64916731037084
55,0.0,1.0,0.9322580695152284,0.4077769517898559,0.9354838728904724,0.2494590282440185,134.84751685994044,d1000_B31_R7_20251031_174223,2025-10-31 17:43:34,1000,40,31,193.64916731037084
56,0.0,1.0,0.9322580695152284,0.4077769517898559,0.9354838728904724,0.2396838665008545,134.74468143014457,d1000_B31_R7_20251031_174223,2025-10-31 17:43:34,1000,40,31,193.64916731037084
57,0.0,1.0,0.9322580695152284,0.4077769517898559,0.9354838728904724,0.2401549816131591,134.64039880800084,d1000_B31_R7_20251031_174223,2025-10-31 17:43:34,1000,40,31,193.64916731037084
58,0.0,1.0,0.9322580695152284,0.4077769517898559,0.9354838728904724,0.4046628475189209,132.9250563192277,d1000_B31_R7_20251031_174223,2025-10-31 17:43:34,1000,40,31,193.64916731037084
59,0.0,1.0,0.9322580695152284,0.4077769517898559,0.9354838728904724,0.5006446838378906,130.3715704144944,d1000_B31_R7_20251031_174223,2025-10-31 17:43:34,1000,40,31,193.64916731037084
60,0.0,1.0,0.9322580695152284,0.4077769517898559,0.9354838728904724,0.2579669952392578,129.92681808588355,d1000_B31_R7_20251031_174223,2025-10-31 17:43:34,1000,40,31,193.64916731037084
61,0.0,1.0,0.9322580695152284,0.4077769517898559,0.9354838728904724,0.2515439987182617,129.81088798306374,d1000_B31_R7_20251031_174223,2025-10-31 17:43:34,1000,40,31,193.64916731037084
62,0.0,1.0,0.9322580695152284,0.4077769517898559,0.9354838728904724,0.2522618770599365,129.68981855673258,d1000_B31_R7_20251031_174223,2025-10-31 17:43:34,1000,40,31,193.64916731037084
63,0.0,1.0,0.9322580695152284,0.4077769517898559,0.9354838728904724,0.231029987335205,129.75584716878683,d1000_B31_R7_20251031_174223,2025-10-31 17:43:34,1000,40,31,193.64916731037084
64,0.0,1.0,0.9322580695152284,0.4077769517898559,0.9354838728904724,0.5018320083618164,127.55051195815116,d1000_B31_R7_20251031_174223,2025-10-31 17:43:34,1000,40,31,193.64916731037084
65,0.0,1.0,0.9322580695152284,0.4077769517898559,0.9354838728904724,0.2368218898773193,127.48795513802898,d1000_B31_R7_20251031_174223,2025-10-31 17:43:34,1000,40,31,193.64916731037084
66,0.0,1.0,0.9322580695152284,0.4077769517898559,0.9354838728904724,0.2725200653076172,127.25622411127397,d1000_B31_R7_20251031_174223,2025-10-31 17:43:34,1000,40,31,193.64916731037084
67,0.0,1.0,0.9322580695152284,0.4077769517898559,0.9354838728904724,0.2501256465911865,127.1989177840088,d1000_B31_R7_20251031_174223,2025-10-31 17:43:34,1000,40,31,193.64916731037084
68,0.0,1.0,0.9322580695152284,0.4077769517898559,0.9354838728904724,0.3276059627532959,126.56557543908862,d1000_B31_R7_20251031_174223,2025-10-31 17:43:34,1000,40,31,193.64916731037084
69,0.0,1.0,0.9322580695152284,0.4077769517898559,0.9354838728904724,0.5063192844390869,124.49963487142202,d1000_B31_R7_20251031_174223,2025-10-31 17:43:34,1000,40,31,193.64916731037084
70,0.0,1.0,0.9322580695152284,0.4077769517898559,0.9354838728904724,0.2547729015350342,124.4401116712828,d1000_B31_R7_20251031_174223,2025-10-31 17:43:34,1000,40,31,193.64916731037084
71,0.0,1.0,0.9322580695152284,0.4077769517898559,0.9354838728904724,0.2632849216461181,124.32324632384554,d1000_B31_R7_20251031_174223,2025-10-31 17:43:34,1000,40,31,193.64916731037084
72,0.0,1.0,0.9322580695152284,0.4077769517898559,0.9354838728904724,0.253533124923706,124.29189888521478,d1000_B31_R7_20251031_174223,2025-10-31 17:43:34,1000,40,31,193.64916731037084
73,0.0,1.0,0.9322580695152284,0.4077769517898559,0.9354838728904724,0.24163818359375,124.3424799010164,d1000_B31_R7_20251031_174223,2025-10-31 17:43:34,1000,40,31,193.64916731037084
74,0.0,1.0,0.9322580695152284,0.4077769517898559,0.9354838728904724,0.1930282115936279,124.71604937482157,d1000_B31_R7_20251031_174223,2025-10-31 17:43:34,1000,40,31,193.64916731037084
75,0.0,1.0,0.9322580695152284,0.4077769517898559,0.9354838728904724,0.2080180644989013,124.98272594576666,d1000_B31_R7_20251031_174223,2025-10-31 17:43:34,1000,40,31,193.64916731037084
76,0.0,1.0,0.9322580695152284,0.4077769517898559,0.9354838728904724,0.2116396427154541,125.21546716497028,d1000_B31_R7_20251031_174223,2025-10-31 17:43:34,1000,40,31,193.64916731037084
77,0.0,1.0,0.9322580695152284,0.4077769517898559,0.9354838728904724,0.244913101196289,125.22961970800604,d1000_B31_R7_20251031_174223,2025-10-31 17:43:34,1000,40,31,193.64916731037084
78,0.0,1.0,0.9322580695152284,0.4077769517898559,0.9354838728904724,0.1386919021606445,125.92916401041188,d1000_B31_R7_20251031_174223,2025-10-31 17:43:34,1000,40,31,193.64916731037084
79,0.0,1.0,0.9322580695152284,0.4077769517898559,0.9354838728904724,0.1157221794128418,126.76439537628758,d1000_B31_R7_20251031_174223,2025-10-31 17:43:34,1000,40,31,193.64916731037084
80,0.0,1.0,0.9322580695152284,0.4077769517898559,0.9354838728904724,0.1498370170593261,127.3717855877057,d1000_B31_R7_20251031_174223,2025-10-31 17:43:34,1000,40,31,193.64916731037084
81,0.0,1.0,0.9322580695152284,0.4077769517898559,0.9354838728904724,0.1426470279693603,128.01229772447866,d1000_B31_R7_20251031_174223,2025-10-31 17:43:34,1000,40,31,193.64916731037084
82,0.0,1.0,0.9322580695152284,0.4077769517898559,0.9354838728904724,0.0965948104858398,128.94475452188664,d1000_B31_R7_20251031_174223,2025-10-31 17:43:34,1000,40,31,193.64916731037084
83,0.0,1.0,0.9322580695152284,0.4077769517898559,0.9354838728904724,0.2255961894989013,129.03784065390929,d1000_B31_R7_20251031_174223,2025-10-31 17:43:34,1000,40,31,193.64916731037084
84,0.0,1.0,0.9322580695152284,0.4077769517898559,0.9354838728904724,0.165123701095581,129.51277038317565,d1000_B31_R7_20251031_174223,2025-10-31 17:43:34,1000,40,31,193.64916731037084
85,0.0,1.0,0.9322580695152284,0.4077769517898559,0.9354838728904724,0.2296559810638427,129.5723585135291,d1000_B31_R7_20251031_174223,2025-10-31 17:43:34,1000,40,31,193.64916731037084
86,0.0,1.0,0.9322580695152284,0.4077769517898559,0.9354838728904724,0.1841316223144531,129.91492711655738,d1000_B31_R7_20251031_174223,2025-10-31 17:43:34,1000,40,31,193.64916731037084
87,0.0,1.0,0.9322580695152284,0.4077769517898559,0.9354838728904724,0.2165629863739013,130.0498728928996,d1000_B31_R7_20251031_174223,2025-10-31 17:43:34,1000,40,31,193.64916731037084
88,0.0,1.0,0.9322580695152284,0.4077769517898559,0.9354838728904724,0.1232550144195556,130.75723359493475,d1000_B31_R7_20251031_174223,2025-10-31 17:43:34,1000,40,31,193.64916731037084
89,0.0,1.0,0.9322580695152284,0.4077769517898559,0.9354838728904724,0.1765518188476562,131.12787768936707,d1000_B31_R7_20251031_174223,2025-10-31 17:43:34,1000,40,31,193.64916731037084
90,0.0,1.0,0.9322580695152284,0.4077769517898559,0.9354838728904724,0.2184782028198242,131.23607999082867,d1000_B31_R7_20251031_174223,2025-10-31 17:43:34,1000,40,31,193.64916731037084
91,0.0,1.0,0.9322580695152284,0.4077769517898559,0.9354838728904724,0.184218168258667,131.54946933860464,d1000_B31_R7_20251031_174223,2025-10-31 17:43:34,1000,40,31,193.64916731037084
92,0.0,1.0,0.9322580695152284,0.4077769517898559,0.9354838728904724,0.2192940711975097,131.64596332912748,d1000_B31_R7_20251031_174223,2025-10-31 17:43:34,1000,40,31,193.64916731037084
93,0.0,1.0,0.9322580695152284,0.4077769517898559,0.9354838728904724,0.1350650787353515,132.24265553062392,d1000_B31_R7_20251031_174223,2025-10-31 17:43:34,1000,40,31,193.64916731037084
94,0.0,1.0,0.9322580695152284,0.4077769517898559,0.9354838728904724,0.1479279994964599,132.75526748398084,d1000_B31_R7_20251031_174223,2025-10-31 17:43:34,1000,40,31,193.64916731037084
95,0.0,1.0,0.9322580695152284,0.4077769517898559,0.9354838728904724,0.1672530174255371,133.14737344518045,d1000_B31_R7_20251031_174223,2025-10-31 17:43:34,1000,40,31,193.64916731037084
96,0.0,1.0,0.9322580695152284,0.4077769517898559,0.9354838728904724,0.1414427757263183,133.68683184923165,d1000_B31_R7_20251031_174223,2025-10-31 17:43:34,1000,40,31,193.64916731037084
97,0.0,1.0,0.9322580695152284,0.4077769517898559,0.9354838728904724,0.1573767662048339,134.12521674319655,d1000_B31_R7_20251031_174223,2025-10-31 17:43:34,1000,40,31,193.64916731037084
98,0.0,1.0,0.9322580695152284,0.4077769517898559,0.9354838728904724,0.185734748840332,134.39040351013355,d1000_B31_R7_20251031_174223,2025-10-31 17:43:34,1000,40,31,193.64916731037084
99,0.0,1.0,0.9322580695152284,0.4077769517898559,0.9354838728904724,0.142529010772705,134.90442109531267,d1000_B31_R7_20251031_174223,2025-10-31 17:43:34,1000,40,31,193.64916731037084
100,0.0,1.0,0.9322580695152284,0.4077769517898559,0.9354838728904724,0.1465010643005371,135.3882015953754,d1000_B31_R7_20251031_174223,2025-10-31 17:43:34,1000,40,31,193.64916731037084
101,0.0,1.0,0.9322580695152284,0.4077769517898559,0.9354838728904724,0.1232748031616211,135.98441271868705,d1000_B31_R7_20251031_174223,2025-10-31 17:43:34,1000,40,31,193.64916731037084
102,0.0,1.0,0.9322580695152284,0.4077769517898559,0.9354838728904724,0.2627451419830322,135.77370400277783,d1000_B31_R7_20251031_174223,2025-10-31 17:43:34,1000,40,31,193.64916731037084
103,0.0,1.0,0.9322580695152284,0.4077769517898559,0.9354838728904724,0.2322919368743896,135.6982422907806,d1000_B31_R7_20251031_174223,2025-10-31 17:43:34,1000,40,31,193.64916731037084
104,0.0,1.0,0.9322580695152284,0.4077769517898559,0.9354838728904724,0.8058323860168457,132.49938833190186,d1000_B31_R7_20251031_174223,2025-10-31 17:43:34,1000,40,31,193.64916731037084
105,0.0,1.0,0.9322580695152284,0.4077769517898559,0.9354838728904724,0.2742321491241455,132.27922657581777,d1000_B31_R7_20251031_174223,2025-10-31 17:43:34,1000,40,31,193.64916731037084
106,0.0,1.0,0.9322580695152284,0.4077769517898559,0.9354838728904724,0.240199327468872,132.2459418836361,d1000_B31_R7_20251031_174223,2025-10-31 17:43:34,1000,40,31,193.64916731037084
107,0.0,1.0,0.9322580695152284,0.4077769517898559,0.9354838728904724,0.2063031196594238,132.39139862096772,d1000_B31_R7_20251031_174223,2025-10-31 17:43:34,1000,40,31,193.64916731037084
108,0.0,1.0,0.9322580695152284,0.4077769517898559,0.9354838728904724,0.1686630249023437,132.72187773036956,d1000_B31_R7_20251031_174223,2025-10-31 17:43:34,1000,40,31,193.64916731037084
109,0.0,1.0,0.9322580695152284,0.4077769517898559,0.9354838728904724,0.2409861087799072,132.58776294137698,d1000_B31_R7_20251031_174223,2025-10-31 17:43:34,1000,40,31,193.64916731037084
110,0.0,1.0,0.9322580695152284,0.4077769517898559,0.9354838728904724,0.1603541374206543,132.96277945954554,d1000_B31_R7_20251031_174223,2025-10-31 17:43:34,1000,40,31,193.64916731037084
111,0.0,1.0,0.9322580695152284,0.4077769517898559,0.9354838728904724,0.2101130485534668,133.07888307385934,d1000_B31_R7_20251031_174223,2025-10-31 17:43:34,1000,40,31,193.64916731037084
112,0.0,1.0,0.9322580695152284,0.4077769517898559,0.9354838728904724,0.1981520652770996,133.2536009560679,d1000_B31_R7_20251031_174223,2025-10-31 17:43:34,1000,40,31,193.64916731037084
113,0.0,1.0,0.9322580695152284,0.4077769517898559,0.9354838728904724,0.2160232067108154,133.32988227662128,d1000_B31_R7_20251031_174223,2025-10-31 17:43:34,1000,40,31,193.64916731037084
114,0.0,1.0,0.9322580695152284,0.4077769517898559,0.9354838728904724,0.1774189472198486,133.60395898269988,d1000_B31_R7_20251031_174223,2025-10-31 17:43:34,1000,40,31,193.64916731037084
115,0.0,1.0,0.9322580695152284,0.4077769517898559,0.9354838728904724,0.1512670516967773,134.00506806844123,d1000_B31_R7_20251031_174223,2025-10-31 17:43:34,1000,40,31,193.64916731037084
116,0.0,1.0,0.9322580695152284,0.4077769517898559,0.9354838728904724,0.1426742076873779,134.44447307048875,d1000_B31_R7_20251031_174223,2025-10-31 17:43:34,1000,40,31,193.64916731037084
117,0.0,1.0,0.9322580695152284,0.4077769517898559,0.9354838728904724,0.182316780090332,134.67256282273678,d1000_B31_R7_20251031_174223,2025-10-31 17:43:34,1000,40,31,193.64916731037084
118,0.0,1.0,0.9322580695152284,0.4077769517898559,0.9354838728904724,0.5360722541809082,133.17372226114338,d1000_B31_R7_20251031_174223,2025-10-31 17:43:34,1000,40,31,193.64916731037084
119,0.0,1.0,0.9322580695152284,0.4077769517898559,0.9354838728904724,0.2886509895324707,132.85702859878634,d1000_B31_R7_20251031_174223,2025-10-31 17:43:34,1000,40,31,193.64916731037084
120,0.0,1.0,0.9322580695152284,0.4077769517898559,0.9354838728904724,0.1365458965301513,133.31293273458337,d1000_B31_R7_20251031_174223,2025-10-31 17:43:34,1000,40,31,193.64916731037084
121,0.0,1.0,0.9322580695152284,0.4077769517898559,0.9354838728904724,0.122709035873413,133.82982730575134,d1000_B31_R7_20251031_174223,2025-10-31 17:43:34,1000,40,31,193.64916731037084
122,0.0,1.0,0.9322580695152284,0.4077769517898559,0.9354838728904724,0.211677074432373,133.92042451708383,d1000_B31_R7_20251031_174223,2025-10-31 17:43:34,1000,40,31,193.64916731037084
123,0.0,1.0,0.9322580695152284,0.4077769517898559,0.9354838728904724,0.2140388488769531,134.00070542152127,d1000_B31_R7_20251031_174223,2025-10-31 17:43:34,1000,40,31,193.64916731037084
124,0.0,1.0,0.9322580695152284,0.4077769517898559,0.9354838728904724,0.2103438377380371,134.0952708836303,d1000_B31_R7_20251031_174223,2025-10-31 17:43:34,1000,40,31,193.64916731037084
125,0.0,1.0,0.9322580695152284,0.4077769517898559,0.9354838728904724,2.322780132293701,125.10371638174146,d1000_B31_R7_20251031_174223,2025-10-31 17:43:34,1000,40,31,193.64916731037084
126,0.0,1.0,0.9322580695152284,0.4077769517898559,0.9354838728904724,1.0066590309143066,121.91973775100512,d1000_B31_R7_20251031_174223,2025-10-31 17:43:34,1000,40,31,193.64916731037084
127,0.0,1.0,0.9322580695152284,0.4077769517898559,0.9354838728904724,0.5741379261016846,119.64669256119562,d1000_B31_R7_20251031_174223,2025-10-31 17:43:34,1000,40,31,193.64916731037084
128,0.0,1.0,0.9322580695152284,0.4077769517898559,0.9354838728904724,0.2690122127532959,119.60968980568852,d1000_B31_R7_20251031_174223,2025-10-31 17:43:34,1000,40,31,193.64916731037084
129,0.0,1.0,0.9322580695152284,0.4077769517898559,0.9354838728904724,0.1686089038848877,119.92218806845028,d1000_B31_R7_20251031_174223,2025-10-31 17:43:34,1000,40,31,193.64916731037084
130,0.0,1.0,0.9322580695152284,0.4077769517898559,0.9354838728904724,0.1418099403381347,120.33570952013416,d1000_B31_R7_20251031_174223,2025-10-31 17:43:34,1000,40,31,193.64916731037084
131,0.0,1.0,0.9322580695152284,0.4077769517898559,0.9354838728904724,0.2000861167907714,120.53626988068778,d1000_B31_R7_20251031_174223,2025-10-31 17:43:34,1000,40,31,193.64916731037084
132,0.0,1.0,0.9322580695152284,0.4077769517898559,0.9354838728904724,0.3137180805206299,120.33577438734189,d1000_B31_R7_20251031_174223,2025-10-31 17:43:34,1000,40,31,193.64916731037084
133,0.0,1.0,0.9322580695152284,0.4077769517898559,0.9354838728904724,0.2667148113250732,120.30312788195178,d1000_B31_R7_20251031_174223,2025-10-31 17:43:34,1000,40,31,193.64916731037084
134,0.0,1.0,0.9322580695152284,0.4077769517898559,0.9354838728904724,0.2698550224304199,120.26007506411996,d1000_B31_R7_20251031_174223,2025-10-31 17:43:34,1000,40,31,193.64916731037084
135,0.0,1.0,0.9322580695152284,0.4077769517898559,0.9354838728904724,0.1829302310943603,120.51122080033318,d1000_B31_R7_20251031_174223,2025-10-31 17:43:34,1000,40,31,193.64916731037084
136,0.0,1.0,0.9322580695152284,0.4077769517898559,0.9354838728904724,0.7142081260681152,118.9479486801283,d1000_B31_R7_20251031_174223,2025-10-31 17:43:34,1000,40,31,193.64916731037084
137,0.0,1.0,0.9322580695152284,0.4077769517898559,0.9354838728904724,0.3030509948730469,118.8046186330781,d1000_B31_R7_20251031_174223,2025-10-31 17:43:34,1000,40,31,193.64916731037084
138,0.0,1.0,0.9322580695152284,0.4077769517898559,0.9354838728904724,0.200944185256958,119.00063098478262,d1000_B31_R7_20251031_174223,2025-10-31 17:43:34,1000,40,31,193.64916731037084
139,0.0,1.0,0.9322580695152284,0.4077769517898559,0.9354838728904724,0.1864650249481201,119.24121278852502,d1000_B31_R7_20251031_174223,2025-10-31 17:43:34,1000,40,31,193.64916731037084
140,0.0,1.0,0.9322580695152284,0.4077769517898559,0.9354838728904724,0.1700100898742675,119.53325661111072,d1000_B31_R7_20251031_174223,2025-10-31 17:43:34,1000,40,31,193.64916731037084
141,0.0,1.0,0.9322580695152284,0.4077769517898559,0.9354838728904724,0.1143879890441894,120.0040149775468,d1000_B31_R7_20251031_174223,2025-10-31 17:43:34,1000,40,31,193.64916731037084
142,0.0,1.0,0.9322580695152284,0.4077769517898559,0.9354838728904724,0.1302199363708496,120.42044040151627,d1000_B31_R7_20251031_174223,2025-10-31 17:43:34,1000,40,31,193.64916731037084
143,0.0,1.0,0.9322580695152284,0.4077769517898559,0.9354838728904724,0.2197530269622802,120.53377945457784,d1000_B31_R7_20251031_174223,2025-10-31 17:43:34,1000,40,31,193.64916731037084
144,0.0,1.0,0.9322580695152284,0.4077769517898559,0.9354838728904724,0.8998262882232666,118.4791490886177,d1000_B31_R7_20251031_174223,2025-10-31 17:43:34,1000,40,31,193.64916731037084
145,0.0,1.0,0.9322580695152284,0.4077769517898559,0.9354838728904724,0.2487399578094482,118.49399556522796,d1000_B31_R7_20251031_174223,2025-10-31 17:43:34,1000,40,31,193.64916731037084
146,0.0,1.0,0.9322580695152284,0.4077769517898559,0.9354838728904724,0.227665901184082,118.58904121709033,d1000_B31_R7_20251031_174223,2025-10-31 17:43:34,1000,40,31,193.64916731037084
147,0.0,1.0,0.9322580695152284,0.4077769517898559,0.9354838728904724,0.1739280223846435,118.85417883547038,d1000_B31_R7_20251031_174223,2025-10-31 17:43:34,1000,40,31,193.64916731037084
148,0.0,1.0,0.9322580695152284,0.4077769517898559,0.9354838728904724,0.237253189086914,118.92019205300028,d1000_B31_R7_20251031_174223,2025-10-31 17:43:34,1000,40,31,193.64916731037084
149,0.0,1.0,0.9322580695152284,0.4077769517898559,0.9354838728904724,0.1590290069580078,119.22751043882631,d1000_B31_R7_20251031_174223,2025-10-31 17:43:34,1000,40,31,193.64916731037084
150,0.0,1.0,0.9322580695152284,0.4077769517898559,0.9354838728904724,0.2893619537353515,119.12997910843885,d1000_B31_R7_20251031_174223,2025-10-31 17:43:34,1000,40,31,193.64916731037084
151,0.0,1.0,0.9322580695152284,0.4077769517898559,0.9354838728904724,0.2296721935272216,119.21013319766736,d1000_B31_R7_20251031_174223,2025-10-31 17:43:34,1000,40,31,193.64916731037084
152,0.0,1.0,0.9322580695152284,0.4077769517898559,0.9354838728904724,0.1851639747619629,119.43219132421468,d1000_B31_R7_20251031_174223,2025-10-31 17:43:34,1000,40,31,193.64916731037084
153,0.0,1.0,0.9322580695152284,0.4077769517898559,0.9354838728904724,0.1973261833190918,119.61775580478589,d1000_B31_R7_20251031_174223,2025-10-31 17:43:34,1000,40,31,193.64916731037084
154,0.0,1.0,0.9322580695152284,0.4077769517898559,0.9354838728904724,0.3962070941925049,119.2103372978526,d1000_B31_R7_20251031_174223,2025-10-31 17:43:34,1000,40,31,193.64916731037084
155,0.0,1.0,0.9322580695152284,0.4077769517898559,0.9354838728904724,0.1389989852905273,119.56645106946333,d1000_B31_R7_20251031_174223,2025-10-31 17:43:34,1000,40,31,193.64916731037084
156,0.0,1.0,0.9322580695152284,0.4077769517898559,0.9354838728904724,0.1702470779418945,119.8277684183968,d1000_B31_R7_20251031_174223,2025-10-31 17:43:34,1000,40,31,193.64916731037084
157,0.0,1.0,0.9322580695152284,0.4077769517898559,0.9354838728904724,0.1638526916503906,120.10571018474882,d1000_B31_R7_20251031_174223,2025-10-31 17:43:34,1000,40,31,193.64916731037084
158,0.0,1.0,0.9322580695152284,0.4077769517898559,0.9354838728904724,0.1589300632476806,120.3954568622406,d1000_B31_R7_20251031_174223,2025-10-31 17:43:34,1000,40,31,193.64916731037084
159,0.0,1.0,0.9322580695152284,0.4077769517898559,0.9354838728904724,0.1515841484069824,120.70503596170596,d1000_B31_R7_20251031_174223,2025-10-31 17:43:34,1000,40,31,193.64916731037084
160,0.0,1.0,0.9322580695152284,0.4077769517898559,0.9354838728904724,0.1982138156890869,120.87431566238811,d1000_B31_R7_20251031_174223,2025-10-31 17:43:34,1000,40,31,193.64916731037084
161,0.0,1.0,0.9322580695152284,0.4077769517898559,0.9354838728904724,0.214318037033081,120.99554042302576,d1000_B31_R7_20251031_174223,2025-10-31 17:43:34,1000,40,31,193.64916731037084
162,0.0,1.0,0.9322580695152284,0.4077769517898559,0.9354838728904724,0.1421890258789062,121.32518251313242,d1000_B31_R7_20251031_174223,2025-10-31 17:43:34,1000,40,31,193.64916731037084
163,0.0,1.0,0.9322580695152284,0.4077769517898559,0.9354838728904724,0.1226351261138916,121.71035793721784,d1000_B31_R7_20251031_174223,2025-10-31 17:43:34,1000,40,31,193.64916731037084
164,0.0,1.0,0.9322580695152284,0.4077769517898559,0.9354838728904724,0.0991370677947998,122.1617720166833,d1000_B31_R7_20251031_174223,2025-10-31 17:43:34,1000,40,31,193.64916731037084
165,0.0,1.0,0.9322580695152284,0.4077769517898559,0.9354838728904724,0.3167233467102051,121.97856784112128,d1000_B31_R7_20251031_174223,2025-10-31 17:43:34,1000,40,31,193.64916731037084
166,0.0,1.0,0.9322580695152284,0.4077769517898559,0.9354838728904724,0.1306440830230713,122.33244611057523,d1000_B31_R7_20251031_174223,2025-10-31 17:43:34,1000,40,31,193.64916731037084
167,0.0,1.0,0.9322580695152284,0.4077769517898559,0.9354838728904724,0.1582429409027099,122.60107191281374,d1000_B31_R7_20251031_174223,2025-10-31 17:43:34,1000,40,31,193.64916731037084
168,0.0,1.0,0.9322580695152284,0.4077769517898559,0.9354838728904724,0.1658008098602295,122.8489500887101,d1000_B31_R7_20251031_174223,2025-10-31 17:43:34,1000,40,31,193.64916731037084
169,0.0,1.0,0.9322580695152284,0.4077769517898559,0.9354838728904724,0.1907579898834228,122.95307333398604,d1000_B31_R7_20251031_174223,2025-10-31 17:43:34,1000,40,31,193.64916731037084
170,0.0,1.0,0.9322580695152284,0.4077769517898559,0.9354838728904724,0.1573398113250732,123.2233355788306,d1000_B31_R7_20251031_174223,2025-10-31 17:43:34,1000,40,31,193.64916731037084
171,0.0,1.0,0.9322580695152284,0.4077769517898559,0.9354838728904724,0.1329488754272461,123.56047756272754,d1000_B31_R7_20251031_174223,2025-10-31 17:43:34,1000,40,31,193.64916731037084
172,0.0,1.0,0.9322580695152284,0.4077769517898559,0.9354838728904724,0.1513822078704834,123.84045928528376,d1000_B31_R7_20251031_174223,2025-10-31 17:43:34,1000,40,31,193.64916731037084
173,0.0,1.0,0.9322580695152284,0.4077769517898559,0.9354838728904724,0.1673829555511474,124.07387082571302,d1000_B31_R7_20251031_174223,2025-10-31 17:43:34,1000,40,31,193.64916731037084
174,0.0,1.0,0.9322580695152284,0.4077769517898559,0.9354838728904724,0.1384921073913574,124.38852977662772,d1000_B31_R7_20251031_174223,2025-10-31 17:43:34,1000,40,31,193.64916731037084
175,0.0,1.0,0.9322580695152284,0.4077769517898559,0.9354838728904724,0.5591449737548828,123.414051773999,d1000_B31_R7_20251031_174223,2025-10-31 17:43:34,1000,40,31,193.64916731037084
176,0.0,1.0,0.9322580695152284,0.4077769517898559,0.9354838728904724,0.289592981338501,123.28638449324046,d1000_B31_R7_20251031_174223,2025-10-31 17:43:34,1000,40,31,193.64916731037084
177,0.0,1.0,0.9322580695152284,0.4077769517898559,0.9354838728904724,0.2492868900299072,123.29094924753838,d1000_B31_R7_20251031_174223,2025-10-31 17:43:34,1000,40,31,193.64916731037084
178,0.0,1.0,0.9322580695152284,0.4077769517898559,0.9354838728904724,0.1581060886383056,123.5460961267399,d1000_B31_R7_20251031_174223,2025-10-31 17:43:34,1000,40,31,193.64916731037084
179,0.0,1.0,0.9322580695152284,0.4077769517898559,0.9354838728904724,0.409999132156372,123.11053751234512,d1000_B31_R7_20251031_174223,2025-10-31 17:43:34,1000,40,31,193.64916731037084
180,0.0,1.0,0.9322580695152284,0.4077769517898559,0.9354838728904724,0.2684412002563476,123.0647353393908,d1000_B31_R7_20251031_174223,2025-10-31 17:43:34,1000,40,31,193.64916731037084
181,0.0,1.0,0.9322580695152284,0.4077769517898559,0.9354838728904724,0.3590922355651855,122.77328955879209,d1000_B31_R7_20251031_174223,2025-10-31 17:43:34,1000,40,31,193.64916731037084
182,0.0,1.0,0.9322580695152284,0.4077769517898559,0.9354838728904724,0.3835179805755615,122.42330243155456,d1000_B31_R7_20251031_174223,2025-10-31 17:43:34,1000,40,31,193.64916731037084
183,0.0,1.0,0.9322580695152284,0.4077769517898559,0.9354838728904724,4.6736159324646,111.14976294289092,d1000_B31_R7_20251031_174223,2025-10-31 17:43:34,1000,40,31,193.64916731037084
184,0.0,1.0,0.9322580695152284,0.4077769517898559,0.9354838728904724,1.3594660758972168,108.7476243546364,d1000_B31_R7_20251031_174223,2025-10-31 17:43:34,1000,40,31,193.64916731037084
185,0.0,1.0,0.9322580695152284,0.4077769517898559,0.9354838728904724,0.2888040542602539,108.66811159931756,d1000_B31_R7_20251031_174223,2025-10-31 17:43:34,1000,40,31,193.64916731037084
186,0.0,1.0,0.9322580695152284,0.4077769517898559,0.9354838728904724,0.4507899284362793,108.33047758629178,d1000_B31_R7_20251031_174223,2025-10-31 17:43:34,1000,40,31,193.64916731037084
187,0.0,1.0,0.9322580695152284,0.4077769517898559,0.9354838728904724,0.3589260578155517,108.18021956911562,d1000_B31_R7_20251031_174223,2025-10-31 17:43:34,1000,40,31,193.64916731037084
188,0.0,1.0,0.9322580695152284,0.4077769517898559,0.9354838728904724,0.2966079711914062,108.14329327869078,d1000_B31_R7_20251031_174223,2025-10-31 17:43:34,1000,40,31,193.64916731037084
189,0.0,1.0,0.9322580695152284,0.4077769517898559,0.9354838728904724,0.2418930530548095,108.22856848708714,d1000_B31_R7_20251031_174223,2025-10-31 17:43:34,1000,40,31,193.64916731037084
190,0.0,1.0,0.9322580695152284,0.4077769517898559,0.9354838728904724,0.2448489665985107,108.30972649838822,d1000_B31_R7_20251031_174223,2025-10-31 17:43:34,1000,40,31,193.64916731037084
191,0.0,1.0,0.9322580695152284,0.4077769517898559,0.9354838728904724,0.2696239948272705,108.34191192879013,d1000_B31_R7_20251031_174223,2025-10-31 17:43:34,1000,40,31,193.64916731037084
192,0.0,1.0,0.9322580695152284,0.4077769517898559,0.9354838728904724,0.3194577693939209,108.26140750273947,d1000_B31_R7_20251031_174223,2025-10-31 17:43:34,1000,40,31,193.64916731037084
193,0.0,1.0,0.9322580695152284,0.4077769517898559,0.9354838728904724,0.1210880279541015,108.5839080424343,d1000_B31_R7_20251031_174223,2025-10-31 17:43:34,1000,40,31,193.64916731037084
194,0.0,1.0,0.9322580695152284,0.4077769517898559,0.9354838728904724,0.1764500141143798,108.7965162276622,d1000_B31_R7_20251031_174223,2025-10-31 17:43:34,1000,40,31,193.64916731037084
195,0.0,1.0,0.9322580695152284,0.4077769517898559,0.9354838728904724,0.1297657489776611,109.09920180784366,d1000_B31_R7_20251031_174223,2025-10-31 17:43:34,1000,40,31,193.64916731037084
196,0.0,1.0,0.9322580695152284,0.4077769517898559,0.9354838728904724,0.1560969352722168,109.34782417223413,d1000_B31_R7_20251031_174223,2025-10-31 17:43:34,1000,40,31,193.64916731037084
197,0.0,1.0,0.9322580695152284,0.4077769517898559,0.9354838728904724,0.4743328094482422,108.9768983505072,d1000_B31_R7_20251031_174223,2025-10-31 17:43:34,1000,40,31,193.64916731037084
198,0.0,1.0,0.9322580695152284,0.4077769517898559,0.9354838728904724,0.1292860507965088,109.26042173216752,d1000_B31_R7_20251031_174223,2025-10-31 17:43:34,1000,40,31,193.64916731037084
199,0.0,1.0,0.9322580695152284,0.4077769517898559,0.9354838728904724,0.0652899742126464,109.6816682231839,d1000_B31_R7_20251031_174223,2025-10-31 17:43:34,1000,40,31,193.64916731037084
200,0.0,1.0,0.9322580695152284,0.4077769517898559,0.9354838728904724,0.1501319408416748,109.93755949724353,d1000_B31_R7_20251031_174223,2025-10-31 17:43:34,1000,40,31,193.64916731037084
201,0.0,1.0,0.9322580695152284,0.4077769517898559,0.9354838728904724,0.1433610916137695,110.20077623509428,d1000_B31_R7_20251031_174223,2025-10-31 17:43:34,1000,40,31,193.64916731037084
202,0.0,1.0,0.9322580695152284,0.4077769517898559,0.9354838728904724,0.1437859535217285,110.46629808540143,d1000_B31_R7_20251031_174223,2025-10-31 17:43:34,1000,40,31,193.64916731037084
203,0.0,1.0,0.9322580695152284,0.4077769517898559,0.9354838728904724,0.1706931591033935,110.6780010120122,d1000_B31_R7_20251031_174223,2025-10-31 17:43:34,1000,40,31,193.64916731037084
204,0.0,1.0,0.9322580695152284,0.4077769517898559,0.9354838728904724,0.1215710639953613,110.9839766343579,d1000_B31_R7_20251031_174223,2025-10-31 17:43:34,1000,40,31,193.64916731037084
205,0.0,1.0,0.9322580695152284,0.4077769517898559,0.9354838728904724,0.0720660686492919,111.38465811606724,d1000_B31_R7_20251031_174223,2025-10-31 17:43:34,1000,40,31,193.64916731037084
206,0.0,1.0,0.9322580695152284,0.4077769517898559,0.9354838728904724,0.1460001468658447,111.6395879712432,d1000_B31_R7_20251031_174223,2025-10-31 17:43:34,1000,40,31,193.64916731037084
207,0.0,1.0,0.9322580695152284,0.4077769517898559,0.9354838728904724,0.1341960430145263,111.91673921356826,d1000_B31_R7_20251031_174223,2025-10-31 17:43:34,1000,40,31,193.64916731037084
208,0.0,1.0,0.9322580695152284,0.4077769517898559,0.9354838728904724,0.1429729461669922,112.1713512946382,d1000_B31_R7_20251031_174223,2025-10-31 17:43:34,1000,40,31,193.64916731037084
209,0.0,1.0,0.9322580695152284,0.4077769517898559,0.9354838728904724,0.1224720478057861,112.46908667494893,d1000_B31_R7_20251031_174223,2025-10-31 17:43:34,1000,40,31,193.64916731037084
210,0.0,1.0,0.9322580695152284,0.4077769517898559,0.9354838728904724,0.1866590976715088,112.6409201076535,d1000_B31_R7_20251031_174223,2025-10-31 17:43:34,1000,40,31,193.64916731037084
211,0.0,1.0,0.9322580695152284,0.4077769517898559,0.9354838728904724,0.1963472366333007,112.79295787415754,d1000_B31_R7_20251031_174223,2025-10-31 17:43:34,1000,40,31,193.64916731037084
212,0.0,1.0,0.9322580695152284,0.4077769517898559,0.9354838728904724,0.1644899845123291,113.0054965372442,d1000_B31_R7_20251031_174223,2025-10-31 17:43:34,1000,40,31,193.64916731037084
213,0.0,1.0,0.9322580695152284,0.4077769517898559,0.9354838728904724,0.1241621971130371,113.29433532776468,d1000_B31_R7_20251031_174223,2025-10-31 17:43:34,1000,40,31,193.64916731037084
214,0.0,1.0,0.9322580695152284,0.4077769517898559,0.9354838728904724,0.1251311302185058,113.5805435687596,d1000_B31_R7_20251031_174223,2025-10-31 17:43:34,1000,40,31,193.64916731037084
215,0.0,1.0,0.9322580695152284,0.4077769517898559,0.9354838728904724,0.1092448234558105,113.89626634758748,d1000_B31_R7_20251031_174223,2025-10-31 17:43:34,1000,40,31,193.64916731037084
216,0.0,1.0,0.9322580695152284,0.4077769517898559,0.9354838728904724,0.0924150943756103,114.2436004002624,d1000_B31_R7_20251031_174223,2025-10-31 17:43:34,1000,40,31,193.64916731037084
217,0.0,1.0,0.9322580695152284,0.4077769517898559,0.9354838728904724,0.3076529502868652,114.17282440482106,d1000_B31_R7_20251031_174223,2025-10-31 17:43:34,1000,40,31,193.64916731037084
218,0.0,1.0,0.9322580695152284,0.4077769517898559,0.9354838728904724,0.171875,114.35931940727916,d1000_B31_R7_20251031_174223,2025-10-31 17:43:34,1000,40,31,193.64916731037084
219,0.0,1.0,0.9322580695152284,0.4077769517898559,0.9354838728904724,0.1387779712677002,114.61263512889496,d1000_B31_R7_20251031_174223,2025-10-31 17:43:34,1000,40,31,193.64916731037084
220,0.0,1.0,0.9322580695152284,0.4077769517898559,0.9354838728904724,0.097203254699707,114.94528071861036,d1000_B31_R7_20251031_174223,2025-10-31 17:43:34,1000,40,31,193.64916731037084
221,0.0,1.0,0.9322580695152284,0.4077769517898559,0.9354838728904724,0.1232662200927734,115.22656426491224,d1000_B31_R7_20251031_174223,2025-10-31 17:43:34,1000,40,31,193.64916731037084
222,0.0,1.0,0.9322580695152284,0.4077769517898559,0.9354838728904724,0.0931708812713623,115.56489249094294,d1000_B31_R7_20251031_174223,2025-10-31 17:43:34,1000,40,31,193.64916731037084
223,0.0,1.0,0.9322580695152284,0.4077769517898559,0.9354838728904724,0.0591330528259277,115.9680331501796,d1000_B31_R7_20251031_174223,2025-10-31 17:43:34,1000,40,31,193.64916731037084
224,0.0,1.0,0.9322580695152284,0.4077769517898559,0.9354838728904724,0.0745539665222168,116.34045642386891,d1000_B31_R7_20251031_174223,2025-10-31 17:43:34,1000,40,31,193.64916731037084
225,0.0,1.0,0.9322580695152284,0.4077769517898559,0.9354838728904724,0.0474870204925537,116.76454534728794,d1000_B31_R7_20251031_174223,2025-10-31 17:43:34,1000,40,31,193.64916731037084
226,0.0,1.0,0.9322580695152284,0.4077769517898559,0.9354838728904724,0.0897440910339355,117.1056020265848,d1000_B31_R7_20251031_174223,2025-10-31 17:43:34,1000,40,31,193.64916731037084
227,0.0,1.0,0.9322580695152284,0.4077769517898559,0.9354838728904724,0.144141674041748,117.3396449950716,d1000_B31_R7_20251031_174223,2025-10-31 17:43:34,1000,40,31,193.64916731037084
228,0.0,1.0,0.9322580695152284,0.4077769517898559,0.9354838728904724,0.0903618335723877,117.6766333558063,d1000_B31_R7_20251031_174223,2025-10-31 17:43:34,1000,40,31,193.64916731037084
229,0.0,1.0,0.9322580695152284,0.4077769517898559,0.9354838728904724,0.0736360549926757,118.04603311692854,d1000_B31_R7_20251031_174223,2025-10-31 17:43:34,1000,40,31,193.64916731037084
230,0.0,1.0,0.9322580695152284,0.4077769517898559,0.9354838728904724,0.0660006999969482,118.42934400125746,d1000_B31_R7_20251031_174223,2025-10-31 17:43:34,1000,40,31,193.64916731037084
231,0.0,1.0,0.9322580695152284,0.4077769517898559,0.9354838728904724,0.0682902336120605,118.8069092723828,d1000_B31_R7_20251031_174223,2025-10-31 17:43:34,1000,40,31,193.64916731037084
232,0.0,1.0,0.9322580695152284,0.4077769517898559,0.9354838728904724,0.0788471698760986,119.16339018643755,d1000_B31_R7_20251031_174223,2025-10-31 17:43:34,1000,40,31,193.64916731037084
233,0.0,1.0,0.9322580695152284,0.4077769517898559,0.9354838728904724,0.0852351188659668,119.50516749060888,d1000_B31_R7_20251031_174223,2025-10-31 17:43:34,1000,40,31,193.64916731037084
234,0.0,1.0,0.9322580695152284,0.4077769517898559,0.9354838728904724,0.0918447971343994,119.83375248439152,d1000_B31_R7_20251031_174223,2025-10-31 17:43:34,1000,40,31,193.64916731037084
235,0.0,1.0,0.9322580695152284,0.4077769517898559,0.9354838728904724,0.101776123046875,120.14084196823842,d1000_B31_R7_20251031_174223,2025-10-31 17:43:34,1000,40,31,193.64916731037084
236,0.0,1.0,0.9322580695152284,0.4077769517898559,0.9354838728904724,0.0916643142700195,120.46796075778812,d1000_B31_R7_20251031_174223,2025-10-31 17:43:34,1000,40,31,193.64916731037084
237,0.0,1.0,0.9322580695152284,0.4077769517898559,0.9354838728904724,0.0975880622863769,120.78243264898369,d1000_B31_R7_20251031_174223,2025-10-31 17:43:34,1000,40,31,193.64916731037084
238,0.0,1.0,0.9322580695152284,0.4077769517898559,0.9354838728904724,0.2790179252624511,120.73795957422044,d1000_B31_R7_20251031_174223,2025-10-31 17:43:34,1000,40,31,193.64916731037084
239,0.0,1.0,0.9322580695152284,0.4077769517898559,0.9354838728904724,0.3853611946105957,120.48591369545689,d1000_B31_R7_20251031_174223,2025-10-31 17:43:34,1000,40,31,193.64916731037084
240,0.0,1.0,0.9322580695152284,0.4077769517898559,0.9354838728904724,0.4242281913757324,120.15793962967606,d1000_B31_R7_20251031_174223,2025-10-31 17:43:34,1000,40,31,193.64916731037084
241,0.0,1.0,0.9322580695152284,0.4077769517898559,0.9354838728904724,0.1573109626770019,120.34724077905284,d1000_B31_R7_20251031_174223,2025-10-31 17:43:34,1000,40,31,193.64916731037084
242,0.0,1.0,0.9322580695152284,0.4077769517898559,0.9354838728904724,0.1012790203094482,120.646594427815,d1000_B31_R7_20251031_174223,2025-10-31 17:43:34,1000,40,31,193.64916731037084
243,0.0,1.0,0.9322580695152284,0.4077769517898559,0.9354838728904724,0.1703557968139648,120.81243123009784,d1000_B31_R7_20251031_174223,2025-10-31 17:43:34,1000,40,31,193.64916731037084
244,0.0,1.0,0.9322580695152284,0.4077769517898559,0.9354838728904724,0.1834199428558349,120.9504701183142,d1000_B31_R7_20251031_174223,2025-10-31 17:43:34,1000,40,31,193.64916731037084
245,0.0,1.0,0.9322580695152284,0.4077769517898559,0.9354838728904724,0.132275104522705,121.18656794107405,d1000_B31_R7_20251031_174223,2025-10-31 17:43:34,1000,40,31,193.64916731037084
246,0.0,1.0,0.9322580695152284,0.4077769517898559,0.9354838728904724,0.1048328876495361,121.476431769638,d1000_B31_R7_20251031_174223,2025-10-31 17:43:34,1000,40,31,193.64916731037084
247,0.0,1.0,0.9322580695152284,0.4077769517898559,0.9354838728904724,0.1434099674224853,121.6906622793664,d1000_B31_R7_20251031_174223,2025-10-31 17:43:34,1000,40,31,193.64916731037084
248,0.0,1.0,0.9322580695152284,0.4077769517898559,0.9354838728904724,0.1089699268341064,121.97006351069354,d1000_B31_R7_20251031_174223,2025-10-31 17:43:34,1000,40,31,193.64916731037084
249,0.0,1.0,0.9322580695152284,0.4077769517898559,0.9354838728904724,0.1193752288818359,122.22876235106416,d1000_B31_R7_20251031_174223,2025-10-31 17:43:34,1000,40,31,193.64916731037084
250,0.0,1.0,0.9322580695152284,0.4077769517898559,0.9354838728904724,0.1731371879577636,122.38188312747224,d1000_B31_R7_20251031_174223,2025-10-31 17:43:34,1000,40,31,193.64916731037084
251,0.0,1.0,0.9322580695152284,0.4077769517898559,0.9354838728904724,0.1137819290161132,122.64924245208388,d1000_B31_R7_20251031_174223,2025-10-31 17:43:34,1000,40,31,193.64916731037084
252,0.0,1.0,0.9322580695152284,0.4077769517898559,0.9354838728904724,0.1341969966888427,122.86543434182492,d1000_B31_R7_20251031_174223,2025-10-31 17:43:34,1000,40,31,193.64916731037084
253,0.0,1.0,0.9322580695152284,0.4077769517898559,0.9354838728904724,0.1109261512756347,123.13659862043698,d1000_B31_R7_20251031_174223,2025-10-31 17:43:34,1000,40,31,193.64916731037084
254,0.0,1.0,0.9322580695152284,0.4077769517898559,0.9354838728904724,0.0722248554229736,123.4814457655576,d1000_B31_R7_20251031_174223,2025-10-31 17:43:34,1000,40,31,193.64916731037084
255,0.0,1.0,0.9322580695152284,0.4077769517898559,0.9354838728904724,0.1294560432434082,123.71507213937512,d1000_B31_R7_20251031_174223,2025-10-31 17:43:34,1000,40,31,193.64916731037084
256,0.0,1.0,0.9322580695152284,0.4077769517898559,0.9354838728904724,0.161891222000122,123.88526211812426,d1000_B31_R7_20251031_174223,2025-10-31 17:43:34,1000,40,31,193.64916731037084
257,0.0,1.0,0.9322580695152284,0.4077769517898559,0.9354838728904724,0.066598892211914,124.23806149084274,d1000_B31_R7_20251031_174223,2025-10-31 17:43:34,1000,40,31,193.64916731037084
258,0.0,1.0,0.9322580695152284,0.4077769517898559,0.9354838728904724,0.1212742328643798,124.48421572774583,d1000_B31_R7_20251031_174223,2025-10-31 17:43:34,1000,40,31,193.64916731037084
259,0.0,1.0,0.9322580695152284,0.4077769517898559,0.9354838728904724,0.0612449645996093,124.8458730921194,d1000_B31_R7_20251031_174223,2025-10-31 17:43:34,1000,40,31,193.64916731037084
260,0.0,1.0,0.9322580695152284,0.4077769517898559,0.9354838728904724,0.0690450668334961,125.19162447375176,d1000_B31_R7_20251031_174223,2025-10-31 17:43:34,1000,40,31,193.64916731037084
261,0.0,1.0,0.9322580695152284,0.4077769517898559,0.9354838728904724,0.096221923828125,125.4840254885003,d1000_B31_R7_20251031_174223,2025-10-31 17:43:34,1000,40,31,193.64916731037084
262,0.0,1.0,0.9322580695152284,0.4077769517898559,0.9354838728904724,0.1060349941253662,125.75652333344044,d1000_B31_R7_20251031_174223,2025-10-31 17:43:34,1000,40,31,193.64916731037084
263,0.0,1.0,0.9322580695152284,0.4077769517898559,0.9354838728904724,0.0845258235931396,126.06870738586235,d1000_B31_R7_20251031_174223,2025-10-31 17:43:34,1000,40,31,193.64916731037084
264,0.0,1.0,0.9322580695152284,0.4077769517898559,0.9354838728904724,0.1096539497375488,126.33238732493696,d1000_B31_R7_20251031_174223,2025-10-31 17:43:34,1000,40,31,193.64916731037084
265,0.0,1.0,0.9322580695152284,0.4077769517898559,0.9354838728904724,0.0821290016174316,126.64872957260911,d1000_B31_R7_20251031_174223,2025-10-31 17:43:34,1000,40,31,193.64916731037084
266,0.0,1.0,0.9322580695152284,0.4077769517898559,0.9354838728904724,0.154512882232666,126.82347812420068,d1000_B31_R7_20251031_174223,2025-10-31 17:43:34,1000,40,31,193.64916731037084
267,0.0,1.0,0.9322580695152284,0.4077769517898559,0.9354838728904724,0.1673667430877685,126.97216213092906,d1000_B31_R7_20251031_174223,2025-10-31 17:43:34,1000,40,31,193.64916731037084
268,0.0,1.0,0.9322580695152284,0.4077769517898559,0.9354838728904724,0.162348985671997,127.1297389436762,d1000_B31_R7_20251031_174223,2025-10-31 17:43:34,1000,40,31,193.64916731037084
269,0.0,1.0,0.9322580695152284,0.4077769517898559,0.9354838728904724,0.1232800483703613,127.36230838128536,d1000_B31_R7_20251031_174223,2025-10-31 17:43:34,1000,40,31,193.64916731037084
270,0.0,1.0,0.9322580695152284,0.4077769517898559,0.9354838728904724,0.0823531150817871,127.673580445024,d1000_B31_R7_20251031_174223,2025-10-31 17:43:34,1000,40,31,193.64916731037084
271,0.0,1.0,0.9322580695152284,0.4077769517898559,0.9354838728904724,0.1320321559906005,127.88766288596118,d1000_B31_R7_20251031_174223,2025-10-31 17:43:34,1000,40,31,193.64916731037084
272,0.0,1.0,0.9322580695152284,0.4077769517898559,0.9354838728904724,0.1441669464111328,128.07716804584666,d1000_B31_R7_20251031_174223,2025-10-31 17:43:34,1000,40,31,193.64916731037084
273,0.0,1.0,0.9322580695152284,0.4077769517898559,0.9354838728904724,0.1077349185943603,128.3365926504341,d1000_B31_R7_20251031_174223,2025-10-31 17:43:34,1000,40,31,193.64916731037084
274,0.0,1.0,0.9322580695152284,0.4077769517898559,0.9354838728904724,0.0559639930725097,128.69574950968104,d1000_B31_R7_20251031_174223,2025-10-31 17:43:34,1000,40,31,193.64916731037084
275,0.0,1.0,0.9322580695152284,0.4077769517898559,0.9354838728904724,0.0826132297515869,129.002328967644,d1000_B31_R7_20251031_174223,2025-10-31 17:43:34,1000,40,31,193.64916731037084
276,0.0,1.0,0.9322580695152284,0.4077769517898559,0.9354838728904724,0.0616819858551025,129.34893793234303,d1000_B31_R7_20251031_174223,2025-10-31 17:43:34,1000,40,31,193.64916731037084
277,0.0,1.0,0.9322580695152284,0.4077769517898559,0.9354838728904724,0.0663018226623535,129.68573028875045,d1000_B31_R7_20251031_174223,2025-10-31 17:43:34,1000,40,31,193.64916731037084
278,0.0,1.0,0.9322580695152284,0.4077769517898559,0.9354838728904724,0.0764830112457275,130.00209107621598,d1000_B31_R7_20251031_174223,2025-10-31 17:43:34,1000,40,31,193.64916731037084
279,0.0,1.0,0.9322580695152284,0.4077769517898559,0.9354838728904724,0.0454020500183105,130.37859344842903,d1000_B31_R7_20251031_174223,2025-10-31 17:43:34,1000,40,31,193.64916731037084
280,0.0,1.0,0.9322580695152284,0.4077769517898559,0.9354838728904724,0.097930908203125,130.65120676812816,d1000_B31_R7_20251031_174223,2025-10-31 17:43:34,1000,40,31,193.64916731037084
281,0.0,1.0,0.9322580695152284,0.4077769517898559,0.9354838728904724,0.1020569801330566,130.91461830053737,d1000_B31_R7_20251031_174223,2025-10-31 17:43:34,1000,40,31,193.64916731037084
282,0.0,1.0,0.9322580695152284,0.4077769517898559,0.9354838728904724,0.1064980030059814,131.1632661530294,d1000_B31_R7_20251031_174223,2025-10-31 17:43:34,1000,40,31,193.64916731037084
283,0.0,1.0,0.9322580695152284,0.4077769517898559,0.9354838728904724,0.1545488834381103,131.30471809384704,d1000_B31_R7_20251031_174223,2025-10-31 17:43:34,1000,40,31,193.64916731037084
284,0.0,1.0,0.9322580695152284,0.4077769517898559,0.9354838728904724,0.1686649322509765,131.43538126560713,d1000_B31_R7_20251031_174223,2025-10-31 17:43:34,1000,40,31,193.64916731037084
285,0.0,1.0,0.9322580695152284,0.4077769517898559,0.9354838728904724,0.1311910152435302,131.63916634971403,d1000_B31_R7_20251031_174223,2025-10-31 17:43:34,1000,40,31,193.64916731037084
286,0.0,1.0,0.9322580695152284,0.4077769517898559,0.9354838728904724,0.1030700206756591,131.8971582470616,d1000_B31_R7_20251031_174223,2025-10-31 17:43:34,1000,40,31,193.64916731037084
287,0.0,1.0,0.9322580695152284,0.4077769517898559,0.9354838728904724,0.1002397537231445,132.15915355001616,d1000_B31_R7_20251031_174223,2025-10-31 17:43:34,1000,40,31,193.64916731037084
288,0.0,1.0,0.9322580695152284,0.4077769517898559,0.9354838728904724,0.2119021415710449,132.20295671050485,d1000_B31_R7_20251031_174223,2025-10-31 17:43:34,1000,40,31,193.64916731037084
289,0.0,1.0,0.9322580695152284,0.4077769517898559,0.9354838728904724,0.3312439918518066,132.01472685632973,d1000_B31_R7_20251031_174223,2025-10-31 17:43:34,1000,40,31,193.64916731037084
290,0.0,1.0,0.9322580695152284,0.4077769517898559,0.9354838728904724,0.1839520931243896,132.11267748958394,d1000_B31_R7_20251031_174223,2025-10-31 17:43:34,1000,40,31,193.64916731037084
291,0.0,1.0,0.9322580695152284,0.4077769517898559,0.9354838728904724,0.1802420616149902,132.2172339259285,d1000_B31_R7_20251031_174223,2025-10-31 17:43:34,1000,40,31,193.64916731037084
292,0.0,1.0,0.9322580695152284,0.4077769517898559,0.9354838728904724,0.2187292575836181,132.24712556471744,d1000_B31_R7_20251031_174223,2025-10-31 17:43:34,1000,40,31,193.64916731037084
293,0.0,1.0,0.9322580695152284,0.4077769517898559,0.9354838728904724,0.1611421108245849,132.38745278516345,d1000_B31_R7_20251031_174223,2025-10-31 17:43:34,1000,40,31,193.64916731037084
294,0.0,1.0,0.9322580695152284,0.4077769517898559,0.9354838728904724,0.193904161453247,132.46429827207606,d1000_B31_R7_20251031_174223,2025-10-31 17:43:34,1000,40,31,193.64916731037084
295,0.0,1.0,0.9322580695152284,0.4077769517898559,0.9354838728904724,0.1878409385681152,132.5522458953351,d1000_B31_R7_20251031_174223,2025-10-31 17:43:34,1000,40,31,193.64916731037084
296,0.0,1.0,0.9322580695152284,0.4077769517898559,0.9354838728904724,0.1654598712921142,132.682264447376,d1000_B31_R7_20251031_174223,2025-10-31 17:43:34,1000,40,31,193.64916731037084
297,0.0,1.0,0.9322580695152284,0.4077769517898559,0.9354838728904724,0.2564949989318847,132.59721696345355,d1000_B31_R7_20251031_174223,2025-10-31 17:43:34,1000,40,31,193.64916731037084
298,0.0,1.0,0.9322580695152284,0.4077769517898559,0.9354838728904724,0.1678361892700195,132.72189539288436,d1000_B31_R7_20251031_174223,2025-10-31 17:43:34,1000,40,31,193.64916731037084
299,0.0,1.0,0.9322580695152284,0.4077769517898559,0.9354838728904724,0.1870982646942138,132.80799416202245,d1000_B31_R7_20251031_174223,2025-10-31 17:43:34,1000,40,31,193.64916731037084
0,0.6931472420692444,0.527999997138977,0.9987999796867372,0.0245587602257728,0.9919999837875366,1.4040157794952393,88.66192180086412,d1000_B125_R7_20251031_174239,2025-10-31 17:44:33,1000,40,125,193.64916731037084
1,0.0,1.0,0.9987999796867372,0.0245587602257728,0.9919999837875366,0.5542290210723877,124.91943667502262,d1000_B125_R7_20251031_174239,2025-10-31 17:44:33,1000,40,125,193.64916731037084
2,0.0,1.0,0.9987999796867372,0.0245587602257728,0.9919999837875366,0.343505859375,159.9125315671553,d1000_B125_R7_20251031_174239,2025-10-31 17:44:33,1000,40,125,193.64916731037084
3,0.0,1.0,0.9987999796867372,0.0245587602257728,0.9919999837875366,0.4595088958740234,178.26494898693855,d1000_B125_R7_20251031_174239,2025-10-31 17:44:33,1000,40,125,193.64916731037084
4,0.0,1.0,0.9987999796867372,0.0245587602257728,0.9919999837875366,0.3183820247650146,200.01338285345173,d1000_B125_R7_20251031_174239,2025-10-31 17:44:33,1000,40,125,193.64916731037084
5,0.0,1.0,0.9987999796867372,0.0245587602257728,0.9919999837875366,0.2674698829650879,221.06007682958668,d1000_B125_R7_20251031_174239,2025-10-31 17:44:33,1000,40,125,193.64916731037084
6,0.0,1.0,0.9987999796867372,0.0245587602257728,0.9919999837875366,0.18426513671875,244.59816961389515,d1000_B125_R7_20251031_174239,2025-10-31 17:44:33,1000,40,125,193.64916731037084
7,0.0,1.0,0.9987999796867372,0.0245587602257728,0.9919999837875366,0.3754119873046875,252.97518326856311,d1000_B125_R7_20251031_174239,2025-10-31 17:44:33,1000,40,125,193.64916731037084
8,0.0,1.0,0.9987999796867372,0.0245587602257728,0.9919999837875366,0.3815841674804687,259.3893143031356,d1000_B125_R7_20251031_174239,2025-10-31 17:44:33,1000,40,125,193.64916731037084
9,0.0,1.0,0.9987999796867372,0.0245587602257728,0.9919999837875366,0.4336802959442138,261.9954223959592,d1000_B125_R7_20251031_174239,2025-10-31 17:44:33,1000,40,125,193.64916731037084
10,0.0,1.0,0.9987999796867372,0.0245587602257728,0.9919999837875366,0.4234859943389892,264.67580453111594,d1000_B125_R7_20251031_174239,2025-10-31 17:44:33,1000,40,125,193.64916731037084
11,0.0,1.0,0.9987999796867372,0.0245587602257728,0.9919999837875366,0.3741278648376465,269.3289328292411,d1000_B125_R7_20251031_174239,2025-10-31 17:44:33,1000,40,125,193.64916731037084
12,0.0,1.0,0.9987999796867372,0.0245587602257728,0.9919999837875366,0.3355770111083984,275.1741634054114,d1000_B125_R7_20251031_174239,2025-10-31 17:44:33,1000,40,125,193.64916731037084
13,0.0,1.0,0.9987999796867372,0.0245587602257728,0.9919999837875366,0.3248820304870605,280.87516339669196,d1000_B125_R7_20251031_174239,2025-10-31 17:44:33,1000,40,125,193.64916731037084
14,0.0,1.0,0.9987999796867372,0.0245587602257728,0.9919999837875366,0.3314502239227295,285.6929976567516,d1000_B125_R7_20251031_174239,2025-10-31 17:44:33,1000,40,125,193.64916731037084
15,0.0,1.0,0.9987999796867372,0.0245587602257728,0.9919999837875366,0.2319929599761963,294.3142282581036,d1000_B125_R7_20251031_174239,2025-10-31 17:44:33,1000,40,125,193.64916731037084
16,0.0,1.0,0.9987999796867372,0.0245587602257728,0.9919999837875366,0.2314910888671875,302.3908939007116,d1000_B125_R7_20251031_174239,2025-10-31 17:44:33,1000,40,125,193.64916731037084
17,0.0,1.0,0.9987999796867372,0.0245587602257728,0.9919999837875366,1.0896241664886477,275.44574158883125,d1000_B125_R7_20251031_174239,2025-10-31 17:44:33,1000,40,125,193.64916731037084
18,0.0,1.0,0.9987999796867372,0.0245587602257728,0.9919999837875366,0.5603821277618408,271.6937789354756,d1000_B125_R7_20251031_174239,2025-10-31 17:44:33,1000,40,125,193.64916731037084
19,0.0,1.0,0.9987999796867372,0.0245587602257728,0.9919999837875366,0.3210809230804443,275.8460309330286,d1000_B125_R7_20251031_174239,2025-10-31 17:44:33,1000,40,125,193.64916731037084
20,0.0,1.0,0.9987999796867372,0.0245587602257728,0.9919999837875366,0.3664782047271728,278.3325360063657,d1000_B125_R7_20251031_174239,2025-10-31 17:44:33,1000,40,125,193.64916731037084
21,0.0,1.0,0.9987999796867372,0.0245587602257728,0.9919999837875366,0.3512160778045654,281.1078827675359,d1000_B125_R7_20251031_174239,2025-10-31 17:44:33,1000,40,125,193.64916731037084
22,0.0,1.0,0.9987999796867372,0.0245587602257728,0.9919999837875366,0.3958578109741211,282.3078306683609,d1000_B125_R7_20251031_174239,2025-10-31 17:44:33,1000,40,125,193.64916731037084
23,0.0,1.0,0.9987999796867372,0.0245587602257728,0.9919999837875366,0.3000707626342773,286.1446508507138,d1000_B125_R7_20251031_174239,2025-10-31 17:44:33,1000,40,125,193.64916731037084
24,0.0,1.0,0.9987999796867372,0.0245587602257728,0.9919999837875366,0.7121636867523193,279.1009453982371,d1000_B125_R7_20251031_174239,2025-10-31 17:44:33,1000,40,125,193.64916731037084
25,0.0,1.0,0.9987999796867372,0.0245587602257728,0.9919999837875366,0.4361560344696045,278.97717135256903,d1000_B125_R7_20251031_174239,2025-10-31 17:44:33,1000,40,125,193.64916731037084
26,0.0,1.0,0.9987999796867372,0.0245587602257728,0.9919999837875366,0.2943181991577148,282.5557882856377,d1000_B125_R7_20251031_174239,2025-10-31 17:44:33,1000,40,125,193.64916731037084
27,0.0,1.0,0.9987999796867372,0.0245587602257728,0.9919999837875366,0.4732861518859863,281.84729514845196,d1000_B125_R7_20251031_174239,2025-10-31 17:44:33,1000,40,125,193.64916731037084
28,0.0,1.0,0.9987999796867372,0.0245587602257728,0.9919999837875366,2.563253164291382,241.91899245904537,d1000_B125_R7_20251031_174239,2025-10-31 17:44:33,1000,40,125,193.64916731037084
29,0.0,1.0,0.9987999796867372,0.0245587602257728,0.9919999837875366,1.6569981575012207,222.2891549918731,d1000_B125_R7_20251031_174239,2025-10-31 17:44:33,1000,40,125,193.64916731037084
30,0.0,1.0,0.9987999796867372,0.0245587602257728,0.9919999837875366,0.3817260265350342,224.5812314589775,d1000_B125_R7_20251031_174239,2025-10-31 17:44:33,1000,40,125,193.64916731037084
31,0.0,1.0,0.9987999796867372,0.0245587602257728,0.9919999837875366,0.4300341606140136,226.182029228565,d1000_B125_R7_20251031_174239,2025-10-31 17:44:33,1000,40,125,193.64916731037084
32,0.0,1.0,0.9987999796867372,0.0245587602257728,0.9919999837875366,0.6172530651092529,225.19703190081208,d1000_B125_R7_20251031_174239,2025-10-31 17:44:33,1000,40,125,193.64916731037084
33,0.0,1.0,0.9987999796867372,0.0245587602257728,0.9919999837875366,0.5973019599914551,224.2417493646913,d1000_B125_R7_20251031_174239,2025-10-31 17:44:33,1000,40,125,193.64916731037084
34,0.0,1.0,0.9987999796867372,0.0245587602257728,0.9919999837875366,0.5759007930755615,221.3148420262148,d1000_B125_R7_20251031_174239,2025-10-31 17:44:33,1000,40,125,193.64916731037084
35,0.0,1.0,0.9987999796867372,0.0245587602257728,0.9919999837875366,0.3228280544281006,223.97599551971305,d1000_B125_R7_20251031_174239,2025-10-31 17:44:33,1000,40,125,193.64916731037084
36,0.0,1.0,0.9987999796867372,0.0245587602257728,0.9919999837875366,0.2591071128845215,227.259050846796,d1000_B125_R7_20251031_174239,2025-10-31 17:44:33,1000,40,125,193.64916731037084
37,0.0,1.0,0.9987999796867372,0.0245587602257728,0.9919999837875366,0.2232401371002197,230.86275576743375,d1000_B125_R7_20251031_174239,2025-10-31 17:44:33,1000,40,125,193.64916731037084
38,0.0,1.0,0.9987999796867372,0.0245587602257728,0.9919999837875366,1.2384300231933594,223.4745266029432,d1000_B125_R7_20251031_174239,2025-10-31 17:44:33,1000,40,125,193.64916731037084
39,0.0,1.0,0.9987999796867372,0.0245587602257728,0.9919999837875366,0.4033539295196533,224.9605733412122,d1000_B125_R7_20251031_174239,2025-10-31 17:44:33,1000,40,125,193.64916731037084
40,0.0,1.0,0.9987999796867372,0.0245587602257728,0.9919999837875366,0.4438221454620361,225.99306604270043,d1000_B125_R7_20251031_174239,2025-10-31 17:44:33,1000,40,125,193.64916731037084
41,0.0,1.0,0.9987999796867372,0.0245587602257728,0.9919999837875366,0.5263869762420654,226.24988413991215,d1000_B125_R7_20251031_174239,2025-10-31 17:44:33,1000,40,125,193.64916731037084
42,0.0,1.0,0.9987999796867372,0.0245587602257728,0.9919999837875366,0.619204044342041,225.61027947147448,d1000_B125_R7_20251031_174239,2025-10-31 17:44:33,1000,40,125,193.64916731037084
43,0.0,1.0,0.9987999796867372,0.0245587602257728,0.9919999837875366,0.3254060745239258,227.7431309230938,d1000_B125_R7_20251031_174239,2025-10-31 17:44:33,1000,40,125,193.64916731037084
44,0.0,1.0,0.9987999796867372,0.0245587602257728,0.9919999837875366,0.3125138282775879,229.94149800030087,d1000_B125_R7_20251031_174239,2025-10-31 17:44:33,1000,40,125,193.64916731037084
45,0.0,1.0,0.9987999796867372,0.0245587602257728,0.9919999837875366,0.3108758926391601,232.096921723166,d1000_B125_R7_20251031_174239,2025-10-31 17:44:33,1000,40,125,193.64916731037084
46,0.0,1.0,0.9987999796867372,0.0245587602257728,0.9919999837875366,0.4064972400665283,233.31079209321896,d1000_B125_R7_20251031_174239,2025-10-31 17:44:33,1000,40,125,193.64916731037084
47,0.0,1.0,0.9987999796867372,0.0245587602257728,0.9919999837875366,0.2475359439849853,235.95092996406876,d1000_B125_R7_20251031_174239,2025-10-31 17:44:33,1000,40,125,193.64916731037084
48,0.0,1.0,0.9987999796867372,0.0245587602257728,0.9919999837875366,0.400414228439331,237.12687731625752,d1000_B125_R7_20251031_174239,2025-10-31 17:44:33,1000,40,125,193.64916731037084
49,0.0,1.0,0.9987999796867372,0.0245587602257728,0.9919999837875366,0.3259270191192627,238.9478615499936,d1000_B125_R7_20251031_174239,2025-10-31 17:44:33,1000,40,125,193.64916731037084
50,0.0,1.0,0.9987999796867372,0.0245587602257728,0.9919999837875366,0.3843147754669189,240.1947969385716,d1000_B125_R7_20251031_174239,2025-10-31 17:44:33,1000,40,125,193.64916731037084
51,0.0,1.0,0.9987999796867372,0.0245587602257728,0.9919999837875366,0.3860290050506592,241.3911566201532,d1000_B125_R7_20251031_174239,2025-10-31 17:44:33,1000,40,125,193.64916731037084
52,0.0,1.0,0.9987999796867372,0.0245587602257728,0.9919999837875366,0.2644622325897217,243.6352292966515,d1000_B125_R7_20251031_174239,2025-10-31 17:44:33,1000,40,125,193.64916731037084
53,0.0,1.0,0.9987999796867372,0.0245587602257728,0.9919999837875366,0.922774076461792,239.14284482738017,d1000_B125_R7_20251031_174239,2025-10-31 17:44:33,1000,40,125,193.64916731037084
54,0.0,1.0,0.9987999796867372,0.0245587602257728,0.9919999837875366,0.3825311660766601,240.28807396740595,d1000_B125_R7_20251031_174239,2025-10-31 17:44:33,1000,40,125,193.64916731037084
55,0.0,1.0,0.9987999796867372,0.0245587602257728,0.9919999837875366,0.6078550815582275,239.49146460546115,d1000_B125_R7_20251031_174239,2025-10-31 17:44:33,1000,40,125,193.64916731037084
56,0.0,1.0,0.9987999796867372,0.0245587602257728,0.9919999837875366,3.4923861026763916,217.5430365824782,d1000_B125_R7_20251031_174239,2025-10-31 17:44:33,1000,40,125,193.64916731037084
57,0.0,1.0,0.9987999796867372,0.0245587602257728,0.9919999837875366,3.0540921688079834,198.9073327575917,d1000_B125_R7_20251031_174239,2025-10-31 17:44:33,1000,40,125,193.64916731037084
58,0.0,1.0,0.9987999796867372,0.0245587602257728,0.9919999837875366,0.7145280838012695,198.3752973650196,d1000_B125_R7_20251031_174239,2025-10-31 17:44:33,1000,40,125,193.64916731037084
59,0.0,1.0,0.9987999796867372,0.0245587602257728,0.9919999837875366,0.600682258605957,198.4884560622294,d1000_B125_R7_20251031_174239,2025-10-31 17:44:33,1000,40,125,193.64916731037084
60,0.0,1.0,0.9987999796867372,0.0245587602257728,0.9919999837875366,0.492347240447998,199.196328933102,d1000_B125_R7_20251031_174239,2025-10-31 17:44:33,1000,40,125,193.64916731037084
61,0.0,1.0,0.9987999796867372,0.0245587602257728,0.9919999837875366,0.587785005569458,199.39873280458187,d1000_B125_R7_20251031_174239,2025-10-31 17:44:33,1000,40,125,193.64916731037084
62,0.0,1.0,0.9987999796867372,0.0245587602257728,0.9919999837875366,0.16750168800354,201.7434491475757,d1000_B125_R7_20251031_174239,2025-10-31 17:44:33,1000,40,125,193.64916731037084
63,0.0,1.0,0.9987999796867372,0.0245587602257728,0.9919999837875366,0.3325300216674804,203.21248432669552,d1000_B125_R7_20251031_174239,2025-10-31 17:44:33,1000,40,125,193.64916731037084
64,0.0,1.0,0.9987999796867372,0.0245587602257728,0.9919999837875366,0.6509730815887451,203.02883210641247,d1000_B125_R7_20251031_174239,2025-10-31 17:44:33,1000,40,125,193.64916731037084
65,0.0,1.0,0.9987999796867372,0.0245587602257728,0.9919999837875366,0.2666749954223633,204.7847453787563,d1000_B125_R7_20251031_174239,2025-10-31 17:44:33,1000,40,125,193.64916731037084
66,0.0,1.0,0.9987999796867372,0.0245587602257728,0.9919999837875366,0.2576780319213867,206.56512622121332,d1000_B125_R7_20251031_174239,2025-10-31 17:44:33,1000,40,125,193.64916731037084
67,0.0,1.0,0.9987999796867372,0.0245587602257728,0.9919999837875366,0.2512948513031006,208.35567066953016,d1000_B125_R7_20251031_174239,2025-10-31 17:44:33,1000,40,125,193.64916731037084
68,0.0,1.0,0.9987999796867372,0.0245587602257728,0.9919999837875366,0.2325329780578613,210.22014146780072,d1000_B125_R7_20251031_174239,2025-10-31 17:44:33,1000,40,125,193.64916731037084
69,0.0,1.0,0.9987999796867372,0.0245587602257728,0.9919999837875366,0.2492430210113525,211.9778858702407,d1000_B125_R7_20251031_174239,2025-10-31 17:44:33,1000,40,125,193.64916731037084
70,0.0,1.0,0.9987999796867372,0.0245587602257728,0.9919999837875366,0.2267329692840576,213.82961918175195,d1000_B125_R7_20251031_174239,2025-10-31 17:44:33,1000,40,125,193.64916731037084
71,0.0,1.0,0.9987999796867372,0.0245587602257728,0.9919999837875366,0.3454492092132568,215.0502649399738,d1000_B125_R7_20251031_174239,2025-10-31 17:44:33,1000,40,125,193.64916731037084
72,0.0,1.0,0.9987999796867372,0.0245587602257728,0.9919999837875366,0.3220899105072021,216.3700344633215,d1000_B125_R7_20251031_174239,2025-10-31 17:44:33,1000,40,125,193.64916731037084
73,0.0,1.0,0.9987999796867372,0.0245587602257728,0.9919999837875366,0.2034449577331543,218.2715104613053,d1000_B125_R7_20251031_174239,2025-10-31 17:44:33,1000,40,125,193.64916731037084
74,0.0,1.0,0.9987999796867372,0.0245587602257728,0.9919999837875366,0.3054168224334717,219.63668699470816,d1000_B125_R7_20251031_174239,2025-10-31 17:44:33,1000,40,125,193.64916731037084
75,0.0,1.0,0.9987999796867372,0.0245587602257728,0.9919999837875366,0.3500082492828369,220.75280908406737,d1000_B125_R7_20251031_174239,2025-10-31 17:44:33,1000,40,125,193.64916731037084
76,0.0,1.0,0.9987999796867372,0.0245587602257728,0.9919999837875366,0.2334070205688476,222.44887014071804,d1000_B125_R7_20251031_174239,2025-10-31 17:44:33,1000,40,125,193.64916731037084
77,0.0,1.0,0.9987999796867372,0.0245587602257728,0.9919999837875366,0.1794650554656982,224.40223662629649,d1000_B125_R7_20251031_174239,2025-10-31 17:44:33,1000,40,125,193.64916731037084
78,0.0,1.0,0.9987999796867372,0.0245587602257728,0.9919999837875366,0.1287291049957275,226.60653114801167,d1000_B125_R7_20251031_174239,2025-10-31 17:44:33,1000,40,125,193.64916731037084
79,0.0,1.0,0.9987999796867372,0.0245587602257728,0.9919999837875366,0.1318542957305908,228.777438327963,d1000_B125_R7_20251031_174239,2025-10-31 17:44:33,1000,40,125,193.64916731037084
80,0.0,1.0,0.9987999796867372,0.0245587602257728,0.9919999837875366,0.2467870712280273,230.3353868751173,d1000_B125_R7_20251031_174239,2025-10-31 17:44:33,1000,40,125,193.64916731037084
81,0.0,1.0,0.9987999796867372,0.0245587602257728,0.9919999837875366,0.1365830898284912,232.4555433994245,d1000_B125_R7_20251031_174239,2025-10-31 17:44:33,1000,40,125,193.64916731037084
82,0.0,1.0,0.9987999796867372,0.0245587602257728,0.9919999837875366,0.1471419334411621,234.5068872592611,d1000_B125_R7_20251031_174239,2025-10-31 17:44:33,1000,40,125,193.64916731037084
83,0.0,1.0,0.9987999796867372,0.0245587602257728,0.9919999837875366,0.1755809783935547,236.39243528181436,d1000_B125_R7_20251031_174239,2025-10-31 17:44:33,1000,40,125,193.64916731037084
84,0.0,1.0,0.9987999796867372,0.0245587602257728,0.9919999837875366,0.1791110038757324,238.2446937612468,d1000_B125_R7_20251031_174239,2025-10-31 17:44:33,1000,40,125,193.64916731037084
85,0.0,1.0,0.9987999796867372,0.0245587602257728,0.9919999837875366,0.3248817920684814,239.30315522215335,d1000_B125_R7_20251031_174239,2025-10-31 17:44:33,1000,40,125,193.64916731037084
86,0.0,1.0,0.9987999796867372,0.0245587602257728,0.9919999837875366,0.5208079814910889,239.309068197644,d1000_B125_R7_20251031_174239,2025-10-31 17:44:33,1000,40,125,193.64916731037084
87,0.0,1.0,0.9987999796867372,0.0245587602257728,0.9919999837875366,0.4167609214782715,239.84314457433388,d1000_B125_R7_20251031_174239,2025-10-31 17:44:33,1000,40,125,193.64916731037084
88,0.0,1.0,0.9987999796867372,0.0245587602257728,0.9919999837875366,0.2553410530090332,241.22240539468993,d1000_B125_R7_20251031_174239,2025-10-31 17:44:33,1000,40,125,193.64916731037084
89,0.0,1.0,0.9987999796867372,0.0245587602257728,0.9919999837875366,0.2704062461853027,242.50907241720896,d1000_B125_R7_20251031_174239,2025-10-31 17:44:33,1000,40,125,193.64916731037084
90,0.0,1.0,0.9987999796867372,0.0245587602257728,0.9919999837875366,0.2719786167144775,243.76617600715892,d1000_B125_R7_20251031_174239,2025-10-31 17:44:33,1000,40,125,193.64916731037084
91,0.0,1.0,0.9987999796867372,0.0245587602257728,0.9919999837875366,0.2247607707977295,245.26232741456892,d1000_B125_R7_20251031_174239,2025-10-31 17:44:33,1000,40,125,193.64916731037084
92,0.0,1.0,0.9987999796867372,0.0245587602257728,0.9919999837875366,0.2132141590118408,246.80459672370876,d1000_B125_R7_20251031_174239,2025-10-31 17:44:33,1000,40,125,193.64916731037084
93,0.0,1.0,0.9987999796867372,0.0245587602257728,0.9919999837875366,0.2445809841156005,248.16661972037656,d1000_B125_R7_20251031_174239,2025-10-31 17:44:33,1000,40,125,193.64916731037084
94,0.0,1.0,0.9987999796867372,0.0245587602257728,0.9919999837875366,0.2525842189788818,249.47465421298247,d1000_B125_R7_20251031_174239,2025-10-31 17:44:33,1000,40,125,193.64916731037084
95,0.0,1.0,0.9987999796867372,0.0245587602257728,0.9919999837875366,0.1787700653076172,251.15587675952625,d1000_B125_R7_20251031_174239,2025-10-31 17:44:33,1000,40,125,193.64916731037084
96,0.0,1.0,0.9987999796867372,0.0245587602257728,0.9919999837875366,0.213702917098999,252.64068492537743,d1000_B125_R7_20251031_174239,2025-10-31 17:44:33,1000,40,125,193.64916731037084
97,0.0,1.0,0.9987999796867372,0.0245587602257728,0.9919999837875366,0.1897110939025879,254.23917985430583,d1000_B125_R7_20251031_174239,2025-10-31 17:44:33,1000,40,125,193.64916731037084
98,0.0,1.0,0.9987999796867372,0.0245587602257728,0.9919999837875366,0.1869869232177734,255.8395513822009,d1000_B125_R7_20251031_174239,2025-10-31 17:44:33,1000,40,125,193.64916731037084
99,0.0,1.0,0.9987999796867372,0.0245587602257728,0.9919999837875366,0.1976470947265625,257.37082260056974,d1000_B125_R7_20251031_174239,2025-10-31 17:44:33,1000,40,125,193.64916731037084
100,0.0,1.0,0.9987999796867372,0.0245587602257728,0.9919999837875366,0.2301111221313476,258.7170645022641,d1000_B125_R7_20251031_174239,2025-10-31 17:44:33,1000,40,125,193.64916731037084
101,0.0,1.0,0.9987999796867372,0.0245587602257728,0.9919999837875366,0.3444528579711914,259.43958774792605,d1000_B125_R7_20251031_174239,2025-10-31 17:44:33,1000,40,125,193.64916731037084
102,0.0,1.0,0.9987999796867372,0.0245587602257728,0.9919999837875366,0.2139039039611816,260.84653666417915,d1000_B125_R7_20251031_174239,2025-10-31 17:44:33,1000,40,125,193.64916731037084
103,0.0,1.0,0.9987999796867372,0.0245587602257728,0.9919999837875366,0.2500243186950683,262.04599227921454,d1000_B125_R7_20251031_174239,2025-10-31 17:44:33,1000,40,125,193.64916731037084
104,0.0,1.0,0.9987999796867372,0.0245587602257728,0.9919999837875366,0.2044918537139892,263.4785123919674,d1000_B125_R7_20251031_174239,2025-10-31 17:44:33,1000,40,125,193.64916731037084
105,0.0,1.0,0.9987999796867372,0.0245587602257728,0.9919999837875366,0.1527097225189209,265.1725696904124,d1000_B125_R7_20251031_174239,2025-10-31 17:44:33,1000,40,125,193.64916731037084
106,0.0,1.0,0.9987999796867372,0.0245587602257728,0.9919999837875366,0.1627750396728515,266.80381972399755,d1000_B125_R7_20251031_174239,2025-10-31 17:44:33,1000,40,125,193.64916731037084
107,0.0,1.0,0.9987999796867372,0.0245587602257728,0.9919999837875366,0.1464190483093261,268.51113874846476,d1000_B125_R7_20251031_174239,2025-10-31 17:44:33,1000,40,125,193.64916731037084
108,0.0,1.0,0.9987999796867372,0.0245587602257728,0.9919999837875366,0.1894409656524658,269.97872947672954,d1000_B125_R7_20251031_174239,2025-10-31 17:44:33,1000,40,125,193.64916731037084
109,0.0,1.0,0.9987999796867372,0.0245587602257728,0.9919999837875366,0.2031219005584716,271.3619597855173,d1000_B125_R7_20251031_174239,2025-10-31 17:44:33,1000,40,125,193.64916731037084
110,0.0,1.0,0.9987999796867372,0.0245587602257728,0.9919999837875366,0.2469499111175537,272.49654512951656,d1000_B125_R7_20251031_174239,2025-10-31 17:44:33,1000,40,125,193.64916731037084
111,0.0,1.0,0.9987999796867372,0.0245587602257728,0.9919999837875366,0.1921842098236084,273.9163934309687,d1000_B125_R7_20251031_174239,2025-10-31 17:44:33,1000,40,125,193.64916731037084
112,0.0,1.0,0.9987999796867372,0.0245587602257728,0.9919999837875366,0.4039301872253418,274.1935965349549,d1000_B125_R7_20251031_174239,2025-10-31 17:44:33,1000,40,125,193.64916731037084
113,0.0,1.0,0.9987999796867372,0.0245587602257728,0.9919999837875366,0.4510650634765625,274.1921095263137,d1000_B125_R7_20251031_174239,2025-10-31 17:44:33,1000,40,125,193.64916731037084
114,0.0,1.0,0.9987999796867372,0.0245587602257728,0.9919999837875366,0.4026596546173095,274.4683896605219,d1000_B125_R7_20251031_174239,2025-10-31 17:44:33,1000,40,125,193.64916731037084
115,0.0,1.0,0.9987999796867372,0.0245587602257728,0.9919999837875366,0.397136926651001,274.7666620192587,d1000_B125_R7_20251031_174239,2025-10-31 17:44:33,1000,40,125,193.64916731037084
116,0.0,1.0,0.9987999796867372,0.0245587602257728,0.9919999837875366,0.378997802734375,275.1579713641857,d1000_B125_R7_20251031_174239,2025-10-31 17:44:33,1000,40,125,193.64916731037084
117,0.0,1.0,0.9987999796867372,0.0245587602257728,0.9919999837875366,0.3683278560638428,275.5978718186598,d1000_B125_R7_20251031_174239,2025-10-31 17:44:33,1000,40,125,193.64916731037084
118,0.0,1.0,0.9987999796867372,0.0245587602257728,0.9919999837875366,1.0977840423583984,272.3438255309939,d1000_B125_R7_20251031_174239,2025-10-31 17:44:33,1000,40,125,193.64916731037084
119,0.0,1.0,0.9987999796867372,0.0245587602257728,0.9919999837875366,0.4642148017883301,272.0534764662454,d1000_B125_R7_20251031_174239,2025-10-31 17:44:33,1000,40,125,193.64916731037084
120,0.0,1.0,0.9987999796867372,0.0245587602257728,0.9919999837875366,0.4293079376220703,272.19968863119766,d1000_B125_R7_20251031_174239,2025-10-31 17:44:33,1000,40,125,193.64916731037084
121,0.0,1.0,0.9987999796867372,0.0245587602257728,0.9919999837875366,0.3960011005401611,272.4914983497862,d1000_B125_R7_20251031_174239,2025-10-31 17:44:33,1000,40,125,193.64916731037084
122,0.0,1.0,0.9987999796867372,0.0245587602257728,0.9919999837875366,0.4309737682342529,272.62445193542703,d1000_B125_R7_20251031_174239,2025-10-31 17:44:33,1000,40,125,193.64916731037084
123,0.0,1.0,0.9987999796867372,0.0245587602257728,0.9919999837875366,0.2942390441894531,273.41264712785704,d1000_B125_R7_20251031_174239,2025-10-31 17:44:33,1000,40,125,193.64916731037084
124,0.0,1.0,0.9987999796867372,0.0245587602257728,0.9919999837875366,0.432168960571289,273.5312412445044,d1000_B125_R7_20251031_174239,2025-10-31 17:44:33,1000,40,125,193.64916731037084
125,0.0,1.0,0.9987999796867372,0.0245587602257728,0.9919999837875366,0.3735449314117431,273.9272161724397,d1000_B125_R7_20251031_174239,2025-10-31 17:44:33,1000,40,125,193.64916731037084
126,0.0,1.0,0.9987999796867372,0.0245587602257728,0.9919999837875366,0.3962788581848144,274.2101953774806,d1000_B125_R7_20251031_174239,2025-10-31 17:44:33,1000,40,125,193.64916731037084
127,0.0,1.0,0.9987999796867372,0.0245587602257728,0.9919999837875366,0.4593238830566406,274.19288807032126,d1000_B125_R7_20251031_174239,2025-10-31 17:44:33,1000,40,125,193.64916731037084
128,0.0,1.0,0.9987999796867372,0.0245587602257728,0.9919999837875366,0.546532154083252,273.76935128297384,d1000_B125_R7_20251031_174239,2025-10-31 17:44:33,1000,40,125,193.64916731037084
129,0.0,1.0,0.9987999796867372,0.0245587602257728,0.9919999837875366,0.7055888175964355,272.6244808995519,d1000_B125_R7_20251031_174239,2025-10-31 17:44:33,1000,40,125,193.64916731037084
130,0.0,1.0,0.9987999796867372,0.0245587602257728,0.9919999837875366,0.4494650363922119,272.66263229020467,d1000_B125_R7_20251031_174239,2025-10-31 17:44:33,1000,40,125,193.64916731037084
131,0.0,1.0,0.9987999796867372,0.0245587602257728,0.9919999837875366,0.5117950439453125,272.4215122455303,d1000_B125_R7_20251031_174239,2025-10-31 17:44:33,1000,40,125,193.64916731037084
132,0.0,1.0,0.9987999796867372,0.0245587602257728,0.9919999837875366,0.6014063358306885,271.7816130410453,d1000_B125_R7_20251031_174239,2025-10-31 17:44:33,1000,40,125,193.64916731037084
133,0.0,1.0,0.9987999796867372,0.0245587602257728,0.9919999837875366,0.7382221221923828,270.30279432922026,d1000_B125_R7_20251031_174239,2025-10-31 17:44:33,1000,40,125,193.64916731037084
134,0.0,1.0,0.9987999796867372,0.0245587602257728,0.9919999837875366,0.5966029167175293,269.7199673677118,d1000_B125_R7_20251031_174239,2025-10-31 17:44:33,1000,40,125,193.64916731037084
135,0.0,1.0,0.9987999796867372,0.0245587602257728,0.9919999837875366,0.5063831806182861,269.53518492250123,d1000_B125_R7_20251031_174239,2025-10-31 17:44:33,1000,40,125,193.64916731037084
136,0.0,1.0,0.9987999796867372,0.0245587602257728,0.9919999837875366,1.3861632347106934,265.6737059512337,d1000_B125_R7_20251031_174239,2025-10-31 17:44:33,1000,40,125,193.64916731037084
137,0.0,1.0,0.9987999796867372,0.0245587602257728,0.9919999837875366,0.5306739807128906,265.25603570885636,d1000_B125_R7_20251031_174239,2025-10-31 17:44:33,1000,40,125,193.64916731037084
138,0.0,1.0,0.9987999796867372,0.0245587602257728,0.9919999837875366,0.5915770530700684,264.76846887509157,d1000_B125_R7_20251031_174239,2025-10-31 17:44:33,1000,40,125,193.64916731037084
139,0.0,1.0,0.9987999796867372,0.0245587602257728,0.9919999837875366,0.4931988716125488,264.681589364041,d1000_B125_R7_20251031_174239,2025-10-31 17:44:33,1000,40,125,193.64916731037084
140,0.0,1.0,0.9987999796867372,0.0245587602257728,0.9919999837875366,0.5015497207641602,264.5643273455228,d1000_B125_R7_20251031_174239,2025-10-31 17:44:33,1000,40,125,193.64916731037084
141,0.0,1.0,0.9987999796867372,0.0245587602257728,0.9919999837875366,0.4923949241638183,264.48476936808146,d1000_B125_R7_20251031_174239,2025-10-31 17:44:33,1000,40,125,193.64916731037084
142,0.0,1.0,0.9987999796867372,0.0245587602257728,0.9919999837875366,0.4829602241516113,264.4433217377316,d1000_B125_R7_20251031_174239,2025-10-31 17:44:33,1000,40,125,193.64916731037084
143,0.0,1.0,0.9987999796867372,0.0245587602257728,0.9919999837875366,0.8340368270874023,263.0339846200865,d1000_B125_R7_20251031_174239,2025-10-31 17:44:33,1000,40,125,193.64916731037084
144,0.0,1.0,0.9987999796867372,0.0245587602257728,0.9919999837875366,0.5617780685424805,262.4380020540321,d1000_B125_R7_20251031_174239,2025-10-31 17:44:33,1000,40,125,193.64916731037084
145,0.0,1.0,0.9987999796867372,0.0245587602257728,0.9919999837875366,0.46101975440979,262.4947730237282,d1000_B125_R7_20251031_174239,2025-10-31 17:44:33,1000,40,125,193.64916731037084
146,0.0,1.0,0.9987999796867372,0.0245587602257728,0.9919999837875366,0.4654810428619385,262.5336875034843,d1000_B125_R7_20251031_174239,2025-10-31 17:44:33,1000,40,125,193.64916731037084
147,0.0,1.0,0.9987999796867372,0.0245587602257728,0.9919999837875366,0.4932780265808105,262.4677504232856,d1000_B125_R7_20251031_174239,2025-10-31 17:44:33,1000,40,125,193.64916731037084
148,0.0,1.0,0.9987999796867372,0.0245587602257728,0.9919999837875366,0.4727580547332763,262.47714603481944,d1000_B125_R7_20251031_174239,2025-10-31 17:44:33,1000,40,125,193.64916731037084
149,0.0,1.0,0.9987999796867372,0.0245587602257728,0.9919999837875366,0.4723541736602783,262.49058294106067,d1000_B125_R7_20251031_174239,2025-10-31 17:44:33,1000,40,125,193.64916731037084
150,0.0,1.0,0.9987999796867372,0.0245587602257728,0.9919999837875366,0.8967680931091309,260.96100586509107,d1000_B125_R7_20251031_174239,2025-10-31 17:44:33,1000,40,125,193.64916731037084
151,0.0,1.0,0.9987999796867372,0.0245587602257728,0.9919999837875366,0.4088881015777588,261.1966226656035,d1000_B125_R7_20251031_174239,2025-10-31 17:44:33,1000,40,125,193.64916731037084
152,0.0,1.0,0.9987999796867372,0.0245587602257728,0.9919999837875366,0.2600240707397461,261.97599547900387,d1000_B125_R7_20251031_174239,2025-10-31 17:44:33,1000,40,125,193.64916731037084
153,0.0,1.0,0.9987999796867372,0.0245587602257728,0.9919999837875366,0.2129971981048584,262.92007004858294,d1000_B125_R7_20251031_174239,2025-10-31 17:44:33,1000,40,125,193.64916731037084
154,0.0,1.0,0.9987999796867372,0.0245587602257728,0.9919999837875366,0.2012941837310791,263.89855336806596,d1000_B125_R7_20251031_174239,2025-10-31 17:44:33,1000,40,125,193.64916731037084
155,0.0,1.0,0.9987999796867372,0.0245587602257728,0.9919999837875366,0.1474647521972656,265.0671838419149,d1000_B125_R7_20251031_174239,2025-10-31 17:44:33,1000,40,125,193.64916731037084
156,0.0,1.0,0.9987999796867372,0.0245587602257728,0.9919999837875366,0.1197781562805175,266.33163923563353,d1000_B125_R7_20251031_174239,2025-10-31 17:44:33,1000,40,125,193.64916731037084
157,0.0,1.0,0.9987999796867372,0.0245587602257728,0.9919999837875366,0.1488509178161621,267.48682674061394,d1000_B125_R7_20251031_174239,2025-10-31 17:44:33,1000,40,125,193.64916731037084
158,0.0,1.0,0.9987999796867372,0.0245587602257728,0.9919999837875366,0.1584300994873047,268.6025370220893,d1000_B125_R7_20251031_174239,2025-10-31 17:44:33,1000,40,125,193.64916731037084
159,0.0,1.0,0.9987999796867372,0.0245587602257728,0.9919999837875366,0.1845319271087646,269.6183662470011,d1000_B125_R7_20251031_174239,2025-10-31 17:44:33,1000,40,125,193.64916731037084
160,0.0,1.0,0.9987999796867372,0.0245587602257728,0.9919999837875366,0.1682229042053222,270.6885627371916,d1000_B125_R7_20251031_174239,2025-10-31 17:44:33,1000,40,125,193.64916731037084
161,0.0,1.0,0.9987999796867372,0.0245587602257728,0.9919999837875366,0.1780810356140136,271.7180265990104,d1000_B125_R7_20251031_174239,2025-10-31 17:44:33,1000,40,125,193.64916731037084
162,0.0,1.0,0.9987999796867372,0.0245587602257728,0.9919999837875366,0.6339771747589111,271.06061200152595,d1000_B125_R7_20251031_174239,2025-10-31 17:44:33,1000,40,125,193.64916731037084
163,0.0,1.0,0.9987999796867372,0.0245587602257728,0.9919999837875366,0.4669370651245117,271.03693588645405,d1000_B125_R7_20251031_174239,2025-10-31 17:44:33,1000,40,125,193.64916731037084
164,0.0,1.0,0.9987999796867372,0.0245587602257728,0.9919999837875366,0.3016209602355957,271.5976099403293,d1000_B125_R7_20251031_174239,2025-10-31 17:44:33,1000,40,125,193.64916731037084
165,0.0,1.0,0.9987999796867372,0.0245587602257728,0.9919999837875366,0.2720241546630859,272.2664133858492,d1000_B125_R7_20251031_174239,2025-10-31 17:44:33,1000,40,125,193.64916731037084
166,0.0,1.0,0.9987999796867372,0.0245587602257728,0.9919999837875366,0.2092649936676025,273.1557856159215,d1000_B125_R7_20251031_174239,2025-10-31 17:44:33,1000,40,125,193.64916731037084
167,0.0,1.0,0.9987999796867372,0.0245587602257728,0.9919999837875366,0.2101168632507324,274.0372355990887,d1000_B125_R7_20251031_174239,2025-10-31 17:44:33,1000,40,125,193.64916731037084
168,0.0,1.0,0.9987999796867372,0.0245587602257728,0.9919999837875366,0.1742041110992431,275.0423604984205,d1000_B125_R7_20251031_174239,2025-10-31 17:44:33,1000,40,125,193.64916731037084
169,0.0,1.0,0.9987999796867372,0.0245587602257728,0.9919999837875366,0.1021680831909179,276.3009949847297,d1000_B125_R7_20251031_174239,2025-10-31 17:44:33,1000,40,125,193.64916731037084
170,0.0,1.0,0.9987999796867372,0.0245587602257728,0.9919999837875366,0.1563198566436767,277.3612283425582,d1000_B125_R7_20251031_174239,2025-10-31 17:44:33,1000,40,125,193.64916731037084
171,0.0,1.0,0.9987999796867372,0.0245587602257728,0.9919999837875366,0.1272430419921875,278.5224881998661,d1000_B125_R7_20251031_174239,2025-10-31 17:44:33,1000,40,125,193.64916731037084
172,0.0,1.0,0.9987999796867372,0.0245587602257728,0.9919999837875366,0.1252138614654541,279.6832347333567,d1000_B125_R7_20251031_174239,2025-10-31 17:44:33,1000,40,125,193.64916731037084
173,0.0,1.0,0.9987999796867372,0.0245587602257728,0.9919999837875366,0.1348428726196289,280.80903092259365,d1000_B125_R7_20251031_174239,2025-10-31 17:44:33,1000,40,125,193.64916731037084
174,0.0,1.0,0.9987999796867372,0.0245587602257728,0.9919999837875366,0.0968251228332519,282.06934379117496,d1000_B125_R7_20251031_174239,2025-10-31 17:44:33,1000,40,125,193.64916731037084
175,0.0,1.0,0.9987999796867372,0.0245587602257728,0.9919999837875366,0.2646570205688476,282.71551234331827,d1000_B125_R7_20251031_174239,2025-10-31 17:44:33,1000,40,125,193.64916731037084
176,0.0,1.0,0.9987999796867372,0.0245587602257728,0.9919999837875366,0.81634521484375,281.36904725376047,d1000_B125_R7_20251031_174239,2025-10-31 17:44:33,1000,40,125,193.64916731037084
177,0.0,1.0,0.9987999796867372,0.0245587602257728,0.9919999837875366,0.3099098205566406,281.84487012665414,d1000_B125_R7_20251031_174239,2025-10-31 17:44:33,1000,40,125,193.64916731037084
178,0.0,1.0,0.9987999796867372,0.0245587602257728,0.9919999837875366,0.1653220653533935,282.8206580707115,d1000_B125_R7_20251031_174239,2025-10-31 17:44:33,1000,40,125,193.64916731037084
179,0.0,1.0,0.9987999796867372,0.0245587602257728,0.9919999837875366,0.248208999633789,283.51031122699703,d1000_B125_R7_20251031_174239,2025-10-31 17:44:33,1000,40,125,193.64916731037084
180,0.0,1.0,0.9987999796867372,0.0245587602257728,0.9919999837875366,0.1977453231811523,284.374195445156,d1000_B125_R7_20251031_174239,2025-10-31 17:44:33,1000,40,125,193.64916731037084
181,0.0,1.0,0.9987999796867372,0.0245587602257728,0.9919999837875366,0.1681756973266601,285.34074702497907,d1000_B125_R7_20251031_174239,2025-10-31 17:44:33,1000,40,125,193.64916731037084
182,0.0,1.0,0.9987999796867372,0.0245587602257728,0.9919999837875366,0.2409229278564453,286.03893024359655,d1000_B125_R7_20251031_174239,2025-10-31 17:44:33,1000,40,125,193.64916731037084
183,0.0,1.0,0.9987999796867372,0.0245587602257728,0.9919999837875366,0.1402451992034912,287.09751506930246,d1000_B125_R7_20251031_174239,2025-10-31 17:44:33,1000,40,125,193.64916731037084
184,0.0,1.0,0.9987999796867372,0.0245587602257728,0.9919999837875366,0.1369538307189941,288.1617386476329,d1000_B125_R7_20251031_174239,2025-10-31 17:44:33,1000,40,125,193.64916731037084
185,0.0,1.0,0.9987999796867372,0.0245587602257728,0.9919999837875366,0.3565559387207031,288.4359306477196,d1000_B125_R7_20251031_174239,2025-10-31 17:44:33,1000,40,125,193.64916731037084
186,0.0,1.0,0.9987999796867372,0.0245587602257728,0.9919999837875366,0.1346697807312011,289.502129250214,d1000_B125_R7_20251031_174239,2025-10-31 17:44:33,1000,40,125,193.64916731037084
187,0.0,1.0,0.9987999796867372,0.0245587602257728,0.9919999837875366,0.1867001056671142,290.37762071672756,d1000_B125_R7_20251031_174239,2025-10-31 17:44:33,1000,40,125,193.64916731037084
188,0.0,1.0,0.9987999796867372,0.0245587602257728,0.9919999837875366,0.1415910720825195,291.41154115069895,d1000_B125_R7_20251031_174239,2025-10-31 17:44:33,1000,40,125,193.64916731037084
189,0.0,1.0,0.9987999796867372,0.0245587602257728,0.9919999837875366,0.2669920921325683,291.9799924306286,d1000_B125_R7_20251031_174239,2025-10-31 17:44:33,1000,40,125,193.64916731037084
190,0.0,1.0,0.9987999796867372,0.0245587602257728,0.9919999837875366,0.4420251846313476,291.9288698204968,d1000_B125_R7_20251031_174239,2025-10-31 17:44:33,1000,40,125,193.64916731037084
191,0.0,1.0,0.9987999796867372,0.0245587602257728,0.9919999837875366,0.2390968799591064,292.59966513986245,d1000_B125_R7_20251031_174239,2025-10-31 17:44:33,1000,40,125,193.64916731037084
192,0.0,1.0,0.9987999796867372,0.0245587602257728,0.9919999837875366,0.336198091506958,292.92226094407243,d1000_B125_R7_20251031_174239,2025-10-31 17:44:33,1000,40,125,193.64916731037084
193,0.0,1.0,0.9987999796867372,0.0245587602257728,0.9919999837875366,0.3633737564086914,293.14260080003834,d1000_B125_R7_20251031_174239,2025-10-31 17:44:33,1000,40,125,193.64916731037084
194,0.0,1.0,0.9987999796867372,0.0245587602257728,0.9919999837875366,0.7347733974456787,292.0568455382448,d1000_B125_R7_20251031_174239,2025-10-31 17:44:33,1000,40,125,193.64916731037084
195,0.0,1.0,0.9987999796867372,0.0245587602257728,0.9919999837875366,0.355938196182251,292.3062538892157,d1000_B125_R7_20251031_174239,2025-10-31 17:44:33,1000,40,125,193.64916731037084
196,0.0,1.0,0.9987999796867372,0.0245587602257728,0.9919999837875366,0.1885449886322021,293.1365815587167,d1000_B125_R7_20251031_174239,2025-10-31 17:44:33,1000,40,125,193.64916731037084
197,0.0,1.0,0.9987999796867372,0.0245587602257728,0.9919999837875366,0.1797468662261963,293.9945923801136,d1000_B125_R7_20251031_174239,2025-10-31 17:44:33,1000,40,125,193.64916731037084
198,0.0,1.0,0.9987999796867372,0.0245587602257728,0.9919999837875366,0.1182930469512939,295.06379123040557,d1000_B125_R7_20251031_174239,2025-10-31 17:44:33,1000,40,125,193.64916731037084
199,0.0,1.0,0.9987999796867372,0.0245587602257728,0.9919999837875366,0.9841101169586182,293.120695370884,d1000_B125_R7_20251031_174239,2025-10-31 17:44:33,1000,40,125,193.64916731037084
200,0.0,1.0,0.9987999796867372,0.0245587602257728,0.9919999837875366,0.2174570560455322,293.8354483158227,d1000_B125_R7_20251031_174239,2025-10-31 17:44:33,1000,40,125,193.64916731037084
201,0.0,1.0,0.9987999796867372,0.0245587602257728,0.9919999837875366,0.2296218872070312,294.50488490319066,d1000_B125_R7_20251031_174239,2025-10-31 17:44:33,1000,40,125,193.64916731037084
202,0.0,1.0,0.9987999796867372,0.0245587602257728,0.9919999837875366,0.1664848327636718,295.38832558876516,d1000_B125_R7_20251031_174239,2025-10-31 17:44:33,1000,40,125,193.64916731037084
203,0.0,1.0,0.9987999796867372,0.0245587602257728,0.9919999837875366,0.1669199466705322,296.26688154862507,d1000_B125_R7_20251031_174239,2025-10-31 17:44:33,1000,40,125,193.64916731037084
204,0.0,1.0,0.9987999796867372,0.0245587602257728,0.9919999837875366,0.130918264389038,297.26608593331815,d1000_B125_R7_20251031_174239,2025-10-31 17:44:33,1000,40,125,193.64916731037084
205,0.0,1.0,0.9987999796867372,0.0245587602257728,0.9919999837875366,0.2477970123291015,297.8579028599258,d1000_B125_R7_20251031_174239,2025-10-31 17:44:33,1000,40,125,193.64916731037084
206,0.0,1.0,0.9987999796867372,0.0245587602257728,0.9919999837875366,0.3559098243713379,298.07578938838526,d1000_B125_R7_20251031_174239,2025-10-31 17:44:33,1000,40,125,193.64916731037084
207,0.0,1.0,0.9987999796867372,0.0245587602257728,0.9919999837875366,0.1110830307006836,299.131900367967,d1000_B125_R7_20251031_174239,2025-10-31 17:44:33,1000,40,125,193.64916731037084
208,0.0,1.0,0.9987999796867372,0.0245587602257728,0.9919999837875366,0.3704867362976074,299.29237427386505,d1000_B125_R7_20251031_174239,2025-10-31 17:44:33,1000,40,125,193.64916731037084
209,0.0,1.0,0.9987999796867372,0.0245587602257728,0.9919999837875366,0.6497030258178711,298.5017133760979,d1000_B125_R7_20251031_174239,2025-10-31 17:44:33,1000,40,125,193.64916731037084
210,0.0,1.0,0.9987999796867372,0.0245587602257728,0.9919999837875366,0.1518330574035644,299.40267977828245,d1000_B125_R7_20251031_174239,2025-10-31 17:44:33,1000,40,125,193.64916731037084
211,0.0,1.0,0.9987999796867372,0.0245587602257728,0.9919999837875366,0.1140012741088867,300.4313097709484,d1000_B125_R7_20251031_174239,2025-10-31 17:44:33,1000,40,125,193.64916731037084
212,0.0,1.0,0.9987999796867372,0.0245587602257728,0.9919999837875366,0.1633350849151611,301.2886539515097,d1000_B125_R7_20251031_174239,2025-10-31 17:44:33,1000,40,125,193.64916731037084
213,0.0,1.0,0.9987999796867372,0.0245587602257728,0.9919999837875366,0.2651309967041015,301.79672960889553,d1000_B125_R7_20251031_174239,2025-10-31 17:44:33,1000,40,125,193.64916731037084
214,0.0,1.0,0.9987999796867372,0.0245587602257728,0.9919999837875366,0.24949312210083,302.355026037469,d1000_B125_R7_20251031_174239,2025-10-31 17:44:33,1000,40,125,193.64916731037084
215,0.0,1.0,0.9987999796867372,0.0245587602257728,0.9919999837875366,0.3277828693389892,302.6386459915299,d1000_B125_R7_20251031_174239,2025-10-31 17:44:33,1000,40,125,193.64916731037084
216,0.0,1.0,0.9987999796867372,0.0245587602257728,0.9919999837875366,0.2607481479644775,303.110190864141,d1000_B125_R7_20251031_174239,2025-10-31 17:44:33,1000,40,125,193.64916731037084
217,0.0,1.0,0.9987999796867372,0.0245587602257728,0.9919999837875366,0.6165008544921875,302.4225863791531,d1000_B125_R7_20251031_174239,2025-10-31 17:44:33,1000,40,125,193.64916731037084
218,0.0,1.0,0.9987999796867372,0.0245587602257728,0.9919999837875366,0.544511079788208,301.87894105459213,d1000_B125_R7_20251031_174239,2025-10-31 17:44:33,1000,40,125,193.64916731037084
219,0.0,1.0,0.9987999796867372,0.0245587602257728,0.9919999837875366,0.5136821269989014,301.5307339279546,d1000_B125_R7_20251031_174239,2025-10-31 17:44:33,1000,40,125,193.64916731037084
220,0.0,1.0,0.9987999796867372,0.0245587602257728,0.9919999837875366,0.3936018943786621,301.597295290728,d1000_B125_R7_20251031_174239,2025-10-31 17:44:33,1000,40,125,193.64916731037084
221,0.0,1.0,0.9987999796867372,0.0245587602257728,0.9919999837875366,0.2900757789611816,301.97175141338215,d1000_B125_R7_20251031_174239,2025-10-31 17:44:33,1000,40,125,193.64916731037084
222,0.0,1.0,0.9987999796867372,0.0245587602257728,0.9919999837875366,0.3404412269592285,302.21089869526287,d1000_B125_R7_20251031_174239,2025-10-31 17:44:33,1000,40,125,193.64916731037084
223,0.0,1.0,0.9987999796867372,0.0245587602257728,0.9919999837875366,0.3022618293762207,302.57339430720583,d1000_B125_R7_20251031_174239,2025-10-31 17:44:33,1000,40,125,193.64916731037084
224,0.0,1.0,0.9987999796867372,0.0245587602257728,0.9919999837875366,0.355118989944458,302.7603474943715,d1000_B125_R7_20251031_174239,2025-10-31 17:44:33,1000,40,125,193.64916731037084
225,0.0,1.0,0.9987999796867372,0.0245587602257728,0.9919999837875366,0.1383066177368164,303.65120823845666,d1000_B125_R7_20251031_174239,2025-10-31 17:44:33,1000,40,125,193.64916731037084
226,0.0,1.0,0.9987999796867372,0.0245587602257728,0.9919999837875366,0.143064260482788,304.5255008065232,d1000_B125_R7_20251031_174239,2025-10-31 17:44:33,1000,40,125,193.64916731037084
227,0.0,1.0,0.9987999796867372,0.0245587602257728,0.9919999837875366,0.1211822032928466,305.46891319549684,d1000_B125_R7_20251031_174239,2025-10-31 17:44:33,1000,40,125,193.64916731037084
228,0.0,1.0,0.9987999796867372,0.0245587602257728,0.9919999837875366,0.3009669780731201,305.82129366238973,d1000_B125_R7_20251031_174239,2025-10-31 17:44:33,1000,40,125,193.64916731037084
229,0.0,1.0,0.9987999796867372,0.0245587602257728,0.9919999837875366,0.1888148784637451,306.537699218063,d1000_B125_R7_20251031_174239,2025-10-31 17:44:33,1000,40,125,193.64916731037084
230,0.0,1.0,0.9987999796867372,0.0245587602257728,0.9919999837875366,0.1356580257415771,307.4246428534341,d1000_B125_R7_20251031_174239,2025-10-31 17:44:33,1000,40,125,193.64916731037084
231,0.0,1.0,0.9987999796867372,0.0245587602257728,0.9919999837875366,0.2153589725494384,308.04835314178706,d1000_B125_R7_20251031_174239,2025-10-31 17:44:33,1000,40,125,193.64916731037084
232,0.0,1.0,0.9987999796867372,0.0245587602257728,0.9919999837875366,0.1564662456512451,308.86186979460206,d1000_B125_R7_20251031_174239,2025-10-31 17:44:33,1000,40,125,193.64916731037084
233,0.0,1.0,0.9987999796867372,0.0245587602257728,0.9919999837875366,0.2427630424499511,309.3791225715047,d1000_B125_R7_20251031_174239,2025-10-31 17:44:33,1000,40,125,193.64916731037084
234,0.0,1.0,0.9987999796867372,0.0245587602257728,0.9919999837875366,2.253636121749878,303.3683612815929,d1000_B125_R7_20251031_174239,2025-10-31 17:44:33,1000,40,125,193.64916731037084
235,0.0,1.0,0.9987999796867372,0.0245587602257728,0.9919999837875366,0.8666679859161377,301.82311654753664,d1000_B125_R7_20251031_174239,2025-10-31 17:44:33,1000,40,125,193.64916731037084
236,0.0,1.0,0.9987999796867372,0.0245587602257728,0.9919999837875366,0.4210398197174072,301.80007015059255,d1000_B125_R7_20251031_174239,2025-10-31 17:44:33,1000,40,125,193.64916731037084
237,0.0,1.0,0.9987999796867372,0.0245587602257728,0.9919999837875366,0.4023690223693847,301.83469995787783,d1000_B125_R7_20251031_174239,2025-10-31 17:44:33,1000,40,125,193.64916731037084
238,0.0,1.0,0.9987999796867372,0.0245587602257728,0.9919999837875366,0.2088193893432617,302.46130330652574,d1000_B125_R7_20251031_174239,2025-10-31 17:44:33,1000,40,125,193.64916731037084
239,0.0,1.0,0.9987999796867372,0.0245587602257728,0.9919999837875366,0.1986260414123535,303.11651656111184,d1000_B125_R7_20251031_174239,2025-10-31 17:44:33,1000,40,125,193.64916731037084
240,0.0,1.0,0.9987999796867372,0.0245587602257728,0.9919999837875366,0.1034719944000244,304.0587211818974,d1000_B125_R7_20251031_174239,2025-10-31 17:44:33,1000,40,125,193.64916731037084
241,0.0,1.0,0.9987999796867372,0.0245587602257728,0.9919999837875366,0.1147410869598388,304.96577936029456,d1000_B125_R7_20251031_174239,2025-10-31 17:44:33,1000,40,125,193.64916731037084
242,0.0,1.0,0.9987999796867372,0.0245587602257728,0.9919999837875366,0.1562991142272949,305.74338622378764,d1000_B125_R7_20251031_174239,2025-10-31 17:44:33,1000,40,125,193.64916731037084
243,0.0,1.0,0.9987999796867372,0.0245587602257728,0.9919999837875366,0.2540509700775146,306.21780140164947,d1000_B125_R7_20251031_174239,2025-10-31 17:44:33,1000,40,125,193.64916731037084
244,0.0,1.0,0.9987999796867372,0.0245587602257728,0.9919999837875366,0.3056509494781494,306.5312092107356,d1000_B125_R7_20251031_174239,2025-10-31 17:44:33,1000,40,125,193.64916731037084
245,0.0,1.0,0.9987999796867372,0.0245587602257728,0.9919999837875366,0.2032477855682373,307.1568141206633,d1000_B125_R7_20251031_174239,2025-10-31 17:44:33,1000,40,125,193.64916731037084
246,0.0,1.0,0.9987999796867372,0.0245587602257728,0.9919999837875366,0.1095790863037109,308.0674618859962,d1000_B125_R7_20251031_174239,2025-10-31 17:44:33,1000,40,125,193.64916731037084
247,0.0,1.0,0.9987999796867372,0.0245587602257728,0.9919999837875366,0.1160869598388671,308.9560135589957,d1000_B125_R7_20251031_174239,2025-10-31 17:44:33,1000,40,125,193.64916731037084
248,0.0,1.0,0.9987999796867372,0.0245587602257728,0.9919999837875366,0.11769700050354,309.83757180166566,d1000_B125_R7_20251031_174239,2025-10-31 17:44:33,1000,40,125,193.64916731037084
249,0.0,1.0,0.9987999796867372,0.0245587602257728,0.9919999837875366,0.4460129737854004,309.7060645315892,d1000_B125_R7_20251031_174239,2025-10-31 17:44:33,1000,40,125,193.64916731037084
250,0.0,1.0,0.9987999796867372,0.0245587602257728,0.9919999837875366,0.1875419616699218,310.36724884486415,d1000_B125_R7_20251031_174239,2025-10-31 17:44:33,1000,40,125,193.64916731037084
251,0.0,1.0,0.9987999796867372,0.0245587602257728,0.9919999837875366,0.0995159149169921,311.2965578940792,d1000_B125_R7_20251031_174239,2025-10-31 17:44:33,1000,40,125,193.64916731037084
252,0.0,1.0,0.9987999796867372,0.0245587602257728,0.9919999837875366,0.1649150848388672,312.02156541336353,d1000_B125_R7_20251031_174239,2025-10-31 17:44:33,1000,40,125,193.64916731037084
253,0.0,1.0,0.9987999796867372,0.0245587602257728,0.9919999837875366,0.3659181594848633,312.12701790921557,d1000_B125_R7_20251031_174239,2025-10-31 17:44:33,1000,40,125,193.64916731037084
254,0.0,1.0,0.9987999796867372,0.0245587602257728,0.9919999837875366,0.1521909236907959,312.8868815548776,d1000_B125_R7_20251031_174239,2025-10-31 17:44:33,1000,40,125,193.64916731037084
255,0.0,1.0,0.9987999796867372,0.0245587602257728,0.9919999837875366,0.2153706550598144,313.4505239480056,d1000_B125_R7_20251031_174239,2025-10-31 17:44:33,1000,40,125,193.64916731037084
256,0.0,1.0,0.9987999796867372,0.0245587602257728,0.9919999837875366,0.2274329662322998,313.97440631902606,d1000_B125_R7_20251031_174239,2025-10-31 17:44:33,1000,40,125,193.64916731037084
257,0.0,1.0,0.9987999796867372,0.0245587602257728,0.9919999837875366,0.2306587696075439,314.4837133462263,d1000_B125_R7_20251031_174239,2025-10-31 17:44:33,1000,40,125,193.64916731037084
258,0.0,1.0,0.9987999796867372,0.0245587602257728,0.9919999837875366,0.1417210102081298,315.2661079058384,d1000_B125_R7_20251031_174239,2025-10-31 17:44:33,1000,40,125,193.64916731037084
259,0.0,1.0,0.9987999796867372,0.0245587602257728,0.9919999837875366,0.1283268928527832,316.0875850750896,d1000_B125_R7_20251031_174239,2025-10-31 17:44:33,1000,40,125,193.64916731037084
260,0.0,1.0,0.9987999796867372,0.0245587602257728,0.9919999837875366,0.123558759689331,316.92165574460705,d1000_B125_R7_20251031_174239,2025-10-31 17:44:33,1000,40,125,193.64916731037084
261,0.0,1.0,0.9987999796867372,0.0245587602257728,0.9919999837875366,0.5994477272033691,316.2927364005541,d1000_B125_R7_20251031_174239,2025-10-31 17:44:33,1000,40,125,193.64916731037084
262,0.0,1.0,0.9987999796867372,0.0245587602257728,0.9919999837875366,0.3696851730346679,316.3695088738338,d1000_B125_R7_20251031_174239,2025-10-31 17:44:33,1000,40,125,193.64916731037084
263,0.0,1.0,0.9987999796867372,0.0245587602257728,0.9919999837875366,0.102842092514038,317.2573131332807,d1000_B125_R7_20251031_174239,2025-10-31 17:44:33,1000,40,125,193.64916731037084
264,0.0,1.0,0.9987999796867372,0.0245587602257728,0.9919999837875366,0.1464190483093261,318.01056549537327,d1000_B125_R7_20251031_174239,2025-10-31 17:44:33,1000,40,125,193.64916731037084
265,0.0,1.0,0.9987999796867372,0.0245587602257728,0.9919999837875366,0.1607468128204345,318.71763975080813,d1000_B125_R7_20251031_174239,2025-10-31 17:44:33,1000,40,125,193.64916731037084
266,0.0,1.0,0.9987999796867372,0.0245587602257728,0.9919999837875366,0.138981819152832,319.48940230943595,d1000_B125_R7_20251031_174239,2025-10-31 17:44:33,1000,40,125,193.64916731037084
267,0.0,1.0,0.9987999796867372,0.0245587602257728,0.9919999837875366,0.120018720626831,320.3155839223896,d1000_B125_R7_20251031_174239,2025-10-31 17:44:33,1000,40,125,193.64916731037084
268,0.0,1.0,0.9987999796867372,0.0245587602257728,0.9919999837875366,0.1074328422546386,321.18026073574674,d1000_B125_R7_20251031_174239,2025-10-31 17:44:33,1000,40,125,193.64916731037084
269,0.0,1.0,0.9987999796867372,0.0245587602257728,0.9919999837875366,0.0873029232025146,322.1048445697,d1000_B125_R7_20251031_174239,2025-10-31 17:44:33,1000,40,125,193.64916731037084
270,0.0,1.0,0.9987999796867372,0.0245587602257728,0.9919999837875366,0.1514708995819091,322.83035763946185,d1000_B125_R7_20251031_174239,2025-10-31 17:44:33,1000,40,125,193.64916731037084
271,0.0,1.0,0.9987999796867372,0.0245587602257728,0.9919999837875366,0.1003129482269287,323.7113656017095,d1000_B125_R7_20251031_174239,2025-10-31 17:44:33,1000,40,125,193.64916731037084
272,0.0,1.0,0.9987999796867372,0.0245587602257728,0.9919999837875366,0.1325740814208984,324.4912170837368,d1000_B125_R7_20251031_174239,2025-10-31 17:44:33,1000,40,125,193.64916731037084
273,0.0,1.0,0.9987999796867372,0.0245587602257728,0.9919999837875366,0.1188406944274902,325.3114911803507,d1000_B125_R7_20251031_174239,2025-10-31 17:44:33,1000,40,125,193.64916731037084
274,0.0,1.0,0.9987999796867372,0.0245587602257728,0.9919999837875366,0.130695104598999,326.0932384540137,d1000_B125_R7_20251031_174239,2025-10-31 17:44:33,1000,40,125,193.64916731037084
275,0.0,1.0,0.9987999796867372,0.0245587602257728,0.9919999837875366,0.2241559028625488,326.5838556036367,d1000_B125_R7_20251031_174239,2025-10-31 17:44:33,1000,40,125,193.64916731037084
276,0.0,1.0,0.9987999796867372,0.0245587602257728,0.9919999837875366,0.2215170860290527,327.0804715324464,d1000_B125_R7_20251031_174239,2025-10-31 17:44:33,1000,40,125,193.64916731037084
277,0.0,1.0,0.9987999796867372,0.0245587602257728,0.9919999837875366,0.1689658164978027,327.7374549989399,d1000_B125_R7_20251031_174239,2025-10-31 17:44:33,1000,40,125,193.64916731037084
278,0.0,1.0,0.9987999796867372,0.0245587602257728,0.9919999837875366,0.0932259559631347,328.62653201650255,d1000_B125_R7_20251031_174239,2025-10-31 17:44:33,1000,40,125,193.64916731037084
279,0.0,1.0,0.9987999796867372,0.0245587602257728,0.9919999837875366,0.1506249904632568,329.3346530143092,d1000_B125_R7_20251031_174239,2025-10-31 17:44:33,1000,40,125,193.64916731037084
280,0.0,1.0,0.9987999796867372,0.0245587602257728,0.9919999837875366,0.1297471523284912,330.10702526485017,d1000_B125_R7_20251031_174239,2025-10-31 17:44:33,1000,40,125,193.64916731037084
281,0.0,1.0,0.9987999796867372,0.0245587602257728,0.9919999837875366,0.1682181358337402,330.75778031659115,d1000_B125_R7_20251031_174239,2025-10-31 17:44:33,1000,40,125,193.64916731037084
282,0.0,1.0,0.9987999796867372,0.0245587602257728,0.9919999837875366,0.1687650680541992,331.4042933436381,d1000_B125_R7_20251031_174239,2025-10-31 17:44:33,1000,40,125,193.64916731037084
283,0.0,1.0,0.9987999796867372,0.0245587602257728,0.9919999837875366,0.5650482177734375,330.7880698538258,d1000_B125_R7_20251031_174239,2025-10-31 17:44:33,1000,40,125,193.64916731037084
284,0.0,1.0,0.9987999796867372,0.0245587602257728,0.9919999837875366,1.1101081371307373,328.40544546847775,d1000_B125_R7_20251031_174239,2025-10-31 17:44:33,1000,40,125,193.64916731037084
285,0.0,1.0,0.9987999796867372,0.0245587602257728,0.9919999837875366,0.4623730182647705,328.0993340363078,d1000_B125_R7_20251031_174239,2025-10-31 17:44:33,1000,40,125,193.64916731037084
286,0.0,1.0,0.9987999796867372,0.0245587602257728,0.9919999837875366,0.5392799377441406,327.61746587351087,d1000_B125_R7_20251031_174239,2025-10-31 17:44:33,1000,40,125,193.64916731037084
287,0.0,1.0,0.9987999796867372,0.0245587602257728,0.9919999837875366,0.6075270175933838,326.93307357378274,d1000_B125_R7_20251031_174239,2025-10-31 17:44:33,1000,40,125,193.64916731037084
288,0.0,1.0,0.9987999796867372,0.0245587602257728,0.9919999837875366,0.3054792881011963,327.15993527477525,d1000_B125_R7_20251031_174239,2025-10-31 17:44:33,1000,40,125,193.64916731037084
289,0.0,1.0,0.9987999796867372,0.0245587602257728,0.9919999837875366,0.2198419570922851,327.63895051131675,d1000_B125_R7_20251031_174239,2025-10-31 17:44:33,1000,40,125,193.64916731037084
290,0.0,1.0,0.9987999796867372,0.0245587602257728,0.9919999837875366,0.2539100646972656,328.013346381244,d1000_B125_R7_20251031_174239,2025-10-31 17:44:33,1000,40,125,193.64916731037084
291,0.0,1.0,0.9987999796867372,0.0245587602257728,0.9919999837875366,0.1339499950408935,328.7415735276455,d1000_B125_R7_20251031_174239,2025-10-31 17:44:33,1000,40,125,193.64916731037084
292,0.0,1.0,0.9987999796867372,0.0245587602257728,0.9919999837875366,0.1996810436248779,329.2745146466861,d1000_B125_R7_20251031_174239,2025-10-31 17:44:33,1000,40,125,193.64916731037084
293,0.0,1.0,0.9987999796867372,0.0245587602257728,0.9919999837875366,0.0813791751861572,330.15611258983756,d1000_B125_R7_20251031_174239,2025-10-31 17:44:33,1000,40,125,193.64916731037084
294,0.0,1.0,0.9987999796867372,0.0245587602257728,0.9919999837875366,0.0673658847808837,331.07723825363706,d1000_B125_R7_20251031_174239,2025-10-31 17:44:33,1000,40,125,193.64916731037084
295,0.0,1.0,0.9987999796867372,0.0245587602257728,0.9919999837875366,0.1229529380798339,331.8308664225662,d1000_B125_R7_20251031_174239,2025-10-31 17:44:33,1000,40,125,193.64916731037084
296,0.0,1.0,0.9987999796867372,0.0245587602257728,0.9919999837875366,0.2177779674530029,332.30225797596563,d1000_B125_R7_20251031_174239,2025-10-31 17:44:33,1000,40,125,193.64916731037084
297,0.0,1.0,0.9987999796867372,0.0245587602257728,0.9919999837875366,0.4903688430786133,331.9621149461518,d1000_B125_R7_20251031_174239,2025-10-31 17:44:33,1000,40,125,193.64916731037084
298,0.0,1.0,0.9987999796867372,0.0245587602257728,0.9919999837875366,0.294349193572998,332.0917148694884,d1000_B125_R7_20251031_174239,2025-10-31 17:44:33,1000,40,125,193.64916731037084
299,0.0,1.0,0.9987999796867372,0.0245587602257728,0.9919999837875366,0.2965149879455566,332.32519799996123,d1000_B125_R7_20251031_174239,2025-10-31 17:44:33,1000,40,125,193.64916731037084
0,0.6931473016738892,0.4970059990882873,1.0,0.0005170486983843,1.0,1.3134160041809082,380.3416074015565,d1000_B501_R7_20251031_174306,2025-10-31 17:44:55,1000,40,501,193.64916731037084
1,0.0,1.0,1.0,0.0005170486983843,1.0,7.020238876342773,119.61217343104056,d1000_B501_R7_20251031_174306,2025-10-31 17:44:55,1000,40,501,193.64916731037084
2,0.0,1.0,1.0,0.0005170486983843,1.0,1.281128168106079,148.95694539960633,d1000_B501_R7_20251031_174306,2025-10-31 17:44:55,1000,40,501,193.64916731037084
3,0.0,1.0,1.0,0.0005170486983843,1.0,0.7788429260253906,183.60958226398304,d1000_B501_R7_20251031_174306,2025-10-31 17:44:55,1000,40,501,193.64916731037084
4,0.0,1.0,1.0,0.0005170486983843,1.0,0.6698639392852783,216.22808931660444,d1000_B501_R7_20251031_174306,2025-10-31 17:44:55,1000,40,501,193.64916731037084
5,0.0,1.0,1.0,0.0005170486983843,1.0,0.2849478721618652,253.22851965385033,d1000_B501_R7_20251031_174306,2025-10-31 17:44:55,1000,40,501,193.64916731037084
6,0.0,1.0,1.0,0.0005170486983843,1.0,0.8557977676391602,275.5612992779936,d1000_B501_R7_20251031_174306,2025-10-31 17:44:55,1000,40,501,193.64916731037084
7,0.0,1.0,1.0,0.0005170486983843,1.0,0.3549351692199707,306.30090449007986,d1000_B501_R7_20251031_174306,2025-10-31 17:44:55,1000,40,501,193.64916731037084
8,0.0,1.0,1.0,0.0005170486983843,1.0,0.3431580066680908,335.75912839939593,d1000_B501_R7_20251031_174306,2025-10-31 17:44:55,1000,40,501,193.64916731037084
9,0.0,1.0,1.0,0.0005170486983843,1.0,0.2981069087982178,364.95531883779586,d1000_B501_R7_20251031_174306,2025-10-31 17:44:55,1000,40,501,193.64916731037084
10,0.0,1.0,1.0,0.0005170486983843,1.0,0.2817552089691162,393.3643882571721,d1000_B501_R7_20251031_174306,2025-10-31 17:44:55,1000,40,501,193.64916731037084
11,0.0,1.0,1.0,0.0005170486983843,1.0,0.3691630363464355,418.08837941830063,d1000_B501_R7_20251031_174306,2025-10-31 17:44:55,1000,40,501,193.64916731037084
12,0.0,1.0,1.0,0.0005170486983843,1.0,0.3994729518890381,440.6792454778174,d1000_B501_R7_20251031_174306,2025-10-31 17:44:55,1000,40,501,193.64916731037084
13,0.0,1.0,1.0,0.0005170486983843,1.0,0.2490842342376709,466.7032469730365,d1000_B501_R7_20251031_174306,2025-10-31 17:44:55,1000,40,501,193.64916731037084
14,0.0,1.0,1.0,0.0005170486983843,1.0,0.4756138324737549,484.6935812849646,d1000_B501_R7_20251031_174306,2025-10-31 17:44:55,1000,40,501,193.64916731037084
15,0.0,1.0,1.0,0.0005170486983843,1.0,0.328165054321289,506.27267283126537,d1000_B501_R7_20251031_174306,2025-10-31 17:44:55,1000,40,501,193.64916731037084
16,0.0,1.0,1.0,0.0005170486983843,1.0,0.2852129936218261,528.3879073793702,d1000_B501_R7_20251031_174306,2025-10-31 17:44:55,1000,40,501,193.64916731037084
17,0.0,1.0,1.0,0.0005170486983843,1.0,0.1601009368896484,553.9545123903499,d1000_B501_R7_20251031_174306,2025-10-31 17:44:55,1000,40,501,193.64916731037084
18,0.0,1.0,1.0,0.0005170486983843,1.0,0.2663888931274414,575.3058396131419,d1000_B501_R7_20251031_174306,2025-10-31 17:44:55,1000,40,501,193.64916731037084
19,0.0,1.0,1.0,0.0005170486983843,1.0,0.251323938369751,596.2622966812149,d1000_B501_R7_20251031_174306,2025-10-31 17:44:55,1000,40,501,193.64916731037084
20,0.0,1.0,1.0,0.0005170486983843,1.0,0.1813838481903076,619.3808150755866,d1000_B501_R7_20251031_174306,2025-10-31 17:44:55,1000,40,501,193.64916731037084
21,0.0,1.0,1.0,0.0005170486983843,1.0,0.2558650970458984,639.2345621920625,d1000_B501_R7_20251031_174306,2025-10-31 17:44:55,1000,40,501,193.64916731037084
22,0.0,1.0,1.0,0.0005170486983843,1.0,0.3947570323944092,653.3235199151824,d1000_B501_R7_20251031_174306,2025-10-31 17:44:55,1000,40,501,193.64916731037084
23,0.0,1.0,1.0,0.0005170486983843,1.0,0.9328088760375975,647.4723218396193,d1000_B501_R7_20251031_174306,2025-10-31 17:44:55,1000,40,501,193.64916731037084
24,0.0,1.0,1.0,0.0005170486983843,1.0,0.5534029006958008,654.8411266342403,d1000_B501_R7_20251031_174306,2025-10-31 17:44:55,1000,40,501,193.64916731037084
25,0.0,1.0,1.0,0.0005170486983843,1.0,0.2679939270019531,671.615950813155,d1000_B501_R7_20251031_174306,2025-10-31 17:44:55,1000,40,501,193.64916731037084
26,0.0,1.0,1.0,0.0005170486983843,1.0,0.3241417407989502,685.9735987153937,d1000_B501_R7_20251031_174306,2025-10-31 17:44:55,1000,40,501,193.64916731037084
27,0.0,1.0,1.0,0.0005170486983843,1.0,0.3703081607818603,698.2597900590971,d1000_B501_R7_20251031_174306,2025-10-31 17:44:55,1000,40,501,193.64916731037084
28,0.0,1.0,1.0,0.0005170486983843,1.0,0.2555739879608154,714.1043557686752,d1000_B501_R7_20251031_174306,2025-10-31 17:44:55,1000,40,501,193.64916731037084
29,0.0,1.0,1.0,0.0005170486983843,1.0,0.3133792877197265,727.5131714096428,d1000_B501_R7_20251031_174306,2025-10-31 17:44:55,1000,40,501,193.64916731037084
30,0.0,1.0,1.0,0.0005170486983843,1.0,0.2389318943023681,743.1581296378694,d1000_B501_R7_20251031_174306,2025-10-31 17:44:55,1000,40,501,193.64916731037084
31,0.0,1.0,1.0,0.0005170486983843,1.0,0.2837531566619873,756.8002996269621,d1000_B501_R7_20251031_174306,2025-10-31 17:44:55,1000,40,501,193.64916731037084
32,0.0,1.0,1.0,0.0005170486983843,1.0,0.300217866897583,769.5358292045834,d1000_B501_R7_20251031_174306,2025-10-31 17:44:55,1000,40,501,193.64916731037084
33,0.0,1.0,1.0,0.0005170486983843,1.0,0.3586382865905761,779.8289736205202,d1000_B501_R7_20251031_174306,2025-10-31 17:44:55,1000,40,501,193.64916731037084
34,0.0,1.0,1.0,0.0005170486983843,1.0,0.2562050819396972,793.395616015016,d1000_B501_R7_20251031_174306,2025-10-31 17:44:55,1000,40,501,193.64916731037084
35,0.0,1.0,1.0,0.0005170486983843,1.0,0.3115661144256592,804.7110510096727,d1000_B501_R7_20251031_174306,2025-10-31 17:44:55,1000,40,501,193.64916731037084
36,0.0,1.0,1.0,0.0005170486983843,1.0,0.1685807704925537,820.8808219977162,d1000_B501_R7_20251031_174306,2025-10-31 17:44:55,1000,40,501,193.64916731037084
37,0.0,1.0,1.0,0.0005170486983843,1.0,0.200610876083374,835.6278621094449,d1000_B501_R7_20251031_174306,2025-10-31 17:44:55,1000,40,501,193.64916731037084
38,0.0,1.0,1.0,0.0005170486983843,1.0,0.192122220993042,850.4370771092263,d1000_B501_R7_20251031_174306,2025-10-31 17:44:55,1000,40,501,193.64916731037084
39,0.0,1.0,1.0,0.0005170486983843,1.0,0.270820140838623,862.0728956354793,d1000_B501_R7_20251031_174306,2025-10-31 17:44:55,1000,40,501,193.64916731037084
40,0.0,1.0,1.0,0.0005170486983843,1.0,0.3581428527832031,870.2013070210705,d1000_B501_R7_20251031_174306,2025-10-31 17:44:55,1000,40,501,193.64916731037084
41,0.0,1.0,1.0,0.0005170486983843,1.0,0.385875940322876,877.0520703323525,d1000_B501_R7_20251031_174306,2025-10-31 17:44:55,1000,40,501,193.64916731037084
42,0.0,1.0,1.0,0.0005170486983843,1.0,0.588965892791748,876.3842261706018,d1000_B501_R7_20251031_174306,2025-10-31 17:44:55,1000,40,501,193.64916731037084
43,0.0,1.0,1.0,0.0005170486983843,1.0,0.4883379936218261,879.2801234121581,d1000_B501_R7_20251031_174306,2025-10-31 17:44:55,1000,40,501,193.64916731037084
44,0.0,1.0,1.0,0.0005170486983843,1.0,0.4260139465332031,884.2019380584459,d1000_B501_R7_20251031_174306,2025-10-31 17:44:55,1000,40,501,193.64916731037084
45,0.0,1.0,1.0,0.0005170486983843,1.0,0.4248068332672119,889.0309628512503,d1000_B501_R7_20251031_174306,2025-10-31 17:44:55,1000,40,501,193.64916731037084
46,0.0,1.0,1.0,0.0005170486983843,1.0,0.5144987106323242,890.6705060783179,d1000_B501_R7_20251031_174306,2025-10-31 17:44:55,1000,40,501,193.64916731037084
47,0.0,1.0,1.0,0.0005170486983843,1.0,1.0733311176300049,862.4223374898971,d1000_B501_R7_20251031_174306,2025-10-31 17:44:55,1000,40,501,193.64916731037084
48,0.0,1.0,1.0,0.0005170486983843,1.0,0.5177788734436035,864.3232583057606,d1000_B501_R7_20251031_174306,2025-10-31 17:44:55,1000,40,501,193.64916731037084
49,0.0,1.0,1.0,0.0005170486983843,1.0,0.4219939708709717,869.0422451510472,d1000_B501_R7_20251031_174306,2025-10-31 17:44:55,1000,40,501,193.64916731037084
50,0.0,1.0,1.0,0.0005170486983843,1.0,0.4170801639556885,873.7740706095723,d1000_B501_R7_20251031_174306,2025-10-31 17:44:55,1000,40,501,193.64916731037084
51,0.0,1.0,1.0,0.0005170486983843,1.0,0.5381271839141846,874.7984203673104,d1000_B501_R7_20251031_174306,2025-10-31 17:44:55,1000,40,501,193.64916731037084
52,0.0,1.0,1.0,0.0005170486983843,1.0,0.3998358249664306,879.7536501077825,d1000_B501_R7_20251031_174306,2025-10-31 17:44:55,1000,40,501,193.64916731037084
53,0.0,1.0,1.0,0.0005170486983843,1.0,0.5336613655090332,880.7716964234853,d1000_B501_R7_20251031_174306,2025-10-31 17:44:55,1000,40,501,193.64916731037084
54,0.0,1.0,1.0,0.0005170486983843,1.0,0.5949270725250244,880.0291211899984,d1000_B501_R7_20251031_174306,2025-10-31 17:44:55,1000,40,501,193.64916731037084
55,0.0,1.0,1.0,0.0005170486983843,1.0,0.5017688274383545,881.8811145492182,d1000_B501_R7_20251031_174306,2025-10-31 17:44:55,1000,40,501,193.64916731037084
56,0.0,1.0,1.0,0.0005170486983843,1.0,0.7396640777587891,877.2262920357769,d1000_B501_R7_20251031_174306,2025-10-31 17:44:55,1000,40,501,193.64916731037084
57,0.0,1.0,1.0,0.0005170486983843,1.0,0.6921279430389404,874.022943333552,d1000_B501_R7_20251031_174306,2025-10-31 17:44:55,1000,40,501,193.64916731037084
58,0.0,1.0,1.0,0.0005170486983843,1.0,1.137155055999756,859.6602803373478,d1000_B501_R7_20251031_174306,2025-10-31 17:44:55,1000,40,501,193.64916731037084
59,0.0,1.0,1.0,0.0005170486983843,1.0,0.6432669162750244,858.106425761127,d1000_B501_R7_20251031_174306,2025-10-31 17:44:55,1000,40,501,193.64916731037084
60,0.0,1.0,1.0,0.0005170486983843,1.0,0.5822153091430664,858.1402268804014,d1000_B501_R7_20251031_174306,2025-10-31 17:44:55,1000,40,501,193.64916731037084
61,0.0,1.0,1.0,0.0005170486983843,1.0,1.5861468315124512,834.7411901799301,d1000_B501_R7_20251031_174306,2025-10-31 17:44:55,1000,40,501,193.64916731037084
62,0.0,1.0,1.0,0.0005170486983843,1.0,0.5753540992736816,835.0847501139558,d1000_B501_R7_20251031_174306,2025-10-31 17:44:55,1000,40,501,193.64916731037084
63,0.0,1.0,1.0,0.0005170486983843,1.0,0.5896461009979248,835.2995333679603,d1000_B501_R7_20251031_174306,2025-10-31 17:44:55,1000,40,501,193.64916731037084
64,0.0,1.0,1.0,0.0005170486983843,1.0,0.5389060974121094,836.5966993291186,d1000_B501_R7_20251031_174306,2025-10-31 17:44:55,1000,40,501,193.64916731037084
65,0.0,1.0,1.0,0.0005170486983843,1.0,0.484980821609497,839.0054958428777,d1000_B501_R7_20251031_174306,2025-10-31 17:44:55,1000,40,501,193.64916731037084
66,0.0,1.0,1.0,0.0005170486983843,1.0,0.5988459587097168,838.9653038796611,d1000_B501_R7_20251031_174306,2025-10-31 17:44:55,1000,40,501,193.64916731037084
67,0.0,1.0,1.0,0.0005170486983843,1.0,0.5538256168365479,839.8558916715781,d1000_B501_R7_20251031_174306,2025-10-31 17:44:55,1000,40,501,193.64916731037084
68,0.0,1.0,1.0,0.0005170486983843,1.0,1.1685261726379397,828.2010151271759,d1000_B501_R7_20251031_174306,2025-10-31 17:44:55,1000,40,501,193.64916731037084
69,0.0,1.0,1.0,0.0005170486983843,1.0,0.5170059204101562,829.914384463214,d1000_B501_R7_20251031_174306,2025-10-31 17:44:55,1000,40,501,193.64916731037084
70,0.0,1.0,1.0,0.0005170486983843,1.0,0.5265588760375977,831.393025020315,d1000_B501_R7_20251031_174306,2025-10-31 17:44:55,1000,40,501,193.64916731037084
71,0.0,1.0,1.0,0.0005170486983843,1.0,0.5274548530578613,832.8267082204056,d1000_B501_R7_20251031_174306,2025-10-31 17:44:55,1000,40,501,193.64916731037084
72,0.0,1.0,1.0,0.0005170486983843,1.0,0.4983072280883789,834.7816250836906,d1000_B501_R7_20251031_174306,2025-10-31 17:44:55,1000,40,501,193.64916731037084
73,0.0,1.0,1.0,0.0005170486983843,1.0,0.5717401504516602,835.311624579564,d1000_B501_R7_20251031_174306,2025-10-31 17:44:55,1000,40,501,193.64916731037084
74,0.0,1.0,1.0,0.0005170486983843,1.0,0.6894738674163818,833.6442745572064,d1000_B501_R7_20251031_174306,2025-10-31 17:44:55,1000,40,501,193.64916731037084
75,0.0,1.0,1.0,0.0005170486983843,1.0,0.3749339580535888,837.7720527739627,d1000_B501_R7_20251031_174306,2025-10-31 17:44:55,1000,40,501,193.64916731037084
76,0.0,1.0,1.0,0.0005170486983843,1.0,0.2681028842926025,843.7819800818877,d1000_B501_R7_20251031_174306,2025-10-31 17:44:55,1000,40,501,193.64916731037084
77,0.0,1.0,1.0,0.0005170486983843,1.0,0.2029361724853515,850.9568959744532,d1000_B501_R7_20251031_174306,2025-10-31 17:44:55,1000,40,501,193.64916731037084
78,0.0,1.0,1.0,0.0005170486983843,1.0,0.2241709232330322,857.6547748534753,d1000_B501_R7_20251031_174306,2025-10-31 17:44:55,1000,40,501,193.64916731037084
79,0.0,1.0,1.0,0.0005170486983843,1.0,0.1816010475158691,865.0956946253142,d1000_B501_R7_20251031_174306,2025-10-31 17:44:55,1000,40,501,193.64916731037084
80,0.0,1.0,1.0,0.0005170486983843,1.0,0.1989760398864746,872.152235536793,d1000_B501_R7_20251031_174306,2025-10-31 17:44:55,1000,40,501,193.64916731037084
81,0.0,1.0,1.0,0.0005170486983843,1.0,0.2013947963714599,879.0583122557001,d1000_B501_R7_20251031_174306,2025-10-31 17:44:55,1000,40,501,193.64916731037084
82,0.0,1.0,1.0,0.0005170486983843,1.0,0.2655611038208008,884.7334114358978,d1000_B501_R7_20251031_174306,2025-10-31 17:44:55,1000,40,501,193.64916731037084
83,0.0,1.0,1.0,0.0005170486983843,1.0,1.1816658973693848,873.4278291512636,d1000_B501_R7_20251031_174306,2025-10-31 17:44:55,1000,40,501,193.64916731037084
84,0.0,1.0,1.0,0.0005170486983843,1.0,0.3833668231964111,876.8281615150115,d1000_B501_R7_20251031_174306,2025-10-31 17:44:55,1000,40,501,193.64916731037084
85,0.0,1.0,1.0,0.0005170486983843,1.0,0.2840969562530517,881.9802679249384,d1000_B501_R7_20251031_174306,2025-10-31 17:44:55,1000,40,501,193.64916731037084
86,0.0,1.0,1.0,0.0005170486983843,1.0,0.2355179786682129,887.9504070013905,d1000_B501_R7_20251031_174306,2025-10-31 17:44:55,1000,40,501,193.64916731037084
87,0.0,1.0,1.0,0.0005170486983843,1.0,0.2399799823760986,893.7828132190118,d1000_B501_R7_20251031_174306,2025-10-31 17:44:55,1000,40,501,193.64916731037084
88,0.0,1.0,1.0,0.0005170486983843,1.0,0.238804817199707,899.5796827805407,d1000_B501_R7_20251031_174306,2025-10-31 17:44:55,1000,40,501,193.64916731037084
89,0.0,1.0,1.0,0.0005170486983843,1.0,0.2364990711212158,905.3623274339648,d1000_B501_R7_20251031_174306,2025-10-31 17:44:55,1000,40,501,193.64916731037084
90,0.0,1.0,1.0,0.0005170486983843,1.0,0.1758809089660644,912.1900604723209,d1000_B501_R7_20251031_174306,2025-10-31 17:44:55,1000,40,501,193.64916731037084
91,0.0,1.0,1.0,0.0005170486983843,1.0,0.2341020107269287,917.9104113965542,d1000_B501_R7_20251031_174306,2025-10-31 17:44:55,1000,40,501,193.64916731037084
92,0.0,1.0,1.0,0.0005170486983843,1.0,0.4168908596038818,920.2438928491132,d1000_B501_R7_20251031_174306,2025-10-31 17:44:55,1000,40,501,193.64916731037084
93,0.0,1.0,1.0,0.0005170486983843,1.0,0.8105530738830566,915.4750641012896,d1000_B501_R7_20251031_174306,2025-10-31 17:44:55,1000,40,501,193.64916731037084
94,0.0,1.0,1.0,0.0005170486983843,1.0,0.266672134399414,920.3735823841988,d1000_B501_R7_20251031_174306,2025-10-31 17:44:55,1000,40,501,193.64916731037084
95,0.0,1.0,1.0,0.0005170486983843,1.0,0.3521339893341064,923.7600828609438,d1000_B501_R7_20251031_174306,2025-10-31 17:44:55,1000,40,501,193.64916731037084
96,0.0,1.0,1.0,0.0005170486983843,1.0,0.2567758560180664,928.7795959830962,d1000_B501_R7_20251031_174306,2025-10-31 17:44:55,1000,40,501,193.64916731037084
97,0.0,1.0,1.0,0.0005170486983843,1.0,0.4099421501159668,931.0501811387132,d1000_B501_R7_20251031_174306,2025-10-31 17:44:55,1000,40,501,193.64916731037084
98,0.0,1.0,1.0,0.0005170486983843,1.0,0.2130141258239746,936.7565573398558,d1000_B501_R7_20251031_174306,2025-10-31 17:44:55,1000,40,501,193.64916731037084
99,0.0,1.0,1.0,0.0005170486983843,1.0,0.4346468448638916,938.5091795099604,d1000_B501_R7_20251031_174306,2025-10-31 17:44:55,1000,40,501,193.64916731037084
100,0.0,1.0,1.0,0.0005170486983843,1.0,0.2322938442230224,943.7822775032904,d1000_B501_R7_20251031_174306,2025-10-31 17:44:55,1000,40,501,193.64916731037084
101,0.0,1.0,1.0,0.0005170486983843,1.0,0.3629260063171386,946.7071593372704,d1000_B501_R7_20251031_174306,2025-10-31 17:44:55,1000,40,501,193.64916731037084
102,0.0,1.0,1.0,0.0005170486983843,1.0,0.3632876873016357,949.203600442085,d1000_B501_R7_20251031_174306,2025-10-31 17:44:55,1000,40,501,193.64916731037084
103,0.0,1.0,1.0,0.0005170486983843,1.0,0.5469529628753662,948.8671433521754,d1000_B501_R7_20251031_174306,2025-10-31 17:44:55,1000,40,501,193.64916731037084
104,0.0,1.0,1.0,0.0005170486983843,1.0,0.5735671520233154,948.0795945204104,d1000_B501_R7_20251031_174306,2025-10-31 17:44:55,1000,40,501,193.64916731037084
105,0.0,1.0,1.0,0.0005170486983843,1.0,0.9496421813964844,940.9728385202308,d1000_B501_R7_20251031_174306,2025-10-31 17:44:55,1000,40,501,193.64916731037084
106,0.0,1.0,1.0,0.0005170486983843,1.0,0.2862117290496826,945.0496671218827,d1000_B501_R7_20251031_174306,2025-10-31 17:44:55,1000,40,501,193.64916731037084
107,0.0,1.0,1.0,0.0005170486983843,1.0,0.2574317455291748,949.5680400125578,d1000_B501_R7_20251031_174306,2025-10-31 17:44:55,1000,40,501,193.64916731037084
108,0.0,1.0,1.0,0.0005170486983843,1.0,1.0875470638275146,940.3475719154208,d1000_B501_R7_20251031_174306,2025-10-31 17:44:55,1000,40,501,193.64916731037084
109,0.0,1.0,1.0,0.0005170486983843,1.0,0.3166871070861816,943.8175946126554,d1000_B501_R7_20251031_174306,2025-10-31 17:44:55,1000,40,501,193.64916731037084
110,0.0,1.0,1.0,0.0005170486983843,1.0,0.2014148235321045,949.1181163669946,d1000_B501_R7_20251031_174306,2025-10-31 17:44:55,1000,40,501,193.64916731037084
111,0.0,1.0,1.0,0.0005170486983843,1.0,0.2263998985290527,953.9775373757908,d1000_B501_R7_20251031_174306,2025-10-31 17:44:55,1000,40,501,193.64916731037084
112,0.0,1.0,1.0,0.0005170486983843,1.0,0.228626012802124,958.7588423339462,d1000_B501_R7_20251031_174306,2025-10-31 17:44:55,1000,40,501,193.64916731037084
113,0.0,1.0,1.0,0.0005170486983843,1.0,0.4472849369049072,959.9661331270678,d1000_B501_R7_20251031_174306,2025-10-31 17:44:55,1000,40,501,193.64916731037084
114,0.0,1.0,1.0,0.0005170486983843,1.0,0.213407278060913,964.9203761128226,d1000_B501_R7_20251031_174306,2025-10-31 17:44:55,1000,40,501,193.64916731037084
115,0.0,1.0,1.0,0.0005170486983843,1.0,0.8895981311798096,959.018656014961,d1000_B501_R7_20251031_174306,2025-10-31 17:44:55,1000,40,501,193.64916731037084
116,0.0,1.0,1.0,0.0005170486983843,1.0,0.2459850311279297,963.36621928239,d1000_B501_R7_20251031_174306,2025-10-31 17:44:55,1000,40,501,193.64916731037084
117,0.0,1.0,1.0,0.0005170486983843,1.0,0.2820980548858642,967.104874017944,d1000_B501_R7_20251031_174306,2025-10-31 17:44:55,1000,40,501,193.64916731037084
118,0.0,1.0,1.0,0.0005170486983843,1.0,0.4080641269683838,968.8300602911204,d1000_B501_R7_20251031_174306,2025-10-31 17:44:55,1000,40,501,193.64916731037084
119,0.0,1.0,1.0,0.0005170486983843,1.0,0.387747049331665,970.8506303086376,d1000_B501_R7_20251031_174306,2025-10-31 17:44:55,1000,40,501,193.64916731037084
120,0.0,1.0,1.0,0.0005170486983843,1.0,0.4539549350738525,971.8121909722393,d1000_B501_R7_20251031_174306,2025-10-31 17:44:55,1000,40,501,193.64916731037084
121,0.0,1.0,1.0,0.0005170486983843,1.0,1.2608757019042969,959.9357737674526,d1000_B501_R7_20251031_174306,2025-10-31 17:44:55,1000,40,501,193.64916731037084
122,0.0,1.0,1.0,0.0005170486983843,1.0,0.5366520881652832,959.6947098915648,d1000_B501_R7_20251031_174306,2025-10-31 17:44:55,1000,40,501,193.64916731037084
123,0.0,1.0,1.0,0.0005170486983843,1.0,0.3633058071136474,961.8548932670914,d1000_B501_R7_20251031_174306,2025-10-31 17:44:55,1000,40,501,193.64916731037084
124,0.0,1.0,1.0,0.0005170486983843,1.0,0.3916716575622558,963.7629731571532,d1000_B501_R7_20251031_174306,2025-10-31 17:44:55,1000,40,501,193.64916731037084
125,0.0,1.0,1.0,0.0005170486983843,1.0,0.598325252532959,962.5970848650276,d1000_B501_R7_20251031_174306,2025-10-31 17:44:55,1000,40,501,193.64916731037084
126,0.0,1.0,1.0,0.0005170486983843,1.0,0.1508848667144775,967.9908106536516,d1000_B501_R7_20251031_174306,2025-10-31 17:44:55,1000,40,501,193.64916731037084
127,0.0,1.0,1.0,0.0005170486983843,1.0,0.1999928951263427,972.6497815252652,d1000_B501_R7_20251031_174306,2025-10-31 17:44:55,1000,40,501,193.64916731037084
128,0.0,1.0,1.0,0.0005170486983843,1.0,0.3466279506683349,975.1174220185796,d1000_B501_R7_20251031_174306,2025-10-31 17:44:55,1000,40,501,193.64916731037084
129,0.0,1.0,1.0,0.0005170486983843,1.0,0.3506278991699219,977.5010583257476,d1000_B501_R7_20251031_174306,2025-10-31 17:44:55,1000,40,501,193.64916731037084
130,0.0,1.0,1.0,0.0005170486983843,1.0,0.2524261474609375,981.2970323735832,d1000_B501_R7_20251031_174306,2025-10-31 17:44:55,1000,40,501,193.64916731037084
131,0.0,1.0,1.0,0.0005170486983843,1.0,3.2707676887512207,942.68130943966,d1000_B501_R7_20251031_174306,2025-10-31 17:44:55,1000,40,501,193.64916731037084
132,0.0,1.0,1.0,0.0005170486983843,1.0,0.5180730819702148,942.8162904428032,d1000_B501_R7_20251031_174306,2025-10-31 17:44:55,1000,40,501,193.64916731037084
133,0.0,1.0,1.0,0.0005170486983843,1.0,0.4448850154876709,943.9600276983044,d1000_B501_R7_20251031_174306,2025-10-31 17:44:55,1000,40,501,193.64916731037084
134,0.0,1.0,1.0,0.0005170486983843,1.0,0.2886421680450439,947.15274244484,d1000_B501_R7_20251031_174306,2025-10-31 17:44:55,1000,40,501,193.64916731037084
135,0.0,1.0,1.0,0.0005170486983843,1.0,0.2002749443054199,951.4955427871153,d1000_B501_R7_20251031_174306,2025-10-31 17:44:55,1000,40,501,193.64916731037084
136,0.0,1.0,1.0,0.0005170486983843,1.0,0.2091879844665527,955.685955341393,d1000_B501_R7_20251031_174306,2025-10-31 17:44:55,1000,40,501,193.64916731037084
137,0.0,1.0,1.0,0.0005170486983843,1.0,0.1928498744964599,960.0754162024102,d1000_B501_R7_20251031_174306,2025-10-31 17:44:55,1000,40,501,193.64916731037084
138,0.0,1.0,1.0,0.0005170486983843,1.0,0.3659770488739013,962.1397579263072,d1000_B501_R7_20251031_174306,2025-10-31 17:44:55,1000,40,501,193.64916731037084
139,0.0,1.0,1.0,0.0005170486983843,1.0,0.3329260349273681,964.6216838118216,d1000_B501_R7_20251031_174306,2025-10-31 17:44:55,1000,40,501,193.64916731037084
140,0.0,1.0,1.0,0.0005170486983843,1.0,0.1792221069335937,969.1205225164372,d1000_B501_R7_20251031_174306,2025-10-31 17:44:55,1000,40,501,193.64916731037084
141,0.0,1.0,1.0,0.0005170486983843,1.0,0.1663620471954345,973.7682638486432,d1000_B501_R7_20251031_174306,2025-10-31 17:44:55,1000,40,501,193.64916731037084
142,0.0,1.0,1.0,0.0005170486983843,1.0,0.265592098236084,977.0713700929368,d1000_B501_R7_20251031_174306,2025-10-31 17:44:55,1000,40,501,193.64916731037084
143,0.0,1.0,1.0,0.0005170486983843,1.0,0.4623548984527588,977.7353509383332,d1000_B501_R7_20251031_174306,2025-10-31 17:44:55,1000,40,501,193.64916731037084
144,0.0,1.0,1.0,0.0005170486983843,1.0,0.2193012237548828,981.599757484674,d1000_B501_R7_20251031_174306,2025-10-31 17:44:55,1000,40,501,193.64916731037084
145,0.0,1.0,1.0,0.0005170486983843,1.0,0.3417451381683349,983.8225196087518,d1000_B501_R7_20251031_174306,2025-10-31 17:44:55,1000,40,501,193.64916731037084
146,0.0,1.0,1.0,0.0005170486983843,1.0,0.2182400226593017,987.6528984351082,d1000_B501_R7_20251031_174306,2025-10-31 17:44:55,1000,40,501,193.64916731037084
147,0.0,1.0,1.0,0.0005170486983843,1.0,0.5874528884887695,986.5957480228788,d1000_B501_R7_20251031_174306,2025-10-31 17:44:55,1000,40,501,193.64916731037084
148,0.0,1.0,1.0,0.0005170486983843,1.0,0.2458198070526123,990.018950007832,d1000_B501_R7_20251031_174306,2025-10-31 17:44:55,1000,40,501,193.64916731037084
149,0.0,1.0,1.0,0.0005170486983843,1.0,0.1601250171661377,994.5479344976094,d1000_B501_R7_20251031_174306,2025-10-31 17:44:55,1000,40,501,193.64916731037084
150,0.0,1.0,1.0,0.0005170486983843,1.0,0.8844301700592041,989.5925167072936,d1000_B501_R7_20251031_174306,2025-10-31 17:44:55,1000,40,501,193.64916731037084
151,0.0,1.0,1.0,0.0005170486983843,1.0,0.1950960159301757,993.607016269301,d1000_B501_R7_20251031_174306,2025-10-31 17:44:55,1000,40,501,193.64916731037084
152,0.0,1.0,1.0,0.0005170486983843,1.0,0.2241449356079101,997.2235873895256,d1000_B501_R7_20251031_174306,2025-10-31 17:44:55,1000,40,501,193.64916731037084
153,0.0,1.0,1.0,0.0005170486983843,1.0,0.2454161643981933,1000.5354778457694,d1000_B501_R7_20251031_174306,2025-10-31 17:44:55,1000,40,501,193.64916731037084
154,0.0,1.0,1.0,0.0005170486983843,1.0,0.1692221164703369,1004.824321251541,d1000_B501_R7_20251031_174306,2025-10-31 17:44:55,1000,40,501,193.64916731037084
155,0.0,1.0,1.0,0.0005170486983843,1.0,0.1759290695190429,1009.0072456078408,d1000_B501_R7_20251031_174306,2025-10-31 17:44:55,1000,40,501,193.64916731037084
156,0.0,1.0,1.0,0.0005170486983843,1.0,0.2046179771423339,1012.7963458953196,d1000_B501_R7_20251031_174306,2025-10-31 17:44:55,1000,40,501,193.64916731037084
157,0.0,1.0,1.0,0.0005170486983843,1.0,0.208845853805542,1016.5110683023258,d1000_B501_R7_20251031_174306,2025-10-31 17:44:55,1000,40,501,193.64916731037084
158,0.0,1.0,1.0,0.0005170486983843,1.0,0.224045991897583,1020.0073651018196,d1000_B501_R7_20251031_174306,2025-10-31 17:44:55,1000,40,501,193.64916731037084
159,0.0,1.0,1.0,0.0005170486983843,1.0,0.2351841926574707,1023.3364644208395,d1000_B501_R7_20251031_174306,2025-10-31 17:44:55,1000,40,501,193.64916731037084
160,0.0,1.0,1.0,0.0005170486983843,1.0,0.2415187358856201,1026.5636448665375,d1000_B501_R7_20251031_174306,2025-10-31 17:44:55,1000,40,501,193.64916731037084
161,0.0,1.0,1.0,0.0005170486983843,1.0,0.2385668754577636,1029.8097873599124,d1000_B501_R7_20251031_174306,2025-10-31 17:44:55,1000,40,501,193.64916731037084
162,0.0,1.0,1.0,0.0005170486983843,1.0,0.216653823852539,1033.3154836393528,d1000_B501_R7_20251031_174306,2025-10-31 17:44:55,1000,40,501,193.64916731037084
163,0.0,1.0,1.0,0.0005170486983843,1.0,0.1943850517272949,1037.1012903819144,d1000_B501_R7_20251031_174306,2025-10-31 17:44:55,1000,40,501,193.64916731037084
164,0.0,1.0,1.0,0.0005170486983843,1.0,0.250103235244751,1040.1373486411055,d1000_B501_R7_20251031_174306,2025-10-31 17:44:55,1000,40,501,193.64916731037084
165,0.0,1.0,1.0,0.0005170486983843,1.0,0.8384199142456055,1035.5085718633063,d1000_B501_R7_20251031_174306,2025-10-31 17:44:55,1000,40,501,193.64916731037084
166,0.0,1.0,1.0,0.0005170486983843,1.0,1.0414252281188965,1028.2861495168067,d1000_B501_R7_20251031_174306,2025-10-31 17:44:55,1000,40,501,193.64916731037084
167,0.0,1.0,1.0,0.0005170486983843,1.0,0.5615251064300537,1027.341881538106,d1000_B501_R7_20251031_174306,2025-10-31 17:44:55,1000,40,501,193.64916731037084
168,0.0,1.0,1.0,0.0005170486983843,1.0,0.6234700679779053,1025.6181916829498,d1000_B501_R7_20251031_174306,2025-10-31 17:44:55,1000,40,501,193.64916731037084
169,0.0,1.0,1.0,0.0005170486983843,1.0,0.4270401000976562,1026.225564493999,d1000_B501_R7_20251031_174306,2025-10-31 17:44:55,1000,40,501,193.64916731037084
170,0.0,1.0,1.0,0.0005170486983843,1.0,0.2650332450866699,1028.9667140566264,d1000_B501_R7_20251031_174306,2025-10-31 17:44:55,1000,40,501,193.64916731037084
171,0.0,1.0,1.0,0.0005170486983843,1.0,0.3615767955780029,1030.5059880484175,d1000_B501_R7_20251031_174306,2025-10-31 17:44:55,1000,40,501,193.64916731037084
172,0.0,1.0,1.0,0.0005170486983843,1.0,0.1900210380554199,1034.143662714371,d1000_B501_R7_20251031_174306,2025-10-31 17:44:55,1000,40,501,193.64916731037084
173,0.0,1.0,1.0,0.0005170486983843,1.0,0.1983859539031982,1037.656676326593,d1000_B501_R7_20251031_174306,2025-10-31 17:44:55,1000,40,501,193.64916731037084
174,0.0,1.0,1.0,0.0005170486983843,1.0,0.1286342144012451,1042.0222564322414,d1000_B501_R7_20251031_174306,2025-10-31 17:44:55,1000,40,501,193.64916731037084
175,0.0,1.0,1.0,0.0005170486983843,1.0,0.4255170822143554,1042.700648034043,d1000_B501_R7_20251031_174306,2025-10-31 17:44:55,1000,40,501,193.64916731037084
176,0.0,1.0,1.0,0.0005170486983843,1.0,0.8994638919830322,1037.5667581904945,d1000_B501_R7_20251031_174306,2025-10-31 17:44:55,1000,40,501,193.64916731037084
177,0.0,1.0,1.0,0.0005170486983843,1.0,0.3144619464874267,1039.580680134443,d1000_B501_R7_20251031_174306,2025-10-31 17:44:55,1000,40,501,193.64916731037084
178,0.0,1.0,1.0,0.0005170486983843,1.0,0.2056388854980468,1042.9180599173178,d1000_B501_R7_20251031_174306,2025-10-31 17:44:55,1000,40,501,193.64916731037084
179,0.0,1.0,1.0,0.0005170486983843,1.0,0.3628311157226562,1044.3349266797416,d1000_B501_R7_20251031_174306,2025-10-31 17:44:55,1000,40,501,193.64916731037084
180,0.0,1.0,1.0,0.0005170486983843,1.0,0.1156458854675293,1048.7295837592476,d1000_B501_R7_20251031_174306,2025-10-31 17:44:55,1000,40,501,193.64916731037084
181,0.0,1.0,1.0,0.0005170486983843,1.0,0.1219830513000488,1053.0342428142185,d1000_B501_R7_20251031_174306,2025-10-31 17:44:55,1000,40,501,193.64916731037084
182,0.0,1.0,1.0,0.0005170486983843,1.0,0.1072320938110351,1057.5081071651505,d1000_B501_R7_20251031_174306,2025-10-31 17:44:55,1000,40,501,193.64916731037084
183,0.0,1.0,1.0,0.0005170486983843,1.0,0.141240119934082,1061.5546584112765,d1000_B501_R7_20251031_174306,2025-10-31 17:44:55,1000,40,501,193.64916731037084
184,0.0,1.0,1.0,0.0005170486983843,1.0,0.1768209934234619,1065.152404851803,d1000_B501_R7_20251031_174306,2025-10-31 17:44:55,1000,40,501,193.64916731037084
185,0.0,1.0,1.0,0.0005170486983843,1.0,0.0930433273315429,1069.763454691029,d1000_B501_R7_20251031_174306,2025-10-31 17:44:55,1000,40,501,193.64916731037084
186,0.0,1.0,1.0,0.0005170486983843,1.0,0.1019637584686279,1074.2539658035232,d1000_B501_R7_20251031_174306,2025-10-31 17:44:55,1000,40,501,193.64916731037084
187,0.0,1.0,1.0,0.0005170486983843,1.0,0.1208639144897461,1078.5010049472817,d1000_B501_R7_20251031_174306,2025-10-31 17:44:55,1000,40,501,193.64916731037084
188,0.0,1.0,1.0,0.0005170486983843,1.0,0.111954927444458,1082.8466634166998,d1000_B501_R7_20251031_174306,2025-10-31 17:44:55,1000,40,501,193.64916731037084
189,0.0,1.0,1.0,0.0005170486983843,1.0,0.1546251773834228,1086.6516387127404,d1000_B501_R7_20251031_174306,2025-10-31 17:44:55,1000,40,501,193.64916731037084
190,0.0,1.0,1.0,0.0005170486983843,1.0,0.1665489673614502,1090.2952728211003,d1000_B501_R7_20251031_174306,2025-10-31 17:44:55,1000,40,501,193.64916731037084
191,0.0,1.0,1.0,0.0005170486983843,1.0,0.2087829113006591,1093.399648159013,d1000_B501_R7_20251031_174306,2025-10-31 17:44:55,1000,40,501,193.64916731037084
192,0.0,1.0,1.0,0.0005170486983843,1.0,0.1360728740692138,1097.3944179888597,d1000_B501_R7_20251031_174306,2025-10-31 17:44:55,1000,40,501,193.64916731037084
193,0.0,1.0,1.0,0.0005170486983843,1.0,0.141960859298706,1101.3033302645008,d1000_B501_R7_20251031_174306,2025-10-31 17:44:55,1000,40,501,193.64916731037084
194,0.0,1.0,1.0,0.0005170486983843,1.0,0.1352391242980957,1105.2832712730246,d1000_B501_R7_20251031_174306,2025-10-31 17:44:55,1000,40,501,193.64916731037084
195,0.0,1.0,1.0,0.0005170486983843,1.0,0.0907881259918212,1109.808224388921,d1000_B501_R7_20251031_174306,2025-10-31 17:44:55,1000,40,501,193.64916731037084
196,0.0,1.0,1.0,0.0005170486983843,1.0,0.1599328517913818,1113.454902558822,d1000_B501_R7_20251031_174306,2025-10-31 17:44:55,1000,40,501,193.64916731037084
197,0.0,1.0,1.0,0.0005170486983843,1.0,0.0890848636627197,1117.9810125291483,d1000_B501_R7_20251031_174306,2025-10-31 17:44:55,1000,40,501,193.64916731037084
198,0.0,1.0,1.0,0.0005170486983843,1.0,0.1242520809173584,1122.053158537704,d1000_B501_R7_20251031_174306,2025-10-31 17:44:55,1000,40,501,193.64916731037084
199,0.0,1.0,1.0,0.0005170486983843,1.0,0.1823210716247558,1125.3798382541388,d1000_B501_R7_20251031_174306,2025-10-31 17:44:55,1000,40,501,193.64916731037084
200,0.0,1.0,1.0,0.0005170486983843,1.0,0.1248750686645507,1129.419997482213,d1000_B501_R7_20251031_174306,2025-10-31 17:44:55,1000,40,501,193.64916731037084
201,0.0,1.0,1.0,0.0005170486983843,1.0,0.1262838840484619,1133.4286765363754,d1000_B501_R7_20251031_174306,2025-10-31 17:44:55,1000,40,501,193.64916731037084
202,0.0,1.0,1.0,0.0005170486983843,1.0,0.1853089332580566,1136.6745595047769,d1000_B501_R7_20251031_174306,2025-10-31 17:44:55,1000,40,501,193.64916731037084
203,0.0,1.0,1.0,0.0005170486983843,1.0,0.1022009849548339,1140.967951873228,d1000_B501_R7_20251031_174306,2025-10-31 17:44:55,1000,40,501,193.64916731037084
204,0.0,1.0,1.0,0.0005170486983843,1.0,0.2002098560333252,1144.0005858629213,d1000_B501_R7_20251031_174306,2025-10-31 17:44:55,1000,40,501,193.64916731037084
205,0.0,1.0,1.0,0.0005170486983843,1.0,0.1274189949035644,1147.9492941039034,d1000_B501_R7_20251031_174306,2025-10-31 17:44:55,1000,40,501,193.64916731037084
206,0.0,1.0,1.0,0.0005170486983843,1.0,0.1287438869476318,1151.8691498958856,d1000_B501_R7_20251031_174306,2025-10-31 17:44:55,1000,40,501,193.64916731037084
207,0.0,1.0,1.0,0.0005170486983843,1.0,0.1318421363830566,1155.7381207182289,d1000_B501_R7_20251031_174306,2025-10-31 17:44:55,1000,40,501,193.64916731037084
208,0.0,1.0,1.0,0.0005170486983843,1.0,0.4312589168548584,1155.763637219443,d1000_B501_R7_20251031_174306,2025-10-31 17:44:55,1000,40,501,193.64916731037084
209,0.0,1.0,1.0,0.0005170486983843,1.0,0.1852149963378906,1158.920970452811,d1000_B501_R7_20251031_174306,2025-10-31 17:44:55,1000,40,501,193.64916731037084
210,0.0,1.0,1.0,0.0005170486983843,1.0,0.1315741539001464,1162.7501696951133,d1000_B501_R7_20251031_174306,2025-10-31 17:44:55,1000,40,501,193.64916731037084
211,0.0,1.0,1.0,0.0005170486983843,1.0,0.210860013961792,1165.5539512281257,d1000_B501_R7_20251031_174306,2025-10-31 17:44:55,1000,40,501,193.64916731037084
212,0.0,1.0,1.0,0.0005170486983843,1.0,0.1702222824096679,1168.8634460982776,d1000_B501_R7_20251031_174306,2025-10-31 17:44:55,1000,40,501,193.64916731037084
213,0.0,1.0,1.0,0.0005170486983843,1.0,0.2706148624420166,1170.8725903835996,d1000_B501_R7_20251031_174306,2025-10-31 17:44:55,1000,40,501,193.64916731037084
214,0.0,1.0,1.0,0.0005170486983843,1.0,1.2509279251098633,1160.485358257846,d1000_B501_R7_20251031_174306,2025-10-31 17:44:55,1000,40,501,193.64916731037084
215,0.0,1.0,1.0,0.0005170486983843,1.0,0.6042399406433105,1158.2988047193555,d1000_B501_R7_20251031_174306,2025-10-31 17:44:55,1000,40,501,193.64916731037084
216,0.0,1.0,1.0,0.0005170486983843,1.0,0.6841521263122559,1154.8878294816848,d1000_B501_R7_20251031_174306,2025-10-31 17:44:55,1000,40,501,193.64916731037084
217,0.0,1.0,1.0,0.0005170486983843,1.0,0.1230530738830566,1158.673798475578,d1000_B501_R7_20251031_174306,2025-10-31 17:44:55,1000,40,501,193.64916731037084
218,0.0,1.0,1.0,0.0005170486983843,1.0,0.3342010974884033,1159.8685210929104,d1000_B501_R7_20251031_174306,2025-10-31 17:44:55,1000,40,501,193.64916731037084
219,0.0,1.0,1.0,0.0005170486983843,1.0,0.2868590354919433,1161.6175404640044,d1000_B501_R7_20251031_174306,2025-10-31 17:44:55,1000,40,501,193.64916731037084
220,0.0,1.0,1.0,0.0005170486983843,1.0,0.1684260368347168,1164.8275074283106,d1000_B501_R7_20251031_174306,2025-10-31 17:44:55,1000,40,501,193.64916731037084
221,0.0,1.0,1.0,0.0005170486983843,1.0,0.2527179718017578,1166.9312946875411,d1000_B501_R7_20251031_174306,2025-10-31 17:44:55,1000,40,501,193.64916731037084
222,0.0,1.0,1.0,0.0005170486983843,1.0,1.5498151779174805,1153.4257826839355,d1000_B501_R7_20251031_174306,2025-10-31 17:44:55,1000,40,501,193.64916731037084
223,0.0,1.0,1.0,0.0005170486983843,1.0,0.205463171005249,1156.0900631578709,d1000_B501_R7_20251031_174306,2025-10-31 17:44:55,1000,40,501,193.64916731037084
224,0.0,1.0,1.0,0.0005170486983843,1.0,0.1707231998443603,1159.1506647575252,d1000_B501_R7_20251031_174306,2025-10-31 17:44:55,1000,40,501,193.64916731037084
225,0.0,1.0,1.0,0.0005170486983843,1.0,0.1299898624420166,1162.7389849184435,d1000_B501_R7_20251031_174306,2025-10-31 17:44:55,1000,40,501,193.64916731037084
226,0.0,1.0,1.0,0.0005170486983843,1.0,0.1261920928955078,1166.3699386546512,d1000_B501_R7_20251031_174306,2025-10-31 17:44:55,1000,40,501,193.64916731037084
227,0.0,1.0,1.0,0.0005170486983843,1.0,0.1438291072845459,1169.7800202676888,d1000_B501_R7_20251031_174306,2025-10-31 17:44:55,1000,40,501,193.64916731037084
228,0.0,1.0,1.0,0.0005170486983843,1.0,0.2410261631011963,1172.0121794124937,d1000_B501_R7_20251031_174306,2025-10-31 17:44:55,1000,40,501,193.64916731037084
229,0.0,1.0,1.0,0.0005170486983843,1.0,0.1816713809967041,1174.9382652404524,d1000_B501_R7_20251031_174306,2025-10-31 17:44:55,1000,40,501,193.64916731037084
230,0.0,1.0,1.0,0.0005170486983843,1.0,0.1754000186920166,1177.9369873267651,d1000_B501_R7_20251031_174306,2025-10-31 17:44:55,1000,40,501,193.64916731037084
231,0.0,1.0,1.0,0.0005170486983843,1.0,0.0848309993743896,1182.0106818619558,d1000_B501_R7_20251031_174306,2025-10-31 17:44:55,1000,40,501,193.64916731037084
232,0.0,1.0,1.0,0.0005170486983843,1.0,0.1091368198394775,1185.7867016625423,d1000_B501_R7_20251031_174306,2025-10-31 17:44:55,1000,40,501,193.64916731037084
233,0.0,1.0,1.0,0.0005170486983843,1.0,0.2070968151092529,1188.3696959458296,d1000_B501_R7_20251031_174306,2025-10-31 17:44:55,1000,40,501,193.64916731037084
234,0.0,1.0,1.0,0.0005170486983843,1.0,0.1220209598541259,1191.9714254775645,d1000_B501_R7_20251031_174306,2025-10-31 17:44:55,1000,40,501,193.64916731037084
235,0.0,1.0,1.0,0.0005170486983843,1.0,0.1355428695678711,1195.4005037269949,d1000_B501_R7_20251031_174306,2025-10-31 17:44:55,1000,40,501,193.64916731037084
236,0.0,1.0,1.0,0.0005170486983843,1.0,0.1209518909454345,1198.9970587104392,d1000_B501_R7_20251031_174306,2025-10-31 17:44:55,1000,40,501,193.64916731037084
237,0.0,1.0,1.0,0.0005170486983843,1.0,0.1044552326202392,1202.7846291449323,d1000_B501_R7_20251031_174306,2025-10-31 17:44:55,1000,40,501,193.64916731037084
238,0.0,1.0,1.0,0.0005170486983843,1.0,0.1669888496398925,1205.804916466299,d1000_B501_R7_20251031_174306,2025-10-31 17:44:55,1000,40,501,193.64916731037084
239,0.0,1.0,1.0,0.0005170486983843,1.0,0.1385090351104736,1209.1607830052235,d1000_B501_R7_20251031_174306,2025-10-31 17:44:55,1000,40,501,193.64916731037084
240,0.0,1.0,1.0,0.0005170486983843,1.0,0.111732006072998,1212.833148627495,d1000_B501_R7_20251031_174306,2025-10-31 17:44:55,1000,40,501,193.64916731037084
241,0.0,1.0,1.0,0.0005170486983843,1.0,0.2586429119110107,1214.706845709558,d1000_B501_R7_20251031_174306,2025-10-31 17:44:55,1000,40,501,193.64916731037084
242,0.0,1.0,1.0,0.0005170486983843,1.0,0.341066837310791,1215.5402356560096,d1000_B501_R7_20251031_174306,2025-10-31 17:44:55,1000,40,501,193.64916731037084
243,0.0,1.0,1.0,0.0005170486983843,1.0,0.3001620769500732,1216.892723376013,d1000_B501_R7_20251031_174306,2025-10-31 17:44:55,1000,40,501,193.64916731037084
244,0.0,1.0,1.0,0.0005170486983843,1.0,0.4982097148895263,1215.830770097519,d1000_B501_R7_20251031_174306,2025-10-31 17:44:55,1000,40,501,193.64916731037084
245,0.0,1.0,1.0,0.0005170486983843,1.0,0.2987730503082275,1217.1887030380233,d1000_B501_R7_20251031_174306,2025-10-31 17:44:55,1000,40,501,193.64916731037084
246,0.0,1.0,1.0,0.0005170486983843,1.0,0.0771992206573486,1221.202039665426,d1000_B501_R7_20251031_174306,2025-10-31 17:44:55,1000,40,501,193.64916731037084
247,0.0,1.0,1.0,0.0005170486983843,1.0,0.0953841209411621,1224.9897806436293,d1000_B501_R7_20251031_174306,2025-10-31 17:44:55,1000,40,501,193.64916731037084
248,0.0,1.0,1.0,0.0005170486983843,1.0,0.1180799007415771,1228.4915282898887,d1000_B501_R7_20251031_174306,2025-10-31 17:44:55,1000,40,501,193.64916731037084
249,0.0,1.0,1.0,0.0005170486983843,1.0,0.1977200508117675,1231.0049448905647,d1000_B501_R7_20251031_174306,2025-10-31 17:44:55,1000,40,501,193.64916731037084
250,0.0,1.0,1.0,0.0005170486983843,1.0,0.1181840896606445,1234.4919464214809,d1000_B501_R7_20251031_174306,2025-10-31 17:44:55,1000,40,501,193.64916731037084
251,0.0,1.0,1.0,0.0005170486983843,1.0,0.1339979171752929,1237.778905856539,d1000_B501_R7_20251031_174306,2025-10-31 17:44:55,1000,40,501,193.64916731037084
252,0.0,1.0,1.0,0.0005170486983843,1.0,0.1773669719696045,1240.5310706157402,d1000_B501_R7_20251031_174306,2025-10-31 17:44:55,1000,40,501,193.64916731037084
253,0.0,1.0,1.0,0.0005170486983843,1.0,0.1251959800720214,1243.906493813132,d1000_B501_R7_20251031_174306,2025-10-31 17:44:55,1000,40,501,193.64916731037084
254,0.0,1.0,1.0,0.0005170486983843,1.0,0.1786611080169677,1246.6162647107412,d1000_B501_R7_20251031_174306,2025-10-31 17:44:55,1000,40,501,193.64916731037084
255,0.0,1.0,1.0,0.0005170486983843,1.0,0.1673197746276855,1249.462562763559,d1000_B501_R7_20251031_174306,2025-10-31 17:44:55,1000,40,501,193.64916731037084
256,0.0,1.0,1.0,0.0005170486983843,1.0,0.1290748119354248,1252.7643373160918,d1000_B501_R7_20251031_174306,2025-10-31 17:44:55,1000,40,501,193.64916731037084
257,0.0,1.0,1.0,0.0005170486983843,1.0,0.2100391387939453,1255.0709406931803,d1000_B501_R7_20251031_174306,2025-10-31 17:44:55,1000,40,501,193.64916731037084
258,0.0,1.0,1.0,0.0005170486983843,1.0,0.1254920959472656,1258.3990656864505,d1000_B501_R7_20251031_174306,2025-10-31 17:44:55,1000,40,501,193.64916731037084
259,0.0,1.0,1.0,0.0005170486983843,1.0,0.1012101173400878,1262.0165641931696,d1000_B501_R7_20251031_174306,2025-10-31 17:44:55,1000,40,501,193.64916731037084
260,0.0,1.0,1.0,0.0005170486983843,1.0,0.1565439701080322,1264.949687128649,d1000_B501_R7_20251031_174306,2025-10-31 17:44:55,1000,40,501,193.64916731037084
261,0.0,1.0,1.0,0.0005170486983843,1.0,0.0790238380432128,1268.8236484416052,d1000_B501_R7_20251031_174306,2025-10-31 17:44:55,1000,40,501,193.64916731037084
262,0.0,1.0,1.0,0.0005170486983843,1.0,0.0823261737823486,1272.6511270167723,d1000_B501_R7_20251031_174306,2025-10-31 17:44:55,1000,40,501,193.64916731037084
263,0.0,1.0,1.0,0.0005170486983843,1.0,0.095329999923706,1276.3122789289423,d1000_B501_R7_20251031_174306,2025-10-31 17:44:55,1000,40,501,193.64916731037084
264,0.0,1.0,1.0,0.0005170486983843,1.0,0.1017682552337646,1279.8877049811713,d1000_B501_R7_20251031_174306,2025-10-31 17:44:55,1000,40,501,193.64916731037084
265,0.0,1.0,1.0,0.0005170486983843,1.0,0.10551118850708,1283.4095460519268,d1000_B501_R7_20251031_174306,2025-10-31 17:44:55,1000,40,501,193.64916731037084
266,0.0,1.0,1.0,0.0005170486983843,1.0,0.180311918258667,1285.9981570505197,d1000_B501_R7_20251031_174306,2025-10-31 17:44:55,1000,40,501,193.64916731037084
267,0.0,1.0,1.0,0.0005170486983843,1.0,0.2134919166564941,1288.168102795374,d1000_B501_R7_20251031_174306,2025-10-31 17:44:55,1000,40,501,193.64916731037084
268,0.0,1.0,1.0,0.0005170486983843,1.0,0.2368662357330322,1290.0405148132538,d1000_B501_R7_20251031_174306,2025-10-31 17:44:55,1000,40,501,193.64916731037084
269,0.0,1.0,1.0,0.0005170486983843,1.0,0.1328930854797363,1293.188389149995,d1000_B501_R7_20251031_174306,2025-10-31 17:44:55,1000,40,501,193.64916731037084
270,0.0,1.0,1.0,0.0005170486983843,1.0,0.1609470844268798,1295.9810269228356,d1000_B501_R7_20251031_174306,2025-10-31 17:44:55,1000,40,501,193.64916731037084
271,0.0,1.0,1.0,0.0005170486983843,1.0,0.0816929340362548,1299.7470239069678,d1000_B501_R7_20251031_174306,2025-10-31 17:44:55,1000,40,501,193.64916731037084
272,0.0,1.0,1.0,0.0005170486983843,1.0,0.0895969867706298,1303.40914304252,d1000_B501_R7_20251031_174306,2025-10-31 17:44:55,1000,40,501,193.64916731037084
273,0.0,1.0,1.0,0.0005170486983843,1.0,0.1597921848297119,1306.1920881807066,d1000_B501_R7_20251031_174306,2025-10-31 17:44:55,1000,40,501,193.64916731037084
274,0.0,1.0,1.0,0.0005170486983843,1.0,0.1426219940185547,1309.1798607144835,d1000_B501_R7_20251031_174306,2025-10-31 17:44:55,1000,40,501,193.64916731037084
275,0.0,1.0,1.0,0.0005170486983843,1.0,0.1004400253295898,1312.6839417020356,d1000_B501_R7_20251031_174306,2025-10-31 17:44:55,1000,40,501,193.64916731037084
276,0.0,1.0,1.0,0.0005170486983843,1.0,0.2406818866729736,1314.432988810166,d1000_B501_R7_20251031_174306,2025-10-31 17:44:55,1000,40,501,193.64916731037084
277,0.0,1.0,1.0,0.0005170486983843,1.0,0.1465280055999755,1317.3460386829297,d1000_B501_R7_20251031_174306,2025-10-31 17:44:55,1000,40,501,193.64916731037084
278,0.0,1.0,1.0,0.0005170486983843,1.0,0.1158149242401123,1320.6307864705009,d1000_B501_R7_20251031_174306,2025-10-31 17:44:55,1000,40,501,193.64916731037084
279,0.0,1.0,1.0,0.0005170486983843,1.0,0.1213710308074951,1323.840190087494,d1000_B501_R7_20251031_174306,2025-10-31 17:44:55,1000,40,501,193.64916731037084
280,0.0,1.0,1.0,0.0005170486983843,1.0,0.1000161170959472,1327.3122785370892,d1000_B501_R7_20251031_174306,2025-10-31 17:44:55,1000,40,501,193.64916731037084
281,0.0,1.0,1.0,0.0005170486983843,1.0,0.1318080425262451,1330.3797120429638,d1000_B501_R7_20251031_174306,2025-10-31 17:44:55,1000,40,501,193.64916731037084
282,0.0,1.0,1.0,0.0005170486983843,1.0,0.1208119392395019,1333.5769953701245,d1000_B501_R7_20251031_174306,2025-10-31 17:44:55,1000,40,501,193.64916731037084
283,0.0,1.0,1.0,0.0005170486983843,1.0,0.112800121307373,1336.8668933731124,d1000_B501_R7_20251031_174306,2025-10-31 17:44:55,1000,40,501,193.64916731037084
284,0.0,1.0,1.0,0.0005170486983843,1.0,0.1088860034942627,1340.2007650335595,d1000_B501_R7_20251031_174306,2025-10-31 17:44:55,1000,40,501,193.64916731037084
285,0.0,1.0,1.0,0.0005170486983843,1.0,0.1244580745697021,1343.3313835931606,d1000_B501_R7_20251031_174306,2025-10-31 17:44:55,1000,40,501,193.64916731037084
286,0.0,1.0,1.0,0.0005170486983843,1.0,0.0889511108398437,1346.902179911551,d1000_B501_R7_20251031_174306,2025-10-31 17:44:55,1000,40,501,193.64916731037084
287,0.0,1.0,1.0,0.0005170486983843,1.0,0.0832750797271728,1350.5388286074744,d1000_B501_R7_20251031_174306,2025-10-31 17:44:55,1000,40,501,193.64916731037084
288,0.0,1.0,1.0,0.0005170486983843,1.0,0.1071159839630127,1353.8676830646718,d1000_B501_R7_20251031_174306,2025-10-31 17:44:55,1000,40,501,193.64916731037084
289,0.0,1.0,1.0,0.0005170486983843,1.0,0.1239688396453857,1356.976879868259,d1000_B501_R7_20251031_174306,2025-10-31 17:44:55,1000,40,501,193.64916731037084
290,0.0,1.0,1.0,0.0005170486983843,1.0,0.1476218700408935,1359.778322384784,d1000_B501_R7_20251031_174306,2025-10-31 17:44:55,1000,40,501,193.64916731037084
291,0.0,1.0,1.0,0.0005170486983843,1.0,0.090487003326416,1363.2975650521523,d1000_B501_R7_20251031_174306,2025-10-31 17:44:55,1000,40,501,193.64916731037084
292,0.0,1.0,1.0,0.0005170486983843,1.0,0.1122438907623291,1366.5339094276578,d1000_B501_R7_20251031_174306,2025-10-31 17:44:55,1000,40,501,193.64916731037084
293,0.0,1.0,1.0,0.0005170486983843,1.0,0.0677058696746826,1370.3317913291985,d1000_B501_R7_20251031_174306,2025-10-31 17:44:55,1000,40,501,193.64916731037084
294,0.0,1.0,1.0,0.0005170486983843,1.0,0.1153957843780517,1373.5141765171136,d1000_B501_R7_20251031_174306,2025-10-31 17:44:55,1000,40,501,193.64916731037084
295,0.0,1.0,1.0,0.0005170486983843,1.0,0.1185991764068603,1376.6498914333,d1000_B501_R7_20251031_174306,2025-10-31 17:44:55,1000,40,501,193.64916731037084
296,0.0,1.0,1.0,0.0005170486983843,1.0,0.1109168529510498,1379.8773882980863,d1000_B501_R7_20251031_174306,2025-10-31 17:44:55,1000,40,501,193.64916731037084
297,0.0,1.0,1.0,0.0005170486983843,1.0,0.1210451126098632,1382.9689065412294,d1000_B501_R7_20251031_174306,2025-10-31 17:44:55,1000,40,501,193.64916731037084
298,0.0,1.0,1.0,0.0005170486983843,1.0,0.0978918075561523,1386.3499309572728,d1000_B501_R7_20251031_174306,2025-10-31 17:44:55,1000,40,501,193.64916731037084
299,0.0,1.0,1.0,0.0005170486983843,1.0,0.0979149341583252,1389.7226127920976,d1000_B501_R7_20251031_174306,2025-10-31 17:44:55,1000,40,501,193.64916731037084
