step,train_loss,train_acc,in_context_acc,val_loss,val_acc,batch_time,samples_per_second,experiment_name,timestamp,d,N,B,R_train
0,0.6931471824645996,0.4000000059604645,0.9325000047683716,0.4572348594665527,1.0,0.0347981452941894,283.6730083797182,d10_B10_R1_20251106_193319,2025-11-06 19:33:20,10,40,10,15.811388300841898
1,7.391703324566719e-18,1.0,0.9325000047683716,0.4572348594665527,1.0,0.0036647319793701,510.0729057090217,d10_B10_R1_20251106_193319,2025-11-06 19:33:20,10,40,10,15.811388300841898
2,7.391703324566719e-18,1.0,0.9325000047683716,0.4572348594665527,1.0,0.0007030963897705,746.6229951759617,d10_B10_R1_20251106_193319,2025-11-06 19:33:20,10,40,10,15.811388300841898
3,7.391703324566719e-18,1.0,0.9325000047683716,0.4572348594665527,1.0,0.000756025314331,974.326250196001,d10_B10_R1_20251106_193319,2025-11-06 19:33:20,10,40,10,15.811388300841898
4,7.391703324566719e-18,1.0,0.9325000047683716,0.4572348594665527,1.0,0.0010387897491455,1186.3195646517102,d10_B10_R1_20251106_193319,2025-11-06 19:33:20,10,40,10,15.811388300841898
5,7.391703324566719e-18,1.0,0.9325000047683716,0.4572348594665527,1.0,0.0011100769042968,1379.0928370624888,d10_B10_R1_20251106_193319,2025-11-06 19:33:20,10,40,10,15.811388300841898
6,7.391703324566719e-18,1.0,0.9325000047683716,0.4572348594665527,1.0,0.0012180805206298,1562.041285379868,d10_B10_R1_20251106_193319,2025-11-06 19:33:20,10,40,10,15.811388300841898
7,7.391703324566719e-18,1.0,0.9325000047683716,0.4572348594665527,1.0,0.0004200935363769,1764.2863076866452,d10_B10_R1_20251106_193319,2025-11-06 19:33:20,10,40,10,15.811388300841898
8,7.391703324566719e-18,1.0,0.9325000047683716,0.4572348594665527,1.0,0.0003738403320312,1966.008322613238,d10_B10_R1_20251106_193319,2025-11-06 19:33:20,10,40,10,15.811388300841898
9,7.391703324566719e-18,1.0,0.9325000047683716,0.4572348594665527,1.0,0.0004878044128417,2157.319644896154,d10_B10_R1_20251106_193319,2025-11-06 19:33:20,10,40,10,15.811388300841898
10,7.391703324566719e-18,1.0,0.9325000047683716,0.4572348594665527,1.0,0.0003731250762939,2351.0193432665455,d10_B10_R1_20251106_193319,2025-11-06 19:33:20,10,40,10,15.811388300841898
11,7.391703324566719e-18,1.0,0.9325000047683716,0.4572348594665527,1.0,0.0010418891906738,2505.4831098234818,d10_B10_R1_20251106_193319,2025-11-06 19:33:20,10,40,10,15.811388300841898
12,7.391703324566719e-18,1.0,0.9325000047683716,0.4572348594665527,1.0,0.0003390312194824,2692.4135751566537,d10_B10_R1_20251106_193319,2025-11-06 19:33:20,10,40,10,15.811388300841898
13,7.391703324566719e-18,1.0,0.9325000047683716,0.4572348594665527,1.0,0.0002908706665039,2879.17782964285,d10_B10_R1_20251106_193319,2025-11-06 19:33:20,10,40,10,15.811388300841898
14,7.391703324566719e-18,1.0,0.9325000047683716,0.4572348594665527,1.0,0.0007481575012207,3034.8497638767626,d10_B10_R1_20251106_193319,2025-11-06 19:33:20,10,40,10,15.811388300841898
15,7.391703324566719e-18,1.0,0.9325000047683716,0.4572348594665527,1.0,0.0009732246398925,3154.3235316236746,d10_B10_R1_20251106_193319,2025-11-06 19:33:20,10,40,10,15.811388300841898
16,7.391703324566719e-18,1.0,0.9325000047683716,0.4572348594665527,1.0,0.0005960464477539,3306.813588405797,d10_B10_R1_20251106_193319,2025-11-06 19:33:20,10,40,10,15.811388300841898
17,7.391703324566719e-18,1.0,0.9325000047683716,0.4572348594665527,1.0,0.0006411075592041,3446.9639220914414,d10_B10_R1_20251106_193319,2025-11-06 19:33:20,10,40,10,15.811388300841898
18,7.391703324566719e-18,1.0,0.9325000047683716,0.4572348594665527,1.0,0.0004441738128662,3599.7730598970097,d10_B10_R1_20251106_193319,2025-11-06 19:33:20,10,40,10,15.811388300841898
19,7.391703324566719e-18,1.0,0.9325000047683716,0.4572348594665527,1.0,0.0007438659667968,3730.641251995713,d10_B10_R1_20251106_193319,2025-11-06 19:33:20,10,40,10,15.811388300841898
20,7.391703324566719e-18,1.0,0.9325000047683716,0.4572348594665527,1.0,0.0007321834564208,3860.651767046974,d10_B10_R1_20251106_193319,2025-11-06 19:33:20,10,40,10,15.811388300841898
21,7.391703324566719e-18,1.0,0.9325000047683716,0.4572348594665527,1.0,0.0008599758148193,3968.616022467754,d10_B10_R1_20251106_193319,2025-11-06 19:33:20,10,40,10,15.811388300841898
22,7.391703324566719e-18,1.0,0.9325000047683716,0.4572348594665527,1.0,0.0009069442749023,4075.408390013096,d10_B10_R1_20251106_193319,2025-11-06 19:33:20,10,40,10,15.811388300841898
23,7.391703324566719e-18,1.0,0.9325000047683716,0.4572348594665527,1.0,0.0006999969482421,4195.44026507179,d10_B10_R1_20251106_193319,2025-11-06 19:33:20,10,40,10,15.811388300841898
24,7.391703324566719e-18,1.0,0.9325000047683716,0.4572348594665527,1.0,0.0008790493011474,4300.333010712118,d10_B10_R1_20251106_193319,2025-11-06 19:33:20,10,40,10,15.811388300841898
25,7.391703324566719e-18,1.0,0.9325000047683716,0.4572348594665527,1.0,0.0002708435058593,4447.340573474656,d10_B10_R1_20251106_193319,2025-11-06 19:33:20,10,40,10,15.811388300841898
26,7.391703324566719e-18,1.0,0.9325000047683716,0.4572348594665527,1.0,0.0003981590270996,4584.365595663632,d10_B10_R1_20251106_193319,2025-11-06 19:33:20,10,40,10,15.811388300841898
27,7.391703324566719e-18,1.0,0.9325000047683716,0.4572348594665527,1.0,0.000248908996582,4730.8499701906185,d10_B10_R1_20251106_193319,2025-11-06 19:33:20,10,40,10,15.811388300841898
28,7.391703324566719e-18,1.0,0.9325000047683716,0.4572348594665527,1.0,0.0004439353942871,4840.2812608188715,d10_B10_R1_20251106_193319,2025-11-06 19:33:20,10,40,10,15.811388300841898
29,7.391703324566719e-18,1.0,0.9325000047683716,0.4572348594665527,1.0,0.0004479885101318,4966.808241888371,d10_B10_R1_20251106_193319,2025-11-06 19:33:20,10,40,10,15.811388300841898
30,7.391703324566719e-18,1.0,0.9325000047683716,0.4572348594665527,1.0,0.0005147457122802,5084.899552218377,d10_B10_R1_20251106_193319,2025-11-06 19:33:20,10,40,10,15.811388300841898
31,7.391703324566719e-18,1.0,0.9325000047683716,0.4572348594665527,1.0,0.0011889934539794,5133.217628093579,d10_B10_R1_20251106_193319,2025-11-06 19:33:20,10,40,10,15.811388300841898
32,7.391703324566719e-18,1.0,0.9325000047683716,0.4572348594665527,1.0,0.0004401206970214,5249.840015171629,d10_B10_R1_20251106_193319,2025-11-06 19:33:20,10,40,10,15.811388300841898
33,7.391703324566719e-18,1.0,0.9325000047683716,0.4572348594665527,1.0,0.0005083084106445,5362.430660008423,d10_B10_R1_20251106_193319,2025-11-06 19:33:20,10,40,10,15.811388300841898
34,7.391703324566719e-18,1.0,0.9325000047683716,0.4572348594665527,1.0,0.0006389617919921,5458.348299107259,d10_B10_R1_20251106_193319,2025-11-06 19:33:20,10,40,10,15.811388300841898
35,7.391703324566719e-18,1.0,0.9325000047683716,0.4572348594665527,1.0,0.0006258487701416,5547.430057790726,d10_B10_R1_20251106_193319,2025-11-06 19:33:20,10,40,10,15.811388300841898
36,7.391703324566719e-18,1.0,0.9325000047683716,0.4572348594665527,1.0,0.0009338855743408,5614.742905107165,d10_B10_R1_20251106_193319,2025-11-06 19:33:20,10,40,10,15.811388300841898
37,7.391703324566719e-18,1.0,0.9325000047683716,0.4572348594665527,1.0,0.0008041858673095,5677.750894142122,d10_B10_R1_20251106_193319,2025-11-06 19:33:20,10,40,10,15.811388300841898
38,7.391703324566719e-18,1.0,0.9325000047683716,0.4572348594665527,1.0,0.0006139278411865,5768.985600270855,d10_B10_R1_20251106_193319,2025-11-06 19:33:20,10,40,10,15.811388300841898
39,7.391703324566719e-18,1.0,0.9325000047683716,0.4572348594665527,1.0,0.0004198551177978,5872.421988484222,d10_B10_R1_20251106_193319,2025-11-06 19:33:20,10,40,10,15.811388300841898
40,7.391703324566719e-18,1.0,0.9325000047683716,0.4572348594665527,1.0,0.0005068778991699,5969.5446640261325,d10_B10_R1_20251106_193319,2025-11-06 19:33:20,10,40,10,15.811388300841898
41,7.391703324566719e-18,1.0,0.9325000047683716,0.4572348594665527,1.0,0.0007438659667968,6045.698361600923,d10_B10_R1_20251106_193319,2025-11-06 19:33:20,10,40,10,15.811388300841898
42,7.391703324566719e-18,1.0,0.9325000047683716,0.4572348594665527,1.0,0.0006258487701416,6123.528900478053,d10_B10_R1_20251106_193319,2025-11-06 19:33:20,10,40,10,15.811388300841898
43,7.391703324566719e-18,1.0,0.9325000047683716,0.4572348594665527,1.0,0.0002410411834716,6239.814444771285,d10_B10_R1_20251106_193319,2025-11-06 19:33:20,10,40,10,15.811388300841898
44,7.391703324566719e-18,1.0,0.9325000047683716,0.4572348594665527,1.0,0.0013790130615234,6254.181080758678,d10_B10_R1_20251106_193319,2025-11-06 19:33:20,10,40,10,15.811388300841898
45,7.391703324566719e-18,1.0,0.9325000047683716,0.4572348594665527,1.0,0.0009360313415527,6283.0490072522525,d10_B10_R1_20251106_193319,2025-11-06 19:33:20,10,40,10,15.811388300841898
46,7.391703324566719e-18,1.0,0.9325000047683716,0.4572348594665527,1.0,0.0005390644073486,6342.431607226164,d10_B10_R1_20251106_193319,2025-11-06 19:33:20,10,40,10,15.811388300841898
47,7.391703324566719e-18,1.0,0.9325000047683716,0.4572348594665527,1.0,0.0002989768981933,6434.647004113412,d10_B10_R1_20251106_193319,2025-11-06 19:33:20,10,40,10,15.811388300841898
48,7.391703324566719e-18,1.0,0.9325000047683716,0.4572348594665527,1.0,0.0002539157867431,6542.7510505539285,d10_B10_R1_20251106_193319,2025-11-06 19:33:20,10,40,10,15.811388300841898
49,7.391703324566719e-18,1.0,0.9325000047683716,0.4572348594665527,1.0,0.0003161430358886,6644.79987833008,d10_B10_R1_20251106_193319,2025-11-06 19:33:20,10,40,10,15.811388300841898
50,7.391703324566719e-18,1.0,0.9325000047683716,0.4572348594665527,1.0,0.0010719299316406,6679.578821148874,d10_B10_R1_20251106_193319,2025-11-06 19:33:20,10,40,10,15.811388300841898
51,7.391703324566719e-18,1.0,0.9325000047683716,0.4572348594665527,1.0,0.0005571842193603,6756.665406848865,d10_B10_R1_20251106_193319,2025-11-06 19:33:20,10,40,10,15.811388300841898
52,7.391703324566719e-18,1.0,0.9325000047683716,0.4572348594665527,1.0,0.0004630088806152,6841.541775922985,d10_B10_R1_20251106_193319,2025-11-06 19:33:20,10,40,10,15.811388300841898
53,7.391703324566719e-18,1.0,0.9325000047683716,0.4572348594665527,1.0,0.0003011226654052,6940.3391534034845,d10_B10_R1_20251106_193319,2025-11-06 19:33:20,10,40,10,15.811388300841898
54,7.391703324566719e-18,1.0,0.9325000047683716,0.4572348594665527,1.0,0.0004992485046386,7019.969264945301,d10_B10_R1_20251106_193319,2025-11-06 19:33:20,10,40,10,15.811388300841898
55,7.391703324566719e-18,1.0,0.9325000047683716,0.4572348594665527,1.0,0.0006811618804931,7068.746753500802,d10_B10_R1_20251106_193319,2025-11-06 19:33:20,10,40,10,15.811388300841898
56,7.391703324566719e-18,1.0,0.9325000047683716,0.4572348594665527,1.0,0.000378131866455,7156.4012548193205,d10_B10_R1_20251106_193319,2025-11-06 19:33:20,10,40,10,15.811388300841898
57,7.391703324566719e-18,1.0,0.9325000047683716,0.4572348594665527,1.0,0.0004498958587646,7236.893786144363,d10_B10_R1_20251106_193319,2025-11-06 19:33:20,10,40,10,15.811388300841898
58,7.391703324566719e-18,1.0,0.9325000047683716,0.4572348594665527,1.0,0.0004169940948486,7319.382656894237,d10_B10_R1_20251106_193319,2025-11-06 19:33:20,10,40,10,15.811388300841898
59,7.391703324566719e-18,1.0,0.9325000047683716,0.4572348594665527,1.0,0.0004398822784423,7399.07973926926,d10_B10_R1_20251106_193319,2025-11-06 19:33:20,10,40,10,15.811388300841898
60,7.391703324566719e-18,1.0,0.9325000047683716,0.4572348594665527,1.0,0.0019750595092773,7312.140977019214,d10_B10_R1_20251106_193319,2025-11-06 19:33:20,10,40,10,15.811388300841898
61,7.391703324566719e-18,1.0,0.9325000047683716,0.4572348594665527,1.0,0.0027840137481689,7184.745885401845,d10_B10_R1_20251106_193319,2025-11-06 19:33:20,10,40,10,15.811388300841898
62,7.391703324566719e-18,1.0,0.9325000047683716,0.4572348594665527,1.0,0.0008318424224853,7217.002160393514,d10_B10_R1_20251106_193319,2025-11-06 19:33:20,10,40,10,15.811388300841898
63,7.391703324566719e-18,1.0,0.9325000047683716,0.4572348594665527,1.0,0.0020070075988769,7148.214141155919,d10_B10_R1_20251106_193319,2025-11-06 19:33:20,10,40,10,15.811388300841898
64,7.391703324566719e-18,1.0,0.9325000047683716,0.4572348594665527,1.0,0.0028779506683349,7005.81167062403,d10_B10_R1_20251106_193319,2025-11-06 19:33:20,10,40,10,15.811388300841898
65,7.391703324566719e-18,1.0,0.9325000047683716,0.4572348594665527,1.0,0.0010201930999755,7025.242588353526,d10_B10_R1_20251106_193319,2025-11-06 19:33:20,10,40,10,15.811388300841898
66,7.391703324566719e-18,1.0,0.9325000047683716,0.4572348594665527,1.0,0.0011448860168457,7028.446289673111,d10_B10_R1_20251106_193319,2025-11-06 19:33:20,10,40,10,15.811388300841898
67,7.391703324566719e-18,1.0,0.9325000047683716,0.4572348594665527,1.0,0.00048828125,7092.566614195942,d10_B10_R1_20251106_193319,2025-11-06 19:33:20,10,40,10,15.811388300841898
68,7.391703324566719e-18,1.0,0.9325000047683716,0.4572348594665527,1.0,0.0002417564392089,7175.687946920033,d10_B10_R1_20251106_193319,2025-11-06 19:33:20,10,40,10,15.811388300841898
69,7.391703324566719e-18,1.0,0.9325000047683716,0.4572348594665527,1.0,0.0006241798400878,7230.294209633291,d10_B10_R1_20251106_193319,2025-11-06 19:33:20,10,40,10,15.811388300841898
70,7.391703324566719e-18,1.0,0.9325000047683716,0.4572348594665527,1.0,0.0006427764892578,7281.314861633406,d10_B10_R1_20251106_193319,2025-11-06 19:33:20,10,40,10,15.811388300841898
71,7.391703324566719e-18,1.0,0.9325000047683716,0.4572348594665527,1.0,0.0005960464477539,7335.727354434377,d10_B10_R1_20251106_193319,2025-11-06 19:33:20,10,40,10,15.811388300841898
72,7.391703324566719e-18,1.0,0.9325000047683716,0.4572348594665527,1.0,0.0009272098541259,7357.543962513517,d10_B10_R1_20251106_193319,2025-11-06 19:33:20,10,40,10,15.811388300841898
73,7.391703324566719e-18,1.0,0.9325000047683716,0.4572348594665527,1.0,0.0008840560913085,7378.597636498062,d10_B10_R1_20251106_193319,2025-11-06 19:33:20,10,40,10,15.811388300841898
74,7.391703324566719e-18,1.0,0.9325000047683716,0.4572348594665527,1.0,0.0004329681396484,7440.631822450133,d10_B10_R1_20251106_193319,2025-11-06 19:33:20,10,40,10,15.811388300841898
75,7.391703324566719e-18,1.0,0.9325000047683716,0.4572348594665527,1.0,0.0002381801605224,7519.404424357082,d10_B10_R1_20251106_193319,2025-11-06 19:33:20,10,40,10,15.811388300841898
76,7.391703324566719e-18,1.0,0.9325000047683716,0.4572348594665527,1.0,0.0006539821624755,7566.511444837523,d10_B10_R1_20251106_193319,2025-11-06 19:33:20,10,40,10,15.811388300841898
77,7.391703324566719e-18,1.0,0.9325000047683716,0.4572348594665527,1.0,0.0004148483276367,7622.0985042635475,d10_B10_R1_20251106_193319,2025-11-06 19:33:20,10,40,10,15.811388300841898
78,7.391703324566719e-18,1.0,0.9325000047683716,0.4572348594665527,1.0,0.0005919933319091,7671.844113506705,d10_B10_R1_20251106_193319,2025-11-06 19:33:20,10,40,10,15.811388300841898
79,7.391703324566719e-18,1.0,0.9325000047683716,0.4572348594665527,1.0,0.0010199546813964,7680.345718686983,d10_B10_R1_20251106_193319,2025-11-06 19:33:20,10,40,10,15.811388300841898
80,7.391703324566719e-18,1.0,0.9325000047683716,0.4572348594665527,1.0,0.0012009143829345,7675.610149541029,d10_B10_R1_20251106_193319,2025-11-06 19:33:20,10,40,10,15.811388300841898
81,7.391703324566719e-18,1.0,0.9325000047683716,0.4572348594665527,1.0,0.0006089210510253,7718.440301706242,d10_B10_R1_20251106_193319,2025-11-06 19:33:20,10,40,10,15.811388300841898
82,7.391703324566719e-18,1.0,0.9325000047683716,0.4572348594665527,1.0,0.0002291202545166,7792.840638689849,d10_B10_R1_20251106_193319,2025-11-06 19:33:20,10,40,10,15.811388300841898
83,7.391703324566719e-18,1.0,0.9325000047683716,0.4572348594665527,1.0,0.0003888607025146,7855.465067279071,d10_B10_R1_20251106_193319,2025-11-06 19:33:20,10,40,10,15.811388300841898
84,7.391703324566719e-18,1.0,0.9325000047683716,0.4572348594665527,1.0,0.0008962154388427,7870.01997770444,d10_B10_R1_20251106_193319,2025-11-06 19:33:20,10,40,10,15.811388300841898
85,7.391703324566719e-18,1.0,0.9325000047683716,0.4572348594665527,1.0,0.0003252029418945,7923.864153596063,d10_B10_R1_20251106_193319,2025-11-06 19:33:20,10,40,10,15.811388300841898
86,7.391703324566719e-18,1.0,0.9325000047683716,0.4572348594665527,1.0,0.0005171298980712,7975.059894177119,d10_B10_R1_20251106_193319,2025-11-06 19:33:20,10,40,10,15.811388300841898
87,7.391703324566719e-18,1.0,0.9325000047683716,0.4572348594665527,1.0,0.0004000663757324,8034.400498043091,d10_B10_R1_20251106_193319,2025-11-06 19:33:20,10,40,10,15.811388300841898
88,7.391703324566719e-18,1.0,0.9325000047683716,0.4572348594665527,1.0,0.0002260208129882,8106.008850979558,d10_B10_R1_20251106_193319,2025-11-06 19:33:20,10,40,10,15.811388300841898
89,7.391703324566719e-18,1.0,0.9325000047683716,0.4572348594665527,1.0,0.0003089904785156,8171.500316047416,d10_B10_R1_20251106_193319,2025-11-06 19:33:20,10,40,10,15.811388300841898
90,7.391703324566719e-18,1.0,0.9325000047683716,0.4572348594665527,1.0,0.0004310607910156,8227.70660791812,d10_B10_R1_20251106_193319,2025-11-06 19:33:20,10,40,10,15.811388300841898
91,7.391703324566719e-18,1.0,0.9325000047683716,0.4572348594665527,1.0,0.0006349086761474,8267.878993051463,d10_B10_R1_20251106_193319,2025-11-06 19:33:20,10,40,10,15.811388300841898
92,7.391703324566719e-18,1.0,0.9325000047683716,0.4572348594665527,1.0,0.0010249614715576,8277.932926868089,d10_B10_R1_20251106_193319,2025-11-06 19:33:20,10,40,10,15.811388300841898
93,7.391703324566719e-18,1.0,0.9325000047683716,0.4572348594665527,1.0,0.0003077983856201,8338.946909786187,d10_B10_R1_20251106_193319,2025-11-06 19:33:20,10,40,10,15.811388300841898
94,7.391703324566719e-18,1.0,0.9325000047683716,0.4572348594665527,1.0,0.0002000331878662,8410.2089577441,d10_B10_R1_20251106_193319,2025-11-06 19:33:20,10,40,10,15.811388300841898
95,7.391703324566719e-18,1.0,0.9325000047683716,0.4572348594665527,1.0,0.0004389286041259,8463.136495765837,d10_B10_R1_20251106_193319,2025-11-06 19:33:20,10,40,10,15.811388300841898
96,7.391703324566719e-18,1.0,0.9325000047683716,0.4572348594665527,1.0,0.0007259845733642,8494.021433000475,d10_B10_R1_20251106_193319,2025-11-06 19:33:20,10,40,10,15.811388300841898
97,7.391703324566719e-18,1.0,0.9325000047683716,0.4572348594665527,1.0,0.0008299350738525,8517.076805447059,d10_B10_R1_20251106_193319,2025-11-06 19:33:20,10,40,10,15.811388300841898
98,7.391703324566719e-18,1.0,0.9325000047683716,0.4572348594665527,1.0,0.0005450248718261,8559.415899505691,d10_B10_R1_20251106_193319,2025-11-06 19:33:20,10,40,10,15.811388300841898
99,7.391703324566719e-18,1.0,0.9325000047683716,0.4572348594665527,1.0,0.0002729892730712,8622.324734246486,d10_B10_R1_20251106_193319,2025-11-06 19:33:20,10,40,10,15.811388300841898
100,7.391703324566719e-18,1.0,0.9325000047683716,0.4572348594665527,1.0,0.000370979309082,8678.166629109905,d10_B10_R1_20251106_193319,2025-11-06 19:33:20,10,40,10,15.811388300841898
101,7.391703324566719e-18,1.0,0.9325000047683716,0.4572348594665527,1.0,0.0008690357208251,8692.310511783267,d10_B10_R1_20251106_193319,2025-11-06 19:33:20,10,40,10,15.811388300841898
102,7.391703324566719e-18,1.0,0.9325000047683716,0.4572348594665527,1.0,0.0009160041809082,8704.610722460427,d10_B10_R1_20251106_193319,2025-11-06 19:33:20,10,40,10,15.811388300841898
103,7.391703324566719e-18,1.0,0.9325000047683716,0.4572348594665527,1.0,0.0004558563232421,8741.477929255785,d10_B10_R1_20251106_193319,2025-11-06 19:33:20,10,40,10,15.811388300841898
104,7.391703324566719e-18,1.0,0.9325000047683716,0.4572348594665527,1.0,0.0004048347473144,8792.423056651387,d10_B10_R1_20251106_193319,2025-11-06 19:33:20,10,40,10,15.811388300841898
105,7.391703324566719e-18,1.0,0.9325000047683716,0.4572348594665527,1.0,0.000417947769165,8842.530106823286,d10_B10_R1_20251106_193319,2025-11-06 19:33:20,10,40,10,15.811388300841898
106,7.391703324566719e-18,1.0,0.9325000047683716,0.4572348594665527,1.0,0.0002532005310058,8904.361959635882,d10_B10_R1_20251106_193319,2025-11-06 19:33:20,10,40,10,15.811388300841898
107,7.391703324566719e-18,1.0,0.9325000047683716,0.4572348594665527,1.0,0.0009510517120361,8913.690391389047,d10_B10_R1_20251106_193319,2025-11-06 19:33:20,10,40,10,15.811388300841898
108,7.391703324566719e-18,1.0,0.9325000047683716,0.4572348594665527,1.0,0.0016677379608154,8869.790041013981,d10_B10_R1_20251106_193319,2025-11-06 19:33:20,10,40,10,15.811388300841898
109,7.391703324566719e-18,1.0,0.9325000047683716,0.4572348594665527,1.0,0.0008509159088134,8884.423442055358,d10_B10_R1_20251106_193319,2025-11-06 19:33:20,10,40,10,15.811388300841898
110,7.391703324566719e-18,1.0,0.9325000047683716,0.4572348594665527,1.0,0.0014729499816894,8834.218726577546,d10_B10_R1_20251106_193319,2025-11-06 19:33:20,10,40,10,15.811388300841898
111,7.391703324566719e-18,1.0,0.9325000047683716,0.4572348594665527,1.0,0.0011687278747558,8815.018793006711,d10_B10_R1_20251106_193319,2025-11-06 19:33:20,10,40,10,15.811388300841898
112,7.391703324566719e-18,1.0,0.9325000047683716,0.4572348594665527,1.0,0.0003969669342041,8858.79853162172,d10_B10_R1_20251106_193319,2025-11-06 19:33:20,10,40,10,15.811388300841898
113,7.391703324566719e-18,1.0,0.9325000047683716,0.4572348594665527,1.0,0.0005738735198974,8894.22106150146,d10_B10_R1_20251106_193319,2025-11-06 19:33:20,10,40,10,15.811388300841898
114,7.391703324566719e-18,1.0,0.9325000047683716,0.4572348594665527,1.0,0.0003731250762939,8931.338242673486,d10_B10_R1_20251106_193319,2025-11-06 19:33:20,10,40,10,15.811388300841898
115,7.391703324566719e-18,1.0,0.9325000047683716,0.4572348594665527,1.0,0.0004239082336425,8976.457638782547,d10_B10_R1_20251106_193319,2025-11-06 19:33:20,10,40,10,15.811388300841898
116,7.391703324566719e-18,1.0,0.9325000047683716,0.4572348594665527,1.0,0.0010349750518798,8978.388355056608,d10_B10_R1_20251106_193319,2025-11-06 19:33:20,10,40,10,15.811388300841898
117,7.391703324566719e-18,1.0,0.9325000047683716,0.4572348594665527,1.0,0.0005571842193603,9001.781921423908,d10_B10_R1_20251106_193319,2025-11-06 19:33:20,10,40,10,15.811388300841898
118,7.391703324566719e-18,1.0,0.9325000047683716,0.4572348594665527,1.0,0.001255989074707,8981.346692290528,d10_B10_R1_20251106_193319,2025-11-06 19:33:20,10,40,10,15.811388300841898
119,7.391703324566719e-18,1.0,0.9325000047683716,0.4572348594665527,1.0,0.0004558563232421,9010.158786989134,d10_B10_R1_20251106_193319,2025-11-06 19:33:20,10,40,10,15.811388300841898
120,7.391703324566719e-18,1.0,0.9325000047683716,0.4572348594665527,1.0,0.0004191398620605,9054.107337506755,d10_B10_R1_20251106_193319,2025-11-06 19:33:20,10,40,10,15.811388300841898
121,7.391703324566719e-18,1.0,0.9325000047683716,0.4572348594665527,1.0,0.0006079673767089,9084.01141126534,d10_B10_R1_20251106_193319,2025-11-06 19:33:20,10,40,10,15.811388300841898
122,7.391703324566719e-18,1.0,0.9325000047683716,0.4572348594665527,1.0,0.0004670619964599,9123.825113804776,d10_B10_R1_20251106_193319,2025-11-06 19:33:20,10,40,10,15.811388300841898
123,7.391703324566719e-18,1.0,0.9325000047683716,0.4572348594665527,1.0,0.0008997917175292,9134.3704127816,d10_B10_R1_20251106_193319,2025-11-06 19:33:20,10,40,10,15.811388300841898
124,7.391703324566719e-18,1.0,0.9325000047683716,0.4572348594665527,1.0,0.0005559921264648,9166.563220661694,d10_B10_R1_20251106_193319,2025-11-06 19:33:20,10,40,10,15.811388300841898
125,7.391703324566719e-18,1.0,0.9325000047683716,0.4572348594665527,1.0,0.000990867614746,9170.295645655546,d10_B10_R1_20251106_193319,2025-11-06 19:33:20,10,40,10,15.811388300841898
126,7.391703324566719e-18,1.0,0.9325000047683716,0.4572348594665527,1.0,0.0007112026214599,9185.457266865891,d10_B10_R1_20251106_193319,2025-11-06 19:33:20,10,40,10,15.811388300841898
127,7.391703324566719e-18,1.0,0.9325000047683716,0.4572348594665527,1.0,0.0008020401000976,9195.467137569518,d10_B10_R1_20251106_193319,2025-11-06 19:33:20,10,40,10,15.811388300841898
128,7.391703324566719e-18,1.0,0.9325000047683716,0.4572348594665527,1.0,0.0006370544433593,9208.55485662936,d10_B10_R1_20251106_193319,2025-11-06 19:33:20,10,40,10,15.811388300841898
129,7.391703324566719e-18,1.0,0.9325000047683716,0.4572348594665527,1.0,0.0008597373962402,9219.591014078123,d10_B10_R1_20251106_193319,2025-11-06 19:33:20,10,40,10,15.811388300841898
130,7.391703324566719e-18,1.0,0.9325000047683716,0.4572348594665527,1.0,0.0003116130828857,9266.335063082146,d10_B10_R1_20251106_193319,2025-11-06 19:33:20,10,40,10,15.811388300841898
131,7.391703324566719e-18,1.0,0.9325000047683716,0.4572348594665527,1.0,0.0004279613494873,9305.792553996134,d10_B10_R1_20251106_193319,2025-11-06 19:33:20,10,40,10,15.811388300841898
132,7.391703324566719e-18,1.0,0.9325000047683716,0.4572348594665527,1.0,0.0005469322204589,9326.784326576471,d10_B10_R1_20251106_193319,2025-11-06 19:33:20,10,40,10,15.811388300841898
133,7.391703324566719e-18,1.0,0.9325000047683716,0.4572348594665527,1.0,0.0002329349517822,9378.048058520537,d10_B10_R1_20251106_193319,2025-11-06 19:33:20,10,40,10,15.811388300841898
134,7.391703324566719e-18,1.0,0.9325000047683716,0.4572348594665527,1.0,0.0008161067962646,9392.024017847516,d10_B10_R1_20251106_193319,2025-11-06 19:33:20,10,40,10,15.811388300841898
135,7.391703324566719e-18,1.0,0.9325000047683716,0.4572348594665527,1.0,0.000288963317871,9439.002396049827,d10_B10_R1_20251106_193319,2025-11-06 19:33:20,10,40,10,15.811388300841898
136,7.391703324566719e-18,1.0,0.9325000047683716,0.4572348594665527,1.0,0.0004360675811767,9477.042920663403,d10_B10_R1_20251106_193319,2025-11-06 19:33:20,10,40,10,15.811388300841898
137,7.391703324566719e-18,1.0,0.9325000047683716,0.4572348594665527,1.0,0.0005249977111816,9508.2686431824,d10_B10_R1_20251106_193319,2025-11-06 19:33:20,10,40,10,15.811388300841898
138,7.391703324566719e-18,1.0,0.9325000047683716,0.4572348594665527,1.0,0.0005979537963867,9519.04608426604,d10_B10_R1_20251106_193319,2025-11-06 19:33:20,10,40,10,15.811388300841898
139,7.391703324566719e-18,1.0,0.9325000047683716,0.4572348594665527,1.0,0.0002200603485107,9570.293105246688,d10_B10_R1_20251106_193319,2025-11-06 19:33:20,10,40,10,15.811388300841898
140,7.391703324566719e-18,1.0,0.9325000047683716,0.4572348594665527,1.0,0.0006370544433593,9594.321636981002,d10_B10_R1_20251106_193319,2025-11-06 19:33:20,10,40,10,15.811388300841898
141,7.391703324566719e-18,1.0,0.9325000047683716,0.4572348594665527,1.0,0.0005109310150146,9618.192282723494,d10_B10_R1_20251106_193319,2025-11-06 19:33:20,10,40,10,15.811388300841898
142,7.391703324566719e-18,1.0,0.9325000047683716,0.4572348594665527,1.0,0.000364065170288,9652.132950972156,d10_B10_R1_20251106_193319,2025-11-06 19:33:20,10,40,10,15.811388300841898
143,7.391703324566719e-18,1.0,0.9325000047683716,0.4572348594665527,1.0,0.000528335571289,9682.297410379642,d10_B10_R1_20251106_193319,2025-11-06 19:33:20,10,40,10,15.811388300841898
144,7.391703324566719e-18,1.0,0.9325000047683716,0.4572348594665527,1.0,0.0004620552062988,9705.550847795732,d10_B10_R1_20251106_193319,2025-11-06 19:33:20,10,40,10,15.811388300841898
145,7.391703324566719e-18,1.0,0.9325000047683716,0.4572348594665527,1.0,0.0002620220184326,9752.579757415146,d10_B10_R1_20251106_193319,2025-11-06 19:33:20,10,40,10,15.811388300841898
146,7.391703324566719e-18,1.0,0.9325000047683716,0.4572348594665527,1.0,0.0012030601501464,9738.849842677888,d10_B10_R1_20251106_193319,2025-11-06 19:33:20,10,40,10,15.811388300841898
147,7.391703324566719e-18,1.0,0.9325000047683716,0.4572348594665527,1.0,0.0002748966217041,9783.69710046479,d10_B10_R1_20251106_193319,2025-11-06 19:33:20,10,40,10,15.811388300841898
148,7.391703324566719e-18,1.0,0.9325000047683716,0.4572348594665527,1.0,0.0004510879516601,9818.08106753638,d10_B10_R1_20251106_193319,2025-11-06 19:33:20,10,40,10,15.811388300841898
149,7.391703324566719e-18,1.0,0.9325000047683716,0.4572348594665527,1.0,0.0005829334259033,9835.486790824629,d10_B10_R1_20251106_193319,2025-11-06 19:33:20,10,40,10,15.811388300841898
150,7.391703324566719e-18,1.0,0.9325000047683716,0.4572348594665527,1.0,0.0007691383361816,9848.69305052327,d10_B10_R1_20251106_193319,2025-11-06 19:33:20,10,40,10,15.811388300841898
151,7.391703324566719e-18,1.0,0.9325000047683716,0.4572348594665527,1.0,0.0008409023284912,9850.621722429782,d10_B10_R1_20251106_193319,2025-11-06 19:33:20,10,40,10,15.811388300841898
152,7.391703324566719e-18,1.0,0.9325000047683716,0.4572348594665527,1.0,0.000270128250122,9894.132887240885,d10_B10_R1_20251106_193319,2025-11-06 19:33:20,10,40,10,15.811388300841898
153,7.391703324566719e-18,1.0,0.9325000047683716,0.4572348594665527,1.0,0.0004501342773437,9927.545098111545,d10_B10_R1_20251106_193319,2025-11-06 19:33:20,10,40,10,15.811388300841898
154,7.391703324566719e-18,1.0,0.9325000047683716,0.4572348594665527,1.0,0.0002639293670654,9972.085032756231,d10_B10_R1_20251106_193319,2025-11-06 19:33:20,10,40,10,15.811388300841898
155,7.391703324566719e-18,1.0,0.9325000047683716,0.4572348594665527,1.0,0.0020837783813476,9901.043109566304,d10_B10_R1_20251106_193319,2025-11-06 19:33:20,10,40,10,15.811388300841898
156,7.391703324566719e-18,1.0,0.9325000047683716,0.4572348594665527,1.0,0.0015010833740234,9860.940652179122,d10_B10_R1_20251106_193319,2025-11-06 19:33:20,10,40,10,15.811388300841898
157,7.391703324566719e-18,1.0,0.9325000047683716,0.4572348594665527,1.0,0.0009090900421142,9863.647867639287,d10_B10_R1_20251106_193319,2025-11-06 19:33:20,10,40,10,15.811388300841898
158,7.391703324566719e-18,1.0,0.9325000047683716,0.4572348594665527,1.0,0.0004138946533203,9897.173827548184,d10_B10_R1_20251106_193319,2025-11-06 19:33:20,10,40,10,15.811388300841898
159,7.391703324566719e-18,1.0,0.9325000047683716,0.4572348594665527,1.0,0.0003581047058105,9934.989044827382,d10_B10_R1_20251106_193319,2025-11-06 19:33:20,10,40,10,15.811388300841898
160,7.391703324566719e-18,1.0,0.9325000047683716,0.4572348594665527,1.0,0.0002343654632568,9980.35719141842,d10_B10_R1_20251106_193319,2025-11-06 19:33:20,10,40,10,15.811388300841898
161,7.391703324566719e-18,1.0,0.9325000047683716,0.4572348594665527,1.0,0.0001893043518066,10028.533172753356,d10_B10_R1_20251106_193319,2025-11-06 19:33:20,10,40,10,15.811388300841898
162,7.391703324566719e-18,1.0,0.9325000047683716,0.4572348594665527,1.0,0.0042479038238525,9829.575529276446,d10_B10_R1_20251106_193319,2025-11-06 19:33:20,10,40,10,15.811388300841898
163,7.391703324566719e-18,1.0,0.9325000047683716,0.4572348594665527,1.0,0.000612735748291,9840.347225997317,d10_B10_R1_20251106_193319,2025-11-06 19:33:20,10,40,10,15.811388300841898
164,7.391703324566719e-18,1.0,0.9325000047683716,0.4572348594665527,1.0,0.0007791519165039,9848.6423716657,d10_B10_R1_20251106_193319,2025-11-06 19:33:20,10,40,10,15.811388300841898
165,7.391703324566719e-18,1.0,0.9325000047683716,0.4572348594665527,1.0,0.0004739761352539,9877.182740540664,d10_B10_R1_20251106_193319,2025-11-06 19:33:20,10,40,10,15.811388300841898
166,7.391703324566719e-18,1.0,0.9325000047683716,0.4572348594665527,1.0,0.0002460479736328,9919.221018674423,d10_B10_R1_20251106_193319,2025-11-06 19:33:20,10,40,10,15.811388300841898
167,7.391703324566719e-18,1.0,0.9325000047683716,0.4572348594665527,1.0,0.0002779960632324,9959.39416211082,d10_B10_R1_20251106_193319,2025-11-06 19:33:20,10,40,10,15.811388300841898
168,7.391703324566719e-18,1.0,0.9325000047683716,0.4572348594665527,1.0,0.0006260871887207,9979.33811531666,d10_B10_R1_20251106_193319,2025-11-06 19:33:20,10,40,10,15.811388300841898
169,7.391703324566719e-18,1.0,0.9325000047683716,0.4572348594665527,1.0,0.0011878013610839,9934.954437787375,d10_B10_R1_20251106_193319,2025-11-06 19:33:20,10,40,10,15.811388300841898
170,7.391703324566719e-18,1.0,0.9325000047683716,0.4572348594665527,1.0,0.0003073215484619,9971.90094640645,d10_B10_R1_20251106_193319,2025-11-06 19:33:20,10,40,10,15.811388300841898
171,7.391703324566719e-18,1.0,0.9325000047683716,0.4572348594665527,1.0,0.0005478858947753,9995.05786413255,d10_B10_R1_20251106_193319,2025-11-06 19:33:20,10,40,10,15.811388300841898
172,7.391703324566719e-18,1.0,0.9325000047683716,0.4572348594665527,1.0,0.0015420913696289,9961.363317495598,d10_B10_R1_20251106_193319,2025-11-06 19:33:20,10,40,10,15.811388300841898
173,7.391703324566719e-18,1.0,0.9325000047683716,0.4572348594665527,1.0,0.0004091262817382,9987.545089151918,d10_B10_R1_20251106_193319,2025-11-06 19:33:20,10,40,10,15.811388300841898
174,7.391703324566719e-18,1.0,0.9325000047683716,0.4572348594665527,1.0,0.0011389255523681,9976.963373558172,d10_B10_R1_20251106_193319,2025-11-06 19:33:20,10,40,10,15.811388300841898
175,7.391703324566719e-18,1.0,0.9325000047683716,0.4572348594665527,1.0,0.0006790161132812,9990.587324551729,d10_B10_R1_20251106_193319,2025-11-06 19:33:20,10,40,10,15.811388300841898
176,7.391703324566719e-18,1.0,0.9325000047683716,0.4572348594665527,1.0,0.0005619525909423,10012.621220949051,d10_B10_R1_20251106_193319,2025-11-06 19:33:20,10,40,10,15.811388300841898
177,7.391703324566719e-18,1.0,0.9325000047683716,0.4572348594665527,1.0,0.0002360343933105,10053.664242305087,d10_B10_R1_20251106_193319,2025-11-06 19:33:20,10,40,10,15.811388300841898
178,7.391703324566719e-18,1.0,0.9325000047683716,0.4572348594665527,1.0,0.0002188682556152,10095.436039280175,d10_B10_R1_20251106_193319,2025-11-06 19:33:20,10,40,10,15.811388300841898
179,7.391703324566719e-18,1.0,0.9325000047683716,0.4572348594665527,1.0,0.000256061553955,10134.963573318511,d10_B10_R1_20251106_193319,2025-11-06 19:33:20,10,40,10,15.811388300841898
180,7.391703324566719e-18,1.0,0.9325000047683716,0.4572348594665527,1.0,0.0009698867797851,10128.992809882842,d10_B10_R1_20251106_193319,2025-11-06 19:33:20,10,40,10,15.811388300841898
181,7.391703324566719e-18,1.0,0.9325000047683716,0.4572348594665527,1.0,0.0011773109436035,10108.697260827248,d10_B10_R1_20251106_193319,2025-11-06 19:33:20,10,40,10,15.811388300841898
182,7.391703324566719e-18,1.0,0.9325000047683716,0.4572348594665527,1.0,0.0007271766662597,10109.65860237714,d10_B10_R1_20251106_193319,2025-11-06 19:33:20,10,40,10,15.811388300841898
183,7.391703324566719e-18,1.0,0.9325000047683716,0.4572348594665527,1.0,0.0003058910369873,10142.81969022914,d10_B10_R1_20251106_193319,2025-11-06 19:33:20,10,40,10,15.811388300841898
184,7.391703324566719e-18,1.0,0.9325000047683716,0.4572348594665527,1.0,0.0015621185302734,10108.573602288656,d10_B10_R1_20251106_193319,2025-11-06 19:33:20,10,40,10,15.811388300841898
185,7.391703324566719e-18,1.0,0.9325000047683716,0.4572348594665527,1.0,0.0025238990783691,9991.886820001691,d10_B10_R1_20251106_193319,2025-11-06 19:33:20,10,40,10,15.811388300841898
186,7.391703324566719e-18,1.0,0.9325000047683716,0.4572348594665527,1.0,0.0013110637664794,9967.009153280274,d10_B10_R1_20251106_193319,2025-11-06 19:33:20,10,40,10,15.811388300841898
187,7.391703324566719e-18,1.0,0.9325000047683716,0.4572348594665527,1.0,0.0011656284332275,9953.775692983132,d10_B10_R1_20251106_193319,2025-11-06 19:33:20,10,40,10,15.811388300841898
188,7.391703324566719e-18,1.0,0.9325000047683716,0.4572348594665527,1.0,0.0021839141845703,9885.860856291994,d10_B10_R1_20251106_193319,2025-11-06 19:33:20,10,40,10,15.811388300841898
189,7.391703324566719e-18,1.0,0.9325000047683716,0.4572348594665527,1.0,0.0009889602661132,9882.70682659206,d10_B10_R1_20251106_193319,2025-11-06 19:33:20,10,40,10,15.811388300841898
190,7.391703324566719e-18,1.0,0.9325000047683716,0.4572348594665527,1.0,0.0005209445953369,9897.347165442952,d10_B10_R1_20251106_193319,2025-11-06 19:33:20,10,40,10,15.811388300841898
191,7.391703324566719e-18,1.0,0.9325000047683716,0.4572348594665527,1.0,0.0003409385681152,9929.403130825913,d10_B10_R1_20251106_193319,2025-11-06 19:33:20,10,40,10,15.811388300841898
192,7.391703324566719e-18,1.0,0.9325000047683716,0.4572348594665527,1.0,0.0007770061492919,9932.37733922936,d10_B10_R1_20251106_193319,2025-11-06 19:33:20,10,40,10,15.811388300841898
193,7.391703324566719e-18,1.0,0.9325000047683716,0.4572348594665527,1.0,0.0006759166717529,9939.193988320125,d10_B10_R1_20251106_193319,2025-11-06 19:33:20,10,40,10,15.811388300841898
194,7.391703324566719e-18,1.0,0.9325000047683716,0.4572348594665527,1.0,0.000502586364746,9962.195536380945,d10_B10_R1_20251106_193319,2025-11-06 19:33:20,10,40,10,15.811388300841898
195,7.391703324566719e-18,1.0,0.9325000047683716,0.4572348594665527,1.0,0.0010831356048583,9950.453522671292,d10_B10_R1_20251106_193319,2025-11-06 19:33:20,10,40,10,15.811388300841898
196,7.391703324566719e-18,1.0,0.9325000047683716,0.4572348594665527,1.0,0.000943899154663,9949.497249756763,d10_B10_R1_20251106_193319,2025-11-06 19:33:20,10,40,10,15.811388300841898
197,7.391703324566719e-18,1.0,0.9325000047683716,0.4572348594665527,1.0,0.0003829002380371,9978.27884846446,d10_B10_R1_20251106_193319,2025-11-06 19:33:20,10,40,10,15.811388300841898
198,7.391703324566719e-18,1.0,0.9325000047683716,0.4572348594665527,1.0,0.0004830360412597,10001.755452236015,d10_B10_R1_20251106_193319,2025-11-06 19:33:20,10,40,10,15.811388300841898
199,7.391703324566719e-18,1.0,0.9325000047683716,0.4572348594665527,1.0,0.0003330707550048,10033.307976786798,d10_B10_R1_20251106_193319,2025-11-06 19:33:20,10,40,10,15.811388300841898
200,7.391703324566719e-18,1.0,0.9325000047683716,0.4572348594665527,1.0,0.000483751296997,10056.59121734058,d10_B10_R1_20251106_193319,2025-11-06 19:33:20,10,40,10,15.811388300841898
201,7.391703324566719e-18,1.0,0.9325000047683716,0.4572348594665527,1.0,0.0016052722930908,10011.798012646366,d10_B10_R1_20251106_193319,2025-11-06 19:33:20,10,40,10,15.811388300841898
202,7.391703324566719e-18,1.0,0.9325000047683716,0.4572348594665527,1.0,0.0007250308990478,10014.65202223482,d10_B10_R1_20251106_193319,2025-11-06 19:33:20,10,40,10,15.811388300841898
203,7.391703324566719e-18,1.0,0.9325000047683716,0.4572348594665527,1.0,0.0003159046173095,10045.847888951115,d10_B10_R1_20251106_193319,2025-11-06 19:33:20,10,40,10,15.811388300841898
204,7.391703324566719e-18,1.0,0.9325000047683716,0.4572348594665527,1.0,0.0004889965057373,10068.612473696476,d10_B10_R1_20251106_193319,2025-11-06 19:33:20,10,40,10,15.811388300841898
205,7.391703324566719e-18,1.0,0.9325000047683716,0.4572348594665527,1.0,0.0010600090026855,10063.109404990402,d10_B10_R1_20251106_193319,2025-11-06 19:33:20,10,40,10,15.811388300841898
206,7.391703324566719e-18,1.0,0.9325000047683716,0.4572348594665527,1.0,0.0004529953002929,10086.397144928344,d10_B10_R1_20251106_193319,2025-11-06 19:33:20,10,40,10,15.811388300841898
207,7.391703324566719e-18,1.0,0.9325000047683716,0.4572348594665527,1.0,0.0026259422302246,10004.819201944963,d10_B10_R1_20251106_193319,2025-11-06 19:33:20,10,40,10,15.811388300841898
208,7.391703324566719e-18,1.0,0.9325000047683716,0.4572348594665527,1.0,0.0025498867034912,9911.217621559774,d10_B10_R1_20251106_193319,2025-11-06 19:33:20,10,40,10,15.811388300841898
209,7.391703324566719e-18,1.0,0.9325000047683716,0.4572348594665527,1.0,0.0017838478088378,9851.301030422806,d10_B10_R1_20251106_193319,2025-11-06 19:33:20,10,40,10,15.811388300841898
210,7.391703324566719e-18,1.0,0.9325000047683716,0.4572348594665527,1.0,0.0026309490203857,9774.761887405552,d10_B10_R1_20251106_193319,2025-11-06 19:33:20,10,40,10,15.811388300841898
211,7.391703324566719e-18,1.0,0.9325000047683716,0.4572348594665527,1.0,0.0011069774627685,9753.03987680266,d10_B10_R1_20251106_193319,2025-11-06 19:33:20,10,40,10,15.811388300841898
212,7.391703324566719e-18,1.0,0.9325000047683716,0.4572348594665527,1.0,0.0010418891906738,9739.860452135084,d10_B10_R1_20251106_193319,2025-11-06 19:33:20,10,40,10,15.811388300841898
213,7.391703324566719e-18,1.0,0.9325000047683716,0.4572348594665527,1.0,0.0015990734100341,9711.20096421624,d10_B10_R1_20251106_193319,2025-11-06 19:33:20,10,40,10,15.811388300841898
214,7.391703324566719e-18,1.0,0.9325000047683716,0.4572348594665527,1.0,0.0013680458068847,9671.8304798616,d10_B10_R1_20251106_193319,2025-11-06 19:33:20,10,40,10,15.811388300841898
215,7.391703324566719e-18,1.0,0.9325000047683716,0.4572348594665527,1.0,0.0007600784301757,9667.151434702397,d10_B10_R1_20251106_193319,2025-11-06 19:33:20,10,40,10,15.811388300841898
216,7.391703324566719e-18,1.0,0.9325000047683716,0.4572348594665527,1.0,0.000270128250122,9697.895381756538,d10_B10_R1_20251106_193319,2025-11-06 19:33:20,10,40,10,15.811388300841898
217,7.391703324566719e-18,1.0,0.9325000047683716,0.4572348594665527,1.0,0.0026838779449462,9624.854310066245,d10_B10_R1_20251106_193319,2025-11-06 19:33:20,10,40,10,15.811388300841898
218,7.391703324566719e-18,1.0,0.9325000047683716,0.4572348594665527,1.0,0.0008261203765869,9615.51223617738,d10_B10_R1_20251106_193319,2025-11-06 19:33:20,10,40,10,15.811388300841898
219,7.391703324566719e-18,1.0,0.9325000047683716,0.4572348594665527,1.0,0.0003738403320312,9641.594569969322,d10_B10_R1_20251106_193319,2025-11-06 19:33:20,10,40,10,15.811388300841898
220,7.391703324566719e-18,1.0,0.9325000047683716,0.4572348594665527,1.0,0.0004937648773193,9662.008220003398,d10_B10_R1_20251106_193319,2025-11-06 19:33:20,10,40,10,15.811388300841898
221,7.391703324566719e-18,1.0,0.9325000047683716,0.4572348594665527,1.0,0.0004758834838867,9679.404558949496,d10_B10_R1_20251106_193319,2025-11-06 19:33:20,10,40,10,15.811388300841898
222,7.391703324566719e-18,1.0,0.9325000047683716,0.4572348594665527,1.0,0.0002758502960205,9709.238607345278,d10_B10_R1_20251106_193319,2025-11-06 19:33:20,10,40,10,15.811388300841898
223,7.391703324566719e-18,1.0,0.9325000047683716,0.4572348594665527,1.0,0.0011608600616455,9701.838458980708,d10_B10_R1_20251106_193319,2025-11-06 19:33:20,10,40,10,15.811388300841898
224,7.391703324566719e-18,1.0,0.9325000047683716,0.4572348594665527,1.0,0.0023150444030761,9637.214014076166,d10_B10_R1_20251106_193319,2025-11-06 19:33:20,10,40,10,15.811388300841898
225,7.391703324566719e-18,1.0,0.9325000047683716,0.4572348594665527,1.0,0.0004138946533203,9658.367015065587,d10_B10_R1_20251106_193319,2025-11-06 19:33:20,10,40,10,15.811388300841898
226,7.391703324566719e-18,1.0,0.9325000047683716,0.4572348594665527,1.0,0.001781940460205,9625.866892862596,d10_B10_R1_20251106_193319,2025-11-06 19:33:20,10,40,10,15.811388300841898
227,7.391703324566719e-18,1.0,0.9325000047683716,0.4572348594665527,1.0,0.0005939006805419,9640.756177817924,d10_B10_R1_20251106_193319,2025-11-06 19:33:20,10,40,10,15.811388300841898
228,7.391703324566719e-18,1.0,0.9325000047683716,0.4572348594665527,1.0,0.0013449192047119,9620.56070947076,d10_B10_R1_20251106_193319,2025-11-06 19:33:20,10,40,10,15.811388300841898
229,7.391703324566719e-18,1.0,0.9325000047683716,0.4572348594665527,1.0,0.0018212795257568,9576.759016959786,d10_B10_R1_20251106_193319,2025-11-06 19:33:20,10,40,10,15.811388300841898
230,7.391703324566719e-18,1.0,0.9325000047683716,0.4572348594665527,1.0,0.0015947818756103,9551.84961285247,d10_B10_R1_20251106_193319,2025-11-06 19:33:20,10,40,10,15.811388300841898
231,7.391703324566719e-18,1.0,0.9325000047683716,0.4572348594665527,1.0,0.0003378391265869,9575.57478825714,d10_B10_R1_20251106_193319,2025-11-06 19:33:20,10,40,10,15.811388300841898
232,7.391703324566719e-18,1.0,0.9325000047683716,0.4572348594665527,1.0,0.0003700256347656,9600.570882927346,d10_B10_R1_20251106_193319,2025-11-06 19:33:20,10,40,10,15.811388300841898
233,7.391703324566719e-18,1.0,0.9325000047683716,0.4572348594665527,1.0,0.0005722045898437,9617.36157002928,d10_B10_R1_20251106_193319,2025-11-06 19:33:20,10,40,10,15.811388300841898
234,7.391703324566719e-18,1.0,0.9325000047683716,0.4572348594665527,1.0,0.0002870559692382,9645.41832045531,d10_B10_R1_20251106_193319,2025-11-06 19:33:20,10,40,10,15.811388300841898
235,7.391703324566719e-18,1.0,0.9325000047683716,0.4572348594665527,1.0,0.0002901554107666,9673.52229094573,d10_B10_R1_20251106_193319,2025-11-06 19:33:20,10,40,10,15.811388300841898
236,7.391703324566719e-18,1.0,0.9325000047683716,0.4572348594665527,1.0,0.0002999305725097,9701.229359087469,d10_B10_R1_20251106_193319,2025-11-06 19:33:20,10,40,10,15.811388300841898
237,7.391703324566719e-18,1.0,0.9325000047683716,0.4572348594665527,1.0,0.0003261566162109,9727.704131897988,d10_B10_R1_20251106_193319,2025-11-06 19:33:20,10,40,10,15.811388300841898
238,7.391703324566719e-18,1.0,0.9325000047683716,0.4572348594665527,1.0,0.0012290477752685,9718.016375738467,d10_B10_R1_20251106_193319,2025-11-06 19:33:20,10,40,10,15.811388300841898
239,7.391703324566719e-18,1.0,0.9325000047683716,0.4572348594665527,1.0,0.0014770030975341,9693.096903722177,d10_B10_R1_20251106_193319,2025-11-06 19:33:20,10,40,10,15.811388300841898
240,7.391703324566719e-18,1.0,0.9325000047683716,0.4572348594665527,1.0,0.0009119510650634,9693.748563910078,d10_B10_R1_20251106_193319,2025-11-06 19:33:20,10,40,10,15.811388300841898
241,7.391703324566719e-18,1.0,0.9325000047683716,0.4572348594665527,1.0,0.0005850791931152,9700.871320437342,d10_B10_R1_20251106_193319,2025-11-06 19:33:20,10,40,10,15.811388300841898
242,7.391703324566719e-18,1.0,0.9325000047683716,0.4572348594665527,1.0,0.0014946460723876,9680.698382364537,d10_B10_R1_20251106_193319,2025-11-06 19:33:20,10,40,10,15.811388300841898
243,7.391703324566719e-18,1.0,0.9325000047683716,0.4572348594665527,1.0,0.0006330013275146,9684.002024971494,d10_B10_R1_20251106_193319,2025-11-06 19:33:20,10,40,10,15.811388300841898
244,7.391703324566719e-18,1.0,0.9325000047683716,0.4572348594665527,1.0,0.0008671283721923,9688.696632730604,d10_B10_R1_20251106_193319,2025-11-06 19:33:20,10,40,10,15.811388300841898
245,7.391703324566719e-18,1.0,0.9325000047683716,0.4572348594665527,1.0,0.0004699230194091,9706.059606075372,d10_B10_R1_20251106_193319,2025-11-06 19:33:20,10,40,10,15.811388300841898
246,7.391703324566719e-18,1.0,0.9325000047683716,0.4572348594665527,1.0,0.0003859996795654,9729.123687475172,d10_B10_R1_20251106_193319,2025-11-06 19:33:20,10,40,10,15.811388300841898
247,7.391703324566719e-18,1.0,0.9325000047683716,0.4572348594665527,1.0,0.0002751350402832,9756.55580588702,d10_B10_R1_20251106_193319,2025-11-06 19:33:20,10,40,10,15.811388300841898
248,7.391703324566719e-18,1.0,0.9325000047683716,0.4572348594665527,1.0,0.0014810562133789,9737.479660394318,d10_B10_R1_20251106_193319,2025-11-06 19:33:20,10,40,10,15.811388300841898
249,7.391703324566719e-18,1.0,0.9325000047683716,0.4572348594665527,1.0,0.0009732246398925,9727.591517153089,d10_B10_R1_20251106_193319,2025-11-06 19:33:20,10,40,10,15.811388300841898
250,7.391703324566719e-18,1.0,0.9325000047683716,0.4572348594665527,1.0,0.002490758895874,9666.344727662705,d10_B10_R1_20251106_193319,2025-11-06 19:33:20,10,40,10,15.811388300841898
251,7.391703324566719e-18,1.0,0.9325000047683716,0.4572348594665527,1.0,0.0012717247009277,9648.891006786402,d10_B10_R1_20251106_193319,2025-11-06 19:33:20,10,40,10,15.811388300841898
252,7.391703324566719e-18,1.0,0.9325000047683716,0.4572348594665527,1.0,0.0004000663757324,9670.301329216703,d10_B10_R1_20251106_193319,2025-11-06 19:33:20,10,40,10,15.811388300841898
253,7.391703324566719e-18,1.0,0.9325000047683716,0.4572348594665527,1.0,0.0004527568817138,9690.2179075887,d10_B10_R1_20251106_193319,2025-11-06 19:33:20,10,40,10,15.811388300841898
254,7.391703324566719e-18,1.0,0.9325000047683716,0.4572348594665527,1.0,0.0005168914794921,9707.151297768953,d10_B10_R1_20251106_193319,2025-11-06 19:33:20,10,40,10,15.811388300841898
255,7.391703324566719e-18,1.0,0.9325000047683716,0.4572348594665527,1.0,0.0011672973632812,9694.17915069767,d10_B10_R1_20251106_193319,2025-11-06 19:33:20,10,40,10,15.811388300841898
256,7.391703324566719e-18,1.0,0.9325000047683716,0.4572348594665527,1.0,0.0010628700256347,9691.02087199183,d10_B10_R1_20251106_193319,2025-11-06 19:33:20,10,40,10,15.811388300841898
257,7.391703324566719e-18,1.0,0.9325000047683716,0.4572348594665527,1.0,0.000443696975708,9708.95863782323,d10_B10_R1_20251106_193319,2025-11-06 19:33:20,10,40,10,15.811388300841898
258,7.391703324566719e-18,1.0,0.9325000047683716,0.4572348594665527,1.0,0.0004611015319824,9727.511728176729,d10_B10_R1_20251106_193319,2025-11-06 19:33:20,10,40,10,15.811388300841898
259,7.391703324566719e-18,1.0,0.9325000047683716,0.4572348594665527,1.0,0.0013320446014404,9710.446227506309,d10_B10_R1_20251106_193319,2025-11-06 19:33:20,10,40,10,15.811388300841898
260,7.391703324566719e-18,1.0,0.9325000047683716,0.4572348594665527,1.0,0.0020079612731933,9672.29583240193,d10_B10_R1_20251106_193319,2025-11-06 19:33:20,10,40,10,15.811388300841898
261,7.391703324566719e-18,1.0,0.9325000047683716,0.4572348594665527,1.0,0.0009851455688476,9670.826744767282,d10_B10_R1_20251106_193319,2025-11-06 19:33:20,10,40,10,15.811388300841898
262,7.391703324566719e-18,1.0,0.9325000047683716,0.4572348594665527,1.0,0.0013511180877685,9655.945315461127,d10_B10_R1_20251106_193319,2025-11-06 19:33:20,10,40,10,15.811388300841898
263,7.391703324566719e-18,1.0,0.9325000047683716,0.4572348594665527,1.0,0.0007381439208984,9654.697196527331,d10_B10_R1_20251106_193319,2025-11-06 19:33:20,10,40,10,15.811388300841898
264,7.391703324566719e-18,1.0,0.9325000047683716,0.4572348594665527,1.0,0.0003693103790283,9676.157710087144,d10_B10_R1_20251106_193319,2025-11-06 19:33:20,10,40,10,15.811388300841898
265,7.391703324566719e-18,1.0,0.9325000047683716,0.4572348594665527,1.0,0.000903844833374,9679.093100830676,d10_B10_R1_20251106_193319,2025-11-06 19:33:20,10,40,10,15.811388300841898
266,7.391703324566719e-18,1.0,0.9325000047683716,0.4572348594665527,1.0,0.0011818408966064,9671.739995578157,d10_B10_R1_20251106_193319,2025-11-06 19:33:20,10,40,10,15.811388300841898
267,7.391703324566719e-18,1.0,0.9325000047683716,0.4572348594665527,1.0,0.0014078617095947,9649.378514195849,d10_B10_R1_20251106_193319,2025-11-06 19:33:20,10,40,10,15.811388300841898
268,7.391703324566719e-18,1.0,0.9325000047683716,0.4572348594665527,1.0,0.0005147457122802,9665.1062481047,d10_B10_R1_20251106_193319,2025-11-06 19:33:20,10,40,10,15.811388300841898
269,7.391703324566719e-18,1.0,0.9325000047683716,0.4572348594665527,1.0,0.0005209445953369,9681.132401291889,d10_B10_R1_20251106_193319,2025-11-06 19:33:20,10,40,10,15.811388300841898
270,7.391703324566719e-18,1.0,0.9325000047683716,0.4572348594665527,1.0,0.0005497932434082,9695.91832835169,d10_B10_R1_20251106_193319,2025-11-06 19:33:20,10,40,10,15.811388300841898
271,7.391703324566719e-18,1.0,0.9325000047683716,0.4572348594665527,1.0,0.0016987323760986,9671.111111111111,d10_B10_R1_20251106_193319,2025-11-06 19:33:20,10,40,10,15.811388300841898
272,7.391703324566719e-18,1.0,0.9325000047683716,0.4572348594665527,1.0,0.0008552074432373,9672.172622491777,d10_B10_R1_20251106_193319,2025-11-06 19:33:20,10,40,10,15.811388300841898
273,7.391703324566719e-18,1.0,0.9325000047683716,0.4572348594665527,1.0,0.0004060268402099,9691.4011235974,d10_B10_R1_20251106_193319,2025-11-06 19:33:20,10,40,10,15.811388300841898
274,7.391703324566719e-18,1.0,0.9325000047683716,0.4572348594665527,1.0,0.0004880428314208,9708.603909084864,d10_B10_R1_20251106_193319,2025-11-06 19:33:20,10,40,10,15.811388300841898
275,7.391703324566719e-18,1.0,0.9325000047683716,0.4572348594665527,1.0,0.0002639293670654,9732.74198430154,d10_B10_R1_20251106_193319,2025-11-06 19:33:20,10,40,10,15.811388300841898
276,7.391703324566719e-18,1.0,0.9325000047683716,0.4572348594665527,1.0,0.0011579990386962,9726.879077730662,d10_B10_R1_20251106_193319,2025-11-06 19:33:20,10,40,10,15.811388300841898
277,7.391703324566719e-18,1.0,0.9325000047683716,0.4572348594665527,1.0,0.0012378692626953,9717.395408220667,d10_B10_R1_20251106_193319,2025-11-06 19:33:20,10,40,10,15.811388300841898
278,7.391703324566719e-18,1.0,0.9325000047683716,0.4572348594665527,1.0,0.0007107257843017,9725.82935989807,d10_B10_R1_20251106_193319,2025-11-06 19:33:20,10,40,10,15.811388300841898
279,7.391703324566719e-18,1.0,0.9325000047683716,0.4572348594665527,1.0,0.0004808902740478,9742.518891395111,d10_B10_R1_20251106_193319,2025-11-06 19:33:20,10,40,10,15.811388300841898
280,7.391703324566719e-18,1.0,0.9325000047683716,0.4572348594665527,1.0,0.0005459785461425,9757.554732076922,d10_B10_R1_20251106_193319,2025-11-06 19:33:20,10,40,10,15.811388300841898
281,7.391703324566719e-18,1.0,0.9325000047683716,0.4572348594665527,1.0,0.0004217624664306,9776.083908801247,d10_B10_R1_20251106_193319,2025-11-06 19:33:20,10,40,10,15.811388300841898
282,7.391703324566719e-18,1.0,0.9325000047683716,0.4572348594665527,1.0,0.0012650489807128,9763.911921552304,d10_B10_R1_20251106_193319,2025-11-06 19:33:20,10,40,10,15.811388300841898
283,7.391703324566719e-18,1.0,0.9325000047683716,0.4572348594665527,1.0,0.0005557537078857,9776.924376272716,d10_B10_R1_20251106_193319,2025-11-06 19:33:20,10,40,10,15.811388300841898
284,7.391703324566719e-18,1.0,0.9325000047683716,0.4572348594665527,1.0,0.0014011859893798,9762.615654628267,d10_B10_R1_20251106_193319,2025-11-06 19:33:20,10,40,10,15.811388300841898
285,7.391703324566719e-18,1.0,0.9325000047683716,0.4572348594665527,1.0,0.0007338523864746,9768.333935929382,d10_B10_R1_20251106_193319,2025-11-06 19:33:20,10,40,10,15.811388300841898
286,7.391703324566719e-18,1.0,0.9325000047683716,0.4572348594665527,1.0,0.0005347728729248,9781.500485513812,d10_B10_R1_20251106_193319,2025-11-06 19:33:20,10,40,10,15.811388300841898
287,7.391703324566719e-18,1.0,0.9325000047683716,0.4572348594665527,1.0,0.0006968975067138,9783.306690207864,d10_B10_R1_20251106_193319,2025-11-06 19:33:20,10,40,10,15.811388300841898
288,7.391703324566719e-18,1.0,0.9325000047683716,0.4572348594665527,1.0,0.0010309219360351,9781.263640185562,d10_B10_R1_20251106_193319,2025-11-06 19:33:20,10,40,10,15.811388300841898
289,7.391703324566719e-18,1.0,0.9325000047683716,0.4572348594665527,1.0,0.0005500316619873,9790.357648217876,d10_B10_R1_20251106_193319,2025-11-06 19:33:20,10,40,10,15.811388300841898
290,7.391703324566719e-18,1.0,0.9325000047683716,0.4572348594665527,1.0,0.0002679824829101,9813.738144323266,d10_B10_R1_20251106_193319,2025-11-06 19:33:20,10,40,10,15.811388300841898
291,7.391703324566719e-18,1.0,0.9325000047683716,0.4572348594665527,1.0,0.0003550052642822,9834.56527098244,d10_B10_R1_20251106_193319,2025-11-06 19:33:20,10,40,10,15.811388300841898
292,7.391703324566719e-18,1.0,0.9325000047683716,0.4572348594665527,1.0,0.0003159046173095,9856.065084154185,d10_B10_R1_20251106_193319,2025-11-06 19:33:20,10,40,10,15.811388300841898
293,7.391703324566719e-18,1.0,0.9325000047683716,0.4572348594665527,1.0,0.0003068447113037,9878.366462149996,d10_B10_R1_20251106_193319,2025-11-06 19:33:20,10,40,10,15.811388300841898
294,7.391703324566719e-18,1.0,0.9325000047683716,0.4572348594665527,1.0,0.000514268875122,9893.452418552028,d10_B10_R1_20251106_193319,2025-11-06 19:33:20,10,40,10,15.811388300841898
295,7.391703324566719e-18,1.0,0.9325000047683716,0.4572348594665527,1.0,0.0008559226989746,9896.760642983263,d10_B10_R1_20251106_193319,2025-11-06 19:33:20,10,40,10,15.811388300841898
296,7.391703324566719e-18,1.0,0.9325000047683716,0.4572348594665527,1.0,0.001047134399414,9887.703737570007,d10_B10_R1_20251106_193319,2025-11-06 19:33:20,10,40,10,15.811388300841898
297,7.391703324566719e-18,1.0,0.9325000047683716,0.4572348594665527,1.0,0.001194953918457,9879.692267076009,d10_B10_R1_20251106_193319,2025-11-06 19:33:20,10,40,10,15.811388300841898
298,7.391703324566719e-18,1.0,0.9325000047683716,0.4572348594665527,1.0,0.0004830360412597,9894.700558526103,d10_B10_R1_20251106_193319,2025-11-06 19:33:20,10,40,10,15.811388300841898
299,7.391703324566719e-18,1.0,0.9325000047683716,0.4572348594665527,1.0,0.0007770061492919,9895.703914819123,d10_B10_R1_20251106_193319,2025-11-06 19:33:20,10,40,10,15.811388300841898
0,0.6931471824645996,0.5400000214576721,0.9959999918937684,0.2742497622966766,0.9399999976158142,0.0284869670867919,1640.3607437014557,d50_B50_R3_20251106_193319,2025-11-06 19:33:20,50,40,50,35.35533905932738
1,0.0,1.0,0.9959999918937684,0.2742497622966766,0.9399999976158142,0.0040721893310546,2817.540842648323,d50_B50_R3_20251106_193319,2025-11-06 19:33:20,50,40,50,35.35533905932738
2,0.0,1.0,0.9959999918937684,0.2742497622966766,0.9399999976158142,0.001249074935913,4074.882768983653,d50_B50_R3_20251106_193319,2025-11-06 19:33:20,50,40,50,35.35533905932738
3,0.0,1.0,0.9959999918937684,0.2742497622966766,0.9399999976158142,0.0020959377288818,5133.347204033926,d50_B50_R3_20251106_193319,2025-11-06 19:33:20,50,40,50,35.35533905932738
4,0.0,1.0,0.9959999918937684,0.2742497622966766,0.9399999976158142,0.001357078552246,6182.896699745862,d50_B50_R3_20251106_193319,2025-11-06 19:33:20,50,40,50,35.35533905932738
5,0.0,1.0,0.9959999918937684,0.2742497622966766,0.9399999976158142,0.0013890266418457,7157.88180282267,d50_B50_R3_20251106_193319,2025-11-06 19:33:20,50,40,50,35.35533905932738
6,0.0,1.0,0.9959999918937684,0.2742497622966766,0.9399999976158142,0.0020360946655273,7905.130234837347,d50_B50_R3_20251106_193319,2025-11-06 19:33:20,50,40,50,35.35533905932738
7,0.0,1.0,0.9959999918937684,0.2742497622966766,0.9399999976158142,0.0012621879577636,8740.318412936567,d50_B50_R3_20251106_193319,2025-11-06 19:33:20,50,40,50,35.35533905932738
8,0.0,1.0,0.9959999918937684,0.2742497622966766,0.9399999976158142,0.0018892288208007,9405.956225331898,d50_B50_R3_20251106_193319,2025-11-06 19:33:20,50,40,50,35.35533905932738
9,0.0,1.0,0.9959999918937684,0.2742497622966766,0.9399999976158142,0.0012023448944091,10157.273766394792,d50_B50_R3_20251106_193319,2025-11-06 19:33:20,50,40,50,35.35533905932738
10,0.0,1.0,0.9959999918937684,0.2742497622966766,0.9399999976158142,0.0010428428649902,10927.426719972716,d50_B50_R3_20251106_193319,2025-11-06 19:33:20,50,40,50,35.35533905932738
11,0.0,1.0,0.9959999918937684,0.2742497622966766,0.9399999976158142,0.0013151168823242,11605.60408039033,d50_B50_R3_20251106_193319,2025-11-06 19:33:20,50,40,50,35.35533905932738
12,0.0,1.0,0.9959999918937684,0.2742497622966766,0.9399999976158142,0.00189208984375,12113.97086921361,d50_B50_R3_20251106_193319,2025-11-06 19:33:20,50,40,50,35.35533905932738
13,0.0,1.0,0.9959999918937684,0.2742497622966766,0.9399999976158142,0.0012092590332031,12715.516673884798,d50_B50_R3_20251106_193319,2025-11-06 19:33:20,50,40,50,35.35533905932738
14,0.0,1.0,0.9959999918937684,0.2742497622966766,0.9399999976158142,0.0019330978393554,13144.552436507074,d50_B50_R3_20251106_193319,2025-11-06 19:33:20,50,40,50,35.35533905932738
15,0.0,1.0,0.9959999918937684,0.2742497622966766,0.9399999976158142,0.0021059513092041,13489.164666674707,d50_B50_R3_20251106_193319,2025-11-06 19:33:20,50,40,50,35.35533905932738
16,0.0,1.0,0.9959999918937684,0.2742497622966766,0.9399999976158142,0.0016651153564453,13927.32486141658,d50_B50_R3_20251106_193319,2025-11-06 19:33:20,50,40,50,35.35533905932738
17,0.0,1.0,0.9959999918937684,0.2742497622966766,0.9399999976158142,0.0010178089141845,14491.378205005163,d50_B50_R3_20251106_193319,2025-11-06 19:33:20,50,40,50,35.35533905932738
18,0.0,1.0,0.9959999918937684,0.2742497622966766,0.9399999976158142,0.0013439655303955,14962.276152890065,d50_B50_R3_20251106_193319,2025-11-06 19:33:20,50,40,50,35.35533905932738
19,0.0,1.0,0.9959999918937684,0.2742497622966766,0.9399999976158142,0.0011200904846191,15441.410463613704,d50_B50_R3_20251106_193319,2025-11-06 19:33:20,50,40,50,35.35533905932738
20,0.0,1.0,0.9959999918937684,0.2742497622966766,0.9399999976158142,0.001357078552246,15865.594074565084,d50_B50_R3_20251106_193319,2025-11-06 19:33:20,50,40,50,35.35533905932738
21,0.0,1.0,0.9959999918937684,0.2742497622966766,0.9399999976158142,0.0016450881958007,16178.153676761938,d50_B50_R3_20251106_193319,2025-11-06 19:33:20,50,40,50,35.35533905932738
22,0.0,1.0,0.9959999918937684,0.2742497622966766,0.9399999976158142,0.0018999576568603,16410.47750276431,d50_B50_R3_20251106_193319,2025-11-06 19:33:20,50,40,50,35.35533905932738
23,0.0,1.0,0.9959999918937684,0.2742497622966766,0.9399999976158142,0.0015449523925781,16739.88605409936,d50_B50_R3_20251106_193319,2025-11-06 19:33:20,50,40,50,35.35533905932738
24,0.0,1.0,0.9959999918937684,0.2742497622966766,0.9399999976158142,0.0015859603881835,17006.766531941536,d50_B50_R3_20251106_193319,2025-11-06 19:33:20,50,40,50,35.35533905932738
25,0.0,1.0,0.9959999918937684,0.2742497622966766,0.9399999976158142,0.0018427371978759,17236.556984753697,d50_B50_R3_20251106_193319,2025-11-06 19:33:20,50,40,50,35.35533905932738
26,0.0,1.0,0.9959999918937684,0.2742497622966766,0.9399999976158142,0.0015749931335449,17472.545661572072,d50_B50_R3_20251106_193319,2025-11-06 19:33:20,50,40,50,35.35533905932738
27,0.0,1.0,0.9959999918937684,0.2742497622966766,0.9399999976158142,0.0066869258880615,16659.3156432902,d50_B50_R3_20251106_193319,2025-11-06 19:33:20,50,40,50,35.35533905932738
28,0.0,1.0,0.9959999918937684,0.2742497622966766,0.9399999976158142,0.0053179264068603,16197.329270955956,d50_B50_R3_20251106_193319,2025-11-06 19:33:20,50,40,50,35.35533905932738
29,0.0,1.0,0.9959999918937684,0.2742497622966766,0.9399999976158142,0.0020699501037597,16335.249489803866,d50_B50_R3_20251106_193319,2025-11-06 19:33:20,50,40,50,35.35533905932738
30,0.0,1.0,0.9959999918937684,0.2742497622966766,0.9399999976158142,0.0013189315795898,16609.874196482408,d50_B50_R3_20251106_193319,2025-11-06 19:33:20,50,40,50,35.35533905932738
31,0.0,1.0,0.9959999918937684,0.2742497622966766,0.9399999976158142,0.0013728141784667,16858.431493721,d50_B50_R3_20251106_193319,2025-11-06 19:33:20,50,40,50,35.35533905932738
32,0.0,1.0,0.9959999918937684,0.2742497622966766,0.9399999976158142,0.0016489028930664,17074.20366372664,d50_B50_R3_20251106_193319,2025-11-06 19:33:20,50,40,50,35.35533905932738
33,0.0,1.0,0.9959999918937684,0.2742497622966766,0.9399999976158142,0.0005528926849365,17478.194408697036,d50_B50_R3_20251106_193319,2025-11-06 19:33:20,50,40,50,35.35533905932738
34,0.0,1.0,0.9959999918937684,0.2742497622966766,0.9399999976158142,0.0010108947753906,17797.770681331578,d50_B50_R3_20251106_193319,2025-11-06 19:33:20,50,40,50,35.35533905932738
35,0.0,1.0,0.9959999918937684,0.2742497622966766,0.9399999976158142,0.0007462501525878,18158.907061766404,d50_B50_R3_20251106_193319,2025-11-06 19:33:20,50,40,50,35.35533905932738
36,0.0,1.0,0.9959999918937684,0.2742497622966766,0.9399999976158142,0.0010180473327636,18466.029195482173,d50_B50_R3_20251106_193319,2025-11-06 19:33:20,50,40,50,35.35533905932738
37,0.0,1.0,0.9959999918937684,0.2742497622966766,0.9399999976158142,0.0021886825561523,18547.98208782922,d50_B50_R3_20251106_193319,2025-11-06 19:33:20,50,40,50,35.35533905932738
38,0.0,1.0,0.9959999918937684,0.2742497622966766,0.9399999976158142,0.00146484375,18689.78480986625,d50_B50_R3_20251106_193319,2025-11-06 19:33:20,50,40,50,35.35533905932738
39,0.0,1.0,0.9959999918937684,0.2742497622966766,0.9399999976158142,0.0011420249938964,18947.457818535,d50_B50_R3_20251106_193319,2025-11-06 19:33:20,50,40,50,35.35533905932738
40,0.0,1.0,0.9959999918937684,0.2742497622966766,0.9399999976158142,0.0012998580932617,19146.69944508279,d50_B50_R3_20251106_193319,2025-11-06 19:33:20,50,40,50,35.35533905932738
41,0.0,1.0,0.9959999918937684,0.2742497622966766,0.9399999976158142,0.0011780261993408,19388.2394375498,d50_B50_R3_20251106_193319,2025-11-06 19:33:20,50,40,50,35.35533905932738
42,0.0,1.0,0.9959999918937684,0.2742497622966766,0.9399999976158142,0.0013020038604736,19605.34650537868,d50_B50_R3_20251106_193319,2025-11-06 19:33:20,50,40,50,35.35533905932738
43,0.0,1.0,0.9959999918937684,0.2742497622966766,0.9399999976158142,0.0010008811950683,19866.320471583153,d50_B50_R3_20251106_193319,2025-11-06 19:33:20,50,40,50,35.35533905932738
44,0.0,1.0,0.9959999918937684,0.2742497622966766,0.9399999976158142,0.0013849735260009,20059.35429566193,d50_B50_R3_20251106_193319,2025-11-06 19:33:20,50,40,50,35.35533905932738
45,0.0,1.0,0.9959999918937684,0.2742497622966766,0.9399999976158142,0.0017981529235839,20168.717359034938,d50_B50_R3_20251106_193319,2025-11-06 19:33:20,50,40,50,35.35533905932738
46,0.0,1.0,0.9959999918937684,0.2742497622966766,0.9399999976158142,0.0013427734375,20354.77045520722,d50_B50_R3_20251106_193319,2025-11-06 19:33:20,50,40,50,35.35533905932738
47,0.0,1.0,0.9959999918937684,0.2742497622966766,0.9399999976158142,0.0007479190826416,20643.037663184576,d50_B50_R3_20251106_193319,2025-11-06 19:33:20,50,40,50,35.35533905932738
48,0.0,1.0,0.9959999918937684,0.2742497622966766,0.9399999976158142,0.0041918754577636,20295.754224148997,d50_B50_R3_20251106_193319,2025-11-06 19:33:20,50,40,50,35.35533905932738
49,0.0,1.0,0.9959999918937684,0.2742497622966766,0.9399999976158142,0.0025191307067871,20241.451333310168,d50_B50_R3_20251106_193319,2025-11-06 19:33:20,50,40,50,35.35533905932738
50,0.0,1.0,0.9959999918937684,0.2742497622966766,0.9399999976158142,0.0012390613555908,20425.51787225022,d50_B50_R3_20251106_193319,2025-11-06 19:33:20,50,40,50,35.35533905932738
51,0.0,1.0,0.9959999918937684,0.2742497622966766,0.9399999976158142,0.0011401176452636,20627.86765860293,d50_B50_R3_20251106_193319,2025-11-06 19:33:20,50,40,50,35.35533905932738
52,0.0,1.0,0.9959999918937684,0.2742497622966766,0.9399999976158142,0.0011179447174072,20827.964238934288,d50_B50_R3_20251106_193319,2025-11-06 19:33:20,50,40,50,35.35533905932738
53,0.0,1.0,0.9959999918937684,0.2742497622966766,0.9399999976158142,0.0015418529510498,20940.768094261573,d50_B50_R3_20251106_193319,2025-11-06 19:33:20,50,40,50,35.35533905932738
54,0.0,1.0,0.9959999918937684,0.2742497622966766,0.9399999976158142,0.0014882087707519,21074.093359862454,d50_B50_R3_20251106_193319,2025-11-06 19:33:20,50,40,50,35.35533905932738
55,0.0,1.0,0.9959999918937684,0.2742497622966766,0.9399999976158142,0.001230239868164,21196.3909980706,d50_B50_R3_20251106_193319,2025-11-06 19:33:20,50,40,50,35.35533905932738
56,0.0,1.0,0.9959999918937684,0.2742497622966766,0.9399999976158142,0.001213788986206,21365.774770233897,d50_B50_R3_20251106_193319,2025-11-06 19:33:20,50,40,50,35.35533905932738
57,0.0,1.0,0.9959999918937684,0.2742497622966766,0.9399999976158142,0.0015013217926025,21486.90945577366,d50_B50_R3_20251106_193319,2025-11-06 19:33:20,50,40,50,35.35533905932738
58,0.0,1.0,0.9959999918937684,0.2742497622966766,0.9399999976158142,0.0014841556549072,21603.476615084302,d50_B50_R3_20251106_193319,2025-11-06 19:33:20,50,40,50,35.35533905932738
59,0.0,1.0,0.9959999918937684,0.2742497622966766,0.9399999976158142,0.0008981227874755,21810.270294630507,d50_B50_R3_20251106_193319,2025-11-06 19:33:20,50,40,50,35.35533905932738
60,0.0,1.0,0.9959999918937684,0.2742497622966766,0.9399999976158142,0.0011126995086669,21987.674992995984,d50_B50_R3_20251106_193319,2025-11-06 19:33:20,50,40,50,35.35533905932738
61,0.0,1.0,0.9959999918937684,0.2742497622966766,0.9399999976158142,0.0010199546813964,22177.88989808537,d50_B50_R3_20251106_193319,2025-11-06 19:33:20,50,40,50,35.35533905932738
62,0.0,1.0,0.9959999918937684,0.2742497622966766,0.9399999976158142,0.0010209083557128,22362.9574086706,d50_B50_R3_20251106_193319,2025-11-06 19:33:20,50,40,50,35.35533905932738
63,0.0,1.0,0.9959999918937684,0.2742497622966766,0.9399999976158142,0.0012037754058837,22516.99506604057,d50_B50_R3_20251106_193319,2025-11-06 19:33:20,50,40,50,35.35533905932738
64,0.0,1.0,0.9959999918937684,0.2742497622966766,0.9399999976158142,0.001072883605957,22673.044808888593,d50_B50_R3_20251106_193319,2025-11-06 19:33:20,50,40,50,35.35533905932738
65,0.0,1.0,0.9959999918937684,0.2742497622966766,0.9399999976158142,0.0014469623565673,22784.698705138293,d50_B50_R3_20251106_193319,2025-11-06 19:33:20,50,40,50,35.35533905932738
66,0.0,1.0,0.9959999918937684,0.2742497622966766,0.9399999976158142,0.0011987686157226,22930.46631481717,d50_B50_R3_20251106_193319,2025-11-06 19:33:20,50,40,50,35.35533905932738
67,0.0,1.0,0.9959999918937684,0.2742497622966766,0.9399999976158142,0.000939130783081,23114.019667114557,d50_B50_R3_20251106_193319,2025-11-06 19:33:20,50,40,50,35.35533905932738
68,0.0,1.0,0.9959999918937684,0.2742497622966766,0.9399999976158142,0.0010788440704345,23274.329371270487,d50_B50_R3_20251106_193319,2025-11-06 19:33:20,50,40,50,35.35533905932738
69,0.0,1.0,0.9959999918937684,0.2742497622966766,0.9399999976158142,0.0006892681121826,23461.11273590861,d50_B50_R3_20251106_193319,2025-11-06 19:33:20,50,40,50,35.35533905932738
70,0.0,1.0,0.9959999918937684,0.2742497622966766,0.9399999976158142,0.0020079612731933,23472.46114532806,d50_B50_R3_20251106_193319,2025-11-06 19:33:20,50,40,50,35.35533905932738
71,0.0,1.0,0.9959999918937684,0.2742497622966766,0.9399999976158142,0.0044341087341308,23108.05197190212,d50_B50_R3_20251106_193319,2025-11-06 19:33:20,50,40,50,35.35533905932738
72,0.0,1.0,0.9959999918937684,0.2742497622966766,0.9399999976158142,0.0015087127685546,23188.42911865788,d50_B50_R3_20251106_193319,2025-11-06 19:33:20,50,40,50,35.35533905932738
73,0.0,1.0,0.9959999918937684,0.2742497622966766,0.9399999976158142,0.0056879520416259,22671.019258553715,d50_B50_R3_20251106_193319,2025-11-06 19:33:20,50,40,50,35.35533905932738
74,0.0,1.0,0.9959999918937684,0.2742497622966766,0.9399999976158142,0.0006549358367919,22869.04052226762,d50_B50_R3_20251106_193319,2025-11-06 19:33:20,50,40,50,35.35533905932738
75,0.0,1.0,0.9959999918937684,0.2742497622966766,0.9399999976158142,0.000547170639038,23090.4651455907,d50_B50_R3_20251106_193319,2025-11-06 19:33:20,50,40,50,35.35533905932738
76,0.0,1.0,0.9959999918937684,0.2742497622966766,0.9399999976158142,0.0026099681854248,23022.725218385593,d50_B50_R3_20251106_193319,2025-11-06 19:33:20,50,40,50,35.35533905932738
77,0.0,1.0,0.9959999918937684,0.2742497622966766,0.9399999976158142,0.0027120113372802,22931.87162581783,d50_B50_R3_20251106_193319,2025-11-06 19:33:20,50,40,50,35.35533905932738
78,0.0,1.0,0.9959999918937684,0.2742497622966766,0.9399999976158142,0.0018460750579833,22955.22957999587,d50_B50_R3_20251106_193319,2025-11-06 19:33:20,50,40,50,35.35533905932738
79,0.0,1.0,0.9959999918937684,0.2742497622966766,0.9399999976158142,0.0007119178771972,23138.49820295196,d50_B50_R3_20251106_193319,2025-11-06 19:33:20,50,40,50,35.35533905932738
80,0.0,1.0,0.9959999918937684,0.2742497622966766,0.9399999976158142,0.0006332397460937,23335.395571380883,d50_B50_R3_20251106_193319,2025-11-06 19:33:20,50,40,50,35.35533905932738
81,0.0,1.0,0.9959999918937684,0.2742497622966766,0.9399999976158142,0.0018072128295898,23370.88317036211,d50_B50_R3_20251106_193319,2025-11-06 19:33:20,50,40,50,35.35533905932738
82,0.0,1.0,0.9959999918937684,0.2742497622966766,0.9399999976158142,0.0018098354339599,23362.236801133866,d50_B50_R3_20251106_193319,2025-11-06 19:33:20,50,40,50,35.35533905932738
83,0.0,1.0,0.9959999918937684,0.2742497622966766,0.9399999976158142,0.006443977355957,22780.273734520964,d50_B50_R3_20251106_193319,2025-11-06 19:33:20,50,40,50,35.35533905932738
84,0.0,1.0,0.9959999918937684,0.2742497622966766,0.9399999976158142,0.003741979598999,22561.63768062747,d50_B50_R3_20251106_193319,2025-11-06 19:33:20,50,40,50,35.35533905932738
85,0.0,1.0,0.9959999918937684,0.2742497622966766,0.9399999976158142,0.0020680427551269,22566.95095095095,d50_B50_R3_20251106_193319,2025-11-06 19:33:20,50,40,50,35.35533905932738
86,0.0,1.0,0.9959999918937684,0.2742497622966766,0.9399999976158142,0.0020480155944824,22564.83045973813,d50_B50_R3_20251106_193319,2025-11-06 19:33:20,50,40,50,35.35533905932738
87,0.0,1.0,0.9959999918937684,0.2742497622966766,0.9399999976158142,0.0013902187347412,22642.48384777525,d50_B50_R3_20251106_193319,2025-11-06 19:33:20,50,40,50,35.35533905932738
88,0.0,1.0,0.9959999918937684,0.2742497622966766,0.9399999976158142,0.0013508796691894,22732.82893486829,d50_B50_R3_20251106_193319,2025-11-06 19:33:20,50,40,50,35.35533905932738
89,0.0,1.0,0.9959999918937684,0.2742497622966766,0.9399999976158142,0.0032410621643066,22589.668127214907,d50_B50_R3_20251106_193319,2025-11-06 19:33:20,50,40,50,35.35533905932738
90,0.0,1.0,0.9959999918937684,0.2742497622966766,0.9399999976158142,0.0060720443725585,22137.022047607617,d50_B50_R3_20251106_193319,2025-11-06 19:33:20,50,40,50,35.35533905932738
91,0.0,1.0,0.9959999918937684,0.2742497622966766,0.9399999976158142,0.0045392513275146,21881.430757034646,d50_B50_R3_20251106_193319,2025-11-06 19:33:20,50,40,50,35.35533905932738
92,0.0,1.0,0.9959999918937684,0.2742497622966766,0.9399999976158142,0.0058281421661376,21495.027938502233,d50_B50_R3_20251106_193319,2025-11-06 19:33:20,50,40,50,35.35533905932738
93,0.0,1.0,0.9959999918937684,0.2742497622966766,0.9399999976158142,0.0026261806488037,21442.96876104741,d50_B50_R3_20251106_193319,2025-11-06 19:33:20,50,40,50,35.35533905932738
94,0.0,1.0,0.9959999918937684,0.2742497622966766,0.9399999976158142,0.0037000179290771,21297.68849464055,d50_B50_R3_20251106_193319,2025-11-06 19:33:20,50,40,50,35.35533905932738
95,0.0,1.0,0.9959999918937684,0.2742497622966766,0.9399999976158142,0.0018379688262939,21335.150979506972,d50_B50_R3_20251106_193319,2025-11-06 19:33:20,50,40,50,35.35533905932738
96,0.0,1.0,0.9959999918937684,0.2742497622966766,0.9399999976158142,0.0014209747314453,21414.49088621853,d50_B50_R3_20251106_193319,2025-11-06 19:33:20,50,40,50,35.35533905932738
97,0.0,1.0,0.9959999918937684,0.2742497622966766,0.9399999976158142,0.0044660568237304,21209.083375729988,d50_B50_R3_20251106_193319,2025-11-06 19:33:20,50,40,50,35.35533905932738
98,0.0,1.0,0.9959999918937684,0.2742497622966766,0.9399999976158142,0.0020520687103271,21225.497007628655,d50_B50_R3_20251106_193319,2025-11-06 19:33:20,50,40,50,35.35533905932738
99,0.0,1.0,0.9959999918937684,0.2742497622966766,0.9399999976158142,0.0042932033538818,21030.405134376255,d50_B50_R3_20251106_193319,2025-11-06 19:33:20,50,40,50,35.35533905932738
100,0.0,1.0,0.9959999918937684,0.2742497622966766,0.9399999976158142,0.0015769004821777,21090.608853755413,d50_B50_R3_20251106_193319,2025-11-06 19:33:20,50,40,50,35.35533905932738
101,0.0,1.0,0.9959999918937684,0.2742497622966766,0.9399999976158142,0.0007369518280029,21222.59158098802,d50_B50_R3_20251106_193319,2025-11-06 19:33:20,50,40,50,35.35533905932738
102,0.0,1.0,0.9959999918937684,0.2742497622966766,0.9399999976158142,0.0024518966674804,21208.60335831813,d50_B50_R3_20251106_193319,2025-11-06 19:33:20,50,40,50,35.35533905932738
103,0.0,1.0,0.9959999918937684,0.2742497622966766,0.9399999976158142,0.0029969215393066,21143.12492062984,d50_B50_R3_20251106_193319,2025-11-06 19:33:20,50,40,50,35.35533905932738
104,0.0,1.0,0.9959999918937684,0.2742497622966766,0.9399999976158142,0.0023040771484375,21137.722895452243,d50_B50_R3_20251106_193319,2025-11-06 19:33:20,50,40,50,35.35533905932738
105,0.0,1.0,0.9959999918937684,0.2742497622966766,0.9399999976158142,0.0016469955444335,21180.850747577,d50_B50_R3_20251106_193319,2025-11-06 19:33:20,50,40,50,35.35533905932738
106,0.0,1.0,0.9959999918937684,0.2742497622966766,0.9399999976158142,0.0051131248474121,20932.120662603287,d50_B50_R3_20251106_193319,2025-11-06 19:33:20,50,40,50,35.35533905932738
107,0.0,1.0,0.9959999918937684,0.2742497622966766,0.9399999976158142,0.0012359619140625,21008.01169438766,d50_B50_R3_20251106_193319,2025-11-06 19:33:20,50,40,50,35.35533905932738
108,0.0,1.0,0.9959999918937684,0.2742497622966766,0.9399999976158142,0.0013620853424072,21086.256317632917,d50_B50_R3_20251106_193319,2025-11-06 19:33:20,50,40,50,35.35533905932738
109,0.0,1.0,0.9959999918937684,0.2742497622966766,0.9399999976158142,0.0035851001739501,20982.10642642424,d50_B50_R3_20251106_193319,2025-11-06 19:33:20,50,40,50,35.35533905932738
110,0.0,1.0,0.9959999918937684,0.2742497622966766,0.9399999976158142,0.00447678565979,20800.00428895781,d50_B50_R3_20251106_193319,2025-11-06 19:33:20,50,40,50,35.35533905932738
111,0.0,1.0,0.9959999918937684,0.2742497622966766,0.9399999976158142,0.0024750232696533,20785.397896868133,d50_B50_R3_20251106_193319,2025-11-06 19:33:20,50,40,50,35.35533905932738
112,0.0,1.0,0.9959999918937684,0.2742497622966766,0.9399999976158142,0.0025749206542968,20765.336744887052,d50_B50_R3_20251106_193319,2025-11-06 19:33:20,50,40,50,35.35533905932738
113,0.0,1.0,0.9959999918937684,0.2742497622966766,0.9399999976158142,0.0018308162689208,20792.214508045097,d50_B50_R3_20251106_193319,2025-11-06 19:33:20,50,40,50,35.35533905932738
114,0.0,1.0,0.9959999918937684,0.2742497622966766,0.9399999976158142,0.0020828247070312,20811.093613147343,d50_B50_R3_20251106_193319,2025-11-06 19:33:20,50,40,50,35.35533905932738
115,0.0,1.0,0.9959999918937684,0.2742497622966766,0.9399999976158142,0.0018582344055175,20844.422928128744,d50_B50_R3_20251106_193319,2025-11-06 19:33:20,50,40,50,35.35533905932738
116,0.0,1.0,0.9959999918937684,0.2742497622966766,0.9399999976158142,0.0016660690307617,20890.52902593024,d50_B50_R3_20251106_193319,2025-11-06 19:33:20,50,40,50,35.35533905932738
117,0.0,1.0,0.9959999918937684,0.2742497622966766,0.9399999976158142,0.0022997856140136,20882.292441955644,d50_B50_R3_20251106_193319,2025-11-06 19:33:20,50,40,50,35.35533905932738
118,0.0,1.0,0.9959999918937684,0.2742497622966766,0.9399999976158142,0.0017600059509277,20921.887656425137,d50_B50_R3_20251106_193319,2025-11-06 19:33:20,50,40,50,35.35533905932738
119,0.0,1.0,0.9959999918937684,0.2742497622966766,0.9399999976158142,0.0019819736480712,20917.22237691326,d50_B50_R3_20251106_193319,2025-11-06 19:33:20,50,40,50,35.35533905932738
120,0.0,1.0,0.9959999918937684,0.2742497622966766,0.9399999976158142,0.0019090175628662,20944.326993630584,d50_B50_R3_20251106_193319,2025-11-06 19:33:20,50,40,50,35.35533905932738
121,0.0,1.0,0.9959999918937684,0.2742497622966766,0.9399999976158142,0.0009021759033203,21043.914515756253,d50_B50_R3_20251106_193319,2025-11-06 19:33:20,50,40,50,35.35533905932738
122,0.0,1.0,0.9959999918937684,0.2742497622966766,0.9399999976158142,0.0008521080017089,21147.24847697821,d50_B50_R3_20251106_193319,2025-11-06 19:33:20,50,40,50,35.35533905932738
123,0.0,1.0,0.9959999918937684,0.2742497622966766,0.9399999976158142,0.0013620853424072,21214.338635690612,d50_B50_R3_20251106_193319,2025-11-06 19:33:20,50,40,50,35.35533905932738
124,0.0,1.0,0.9959999918937684,0.2742497622966766,0.9399999976158142,0.0013871192932128,21278.12933242856,d50_B50_R3_20251106_193319,2025-11-06 19:33:20,50,40,50,35.35533905932738
125,0.0,1.0,0.9959999918937684,0.2742497622966766,0.9399999976158142,0.0010240077972412,21368.89668105864,d50_B50_R3_20251106_193319,2025-11-06 19:33:20,50,40,50,35.35533905932738
126,0.0,1.0,0.9959999918937684,0.2742497622966766,0.9399999976158142,0.0011351108551025,21450.45633047798,d50_B50_R3_20251106_193319,2025-11-06 19:33:20,50,40,50,35.35533905932738
127,0.0,1.0,0.9959999918937684,0.2742497622966766,0.9399999976158142,0.0013842582702636,21513.767794200387,d50_B50_R3_20251106_193319,2025-11-06 19:33:20,50,40,50,35.35533905932738
128,0.0,1.0,0.9959999918937684,0.2742497622966766,0.9399999976158142,0.0015161037445068,21566.35002630698,d50_B50_R3_20251106_193319,2025-11-06 19:33:20,50,40,50,35.35533905932738
129,0.0,1.0,0.9959999918937684,0.2742497622966766,0.9399999976158142,0.0027837753295898,21524.891854357287,d50_B50_R3_20251106_193319,2025-11-06 19:33:20,50,40,50,35.35533905932738
130,0.0,1.0,0.9959999918937684,0.2742497622966766,0.9399999976158142,0.0020511150360107,21528.904993715147,d50_B50_R3_20251106_193319,2025-11-06 19:33:20,50,40,50,35.35533905932738
131,0.0,1.0,0.9959999918937684,0.2742497622966766,0.9399999976158142,0.0011262893676757,21598.21174862429,d50_B50_R3_20251106_193319,2025-11-06 19:33:20,50,40,50,35.35533905932738
132,0.0,1.0,0.9959999918937684,0.2742497622966766,0.9399999976158142,0.0009129047393798,21692.966071639672,d50_B50_R3_20251106_193319,2025-11-06 19:33:20,50,40,50,35.35533905932738
133,0.0,1.0,0.9959999918937684,0.2742497622966766,0.9399999976158142,0.0020737648010253,21704.902747537504,d50_B50_R3_20251106_193319,2025-11-06 19:33:20,50,40,50,35.35533905932738
134,0.0,1.0,0.9959999918937684,0.2742497622966766,0.9399999976158142,0.0019121170043945,21717.591665688626,d50_B50_R3_20251106_193319,2025-11-06 19:33:20,50,40,50,35.35533905932738
135,0.0,1.0,0.9959999918937684,0.2742497622966766,0.9399999976158142,0.003270149230957,21643.437329021028,d50_B50_R3_20251106_193319,2025-11-06 19:33:20,50,40,50,35.35533905932738
136,0.0,1.0,0.9959999918937684,0.2742497622966766,0.9399999976158142,0.0022728443145751,21626.1775438681,d50_B50_R3_20251106_193319,2025-11-06 19:33:20,50,40,50,35.35533905932738
137,0.0,1.0,0.9959999918937684,0.2742497622966766,0.9399999976158142,0.0031101703643798,21557.92685379549,d50_B50_R3_20251106_193319,2025-11-06 19:33:20,50,40,50,35.35533905932738
138,0.0,1.0,0.9959999918937684,0.2742497622966766,0.9399999976158142,0.003350019454956,21475.941981151536,d50_B50_R3_20251106_193319,2025-11-06 19:33:20,50,40,50,35.35533905932738
139,0.0,1.0,0.9959999918937684,0.2742497622966766,0.9399999976158142,0.002810001373291,21433.269165208465,d50_B50_R3_20251106_193319,2025-11-06 19:33:20,50,40,50,35.35533905932738
140,0.0,1.0,0.9959999918937684,0.2742497622966766,0.9399999976158142,0.0014510154724121,21484.26249446906,d50_B50_R3_20251106_193319,2025-11-06 19:33:20,50,40,50,35.35533905932738
141,0.0,1.0,0.9959999918937684,0.2742497622966766,0.9399999976158142,0.0004808902740478,21601.962630516817,d50_B50_R3_20251106_193319,2025-11-06 19:33:20,50,40,50,35.35533905932738
142,0.0,1.0,0.9959999918937684,0.2742497622966766,0.9399999976158142,0.001749038696289,21635.84639403445,d50_B50_R3_20251106_193319,2025-11-06 19:33:20,50,40,50,35.35533905932738
143,0.0,1.0,0.9959999918937684,0.2742497622966766,0.9399999976158142,0.0028910636901855,21591.1407582176,d50_B50_R3_20251106_193319,2025-11-06 19:33:20,50,40,50,35.35533905932738
144,0.0,1.0,0.9959999918937684,0.2742497622966766,0.9399999976158142,0.00303316116333,21524.598263518747,d50_B50_R3_20251106_193319,2025-11-06 19:33:20,50,40,50,35.35533905932738
145,0.0,1.0,0.9959999918937684,0.2742497622966766,0.9399999976158142,0.0016698837280273,21550.444650434725,d50_B50_R3_20251106_193319,2025-11-06 19:33:20,50,40,50,35.35533905932738
146,0.0,1.0,0.9959999918937684,0.2742497622966766,0.9399999976158142,0.0007140636444091,21647.389797374348,d50_B50_R3_20251106_193319,2025-11-06 19:33:20,50,40,50,35.35533905932738
147,0.0,1.0,0.9959999918937684,0.2742497622966766,0.9399999976158142,0.0010871887207031,21721.58998498139,d50_B50_R3_20251106_193319,2025-11-06 19:33:20,50,40,50,35.35533905932738
148,0.0,1.0,0.9959999918937684,0.2742497622966766,0.9399999976158142,0.0014131069183349,21772.423720901064,d50_B50_R3_20251106_193319,2025-11-06 19:33:20,50,40,50,35.35533905932738
149,0.0,1.0,0.9959999918937684,0.2742497622966766,0.9399999976158142,0.0010566711425781,21846.15256405449,d50_B50_R3_20251106_193319,2025-11-06 19:33:20,50,40,50,35.35533905932738
150,0.0,1.0,0.9959999918937684,0.2742497622966766,0.9399999976158142,0.0019888877868652,21861.379489360297,d50_B50_R3_20251106_193319,2025-11-06 19:33:20,50,40,50,35.35533905932738
151,0.0,1.0,0.9959999918937684,0.2742497622966766,0.9399999976158142,0.0013082027435302,21917.68633159216,d50_B50_R3_20251106_193319,2025-11-06 19:33:20,50,40,50,35.35533905932738
152,0.0,1.0,0.9959999918937684,0.2742497622966766,0.9399999976158142,0.0021159648895263,21923.920917504536,d50_B50_R3_20251106_193319,2025-11-06 19:33:20,50,40,50,35.35533905932738
153,0.0,1.0,0.9959999918937684,0.2742497622966766,0.9399999976158142,0.0032958984375,21853.640791480528,d50_B50_R3_20251106_193319,2025-11-06 19:33:20,50,40,50,35.35533905932738
154,0.0,1.0,0.9959999918937684,0.2742497622966766,0.9399999976158142,0.0015039443969726,21894.021045456597,d50_B50_R3_20251106_193319,2025-11-06 19:33:20,50,40,50,35.35533905932738
155,0.0,1.0,0.9959999918937684,0.2742497622966766,0.9399999976158142,0.001051902770996,21962.610977555763,d50_B50_R3_20251106_193319,2025-11-06 19:33:20,50,40,50,35.35533905932738
156,0.0,1.0,0.9959999918937684,0.2742497622966766,0.9399999976158142,0.0011608600616455,22026.490697108115,d50_B50_R3_20251106_193319,2025-11-06 19:33:20,50,40,50,35.35533905932738
157,0.0,1.0,0.9959999918937684,0.2742497622966766,0.9399999976158142,0.0015230178833007,22067.168902575468,d50_B50_R3_20251106_193319,2025-11-06 19:33:20,50,40,50,35.35533905932738
158,0.0,1.0,0.9959999918937684,0.2742497622966766,0.9399999976158142,0.0012307167053222,22122.355544999424,d50_B50_R3_20251106_193319,2025-11-06 19:33:20,50,40,50,35.35533905932738
159,0.0,1.0,0.9959999918937684,0.2742497622966766,0.9399999976158142,0.0014891624450683,22166.136202989885,d50_B50_R3_20251106_193319,2025-11-06 19:33:20,50,40,50,35.35533905932738
160,0.0,1.0,0.9959999918937684,0.2742497622966766,0.9399999976158142,0.0008738040924072,22243.72278344417,d50_B50_R3_20251106_193319,2025-11-06 19:33:20,50,40,50,35.35533905932738
161,0.0,1.0,0.9959999918937684,0.2742497622966766,0.9399999976158142,0.0008623600006103,22325.3748291452,d50_B50_R3_20251106_193319,2025-11-06 19:33:20,50,40,50,35.35533905932738
162,0.0,1.0,0.9959999918937684,0.2742497622966766,0.9399999976158142,0.0020139217376708,22335.375584461748,d50_B50_R3_20251106_193319,2025-11-06 19:33:20,50,40,50,35.35533905932738
163,0.0,1.0,0.9959999918937684,0.2742497622966766,0.9399999976158142,0.0020229816436767,22328.710778365752,d50_B50_R3_20251106_193319,2025-11-06 19:33:20,50,40,50,35.35533905932738
164,0.0,1.0,0.9959999918937684,0.2742497622966766,0.9399999976158142,0.0010387897491455,22396.754435757648,d50_B50_R3_20251106_193319,2025-11-06 19:33:20,50,40,50,35.35533905932738
165,0.0,1.0,0.9959999918937684,0.2742497622966766,0.9399999976158142,0.0010418891906738,22455.982170790154,d50_B50_R3_20251106_193319,2025-11-06 19:33:20,50,40,50,35.35533905932738
166,0.0,1.0,0.9959999918937684,0.2742497622966766,0.9399999976158142,0.0021839141845703,22451.97931638419,d50_B50_R3_20251106_193319,2025-11-06 19:33:20,50,40,50,35.35533905932738
167,0.0,1.0,0.9959999918937684,0.2742497622966766,0.9399999976158142,0.000849962234497,22517.147968180096,d50_B50_R3_20251106_193319,2025-11-06 19:33:20,50,40,50,35.35533905932738
168,0.0,1.0,0.9959999918937684,0.2742497622966766,0.9399999976158142,0.0028450489044189,22474.776690877778,d50_B50_R3_20251106_193319,2025-11-06 19:33:20,50,40,50,35.35533905932738
169,0.0,1.0,0.9959999918937684,0.2742497622966766,0.9399999976158142,0.0023810863494873,22453.023308540585,d50_B50_R3_20251106_193319,2025-11-06 19:33:20,50,40,50,35.35533905932738
170,0.0,1.0,0.9959999918937684,0.2742497622966766,0.9399999976158142,0.0019347667694091,22452.491597838227,d50_B50_R3_20251106_193319,2025-11-06 19:33:20,50,40,50,35.35533905932738
171,0.0,1.0,0.9959999918937684,0.2742497622966766,0.9399999976158142,0.003084659576416,22398.569313767373,d50_B50_R3_20251106_193319,2025-11-06 19:33:20,50,40,50,35.35533905932738
172,0.0,1.0,0.9959999918937684,0.2742497622966766,0.9399999976158142,0.0011250972747802,22447.00164080075,d50_B50_R3_20251106_193319,2025-11-06 19:33:20,50,40,50,35.35533905932738
173,0.0,1.0,0.9959999918937684,0.2742497622966766,0.9399999976158142,0.0010240077972412,22505.280751342805,d50_B50_R3_20251106_193319,2025-11-06 19:33:20,50,40,50,35.35533905932738
174,0.0,1.0,0.9959999918937684,0.2742497622966766,0.9399999976158142,0.0016481876373291,22527.984914295816,d50_B50_R3_20251106_193319,2025-11-06 19:33:20,50,40,50,35.35533905932738
175,0.0,1.0,0.9959999918937684,0.2742497622966766,0.9399999976158142,0.0012788772583007,22574.81960266715,d50_B50_R3_20251106_193319,2025-11-06 19:33:20,50,40,50,35.35533905932738
176,0.0,1.0,0.9959999918937684,0.2742497622966766,0.9399999976158142,0.0008618831634521,22641.752168892745,d50_B50_R3_20251106_193319,2025-11-06 19:33:20,50,40,50,35.35533905932738
177,0.0,1.0,0.9959999918937684,0.2742497622966766,0.9399999976158142,0.0009458065032958,22711.66755292288,d50_B50_R3_20251106_193319,2025-11-06 19:33:20,50,40,50,35.35533905932738
178,0.0,1.0,0.9959999918937684,0.2742497622966766,0.9399999976158142,0.0014829635620117,22749.22584558848,d50_B50_R3_20251106_193319,2025-11-06 19:33:20,50,40,50,35.35533905932738
179,0.0,1.0,0.9959999918937684,0.2742497622966766,0.9399999976158142,0.0014848709106445,22775.53192452147,d50_B50_R3_20251106_193319,2025-11-06 19:33:20,50,40,50,35.35533905932738
180,0.0,1.0,0.9959999918937684,0.2742497622966766,0.9399999976158142,0.0017919540405273,22794.88403320166,d50_B50_R3_20251106_193319,2025-11-06 19:33:20,50,40,50,35.35533905932738
181,0.0,1.0,0.9959999918937684,0.2742497622966766,0.9399999976158142,0.0008692741394042,22866.04741053686,d50_B50_R3_20251106_193319,2025-11-06 19:33:20,50,40,50,35.35533905932738
182,0.0,1.0,0.9959999918937684,0.2742497622966766,0.9399999976158142,0.0017361640930175,22886.385069476954,d50_B50_R3_20251106_193319,2025-11-06 19:33:20,50,40,50,35.35533905932738
183,0.0,1.0,0.9959999918937684,0.2742497622966766,0.9399999976158142,0.0037791728973388,22784.066810657867,d50_B50_R3_20251106_193319,2025-11-06 19:33:20,50,40,50,35.35533905932738
184,0.0,1.0,0.9959999918937684,0.2742497622966766,0.9399999976158142,0.0011272430419921,22833.40523215472,d50_B50_R3_20251106_193319,2025-11-06 19:33:20,50,40,50,35.35533905932738
185,0.0,1.0,0.9959999918937684,0.2742497622966766,0.9399999976158142,0.0010788440704345,22892.818232077272,d50_B50_R3_20251106_193319,2025-11-06 19:33:20,50,40,50,35.35533905932738
186,0.0,1.0,0.9959999918937684,0.2742497622966766,0.9399999976158142,0.0024881362915039,22872.479939717086,d50_B50_R3_20251106_193319,2025-11-06 19:33:20,50,40,50,35.35533905932738
187,0.0,1.0,0.9959999918937684,0.2742497622966766,0.9399999976158142,0.0021719932556152,22857.361769526306,d50_B50_R3_20251106_193319,2025-11-06 19:33:20,50,40,50,35.35533905932738
188,0.0,1.0,0.9959999918937684,0.2742497622966766,0.9399999976158142,0.0013461112976074,22899.156450888873,d50_B50_R3_20251106_193319,2025-11-06 19:33:20,50,40,50,35.35533905932738
189,0.0,1.0,0.9959999918937684,0.2742497622966766,0.9399999976158142,0.0012197494506835,22949.0783136763,d50_B50_R3_20251106_193319,2025-11-06 19:33:20,50,40,50,35.35533905932738
190,0.0,1.0,0.9959999918937684,0.2742497622966766,0.9399999976158142,0.001641035079956,22968.439413948065,d50_B50_R3_20251106_193319,2025-11-06 19:33:20,50,40,50,35.35533905932738
191,0.0,1.0,0.9959999918937684,0.2742497622966766,0.9399999976158142,0.001558780670166,22999.40904009857,d50_B50_R3_20251106_193319,2025-11-06 19:33:20,50,40,50,35.35533905932738
192,0.0,1.0,0.9959999918937684,0.2742497622966766,0.9399999976158142,0.0013749599456787,23034.54387657251,d50_B50_R3_20251106_193319,2025-11-06 19:33:20,50,40,50,35.35533905932738
193,0.0,1.0,0.9959999918937684,0.2742497622966766,0.9399999976158142,0.0013320446014404,23075.12708838705,d50_B50_R3_20251106_193319,2025-11-06 19:33:20,50,40,50,35.35533905932738
194,0.0,1.0,0.9959999918937684,0.2742497622966766,0.9399999976158142,0.0021822452545166,23059.07587688508,d50_B50_R3_20251106_193319,2025-11-06 19:33:20,50,40,50,35.35533905932738
195,0.0,1.0,0.9959999918937684,0.2742497622966766,0.9399999976158142,0.0012569427490234,23104.099071096058,d50_B50_R3_20251106_193319,2025-11-06 19:33:20,50,40,50,35.35533905932738
196,0.0,1.0,0.9959999918937684,0.2742497622966766,0.9399999976158142,0.0011341571807861,23157.33756639381,d50_B50_R3_20251106_193319,2025-11-06 19:33:20,50,40,50,35.35533905932738
197,0.0,1.0,0.9959999918937684,0.2742497622966766,0.9399999976158142,0.0098707675933837,22742.58128862329,d50_B50_R3_20251106_193319,2025-11-06 19:33:20,50,40,50,35.35533905932738
198,0.0,1.0,0.9959999918937684,0.2742497622966766,0.9399999976158142,0.0026402473449707,22701.04287016669,d50_B50_R3_20251106_193319,2025-11-06 19:33:20,50,40,50,35.35533905932738
199,0.0,1.0,0.9959999918937684,0.2742497622966766,0.9399999976158142,0.00230073928833,22449.962264958867,d50_B50_R3_20251106_193319,2025-11-06 19:33:20,50,40,50,35.35533905932738
200,0.0,1.0,0.9959999918937684,0.2742497622966766,0.9399999976158142,0.0022110939025878,22440.34675655705,d50_B50_R3_20251106_193319,2025-11-06 19:33:20,50,40,50,35.35533905932738
201,0.0,1.0,0.9959999918937684,0.2742497622966766,0.9399999976158142,0.00307297706604,22389.164191899257,d50_B50_R3_20251106_193319,2025-11-06 19:33:20,50,40,50,35.35533905932738
202,0.0,1.0,0.9959999918937684,0.2742497622966766,0.9399999976158142,0.0043280124664306,22276.06333046939,d50_B50_R3_20251106_193319,2025-11-06 19:33:20,50,40,50,35.35533905932738
203,0.0,1.0,0.9959999918937684,0.2742497622966766,0.9399999976158142,0.0026440620422363,22234.424407095365,d50_B50_R3_20251106_193319,2025-11-06 19:33:20,50,40,50,35.35533905932738
204,0.0,1.0,0.9959999918937684,0.2742497622966766,0.9399999976158142,0.001173973083496,22271.086802688384,d50_B50_R3_20251106_193319,2025-11-06 19:33:20,50,40,50,35.35533905932738
205,0.0,1.0,0.9959999918937684,0.2742497622966766,0.9399999976158142,0.0008308887481689,22336.62385095313,d50_B50_R3_20251106_193319,2025-11-06 19:33:20,50,40,50,35.35533905932738
206,0.0,1.0,0.9959999918937684,0.2742497622966766,0.9399999976158142,0.0011320114135742,22386.85596795678,d50_B50_R3_20251106_193319,2025-11-06 19:33:20,50,40,50,35.35533905932738
207,0.0,1.0,0.9959999918937684,0.2742497622966766,0.9399999976158142,0.0015778541564941,22406.402304500876,d50_B50_R3_20251106_193319,2025-11-06 19:33:20,50,40,50,35.35533905932738
208,0.0,1.0,0.9959999918937684,0.2742497622966766,0.9399999976158142,0.0019311904907226,22416.998067750457,d50_B50_R3_20251106_193319,2025-11-06 19:33:20,50,40,50,35.35533905932738
209,0.0,1.0,0.9959999918937684,0.2742497622966766,0.9399999976158142,0.003760814666748,22338.75838841068,d50_B50_R3_20251106_193319,2025-11-06 19:33:20,50,40,50,35.35533905932738
210,0.0,1.0,0.9959999918937684,0.2742497622966766,0.9399999976158142,0.0015926361083984,22359.50480540874,d50_B50_R3_20251106_193319,2025-11-06 19:33:20,50,40,50,35.35533905932738
211,0.0,1.0,0.9959999918937684,0.2742497622966766,0.9399999976158142,0.0023858547210693,22340.295129563256,d50_B50_R3_20251106_193319,2025-11-06 19:33:20,50,40,50,35.35533905932738
212,0.0,1.0,0.9959999918937684,0.2742497622966766,0.9399999976158142,0.0020251274108886,22336.935999003897,d50_B50_R3_20251106_193319,2025-11-06 19:33:20,50,40,50,35.35533905932738
213,0.0,1.0,0.9959999918937684,0.2742497622966766,0.9399999976158142,0.0043549537658691,22224.25119083993,d50_B50_R3_20251106_193319,2025-11-06 19:33:20,50,40,50,35.35533905932738
214,0.0,1.0,0.9959999918937684,0.2742497622966766,0.9399999976158142,0.003108263015747,22169.421489635057,d50_B50_R3_20251106_193319,2025-11-06 19:33:20,50,40,50,35.35533905932738
215,0.0,1.0,0.9959999918937684,0.2742497622966766,0.9399999976158142,0.0017950534820556,22182.23892393441,d50_B50_R3_20251106_193319,2025-11-06 19:33:20,50,40,50,35.35533905932738
216,0.0,1.0,0.9959999918937684,0.2742497622966766,0.9399999976158142,0.0021071434020996,22183.830559716644,d50_B50_R3_20251106_193319,2025-11-06 19:33:20,50,40,50,35.35533905932738
217,0.0,1.0,0.9959999918937684,0.2742497622966766,0.9399999976158142,0.0015809535980224,22200.99695377932,d50_B50_R3_20251106_193319,2025-11-06 19:33:20,50,40,50,35.35533905932738
218,0.0,1.0,0.9959999918937684,0.2742497622966766,0.9399999976158142,0.0017540454864501,22204.24063426282,d50_B50_R3_20251106_193319,2025-11-06 19:33:20,50,40,50,35.35533905932738
219,0.0,1.0,0.9959999918937684,0.2742497622966766,0.9399999976158142,0.0022060871124267,22195.052537087693,d50_B50_R3_20251106_193319,2025-11-06 19:33:20,50,40,50,35.35533905932738
220,0.0,1.0,0.9959999918937684,0.2742497622966766,0.9399999976158142,0.0014209747314453,22217.211929698075,d50_B50_R3_20251106_193319,2025-11-06 19:33:20,50,40,50,35.35533905932738
221,0.0,1.0,0.9959999918937684,0.2742497622966766,0.9399999976158142,0.0028290748596191,22186.59590863407,d50_B50_R3_20251106_193319,2025-11-06 19:33:20,50,40,50,35.35533905932738
222,0.0,1.0,0.9959999918937684,0.2742497622966766,0.9399999976158142,0.0015983581542968,22202.177752289223,d50_B50_R3_20251106_193319,2025-11-06 19:33:20,50,40,50,35.35533905932738
223,0.0,1.0,0.9959999918937684,0.2742497622966766,0.9399999976158142,0.0080020427703857,21946.45193721817,d50_B50_R3_20251106_193319,2025-11-06 19:33:20,50,40,50,35.35533905932738
224,0.0,1.0,0.9959999918937684,0.2742497622966766,0.9399999976158142,0.0137050151824951,21457.26479208209,d50_B50_R3_20251106_193319,2025-11-06 19:33:20,50,40,50,35.35533905932738
225,0.0,1.0,0.9959999918937684,0.2742497622966766,0.9399999976158142,0.0018360614776611,21463.713337937435,d50_B50_R3_20251106_193319,2025-11-06 19:33:20,50,40,50,35.35533905932738
226,0.0,1.0,0.9959999918937684,0.2742497622966766,0.9399999976158142,0.0025451183319091,21441.47558423706,d50_B50_R3_20251106_193319,2025-11-06 19:33:20,50,40,50,35.35533905932738
227,0.0,1.0,0.9959999918937684,0.2742497622966766,0.9399999976158142,0.0076591968536376,21224.548265972546,d50_B50_R3_20251106_193319,2025-11-06 19:33:20,50,40,50,35.35533905932738
228,0.0,1.0,0.9959999918937684,0.2742497622966766,0.9399999976158142,0.001460313796997,21248.878173574813,d50_B50_R3_20251106_193319,2025-11-06 19:33:20,50,40,50,35.35533905932738
229,0.0,1.0,0.9959999918937684,0.2742497622966766,0.9399999976158142,0.0076959133148193,21037.422011126157,d50_B50_R3_20251106_193319,2025-11-06 19:33:20,50,40,50,35.35533905932738
230,0.0,1.0,0.9959999918937684,0.2742497622966766,0.9399999976158142,0.0016200542449951,21061.39105264325,d50_B50_R3_20251106_193319,2025-11-06 19:33:20,50,40,50,35.35533905932738
231,0.0,1.0,0.9959999918937684,0.2742497622966766,0.9399999976158142,0.0081300735473632,20839.35180069165,d50_B50_R3_20251106_193319,2025-11-06 19:33:20,50,40,50,35.35533905932738
232,0.0,1.0,0.9959999918937684,0.2742497622966766,0.9399999976158142,0.0053839683532714,20700.25778076392,d50_B50_R3_20251106_193319,2025-11-06 19:33:20,50,40,50,35.35533905932738
233,0.0,1.0,0.9959999918937684,0.2742497622966766,0.9399999976158142,0.0088269710540771,20462.66425929555,d50_B50_R3_20251106_193319,2025-11-06 19:33:20,50,40,50,35.35533905932738
234,0.0,1.0,0.9959999918937684,0.2742497622966766,0.9399999976158142,0.0034949779510498,20398.884257206944,d50_B50_R3_20251106_193319,2025-11-06 19:33:20,50,40,50,35.35533905932738
235,0.0,1.0,0.9959999918937684,0.2742497622966766,0.9399999976158142,0.0026960372924804,20383.4152838588,d50_B50_R3_20251106_193319,2025-11-06 19:33:20,50,40,50,35.35533905932738
236,0.0,1.0,0.9959999918937684,0.2742497622966766,0.9399999976158142,0.0054891109466552,20272.14800125461,d50_B50_R3_20251106_193319,2025-11-06 19:33:20,50,40,50,35.35533905932738
237,0.0,1.0,0.9959999918937684,0.2742497622966766,0.9399999976158142,0.0042440891265869,20189.270593374767,d50_B50_R3_20251106_193319,2025-11-06 19:33:20,50,40,50,35.35533905932738
238,0.0,1.0,0.9959999918937684,0.2742497622966766,0.9399999976158142,0.0031900405883789,20159.41605909876,d50_B50_R3_20251106_193319,2025-11-06 19:33:20,50,40,50,35.35533905932738
239,0.0,1.0,0.9959999918937684,0.2742497622966766,0.9399999976158142,0.0063848495483398,20017.0885376192,d50_B50_R3_20251106_193319,2025-11-06 19:33:20,50,40,50,35.35533905932738
240,0.0,1.0,0.9959999918937684,0.2742497622966766,0.9399999976158142,0.0054483413696289,19915.01600566148,d50_B50_R3_20251106_193319,2025-11-06 19:33:20,50,40,50,35.35533905932738
241,0.0,1.0,0.9959999918937684,0.2742497622966766,0.9399999976158142,0.0066511631011962,19775.6026852165,d50_B50_R3_20251106_193319,2025-11-06 19:33:20,50,40,50,35.35533905932738
242,0.0,1.0,0.9959999918937684,0.2742497622966766,0.9399999976158142,0.0023250579833984,19778.60939446029,d50_B50_R3_20251106_193319,2025-11-06 19:33:20,50,40,50,35.35533905932738
243,0.0,1.0,0.9959999918937684,0.2742497622966766,0.9399999976158142,0.0055189132690429,19621.872898156704,d50_B50_R3_20251106_193319,2025-11-06 19:33:20,50,40,50,35.35533905932738
244,0.0,1.0,0.9959999918937684,0.2742497622966766,0.9399999976158142,0.0071759223937988,19466.50491377452,d50_B50_R3_20251106_193319,2025-11-06 19:33:20,50,40,50,35.35533905932738
245,0.0,1.0,0.9959999918937684,0.2742497622966766,0.9399999976158142,0.0058100223541259,19360.418386677433,d50_B50_R3_20251106_193319,2025-11-06 19:33:20,50,40,50,35.35533905932738
246,0.0,1.0,0.9959999918937684,0.2742497622966766,0.9399999976158142,0.0013689994812011,19392.354269977815,d50_B50_R3_20251106_193319,2025-11-06 19:33:20,50,40,50,35.35533905932738
247,0.0,1.0,0.9959999918937684,0.2742497622966766,0.9399999976158142,0.0017399787902832,19412.000576283255,d50_B50_R3_20251106_193319,2025-11-06 19:33:20,50,40,50,35.35533905932738
248,0.0,1.0,0.9959999918937684,0.2742497622966766,0.9399999976158142,0.0037682056427001,19369.534993187903,d50_B50_R3_20251106_193319,2025-11-06 19:33:20,50,40,50,35.35533905932738
249,0.0,1.0,0.9959999918937684,0.2742497622966766,0.9399999976158142,0.0019631385803222,19374.02328557402,d50_B50_R3_20251106_193319,2025-11-06 19:33:20,50,40,50,35.35533905932738
250,0.0,1.0,0.9959999918937684,0.2742497622966766,0.9399999976158142,0.0033631324768066,19342.29747705242,d50_B50_R3_20251106_193319,2025-11-06 19:33:20,50,40,50,35.35533905932738
251,0.0,1.0,0.9959999918937684,0.2742497622966766,0.9399999976158142,0.0029540061950683,19324.292747425046,d50_B50_R3_20251106_193319,2025-11-06 19:33:20,50,40,50,35.35533905932738
252,0.0,1.0,0.9959999918937684,0.2742497622966766,0.9399999976158142,0.003490924835205,19294.387755844175,d50_B50_R3_20251106_193319,2025-11-06 19:33:20,50,40,50,35.35533905932738
253,0.0,1.0,0.9959999918937684,0.2742497622966766,0.9399999976158142,0.0012619495391845,19328.78624261214,d50_B50_R3_20251106_193319,2025-11-06 19:33:20,50,40,50,35.35533905932738
254,0.0,1.0,0.9959999918937684,0.2742497622966766,0.9399999976158142,0.001896858215332,19346.56064366286,d50_B50_R3_20251106_193319,2025-11-06 19:33:20,50,40,50,35.35533905932738
255,0.0,1.0,0.9959999918937684,0.2742497622966766,0.9399999976158142,0.0076689720153808,19196.42095537493,d50_B50_R3_20251106_193319,2025-11-06 19:33:20,50,40,50,35.35533905932738
256,0.0,1.0,0.9959999918937684,0.2742497622966766,0.9399999976158142,0.0037550926208496,19151.86208705126,d50_B50_R3_20251106_193319,2025-11-06 19:33:20,50,40,50,35.35533905932738
257,0.0,1.0,0.9959999918937684,0.2742497622966766,0.9399999976158142,0.0018427371978759,19169.810443701048,d50_B50_R3_20251106_193319,2025-11-06 19:33:20,50,40,50,35.35533905932738
258,0.0,1.0,0.9959999918937684,0.2742497622966766,0.9399999976158142,0.0017530918121337,19190.961815749055,d50_B50_R3_20251106_193319,2025-11-06 19:33:20,50,40,50,35.35533905932738
259,0.0,1.0,0.9959999918937684,0.2742497622966766,0.9399999976158142,0.0077741146087646,19004.125243450704,d50_B50_R3_20251106_193319,2025-11-06 19:33:20,50,40,50,35.35533905932738
260,0.0,1.0,0.9959999918937684,0.2742497622966766,0.9399999976158142,0.0013840198516845,19035.33472881195,d50_B50_R3_20251106_193319,2025-11-06 19:33:20,50,40,50,35.35533905932738
261,0.0,1.0,0.9959999918937684,0.2742497622966766,0.9399999976158142,0.0020358562469482,19048.534127649425,d50_B50_R3_20251106_193319,2025-11-06 19:33:20,50,40,50,35.35533905932738
262,0.0,1.0,0.9959999918937684,0.2742497622966766,0.9399999976158142,0.004296064376831,18994.48973083697,d50_B50_R3_20251106_193319,2025-11-06 19:33:20,50,40,50,35.35533905932738
263,0.0,1.0,0.9959999918937684,0.2742497622966766,0.9399999976158142,0.0019190311431884,19007.90283741073,d50_B50_R3_20251106_193319,2025-11-06 19:33:20,50,40,50,35.35533905932738
264,0.0,1.0,0.9959999918937684,0.2742497622966766,0.9399999976158142,0.0047969818115234,18946.59384567131,d50_B50_R3_20251106_193319,2025-11-06 19:33:20,50,40,50,35.35533905932738
265,0.0,1.0,0.9959999918937684,0.2742497622966766,0.9399999976158142,0.0004899501800537,19001.51959719025,d50_B50_R3_20251106_193319,2025-11-06 19:33:20,50,40,50,35.35533905932738
266,0.0,1.0,0.9959999918937684,0.2742497622966766,0.9399999976158142,0.0010209083557128,19044.035376752072,d50_B50_R3_20251106_193319,2025-11-06 19:33:20,50,40,50,35.35533905932738
267,0.0,1.0,0.9959999918937684,0.2742497622966766,0.9399999976158142,0.002903938293457,19033.57533518238,d50_B50_R3_20251106_193319,2025-11-06 19:33:20,50,40,50,35.35533905932738
268,0.0,1.0,0.9959999918937684,0.2742497622966766,0.9399999976158142,0.0157291889190673,18641.874716018458,d50_B50_R3_20251106_193319,2025-11-06 19:33:20,50,40,50,35.35533905932738
269,0.0,1.0,0.9959999918937684,0.2742497622966766,0.9399999976158142,0.0064942836761474,18529.927530422006,d50_B50_R3_20251106_193319,2025-11-06 19:33:20,50,40,50,35.35533905932738
270,0.0,1.0,0.9959999918937684,0.2742497622966766,0.9399999976158142,0.0038378238677978,18489.40293870301,d50_B50_R3_20251106_193319,2025-11-06 19:33:20,50,40,50,35.35533905932738
271,0.0,1.0,0.9959999918937684,0.2742497622966766,0.9399999976158142,0.0013759136199951,18505.3428883792,d50_B50_R3_20251106_193319,2025-11-06 19:33:20,50,40,50,35.35533905932738
272,0.0,1.0,0.9959999918937684,0.2742497622966766,0.9399999976158142,0.0009059906005859,18548.84394215321,d50_B50_R3_20251106_193319,2025-11-06 19:33:20,50,40,50,35.35533905932738
273,0.0,1.0,0.9959999918937684,0.2742497622966766,0.9399999976158142,0.004364013671875,18505.511948464587,d50_B50_R3_20251106_193319,2025-11-06 19:33:20,50,40,50,35.35533905932738
274,0.0,1.0,0.9959999918937684,0.2742497622966766,0.9399999976158142,0.0016193389892578,18525.97656871132,d50_B50_R3_20251106_193319,2025-11-06 19:33:20,50,40,50,35.35533905932738
275,0.0,1.0,0.9959999918937684,0.2742497622966766,0.9399999976158142,0.0013709068298339,18556.71337365613,d50_B50_R3_20251106_193319,2025-11-06 19:33:20,50,40,50,35.35533905932738
276,0.0,1.0,0.9959999918937684,0.2742497622966766,0.9399999976158142,0.001645803451538,18580.777626983545,d50_B50_R3_20251106_193319,2025-11-06 19:33:20,50,40,50,35.35533905932738
277,0.0,1.0,0.9959999918937684,0.2742497622966766,0.9399999976158142,0.0025970935821533,18573.40008193844,d50_B50_R3_20251106_193319,2025-11-06 19:33:20,50,40,50,35.35533905932738
278,0.0,1.0,0.9959999918937684,0.2742497622966766,0.9399999976158142,0.0063779354095458,18477.967903393743,d50_B50_R3_20251106_193319,2025-11-06 19:33:20,50,40,50,35.35533905932738
279,0.0,1.0,0.9959999918937684,0.2742497622966766,0.9399999976158142,0.0016319751739501,18499.6030415836,d50_B50_R3_20251106_193319,2025-11-06 19:33:20,50,40,50,35.35533905932738
280,0.0,1.0,0.9959999918937684,0.2742497622966766,0.9399999976158142,0.0046727657318115,18449.84045404225,d50_B50_R3_20251106_193319,2025-11-06 19:33:20,50,40,50,35.35533905932738
281,0.0,1.0,0.9959999918937684,0.2742497622966766,0.9399999976158142,0.0078787803649902,18311.615056475563,d50_B50_R3_20251106_193319,2025-11-06 19:33:20,50,40,50,35.35533905932738
282,0.0,1.0,0.9959999918937684,0.2742497622966766,0.9399999976158142,0.0021250247955322,18323.864086500624,d50_B50_R3_20251106_193319,2025-11-06 19:33:20,50,40,50,35.35533905932738
283,0.0,1.0,0.9959999918937684,0.2742497622966766,0.9399999976158142,0.0059750080108642,18244.288022643348,d50_B50_R3_20251106_193319,2025-11-06 19:33:20,50,40,50,35.35533905932738
284,0.0,1.0,0.9959999918937684,0.2742497622966766,0.9399999976158142,0.003864049911499,18209.325111506496,d50_B50_R3_20251106_193319,2025-11-06 19:33:20,50,40,50,35.35533905932738
285,0.0,1.0,0.9959999918937684,0.2742497622966766,0.9399999976158142,0.0095710754394531,18043.528494754824,d50_B50_R3_20251106_193319,2025-11-06 19:33:20,50,40,50,35.35533905932738
286,0.0,1.0,0.9959999918937684,0.2742497622966766,0.9399999976158142,0.0027430057525634,18039.55761495717,d50_B50_R3_20251106_193319,2025-11-06 19:33:20,50,40,50,35.35533905932738
287,0.0,1.0,0.9959999918937684,0.2742497622966766,0.9399999976158142,0.0075061321258544,17924.205847997644,d50_B50_R3_20251106_193319,2025-11-06 19:33:20,50,40,50,35.35533905932738
288,0.0,1.0,0.9959999918937684,0.2742497622966766,0.9399999976158142,0.0026130676269531,17925.46284561658,d50_B50_R3_20251106_193319,2025-11-06 19:33:20,50,40,50,35.35533905932738
289,0.0,1.0,0.9959999918937684,0.2742497622966766,0.9399999976158142,0.0043377876281738,17888.60413232013,d50_B50_R3_20251106_193319,2025-11-06 19:33:20,50,40,50,35.35533905932738
290,0.0,1.0,0.9959999918937684,0.2742497622966766,0.9399999976158142,0.0038459300994873,17862.269701083376,d50_B50_R3_20251106_193319,2025-11-06 19:33:20,50,40,50,35.35533905932738
291,0.0,1.0,0.9959999918937684,0.2742497622966766,0.9399999976158142,0.0032291412353515,17850.089517398905,d50_B50_R3_20251106_193319,2025-11-06 19:33:20,50,40,50,35.35533905932738
292,0.0,1.0,0.9959999918937684,0.2742497622966766,0.9399999976158142,0.0046792030334472,17807.6118261926,d50_B50_R3_20251106_193319,2025-11-06 19:33:20,50,40,50,35.35533905932738
293,0.0,1.0,0.9959999918937684,0.2742497622966766,0.9399999976158142,0.0063328742980957,17728.29182200707,d50_B50_R3_20251106_193319,2025-11-06 19:33:20,50,40,50,35.35533905932738
294,0.0,1.0,0.9959999918937684,0.2742497622966766,0.9399999976158142,0.0081710815429687,17612.359457799048,d50_B50_R3_20251106_193319,2025-11-06 19:33:20,50,40,50,35.35533905932738
295,0.0,1.0,0.9959999918937684,0.2742497622966766,0.9399999976158142,0.003782033920288,17589.81306978522,d50_B50_R3_20251106_193319,2025-11-06 19:33:20,50,40,50,35.35533905932738
296,0.0,1.0,0.9959999918937684,0.2742497622966766,0.9399999976158142,0.002648115158081,17591.37069715422,d50_B50_R3_20251106_193319,2025-11-06 19:33:20,50,40,50,35.35533905932738
297,0.0,1.0,0.9959999918937684,0.2742497622966766,0.9399999976158142,0.0049328804016113,17545.80221167333,d50_B50_R3_20251106_193319,2025-11-06 19:33:20,50,40,50,35.35533905932738
298,0.0,1.0,0.9959999918937684,0.2742497622966766,0.9399999976158142,0.005681037902832,17484.706887494187,d50_B50_R3_20251106_193319,2025-11-06 19:33:20,50,40,50,35.35533905932738
299,0.0,1.0,0.9959999918937684,0.2742497622966766,0.9399999976158142,0.0047428607940673,17443.82599582166,d50_B50_R3_20251106_193319,2025-11-06 19:33:20,50,40,50,35.35533905932738
0,0.6931471824645996,0.4199999868869781,0.9980000257492064,0.1529195457696914,1.0,0.027256965637207,3621.3049221657184,d100_B100_R3_20251106_193319,2025-11-06 19:33:21,100,40,100,50.0
1,0.0,1.0,0.9980000257492064,0.1529195457696914,1.0,0.0041918754577636,6258.193700481938,d100_B100_R3_20251106_193319,2025-11-06 19:33:21,100,40,100,50.0
2,0.0,1.0,0.9980000257492064,0.1529195457696914,1.0,0.0025210380554199,8667.947039940482,d100_B100_R3_20251106_193319,2025-11-06 19:33:21,100,40,100,50.0
3,0.0,1.0,0.9980000257492064,0.1529195457696914,1.0,0.0014338493347167,11074.50856139517,d100_B100_R3_20251106_193319,2025-11-06 19:33:21,100,40,100,50.0
4,0.0,1.0,0.9980000257492064,0.1529195457696914,1.0,0.0024960041046142,12929.50018187535,d100_B100_R3_20251106_193319,2025-11-06 19:33:21,100,40,100,50.0
5,0.0,1.0,0.9980000257492064,0.1529195457696914,1.0,0.0018858909606933,14770.236292566116,d100_B100_R3_20251106_193319,2025-11-06 19:33:21,100,40,100,50.0
6,0.0,1.0,0.9980000257492064,0.1529195457696914,1.0,0.0022950172424316,16287.38454369449,d100_B100_R3_20251106_193319,2025-11-06 19:33:21,100,40,100,50.0
7,0.0,1.0,0.9980000257492064,0.1529195457696914,1.0,0.0029611587524414,17351.642112121794,d100_B100_R3_20251106_193319,2025-11-06 19:33:21,100,40,100,50.0
8,0.0,1.0,0.9980000257492064,0.1529195457696914,1.0,0.0025031566619873,18393.560332898047,d100_B100_R3_20251106_193319,2025-11-06 19:33:21,100,40,100,50.0
9,0.0,1.0,0.9980000257492064,0.1529195457696914,1.0,0.0022408962249755,19499.502552324982,d100_B100_R3_20251106_193319,2025-11-06 19:33:21,100,40,100,50.0
10,0.0,1.0,0.9980000257492064,0.1529195457696914,1.0,0.0034749507904052,20054.308838487017,d100_B100_R3_20251106_193319,2025-11-06 19:33:21,100,40,100,50.0
11,0.0,1.0,0.9980000257492064,0.1529195457696914,1.0,0.0021679401397705,20970.908348506506,d100_B100_R3_20251106_193319,2025-11-06 19:33:21,100,40,100,50.0
12,0.0,1.0,0.9980000257492064,0.1529195457696914,1.0,0.0022552013397216,21811.602249725984,d100_B100_R3_20251106_193319,2025-11-06 19:33:21,100,40,100,50.0
13,0.0,1.0,0.9980000257492064,0.1529195457696914,1.0,0.0017180442810058,22806.81715786039,d100_B100_R3_20251106_193319,2025-11-06 19:33:21,100,40,100,50.0
14,0.0,1.0,0.9980000257492064,0.1529195457696914,1.0,0.0037100315093994,23019.15013500955,d100_B100_R3_20251106_193319,2025-11-06 19:33:21,100,40,100,50.0
15,0.0,1.0,0.9980000257492064,0.1529195457696914,1.0,0.0025849342346191,23552.920035938903,d100_B100_R3_20251106_193319,2025-11-06 19:33:21,100,40,100,50.0
16,0.0,1.0,0.9980000257492064,0.1529195457696914,1.0,0.001878023147583,24322.104501947728,d100_B100_R3_20251106_193319,2025-11-06 19:33:21,100,40,100,50.0
17,0.0,1.0,0.9980000257492064,0.1529195457696914,1.0,0.0057499408721923,23770.495891187304,d100_B100_R3_20251106_193319,2025-11-06 19:33:21,100,40,100,50.0
18,0.0,1.0,0.9980000257492064,0.1529195457696914,1.0,0.0048658847808837,23518.304854655453,d100_B100_R3_20251106_193319,2025-11-06 19:33:21,100,40,100,50.0
19,0.0,1.0,0.9980000257492064,0.1529195457696914,1.0,0.0049319267272949,23269.04758602516,d100_B100_R3_20251106_193319,2025-11-06 19:33:21,100,40,100,50.0
20,0.0,1.0,0.9980000257492064,0.1529195457696914,1.0,0.0024590492248535,23722.09716644986,d100_B100_R3_20251106_193319,2025-11-06 19:33:21,100,40,100,50.0
21,0.0,1.0,0.9980000257492064,0.1529195457696914,1.0,0.0021009445190429,24225.2457974865,d100_B100_R3_20251106_193319,2025-11-06 19:33:21,100,40,100,50.0
22,0.0,1.0,0.9980000257492064,0.1529195457696914,1.0,0.0024530887603759,24641.055231585426,d100_B100_R3_20251106_193319,2025-11-06 19:33:21,100,40,100,50.0
23,0.0,1.0,0.9980000257492064,0.1529195457696914,1.0,0.0033450126647949,24801.85675216202,d100_B100_R3_20251106_193319,2025-11-06 19:33:21,100,40,100,50.0
24,0.0,1.0,0.9980000257492064,0.1529195457696914,1.0,0.00260591506958,25128.65369545369,d100_B100_R3_20251106_193319,2025-11-06 19:33:21,100,40,100,50.0
25,0.0,1.0,0.9980000257492064,0.1529195457696914,1.0,0.0016429424285888,25687.376541392347,d100_B100_R3_20251106_193319,2025-11-06 19:33:21,100,40,100,50.0
26,0.0,1.0,0.9980000257492064,0.1529195457696914,1.0,0.0019419193267822,26157.483254030583,d100_B100_R3_20251106_193319,2025-11-06 19:33:21,100,40,100,50.0
27,0.0,1.0,0.9980000257492064,0.1529195457696914,1.0,0.0016741752624511,26677.80781340154,d100_B100_R3_20251106_193319,2025-11-06 19:33:21,100,40,100,50.0
28,0.0,1.0,0.9980000257492064,0.1529195457696914,1.0,0.0021729469299316,27011.11135785252,d100_B100_R3_20251106_193319,2025-11-06 19:33:21,100,40,100,50.0
29,0.0,1.0,0.9980000257492064,0.1529195457696914,1.0,0.0028510093688964,27194.066236157578,d100_B100_R3_20251106_193319,2025-11-06 19:33:21,100,40,100,50.0
30,0.0,1.0,0.9980000257492064,0.1529195457696914,1.0,0.0050089359283447,26835.179949063622,d100_B100_R3_20251106_193319,2025-11-06 19:33:21,100,40,100,50.0
31,0.0,1.0,0.9980000257492064,0.1529195457696914,1.0,0.0026979446411132,27042.25206819711,d100_B100_R3_20251106_193319,2025-11-06 19:33:21,100,40,100,50.0
32,0.0,1.0,0.9980000257492064,0.1529195457696914,1.0,0.0020728111267089,27387.010108964707,d100_B100_R3_20251106_193319,2025-11-06 19:33:21,100,40,100,50.0
33,0.0,1.0,0.9980000257492064,0.1529195457696914,1.0,0.0026319026947021,27591.32904583904,d100_B100_R3_20251106_193319,2025-11-06 19:33:21,100,40,100,50.0
34,0.0,1.0,0.9980000257492064,0.1529195457696914,1.0,0.0019071102142333,27947.38755889772,d100_B100_R3_20251106_193319,2025-11-06 19:33:21,100,40,100,50.0
35,0.0,1.0,0.9980000257492064,0.1529195457696914,1.0,0.0018579959869384,28304.086797107266,d100_B100_R3_20251106_193319,2025-11-06 19:33:21,100,40,100,50.0
36,0.0,1.0,0.9980000257492064,0.1529195457696914,1.0,0.0030570030212402,28387.948188405135,d100_B100_R3_20251106_193319,2025-11-06 19:33:21,100,40,100,50.0
37,0.0,1.0,0.9980000257492064,0.1529195457696914,1.0,0.0030598640441894,28453.52385236917,d100_B100_R3_20251106_193319,2025-11-06 19:33:21,100,40,100,50.0
38,0.0,1.0,0.9980000257492064,0.1529195457696914,1.0,0.0024638175964355,28654.937339494863,d100_B100_R3_20251106_193319,2025-11-06 19:33:21,100,40,100,50.0
39,0.0,1.0,0.9980000257492064,0.1529195457696914,1.0,0.0020630359649658,28934.76524975467,d100_B100_R3_20251106_193319,2025-11-06 19:33:21,100,40,100,50.0
40,0.0,1.0,0.9980000257492064,0.1529195457696914,1.0,0.0018742084503173,29245.94754090554,d100_B100_R3_20251106_193319,2025-11-06 19:33:21,100,40,100,50.0
41,0.0,1.0,0.9980000257492064,0.1529195457696914,1.0,0.0021529197692871,29493.290205276822,d100_B100_R3_20251106_193319,2025-11-06 19:33:21,100,40,100,50.0
42,0.0,1.0,0.9980000257492064,0.1529195457696914,1.0,0.0025758743286132,29642.455151330872,d100_B100_R3_20251106_193319,2025-11-06 19:33:21,100,40,100,50.0
43,0.0,1.0,0.9980000257492064,0.1529195457696914,1.0,0.004857063293457,29325.483939654925,d100_B100_R3_20251106_193319,2025-11-06 19:33:21,100,40,100,50.0
44,0.0,1.0,0.9980000257492064,0.1529195457696914,1.0,0.007411241531372,28555.99128540305,d100_B100_R3_20251106_193319,2025-11-06 19:33:21,100,40,100,50.0
45,0.0,1.0,0.9980000257492064,0.1529195457696914,1.0,0.0073096752166748,27871.826971554376,d100_B100_R3_20251106_193319,2025-11-06 19:33:21,100,40,100,50.0
46,0.0,1.0,0.9980000257492064,0.1529195457696914,1.0,0.0142347812652587,26161.520331245356,d100_B100_R3_20251106_193319,2025-11-06 19:33:21,100,40,100,50.0
47,0.0,1.0,0.9980000257492064,0.1529195457696914,1.0,0.0039389133453369,26095.576781244778,d100_B100_R3_20251106_193319,2025-11-06 19:33:21,100,40,100,50.0
48,0.0,1.0,0.9980000257492064,0.1529195457696914,1.0,0.0035278797149658,26126.75539961608,d100_B100_R3_20251106_193319,2025-11-06 19:33:21,100,40,100,50.0
49,0.0,1.0,0.9980000257492064,0.1529195457696914,1.0,0.0033659934997558,26143.616159248835,d100_B100_R3_20251106_193319,2025-11-06 19:33:21,100,40,100,50.0
50,0.0,1.0,0.9980000257492064,0.1529195457696914,1.0,0.0029768943786621,26221.59808574903,d100_B100_R3_20251106_193319,2025-11-06 19:33:21,100,40,100,50.0
51,0.0,1.0,0.9980000257492064,0.1529195457696914,1.0,0.0102431774139404,25384.285062522697,d100_B100_R3_20251106_193319,2025-11-06 19:33:21,100,40,100,50.0
52,0.0,1.0,0.9980000257492064,0.1529195457696914,1.0,0.006706953048706,25038.364551772294,d100_B100_R3_20251106_193319,2025-11-06 19:33:21,100,40,100,50.0
53,0.0,1.0,0.9980000257492064,0.1529195457696914,1.0,0.0034840106964111,25081.744418986575,d100_B100_R3_20251106_193319,2025-11-06 19:33:21,100,40,100,50.0
54,0.0,1.0,0.9980000257492064,0.1529195457696914,1.0,0.0045149326324462,24999.888377254538,d100_B100_R3_20251106_193319,2025-11-06 19:33:21,100,40,100,50.0
55,0.0,1.0,0.9980000257492064,0.1529195457696914,1.0,0.0045020580291748,24932.967889177857,d100_B100_R3_20251106_193319,2025-11-06 19:33:21,100,40,100,50.0
56,0.0,1.0,0.9980000257492064,0.1529195457696914,1.0,0.0029771327972412,25033.46285900968,d100_B100_R3_20251106_193319,2025-11-06 19:33:21,100,40,100,50.0
57,0.0,1.0,0.9980000257492064,0.1529195457696914,1.0,0.0052909851074218,24880.072082465285,d100_B100_R3_20251106_193319,2025-11-06 19:33:21,100,40,100,50.0
58,0.0,1.0,0.9980000257492064,0.1529195457696914,1.0,0.0031371116638183,24948.702629623614,d100_B100_R3_20251106_193319,2025-11-06 19:33:21,100,40,100,50.0
59,0.0,1.0,0.9980000257492064,0.1529195457696914,1.0,0.0035901069641113,24976.25423039133,d100_B100_R3_20251106_193319,2025-11-06 19:33:21,100,40,100,50.0
60,0.0,1.0,0.9980000257492064,0.1529195457696914,1.0,0.0036890506744384,24993.72784313649,d100_B100_R3_20251106_193319,2025-11-06 19:33:21,100,40,100,50.0
61,0.0,1.0,0.9980000257492064,0.1529195457696914,1.0,0.0056970119476318,24812.304686009145,d100_B100_R3_20251106_193319,2025-11-06 19:33:21,100,40,100,50.0
62,0.0,1.0,0.9980000257492064,0.1529195457696914,1.0,0.0032038688659667,24875.98325792622,d100_B100_R3_20251106_193319,2025-11-06 19:33:21,100,40,100,50.0
63,0.0,1.0,0.9980000257492064,0.1529195457696914,1.0,0.0038762092590332,24879.369163296094,d100_B100_R3_20251106_193319,2025-11-06 19:33:21,100,40,100,50.0
64,0.0,1.0,0.9980000257492064,0.1529195457696914,1.0,0.0054781436920166,24726.842656131244,d100_B100_R3_20251106_193319,2025-11-06 19:33:21,100,40,100,50.0
65,0.0,1.0,0.9980000257492064,0.1529195457696914,1.0,0.0046391487121582,24627.97149168656,d100_B100_R3_20251106_193319,2025-11-06 19:33:21,100,40,100,50.0
66,0.0,1.0,0.9980000257492064,0.1529195457696914,1.0,0.0029070377349853,24721.319909038528,d100_B100_R3_20251106_193319,2025-11-06 19:33:21,100,40,100,50.0
67,0.0,1.0,0.9980000257492064,0.1529195457696914,1.0,0.0038189888000488,24730.415932894415,d100_B100_R3_20251106_193319,2025-11-06 19:33:21,100,40,100,50.0
68,0.0,1.0,0.9980000257492064,0.1529195457696914,1.0,0.0044169425964355,24665.836764506596,d100_B100_R3_20251106_193319,2025-11-06 19:33:21,100,40,100,50.0
69,0.0,1.0,0.9980000257492064,0.1529195457696914,1.0,0.0030121803283691,24740.839988303767,d100_B100_R3_20251106_193319,2025-11-06 19:33:21,100,40,100,50.0
70,0.0,1.0,0.9980000257492064,0.1529195457696914,1.0,0.0018892288208007,24916.817260297583,d100_B100_R3_20251106_193319,2025-11-06 19:33:21,100,40,100,50.0
71,0.0,1.0,0.9980000257492064,0.1529195457696914,1.0,0.0025968551635742,25032.754051587435,d100_B100_R3_20251106_193319,2025-11-06 19:33:21,100,40,100,50.0
72,0.0,1.0,0.9980000257492064,0.1529195457696914,1.0,0.002403974533081,25160.00617939304,d100_B100_R3_20251106_193319,2025-11-06 19:33:21,100,40,100,50.0
73,0.0,1.0,0.9980000257492064,0.1529195457696914,1.0,0.0020999908447265,25310.366715866556,d100_B100_R3_20251106_193319,2025-11-06 19:33:21,100,40,100,50.0
74,0.0,1.0,0.9980000257492064,0.1529195457696914,1.0,0.0038540363311767,25311.069038570935,d100_B100_R3_20251106_193319,2025-11-06 19:33:21,100,40,100,50.0
75,0.0,1.0,0.9980000257492064,0.1529195457696914,1.0,0.0035998821258544,25329.17048735874,d100_B100_R3_20251106_193319,2025-11-06 19:33:21,100,40,100,50.0
76,0.0,1.0,0.9980000257492064,0.1529195457696914,1.0,0.0038728713989257,25325.10244953586,d100_B100_R3_20251106_193319,2025-11-06 19:33:21,100,40,100,50.0
77,0.0,1.0,0.9980000257492064,0.1529195457696914,1.0,0.0037951469421386,25328.78550923015,d100_B100_R3_20251106_193319,2025-11-06 19:33:21,100,40,100,50.0
78,0.0,1.0,0.9980000257492064,0.1529195457696914,1.0,0.0038669109344482,25324.302846089235,d100_B100_R3_20251106_193319,2025-11-06 19:33:21,100,40,100,50.0
79,0.0,1.0,0.9980000257492064,0.1529195457696914,1.0,0.006152868270874,25135.949923515906,d100_B100_R3_20251106_193319,2025-11-06 19:33:21,100,40,100,50.0
80,0.0,1.0,0.9980000257492064,0.1529195457696914,1.0,0.0051362514495849,25036.229060242244,d100_B100_R3_20251106_193319,2025-11-06 19:33:21,100,40,100,50.0
81,0.0,1.0,0.9980000257492064,0.1529195457696914,1.0,0.0046260356903076,24979.80366693685,d100_B100_R3_20251106_193319,2025-11-06 19:33:21,100,40,100,50.0
82,0.0,1.0,0.9980000257492064,0.1529195457696914,1.0,0.0038189888000488,24982.990648437662,d100_B100_R3_20251106_193319,2025-11-06 19:33:21,100,40,100,50.0
83,0.0,1.0,0.9980000257492064,0.1529195457696914,1.0,0.0023620128631591,25094.841448474315,d100_B100_R3_20251106_193319,2025-11-06 19:33:21,100,40,100,50.0
84,0.0,1.0,0.9980000257492064,0.1529195457696914,1.0,0.0022480487823486,25214.603876016143,d100_B100_R3_20251106_193319,2025-11-06 19:33:21,100,40,100,50.0
85,0.0,1.0,0.9980000257492064,0.1529195457696914,1.0,0.0023736953735351,25324.793026364565,d100_B100_R3_20251106_193319,2025-11-06 19:33:21,100,40,100,50.0
86,0.0,1.0,0.9980000257492064,0.1529195457696914,1.0,0.0021898746490478,25445.79797300784,d100_B100_R3_20251106_193319,2025-11-06 19:33:21,100,40,100,50.0
87,0.0,1.0,0.9980000257492064,0.1529195457696914,1.0,0.0060527324676513,25282.329571452447,d100_B100_R3_20251106_193319,2025-11-06 19:33:21,100,40,100,50.0
88,0.0,1.0,0.9980000257492064,0.1529195457696914,1.0,0.0020811557769775,25407.791822391264,d100_B100_R3_20251106_193319,2025-11-06 19:33:21,100,40,100,50.0
89,0.0,1.0,0.9980000257492064,0.1529195457696914,1.0,0.0028121471405029,25481.454280352635,d100_B100_R3_20251106_193319,2025-11-06 19:33:21,100,40,100,50.0
90,0.0,1.0,0.9980000257492064,0.1529195457696914,1.0,0.0023050308227539,25589.667633448786,d100_B100_R3_20251106_193319,2025-11-06 19:33:21,100,40,100,50.0
91,0.0,1.0,0.9980000257492064,0.1529195457696914,1.0,0.0035841464996337,25605.266028673846,d100_B100_R3_20251106_193319,2025-11-06 19:33:21,100,40,100,50.0
92,0.0,1.0,0.9980000257492064,0.1529195457696914,1.0,0.0043642520904541,25565.034382053695,d100_B100_R3_20251106_193319,2025-11-06 19:33:21,100,40,100,50.0
93,0.0,1.0,0.9980000257492064,0.1529195457696914,1.0,0.0026237964630126,25646.54391039881,d100_B100_R3_20251106_193319,2025-11-06 19:33:21,100,40,100,50.0
94,0.0,1.0,0.9980000257492064,0.1529195457696914,1.0,0.0016782283782958,25791.103513583315,d100_B100_R3_20251106_193319,2025-11-06 19:33:21,100,40,100,50.0
95,0.0,1.0,0.9980000257492064,0.1529195457696914,1.0,0.003899335861206,25781.915088431942,d100_B100_R3_20251106_193319,2025-11-06 19:33:21,100,40,100,50.0
96,0.0,1.0,0.9980000257492064,0.1529195457696914,1.0,0.0035703182220458,25795.66914131625,d100_B100_R3_20251106_193319,2025-11-06 19:33:21,100,40,100,50.0
97,0.0,1.0,0.9980000257492064,0.1529195457696914,1.0,0.0034468173980712,25819.159386006184,d100_B100_R3_20251106_193319,2025-11-06 19:33:21,100,40,100,50.0
98,0.0,1.0,0.9980000257492064,0.1529195457696914,1.0,0.0043129920959472,25781.373831572608,d100_B100_R3_20251106_193319,2025-11-06 19:33:21,100,40,100,50.0
99,0.0,1.0,0.9980000257492064,0.1529195457696914,1.0,0.0024311542510986,25854.011242042947,d100_B100_R3_20251106_193319,2025-11-06 19:33:21,100,40,100,50.0
100,0.0,1.0,0.9980000257492064,0.1529195457696914,1.0,0.0023539066314697,25948.31734730067,d100_B100_R3_20251106_193319,2025-11-06 19:33:21,100,40,100,50.0
101,0.0,1.0,0.9980000257492064,0.1529195457696914,1.0,0.0014290809631347,26095.149006561925,d100_B100_R3_20251106_193319,2025-11-06 19:33:21,100,40,100,50.0
102,0.0,1.0,0.9980000257492064,0.1529195457696914,1.0,0.0012102127075195,26264.378817944827,d100_B100_R3_20251106_193319,2025-11-06 19:33:21,100,40,100,50.0
103,0.0,1.0,0.9980000257492064,0.1529195457696914,1.0,0.0013709068298339,26423.149230640625,d100_B100_R3_20251106_193319,2025-11-06 19:33:21,100,40,100,50.0
104,0.0,1.0,0.9980000257492064,0.1529195457696914,1.0,0.00242280960083,26509.715069960905,d100_B100_R3_20251106_193319,2025-11-06 19:33:21,100,40,100,50.0
105,0.0,1.0,0.9980000257492064,0.1529195457696914,1.0,0.0022368431091308,26599.94232442154,d100_B100_R3_20251106_193319,2025-11-06 19:33:21,100,40,100,50.0
106,0.0,1.0,0.9980000257492064,0.1529195457696914,1.0,0.0012311935424804,26764.25536787315,d100_B100_R3_20251106_193319,2025-11-06 19:33:21,100,40,100,50.0
107,0.0,1.0,0.9980000257492064,0.1529195457696914,1.0,0.0012958049774169,26923.67044323908,d100_B100_R3_20251106_193319,2025-11-06 19:33:21,100,40,100,50.0
108,0.0,1.0,0.9980000257492064,0.1529195457696914,1.0,0.0019400119781494,27037.349319925223,d100_B100_R3_20251106_193319,2025-11-06 19:33:21,100,40,100,50.0
109,0.0,1.0,0.9980000257492064,0.1529195457696914,1.0,0.0022289752960205,27129.065698572496,d100_B100_R3_20251106_193319,2025-11-06 19:33:21,100,40,100,50.0
110,0.0,1.0,0.9980000257492064,0.1529195457696914,1.0,0.0017151832580566,27254.841289262044,d100_B100_R3_20251106_193319,2025-11-06 19:33:21,100,40,100,50.0
111,0.0,1.0,0.9980000257492064,0.1529195457696914,1.0,0.0018451213836669,27369.939924595492,d100_B100_R3_20251106_193319,2025-11-06 19:33:21,100,40,100,50.0
112,0.0,1.0,0.9980000257492064,0.1529195457696914,1.0,0.0012600421905517,27522.638700161435,d100_B100_R3_20251106_193319,2025-11-06 19:33:21,100,40,100,50.0
113,0.0,1.0,0.9980000257492064,0.1529195457696914,1.0,0.0017018318176269,27647.939605395084,d100_B100_R3_20251106_193319,2025-11-06 19:33:21,100,40,100,50.0
114,0.0,1.0,0.9980000257492064,0.1529195457696914,1.0,0.0018119812011718,27762.87431491435,d100_B100_R3_20251106_193319,2025-11-06 19:33:21,100,40,100,50.0
115,0.0,1.0,0.9980000257492064,0.1529195457696914,1.0,0.0019452571868896,27865.506318058084,d100_B100_R3_20251106_193319,2025-11-06 19:33:21,100,40,100,50.0
116,0.0,1.0,0.9980000257492064,0.1529195457696914,1.0,0.0021829605102539,27953.712229183115,d100_B100_R3_20251106_193319,2025-11-06 19:33:21,100,40,100,50.0
117,0.0,1.0,0.9980000257492064,0.1529195457696914,1.0,0.0015630722045898,28083.19693502417,d100_B100_R3_20251106_193319,2025-11-06 19:33:21,100,40,100,50.0
118,0.0,1.0,0.9980000257492064,0.1529195457696914,1.0,0.0032241344451904,28100.56164846301,d100_B100_R3_20251106_193319,2025-11-06 19:33:21,100,40,100,50.0
119,0.0,1.0,0.9980000257492064,0.1529195457696914,1.0,0.0064918994903564,27879.54966557268,d100_B100_R3_20251106_193319,2025-11-06 19:33:21,100,40,100,50.0
120,0.0,1.0,0.9980000257492064,0.1529195457696914,1.0,0.0047502517700195,27795.696605601413,d100_B100_R3_20251106_193319,2025-11-06 19:33:21,100,40,100,50.0
121,0.0,1.0,0.9980000257492064,0.1529195457696914,1.0,0.0038230419158935,27772.00846014781,d100_B100_R3_20251106_193319,2025-11-06 19:33:21,100,40,100,50.0
122,0.0,1.0,0.9980000257492064,0.1529195457696914,1.0,0.0043110847473144,27712.68758057585,d100_B100_R3_20251106_193319,2025-11-06 19:33:21,100,40,100,50.0
123,0.0,1.0,0.9980000257492064,0.1529195457696914,1.0,0.0064451694488525,27480.555514459564,d100_B100_R3_20251106_193319,2025-11-06 19:33:21,100,40,100,50.0
124,0.0,1.0,0.9980000257492064,0.1529195457696914,1.0,0.0024030208587646,27547.66569829913,d100_B100_R3_20251106_193319,2025-11-06 19:33:21,100,40,100,50.0
125,0.0,1.0,0.9980000257492064,0.1529195457696914,1.0,0.001432180404663,27674.475685967707,d100_B100_R3_20251106_193319,2025-11-06 19:33:21,100,40,100,50.0
126,0.0,1.0,0.9980000257492064,0.1529195457696914,1.0,0.0011391639709472,27820.311024576124,d100_B100_R3_20251106_193319,2025-11-06 19:33:21,100,40,100,50.0
127,0.0,1.0,0.9980000257492064,0.1529195457696914,1.0,0.0011608600616455,27963.643314795805,d100_B100_R3_20251106_193319,2025-11-06 19:33:21,100,40,100,50.0
128,0.0,1.0,0.9980000257492064,0.1529195457696914,1.0,0.0010697841644287,28111.06616422677,d100_B100_R3_20251106_193319,2025-11-06 19:33:21,100,40,100,50.0
129,0.0,1.0,0.9980000257492064,0.1529195457696914,1.0,0.001007080078125,28262.888740759325,d100_B100_R3_20251106_193319,2025-11-06 19:33:21,100,40,100,50.0
130,0.0,1.0,0.9980000257492064,0.1529195457696914,1.0,0.0015268325805664,28380.835360275785,d100_B100_R3_20251106_193319,2025-11-06 19:33:21,100,40,100,50.0
131,0.0,1.0,0.9980000257492064,0.1529195457696914,1.0,0.0031380653381347,28396.973646349925,d100_B100_R3_20251106_193319,2025-11-06 19:33:21,100,40,100,50.0
132,0.0,1.0,0.9980000257492064,0.1529195457696914,1.0,0.0025858879089355,28446.19661771995,d100_B100_R3_20251106_193319,2025-11-06 19:33:21,100,40,100,50.0
133,0.0,1.0,0.9980000257492064,0.1529195457696914,1.0,0.0033211708068847,28451.43379272815,d100_B100_R3_20251106_193319,2025-11-06 19:33:21,100,40,100,50.0
134,0.0,1.0,0.9980000257492064,0.1529195457696914,1.0,0.0069952011108398,28236.99222203771,d100_B100_R3_20251106_193319,2025-11-06 19:33:21,100,40,100,50.0
135,0.0,1.0,0.9980000257492064,0.1529195457696914,1.0,0.005817174911499,28096.033729503957,d100_B100_R3_20251106_193319,2025-11-06 19:33:21,100,40,100,50.0
136,0.0,1.0,0.9980000257492064,0.1529195457696914,1.0,0.004026174545288,28059.901788818617,d100_B100_R3_20251106_193319,2025-11-06 19:33:21,100,40,100,50.0
137,0.0,1.0,0.9980000257492064,0.1529195457696914,1.0,0.0052318572998046,27918.93439835616,d100_B100_R3_20251106_193319,2025-11-06 19:33:21,100,40,100,50.0
138,0.0,1.0,0.9980000257492064,0.1529195457696914,1.0,0.0084860324859619,27637.87482448065,d100_B100_R3_20251106_193319,2025-11-06 19:33:21,100,40,100,50.0
139,0.0,1.0,0.9980000257492064,0.1529195457696914,1.0,0.0072989463806152,27415.86350022294,d100_B100_R3_20251106_193319,2025-11-06 19:33:21,100,40,100,50.0
140,0.0,1.0,0.9980000257492064,0.1529195457696914,1.0,0.0048580169677734,27342.26857887875,d100_B100_R3_20251106_193319,2025-11-06 19:33:21,100,40,100,50.0
141,0.0,1.0,0.9980000257492064,0.1529195457696914,1.0,0.0022461414337158,27406.346899737575,d100_B100_R3_20251106_193319,2025-11-06 19:33:21,100,40,100,50.0
142,0.0,1.0,0.9980000257492064,0.1529195457696914,1.0,0.0026578903198242,27450.324464470006,d100_B100_R3_20251106_193319,2025-11-06 19:33:21,100,40,100,50.0
143,0.0,1.0,0.9980000257492064,0.1529195457696914,1.0,0.010261058807373,27101.588861412463,d100_B100_R3_20251106_193319,2025-11-06 19:33:21,100,40,100,50.0
144,0.0,1.0,0.9980000257492064,0.1529195457696914,1.0,0.0067231655120849,26941.60262853513,d100_B100_R3_20251106_193319,2025-11-06 19:33:21,100,40,100,50.0
145,0.0,1.0,0.9980000257492064,0.1529195457696914,1.0,0.0036609172821044,26935.57227410603,d100_B100_R3_20251106_193319,2025-11-06 19:33:21,100,40,100,50.0
146,0.0,1.0,0.9980000257492064,0.1529195457696914,1.0,0.0073909759521484,26750.072475997884,d100_B100_R3_20251106_193319,2025-11-06 19:33:21,100,40,100,50.0
147,0.0,1.0,0.9980000257492064,0.1529195457696914,1.0,0.0059421062469482,26636.56937723694,d100_B100_R3_20251106_193319,2025-11-06 19:33:21,100,40,100,50.0
148,0.0,1.0,0.9980000257492064,0.1529195457696914,1.0,0.0040550231933593,26615.59889338621,d100_B100_R3_20251106_193319,2025-11-06 19:33:21,100,40,100,50.0
149,0.0,1.0,0.9980000257492064,0.1529195457696914,1.0,0.0052411556243896,26532.558542624243,d100_B100_R3_20251106_193319,2025-11-06 19:33:21,100,40,100,50.0
150,0.0,1.0,0.9980000257492064,0.1529195457696914,1.0,0.0049350261688232,26460.904794791542,d100_B100_R3_20251106_193319,2025-11-06 19:33:21,100,40,100,50.0
151,0.0,1.0,0.9980000257492064,0.1529195457696914,1.0,0.0051949024200439,26391.27143632428,d100_B100_R3_20251106_193319,2025-11-06 19:33:21,100,40,100,50.0
152,0.0,1.0,0.9980000257492064,0.1529195457696914,1.0,0.0027029514312744,26434.307958156805,d100_B100_R3_20251106_193319,2025-11-06 19:33:21,100,40,100,50.0
153,0.0,1.0,0.9980000257492064,0.1529195457696914,1.0,0.0030767917633056,26459.157949325887,d100_B100_R3_20251106_193319,2025-11-06 19:33:21,100,40,100,50.0
154,0.0,1.0,0.9980000257492064,0.1529195457696914,1.0,0.010754108428955,26137.126849170116,d100_B100_R3_20251106_193319,2025-11-06 19:33:21,100,40,100,50.0
155,0.0,1.0,0.9980000257492064,0.1529195457696914,1.0,0.0040650367736816,26121.1550115573,d100_B100_R3_20251106_193319,2025-11-06 19:33:21,100,40,100,50.0
156,0.0,1.0,0.9980000257492064,0.1529195457696914,1.0,0.0072228908538818,25967.194786573993,d100_B100_R3_20251106_193319,2025-11-06 19:33:21,100,40,100,50.0
157,0.0,1.0,0.9980000257492064,0.1529195457696914,1.0,0.0038661956787109,25959.935129545043,d100_B100_R3_20251106_193319,2025-11-06 19:33:21,100,40,100,50.0
158,0.0,1.0,0.9980000257492064,0.1529195457696914,1.0,0.0085690021514892,25756.702187194765,d100_B100_R3_20251106_193319,2025-11-06 19:33:21,100,40,100,50.0
159,0.0,1.0,0.9980000257492064,0.1529195457696914,1.0,0.0036520957946777,25760.244870415445,d100_B100_R3_20251106_193319,2025-11-06 19:33:21,100,40,100,50.0
160,0.0,1.0,0.9980000257492064,0.1529195457696914,1.0,0.0063896179199218,25651.189108700277,d100_B100_R3_20251106_193319,2025-11-06 19:33:21,100,40,100,50.0
161,0.0,1.0,0.9980000257492064,0.1529195457696914,1.0,0.0033109188079833,25670.641927323395,d100_B100_R3_20251106_193319,2025-11-06 19:33:21,100,40,100,50.0
162,0.0,1.0,0.9980000257492064,0.1529195457696914,1.0,0.0031228065490722,25695.75560767334,d100_B100_R3_20251106_193319,2025-11-06 19:33:21,100,40,100,50.0
163,0.0,1.0,0.9980000257492064,0.1529195457696914,1.0,0.00372314453125,25691.55147099743,d100_B100_R3_20251106_193319,2025-11-06 19:33:21,100,40,100,50.0
164,0.0,1.0,0.9980000257492064,0.1529195457696914,1.0,0.0034742355346679,25703.16979441851,d100_B100_R3_20251106_193319,2025-11-06 19:33:21,100,40,100,50.0
165,0.0,1.0,0.9980000257492064,0.1529195457696914,1.0,0.0041227340698242,25687.089318186932,d100_B100_R3_20251106_193319,2025-11-06 19:33:21,100,40,100,50.0
166,0.0,1.0,0.9980000257492064,0.1529195457696914,1.0,0.0038111209869384,25684.041838165867,d100_B100_R3_20251106_193319,2025-11-06 19:33:21,100,40,100,50.0
167,0.0,1.0,0.9980000257492064,0.1529195457696914,1.0,0.0021648406982421,25746.9228534733,d100_B100_R3_20251106_193319,2025-11-06 19:33:21,100,40,100,50.0
168,0.0,1.0,0.9980000257492064,0.1529195457696914,1.0,0.0053591728210449,25684.784307018446,d100_B100_R3_20251106_193319,2025-11-06 19:33:21,100,40,100,50.0
169,0.0,1.0,0.9980000257492064,0.1529195457696914,1.0,0.0043489933013916,25661.101370162756,d100_B100_R3_20251106_193319,2025-11-06 19:33:21,100,40,100,50.0
170,0.0,1.0,0.9980000257492064,0.1529195457696914,1.0,0.0024929046630859,25710.028627000866,d100_B100_R3_20251106_193319,2025-11-06 19:33:21,100,40,100,50.0
171,0.0,1.0,0.9980000257492064,0.1529195457696914,1.0,0.0027511119842529,25748.56798587188,d100_B100_R3_20251106_193319,2025-11-06 19:33:21,100,40,100,50.0
172,0.0,1.0,0.9980000257492064,0.1529195457696914,1.0,0.0045881271362304,25711.092362832343,d100_B100_R3_20251106_193319,2025-11-06 19:33:21,100,40,100,50.0
173,0.0,1.0,0.9980000257492064,0.1529195457696914,1.0,0.004606008529663,25673.106886486006,d100_B100_R3_20251106_193319,2025-11-06 19:33:21,100,40,100,50.0
174,0.0,1.0,0.9980000257492064,0.1529195457696914,1.0,0.0027580261230468,25711.05107999955,d100_B100_R3_20251106_193319,2025-11-06 19:33:21,100,40,100,50.0
175,0.0,1.0,0.9980000257492064,0.1529195457696914,1.0,0.0029089450836181,25743.143240745583,d100_B100_R3_20251106_193319,2025-11-06 19:33:21,100,40,100,50.0
176,0.0,1.0,0.9980000257492064,0.1529195457696914,1.0,0.0025050640106201,25789.82409297779,d100_B100_R3_20251106_193319,2025-11-06 19:33:21,100,40,100,50.0
177,0.0,1.0,0.9980000257492064,0.1529195457696914,1.0,0.0026140213012695,25832.21384737604,d100_B100_R3_20251106_193319,2025-11-06 19:33:21,100,40,100,50.0
178,0.0,1.0,0.9980000257492064,0.1529195457696914,1.0,0.0025420188903808,25877.81670734452,d100_B100_R3_20251106_193319,2025-11-06 19:33:21,100,40,100,50.0
179,0.0,1.0,0.9980000257492064,0.1529195457696914,1.0,0.004239797592163,25858.76122453383,d100_B100_R3_20251106_193319,2025-11-06 19:33:21,100,40,100,50.0
180,0.0,1.0,0.9980000257492064,0.1529195457696914,1.0,0.0026731491088867,25898.537996533985,d100_B100_R3_20251106_193319,2025-11-06 19:33:21,100,40,100,50.0
181,0.0,1.0,0.9980000257492064,0.1529195457696914,1.0,0.0031299591064453,25919.309726863088,d100_B100_R3_20251106_193319,2025-11-06 19:33:21,100,40,100,50.0
182,0.0,1.0,0.9980000257492064,0.1529195457696914,1.0,0.0058391094207763,25832.601559936393,d100_B100_R3_20251106_193319,2025-11-06 19:33:21,100,40,100,50.0
183,0.0,1.0,0.9980000257492064,0.1529195457696914,1.0,0.0095670223236083,25604.229638924036,d100_B100_R3_20251106_193319,2025-11-06 19:33:21,100,40,100,50.0
184,0.0,1.0,0.9980000257492064,0.1529195457696914,1.0,0.0033760070800781,25613.402283051662,d100_B100_R3_20251106_193319,2025-11-06 19:33:21,100,40,100,50.0
185,0.0,1.0,0.9980000257492064,0.1529195457696914,1.0,0.0039501190185546,25605.226201111855,d100_B100_R3_20251106_193319,2025-11-06 19:33:21,100,40,100,50.0
186,0.0,1.0,0.9980000257492064,0.1529195457696914,1.0,0.0044748783111572,25576.84249108617,d100_B100_R3_20251106_193319,2025-11-06 19:33:21,100,40,100,50.0
187,0.0,1.0,0.9980000257492064,0.1529195457696914,1.0,0.0044910907745361,25542.88039182658,d100_B100_R3_20251106_193319,2025-11-06 19:33:21,100,40,100,50.0
188,0.0,1.0,0.9980000257492064,0.1529195457696914,1.0,0.0023131370544433,25592.61952258441,d100_B100_R3_20251106_193319,2025-11-06 19:33:21,100,40,100,50.0
189,0.0,1.0,0.9980000257492064,0.1529195457696914,1.0,0.0017831325531005,25654.069551271423,d100_B100_R3_20251106_193319,2025-11-06 19:33:21,100,40,100,50.0
190,0.0,1.0,0.9980000257492064,0.1529195457696914,1.0,0.0019140243530273,25719.708011387003,d100_B100_R3_20251106_193319,2025-11-06 19:33:21,100,40,100,50.0
191,0.0,1.0,0.9980000257492064,0.1529195457696914,1.0,0.0027849674224853,25753.140463994176,d100_B100_R3_20251106_193319,2025-11-06 19:33:21,100,40,100,50.0
192,0.0,1.0,0.9980000257492064,0.1529195457696914,1.0,0.0023849010467529,25800.407069210058,d100_B100_R3_20251106_193319,2025-11-06 19:33:21,100,40,100,50.0
193,0.0,1.0,0.9980000257492064,0.1529195457696914,1.0,0.0043718814849853,25778.63803552703,d100_B100_R3_20251106_193319,2025-11-06 19:33:21,100,40,100,50.0
194,0.0,1.0,0.9980000257492064,0.1529195457696914,1.0,0.0074570178985595,25653.774579439138,d100_B100_R3_20251106_193319,2025-11-06 19:33:21,100,40,100,50.0
195,0.0,1.0,0.9980000257492064,0.1529195457696914,1.0,0.0054600238800048,25596.48485773133,d100_B100_R3_20251106_193319,2025-11-06 19:33:21,100,40,100,50.0
196,0.0,1.0,0.9980000257492064,0.1529195457696914,1.0,0.0024988651275634,25639.11424000318,d100_B100_R3_20251106_193319,2025-11-06 19:33:21,100,40,100,50.0
197,0.0,1.0,0.9980000257492064,0.1529195457696914,1.0,0.008523941040039,25483.21356384472,d100_B100_R3_20251106_193319,2025-11-06 19:33:21,100,40,100,50.0
198,0.0,1.0,0.9980000257492064,0.1529195457696914,1.0,0.0097119808197021,25291.16906735866,d100_B100_R3_20251106_193319,2025-11-06 19:33:21,100,40,100,50.0
199,0.0,1.0,0.9980000257492064,0.1529195457696914,1.0,0.003648042678833,25296.531176589437,d100_B100_R3_20251106_193319,2025-11-06 19:33:21,100,40,100,50.0
200,0.0,1.0,0.9980000257492064,0.1529195457696914,1.0,0.0064811706542968,25200.91721755818,d100_B100_R3_20251106_193319,2025-11-06 19:33:21,100,40,100,50.0
201,0.0,1.0,0.9980000257492064,0.1529195457696914,1.0,0.0047948360443115,25168.42307576911,d100_B100_R3_20251106_193319,2025-11-06 19:33:21,100,40,100,50.0
202,0.0,1.0,0.9980000257492064,0.1529195457696914,1.0,0.004688024520874,25140.376489846632,d100_B100_R3_20251106_193319,2025-11-06 19:33:21,100,40,100,50.0
203,0.0,1.0,0.9980000257492064,0.1529195457696914,1.0,0.0046141147613525,25103.302011343512,d100_B100_R3_20251106_193319,2025-11-06 19:33:21,100,40,100,50.0
204,0.0,1.0,0.9980000257492064,0.1529195457696914,1.0,0.0087671279907226,24953.980529777647,d100_B100_R3_20251106_193319,2025-11-06 19:33:21,100,40,100,50.0
205,0.0,1.0,0.9980000257492064,0.1529195457696914,1.0,0.0104539394378662,24756.011069951055,d100_B100_R3_20251106_193319,2025-11-06 19:33:21,100,40,100,50.0
206,0.0,1.0,0.9980000257492064,0.1529195457696914,1.0,0.0051140785217285,24720.426404264043,d100_B100_R3_20251106_193319,2025-11-06 19:33:21,100,40,100,50.0
207,0.0,1.0,0.9980000257492064,0.1529195457696914,1.0,0.0044419765472412,24704.49370972387,d100_B100_R3_20251106_193319,2025-11-06 19:33:21,100,40,100,50.0
208,0.0,1.0,0.9980000257492064,0.1529195457696914,1.0,0.0071418285369873,24609.685150493355,d100_B100_R3_20251106_193319,2025-11-06 19:33:21,100,40,100,50.0
209,0.0,1.0,0.9980000257492064,0.1529195457696914,1.0,0.0052168369293212,24571.804145051123,d100_B100_R3_20251106_193319,2025-11-06 19:33:21,100,40,100,50.0
210,0.0,1.0,0.9980000257492064,0.1529195457696914,1.0,0.011674165725708,24352.662067993875,d100_B100_R3_20251106_193319,2025-11-06 19:33:21,100,40,100,50.0
211,0.0,1.0,0.9980000257492064,0.1529195457696914,1.0,0.0076160430908203,24249.88083585893,d100_B100_R3_20251106_193319,2025-11-06 19:33:21,100,40,100,50.0
212,0.0,1.0,0.9980000257492064,0.1529195457696914,1.0,0.003706932067871,24257.269672668623,d100_B100_R3_20251106_193319,2025-11-06 19:33:21,100,40,100,50.0
213,0.0,1.0,0.9980000257492064,0.1529195457696914,1.0,0.0044538974761962,24238.580500871023,d100_B100_R3_20251106_193319,2025-11-06 19:33:21,100,40,100,50.0
214,0.0,1.0,0.9980000257492064,0.1529195457696914,1.0,0.0036609172821044,24241.820514226667,d100_B100_R3_20251106_193319,2025-11-06 19:33:21,100,40,100,50.0
215,0.0,1.0,0.9980000257492064,0.1529195457696914,1.0,0.0029830932617187,24267.449751169952,d100_B100_R3_20251106_193319,2025-11-06 19:33:21,100,40,100,50.0
216,0.0,1.0,0.9980000257492064,0.1529195457696914,1.0,0.0033571720123291,24284.74221720843,d100_B100_R3_20251106_193319,2025-11-06 19:33:21,100,40,100,50.0
217,0.0,1.0,0.9980000257492064,0.1529195457696914,1.0,0.0043170452117919,24274.81577350967,d100_B100_R3_20251106_193319,2025-11-06 19:33:21,100,40,100,50.0
218,0.0,1.0,0.9980000257492064,0.1529195457696914,1.0,0.0024809837341308,24315.121180845177,d100_B100_R3_20251106_193319,2025-11-06 19:33:21,100,40,100,50.0
219,0.0,1.0,0.9980000257492064,0.1529195457696914,1.0,0.0020389556884765,24367.039226378547,d100_B100_R3_20251106_193319,2025-11-06 19:33:21,100,40,100,50.0
220,0.0,1.0,0.9980000257492064,0.1529195457696914,1.0,0.0032167434692382,24388.27289025423,d100_B100_R3_20251106_193319,2025-11-06 19:33:21,100,40,100,50.0
221,0.0,1.0,0.9980000257492064,0.1529195457696914,1.0,0.003843069076538,24391.128788686467,d100_B100_R3_20251106_193319,2025-11-06 19:33:21,100,40,100,50.0
222,0.0,1.0,0.9980000257492064,0.1529195457696914,1.0,0.0031948089599609,24403.02271629109,d100_B100_R3_20251106_193319,2025-11-06 19:33:21,100,40,100,50.0
223,0.0,1.0,0.9980000257492064,0.1529195457696914,1.0,0.0038609504699707,24405.441949268115,d100_B100_R3_20251106_193319,2025-11-06 19:33:21,100,40,100,50.0
224,0.0,1.0,0.9980000257492064,0.1529195457696914,1.0,0.0027072429656982,24437.97634609528,d100_B100_R3_20251106_193319,2025-11-06 19:33:21,100,40,100,50.0
225,0.0,1.0,0.9980000257492064,0.1529195457696914,1.0,0.003598928451538,24447.121885799763,d100_B100_R3_20251106_193319,2025-11-06 19:33:21,100,40,100,50.0
226,0.0,1.0,0.9980000257492064,0.1529195457696914,1.0,0.0050849914550781,24417.83994622524,d100_B100_R3_20251106_193319,2025-11-06 19:33:21,100,40,100,50.0
227,0.0,1.0,0.9980000257492064,0.1529195457696914,1.0,0.0026643276214599,24452.52455413134,d100_B100_R3_20251106_193319,2025-11-06 19:33:21,100,40,100,50.0
228,0.0,1.0,0.9980000257492064,0.1529195457696914,1.0,0.0041761398315429,24447.108890287083,d100_B100_R3_20251106_193319,2025-11-06 19:33:21,100,40,100,50.0
229,0.0,1.0,0.9980000257492064,0.1529195457696914,1.0,0.0022439956665039,24492.31100456846,d100_B100_R3_20251106_193319,2025-11-06 19:33:21,100,40,100,50.0
230,0.0,1.0,0.9980000257492064,0.1529195457696914,1.0,0.0033159255981445,24508.76005763409,d100_B100_R3_20251106_193319,2025-11-06 19:33:21,100,40,100,50.0
231,0.0,1.0,0.9980000257492064,0.1529195457696914,1.0,0.0043668746948242,24493.987702140897,d100_B100_R3_20251106_193319,2025-11-06 19:33:21,100,40,100,50.0
232,0.0,1.0,0.9980000257492064,0.1529195457696914,1.0,0.0043120384216308,24478.593272094655,d100_B100_R3_20251106_193319,2025-11-06 19:33:21,100,40,100,50.0
233,0.0,1.0,0.9980000257492064,0.1529195457696914,1.0,0.0055708885192871,24436.13591876225,d100_B100_R3_20251106_193319,2025-11-06 19:33:21,100,40,100,50.0
234,0.0,1.0,0.9980000257492064,0.1529195457696914,1.0,0.0041310787200927,24431.31673515238,d100_B100_R3_20251106_193319,2025-11-06 19:33:21,100,40,100,50.0
235,0.0,1.0,0.9980000257492064,0.1529195457696914,1.0,0.0036780834197998,24438.607665409912,d100_B100_R3_20251106_193319,2025-11-06 19:33:21,100,40,100,50.0
236,0.0,1.0,0.9980000257492064,0.1529195457696914,1.0,0.0077219009399414,24344.44250972198,d100_B100_R3_20251106_193319,2025-11-06 19:33:21,100,40,100,50.0
237,0.0,1.0,0.9980000257492064,0.1529195457696914,1.0,0.0039012432098388,24345.380582702328,d100_B100_R3_20251106_193319,2025-11-06 19:33:21,100,40,100,50.0
238,0.0,1.0,0.9980000257492064,0.1529195457696914,1.0,0.005774974822998,24299.133879816523,d100_B100_R3_20251106_193319,2025-11-06 19:33:21,100,40,100,50.0
239,0.0,1.0,0.9980000257492064,0.1529195457696914,1.0,0.002640962600708,24331.80867693294,d100_B100_R3_20251106_193319,2025-11-06 19:33:21,100,40,100,50.0
240,0.0,1.0,0.9980000257492064,0.1529195457696914,1.0,0.0031647682189941,24351.597518555307,d100_B100_R3_20251106_193319,2025-11-06 19:33:21,100,40,100,50.0
241,0.0,1.0,0.9980000257492064,0.1529195457696914,1.0,0.0070958137512207,24264.538763629687,d100_B100_R3_20251106_193319,2025-11-06 19:33:21,100,40,100,50.0
242,0.0,1.0,0.9980000257492064,0.1529195457696914,1.0,0.0033779144287109,24278.79666514768,d100_B100_R3_20251106_193319,2025-11-06 19:33:21,100,40,100,50.0
243,0.0,1.0,0.9980000257492064,0.1529195457696914,1.0,0.0029578208923339,24303.361448707215,d100_B100_R3_20251106_193319,2025-11-06 19:33:21,100,40,100,50.0
244,0.0,1.0,0.9980000257492064,0.1529195457696914,1.0,0.0039749145507812,24303.212711783035,d100_B100_R3_20251106_193319,2025-11-06 19:33:21,100,40,100,50.0
245,0.0,1.0,0.9980000257492064,0.1529195457696914,1.0,0.0051226615905761,24274.859680652764,d100_B100_R3_20251106_193319,2025-11-06 19:33:21,100,40,100,50.0
246,0.0,1.0,0.9980000257492064,0.1529195457696914,1.0,0.004714012145996,24256.469578414595,d100_B100_R3_20251106_193319,2025-11-06 19:33:21,100,40,100,50.0
247,0.0,1.0,0.9980000257492064,0.1529195457696914,1.0,0.0030438899993896,24279.062567543155,d100_B100_R3_20251106_193319,2025-11-06 19:33:21,100,40,100,50.0
248,0.0,1.0,0.9980000257492064,0.1529195457696914,1.0,0.0035159587860107,24290.23986915974,d100_B100_R3_20251106_193319,2025-11-06 19:33:21,100,40,100,50.0
249,0.0,1.0,0.9980000257492064,0.1529195457696914,1.0,0.002713918685913,24315.93913130792,d100_B100_R3_20251106_193319,2025-11-06 19:33:21,100,40,100,50.0
250,0.0,1.0,0.9980000257492064,0.1529195457696914,1.0,0.0029730796813964,24338.825613914953,d100_B100_R3_20251106_193319,2025-11-06 19:33:21,100,40,100,50.0
251,0.0,1.0,0.9980000257492064,0.1529195457696914,1.0,0.0058701038360595,24291.70436948161,d100_B100_R3_20251106_193319,2025-11-06 19:33:21,100,40,100,50.0
252,0.0,1.0,0.9980000257492064,0.1529195457696914,1.0,0.0041062831878662,24281.1346218179,d100_B100_R3_20251106_193319,2025-11-06 19:33:21,100,40,100,50.0
253,0.0,1.0,0.9980000257492064,0.1529195457696914,1.0,0.0038189888000488,24281.051173639476,d100_B100_R3_20251106_193319,2025-11-06 19:33:21,100,40,100,50.0
254,0.0,1.0,0.9980000257492064,0.1529195457696914,1.0,0.0034749507904052,24293.16217049249,d100_B100_R3_20251106_193319,2025-11-06 19:33:21,100,40,100,50.0
255,0.0,1.0,0.9980000257492064,0.1529195457696914,1.0,0.0042839050292968,24281.44630101715,d100_B100_R3_20251106_193319,2025-11-06 19:33:21,100,40,100,50.0
256,0.0,1.0,0.9980000257492064,0.1529195457696914,1.0,0.0037691593170166,24281.564987783036,d100_B100_R3_20251106_193319,2025-11-06 19:33:21,100,40,100,50.0
257,0.0,1.0,0.9980000257492064,0.1529195457696914,1.0,0.0040252208709716,24277.98377923608,d100_B100_R3_20251106_193319,2025-11-06 19:33:21,100,40,100,50.0
258,0.0,1.0,0.9980000257492064,0.1529195457696914,1.0,0.0084550380706787,24176.029355080213,d100_B100_R3_20251106_193319,2025-11-06 19:33:21,100,40,100,50.0
259,0.0,1.0,0.9980000257492064,0.1529195457696914,1.0,0.004922866821289,24155.102064322553,d100_B100_R3_20251106_193319,2025-11-06 19:33:21,100,40,100,50.0
260,0.0,1.0,0.9980000257492064,0.1529195457696914,1.0,0.003925085067749,24155.21425879458,d100_B100_R3_20251106_193319,2025-11-06 19:33:21,100,40,100,50.0
261,0.0,1.0,0.9980000257492064,0.1529195457696914,1.0,0.0065152645111083,24099.708103665085,d100_B100_R3_20251106_193319,2025-11-06 19:33:21,100,40,100,50.0
262,0.0,1.0,0.9980000257492064,0.1529195457696914,1.0,0.0063629150390625,24047.88448315779,d100_B100_R3_20251106_193319,2025-11-06 19:33:21,100,40,100,50.0
263,0.0,1.0,0.9980000257492064,0.1529195457696914,1.0,0.005699872970581,24010.670635715716,d100_B100_R3_20251106_193319,2025-11-06 19:33:21,100,40,100,50.0
264,0.0,1.0,0.9980000257492064,0.1529195457696914,1.0,0.0035102367401123,24021.08773336474,d100_B100_R3_20251106_193319,2025-11-06 19:33:21,100,40,100,50.0
265,0.0,1.0,0.9980000257492064,0.1529195457696914,1.0,0.0032248497009277,24038.32705452704,d100_B100_R3_20251106_193319,2025-11-06 19:33:21,100,40,100,50.0
266,0.0,1.0,0.9980000257492064,0.1529195457696914,1.0,0.0039031505584716,24040.403570299255,d100_B100_R3_20251106_193319,2025-11-06 19:33:21,100,40,100,50.0
267,0.0,1.0,0.9980000257492064,0.1529195457696914,1.0,0.0032429695129394,24056.58389302967,d100_B100_R3_20251106_193319,2025-11-06 19:33:21,100,40,100,50.0
268,0.0,1.0,0.9980000257492064,0.1529195457696914,1.0,0.0032587051391601,24072.295672474294,d100_B100_R3_20251106_193319,2025-11-06 19:33:21,100,40,100,50.0
269,0.0,1.0,0.9980000257492064,0.1529195457696914,1.0,0.0176169872283935,23782.61146227951,d100_B100_R3_20251106_193319,2025-11-06 19:33:21,100,40,100,50.0
270,0.0,1.0,0.9980000257492064,0.1529195457696914,1.0,0.0123729705810546,23608.958663108813,d100_B100_R3_20251106_193319,2025-11-06 19:33:21,100,40,100,50.0
271,0.0,1.0,0.9980000257492064,0.1529195457696914,1.0,0.0049889087677001,23588.791851807437,d100_B100_R3_20251106_193319,2025-11-06 19:33:21,100,40,100,50.0
272,0.0,1.0,0.9980000257492064,0.1529195457696914,1.0,0.015984296798706,23347.85720970833,d100_B100_R3_20251106_193319,2025-11-06 19:33:21,100,40,100,50.0
273,0.0,1.0,0.9980000257492064,0.1529195457696914,1.0,0.0057199001312255,23297.23445010413,d100_B100_R3_20251106_193319,2025-11-06 19:33:21,100,40,100,50.0
274,0.0,1.0,0.9980000257492064,0.1529195457696914,1.0,0.0138890743255615,23106.17331929722,d100_B100_R3_20251106_193319,2025-11-06 19:33:21,100,40,100,50.0
275,0.0,1.0,0.9980000257492064,0.1529195457696914,1.0,0.0071098804473876,23048.379405089,d100_B100_R3_20251106_193319,2025-11-06 19:33:21,100,40,100,50.0
276,0.0,1.0,0.9980000257492064,0.1529195457696914,1.0,0.0096988677978515,22943.469816524863,d100_B100_R3_20251106_193319,2025-11-06 19:33:21,100,40,100,50.0
277,0.0,1.0,0.9980000257492064,0.1529195457696914,1.0,0.0121338367462158,22779.18785335568,d100_B100_R3_20251106_193319,2025-11-06 19:33:21,100,40,100,50.0
278,0.0,1.0,0.9980000257492064,0.1529195457696914,1.0,0.0041589736938476,22780.5265091278,d100_B100_R3_20251106_193319,2025-11-06 19:33:21,100,40,100,50.0
279,0.0,1.0,0.9980000257492064,0.1529195457696914,1.0,0.0151529312133789,22580.024148830627,d100_B100_R3_20251106_193319,2025-11-06 19:33:21,100,40,100,50.0
280,0.0,1.0,0.9980000257492064,0.1529195457696914,1.0,0.0153069496154785,22381.715424685943,d100_B100_R3_20251106_193319,2025-11-06 19:33:21,100,40,100,50.0
281,0.0,1.0,0.9980000257492064,0.1529195457696914,1.0,0.0068721771240234,22336.063378254967,d100_B100_R3_20251106_193319,2025-11-06 19:33:21,100,40,100,50.0
282,0.0,1.0,0.9980000257492064,0.1529195457696914,1.0,0.004241943359375,22337.955636786824,d100_B100_R3_20251106_193319,2025-11-06 19:33:21,100,40,100,50.0
283,0.0,1.0,0.9980000257492064,0.1529195457696914,1.0,0.0032870769500732,22355.75866382949,d100_B100_R3_20251106_193319,2025-11-06 19:33:21,100,40,100,50.0
284,0.0,1.0,0.9980000257492064,0.1529195457696914,1.0,0.0082828998565673,22286.62230260694,d100_B100_R3_20251106_193319,2025-11-06 19:33:21,100,40,100,50.0
285,0.0,1.0,0.9980000257492064,0.1529195457696914,1.0,0.0046250820159912,22281.811260165767,d100_B100_R3_20251106_193319,2025-11-06 19:33:21,100,40,100,50.0
286,0.0,1.0,0.9980000257492064,0.1529195457696914,1.0,0.0036051273345947,22292.679741539676,d100_B100_R3_20251106_193319,2025-11-06 19:33:21,100,40,100,50.0
287,0.0,1.0,0.9980000257492064,0.1529195457696914,1.0,0.0034008026123046,22308.339498496167,d100_B100_R3_20251106_193319,2025-11-06 19:33:21,100,40,100,50.0
288,0.0,1.0,0.9980000257492064,0.1529195457696914,1.0,0.0022859573364257,22343.981678785934,d100_B100_R3_20251106_193319,2025-11-06 19:33:21,100,40,100,50.0
289,0.0,1.0,0.9980000257492064,0.1529195457696914,1.0,0.008174180984497,22278.267122385685,d100_B100_R3_20251106_193319,2025-11-06 19:33:21,100,40,100,50.0
290,0.0,1.0,0.9980000257492064,0.1529195457696914,1.0,0.0039508342742919,22283.94072988367,d100_B100_R3_20251106_193319,2025-11-06 19:33:21,100,40,100,50.0
291,0.0,1.0,0.9980000257492064,0.1529195457696914,1.0,0.0071330070495605,22236.842002058213,d100_B100_R3_20251106_193319,2025-11-06 19:33:21,100,40,100,50.0
292,0.0,1.0,0.9980000257492064,0.1529195457696914,1.0,0.0087800025939941,22159.69964980662,d100_B100_R3_20251106_193319,2025-11-06 19:33:21,100,40,100,50.0
293,0.0,1.0,0.9980000257492064,0.1529195457696914,1.0,0.0043332576751708,22160.343272485745,d100_B100_R3_20251106_193319,2025-11-06 19:33:21,100,40,100,50.0
294,0.0,1.0,0.9980000257492064,0.1529195457696914,1.0,0.0046830177307128,22152.46807297003,d100_B100_R3_20251106_193319,2025-11-06 19:33:21,100,40,100,50.0
295,0.0,1.0,0.9980000257492064,0.1529195457696914,1.0,0.0117738246917724,22030.16624203844,d100_B100_R3_20251106_193319,2025-11-06 19:33:21,100,40,100,50.0
296,0.0,1.0,0.9980000257492064,0.1529195457696914,1.0,0.0049099922180175,22021.021883874662,d100_B100_R3_20251106_193319,2025-11-06 19:33:21,100,40,100,50.0
297,0.0,1.0,0.9980000257492064,0.1529195457696914,1.0,0.0036149024963378,22029.42782826141,d100_B100_R3_20251106_193319,2025-11-06 19:33:21,100,40,100,50.0
298,0.0,1.0,0.9980000257492064,0.1529195457696914,1.0,0.0070798397064208,21985.195604913435,d100_B100_R3_20251106_193319,2025-11-06 19:33:21,100,40,100,50.0
299,0.0,1.0,0.9980000257492064,0.1529195457696914,1.0,0.0069921016693115,21943.42348400454,d100_B100_R3_20251106_193319,2025-11-06 19:33:21,100,40,100,50.0
0,0.6931471824645996,0.5450000166893005,1.0,0.0787492394447326,1.0,0.0212149620056152,9248.02716438643,d200_B200_R4_20251106_193319,2025-11-06 19:33:25,200,40,200,70.71067811865476
1,0.0,1.0,1.0,0.0787492394447326,1.0,0.013481855392456,11279.634796522769,d200_B200_R4_20251106_193319,2025-11-06 19:33:25,200,40,200,70.71067811865476
2,0.0,1.0,1.0,0.0787492394447326,1.0,0.0050399303436279,14761.485895954434,d200_B200_R4_20251106_193319,2025-11-06 19:33:25,200,40,200,70.71067811865476
3,0.0,1.0,1.0,0.0787492394447326,1.0,0.0055270195007324,17280.866864773834,d200_B200_R4_20251106_193319,2025-11-06 19:33:25,200,40,200,70.71067811865476
4,0.0,1.0,1.0,0.0787492394447326,1.0,0.006005048751831,19076.29053531632,d200_B200_R4_20251106_193319,2025-11-06 19:33:25,200,40,200,70.71067811865476
5,0.0,1.0,1.0,0.0787492394447326,1.0,0.0054068565368652,20716.02239051696,d200_B200_R4_20251106_193319,2025-11-06 19:33:25,200,40,200,70.71067811865476
6,0.0,1.0,1.0,0.0787492394447326,1.0,0.0068690776824951,21564.94096476248,d200_B200_R4_20251106_193319,2025-11-06 19:33:25,200,40,200,70.71067811865476
7,0.0,1.0,1.0,0.0787492394447326,1.0,0.0053780078887939,22702.74629733625,d200_B200_R4_20251106_193319,2025-11-06 19:33:25,200,40,200,70.71067811865476
8,0.0,1.0,1.0,0.0787492394447326,1.0,0.0049431324005126,23834.432595230428,d200_B200_R4_20251106_193319,2025-11-06 19:33:25,200,40,200,70.71067811865476
9,0.0,1.0,1.0,0.0787492394447326,1.0,0.0051929950714111,24742.67477598117,d200_B200_R4_20251106_193319,2025-11-06 19:33:25,200,40,200,70.71067811865476
10,0.0,1.0,1.0,0.0787492394447326,1.0,0.0044100284576416,25769.22204752556,d200_B200_R4_20251106_193319,2025-11-06 19:33:25,200,40,200,70.71067811865476
11,0.0,1.0,1.0,0.0787492394447326,1.0,0.0056660175323486,26335.65373909039,d200_B200_R4_20251106_193319,2025-11-06 19:33:25,200,40,200,70.71067811865476
12,0.0,1.0,1.0,0.0787492394447326,1.0,0.0077879428863525,26252.45343611051,d200_B200_R4_20251106_193319,2025-11-06 19:33:25,200,40,200,70.71067811865476
13,0.0,1.0,1.0,0.0787492394447326,1.0,0.0122919082641601,25122.631019383105,d200_B200_R4_20251106_193319,2025-11-06 19:33:25,200,40,200,70.71067811865476
14,0.0,1.0,1.0,0.0787492394447326,1.0,0.0165209770202636,23417.344551702576,d200_B200_R4_20251106_193319,2025-11-06 19:33:25,200,40,200,70.71067811865476
15,0.0,1.0,1.0,0.0787492394447326,1.0,0.0088808536529541,23302.700290811234,d200_B200_R4_20251106_193319,2025-11-06 19:33:25,200,40,200,70.71067811865476
16,0.0,1.0,1.0,0.0787492394447326,1.0,0.009192943572998,23168.50782592873,d200_B200_R4_20251106_193319,2025-11-06 19:33:25,200,40,200,70.71067811865476
17,0.0,1.0,1.0,0.0787492394447326,1.0,0.0165319442749023,22005.696022665168,d200_B200_R4_20251106_193319,2025-11-06 19:33:25,200,40,200,70.71067811865476
18,0.0,1.0,1.0,0.0787492394447326,1.0,0.0096380710601806,21914.38647822566,d200_B200_R4_20251106_193319,2025-11-06 19:33:25,200,40,200,70.71067811865476
19,0.0,1.0,1.0,0.0787492394447326,1.0,0.0082290172576904,22004.23369803293,d200_B200_R4_20251106_193319,2025-11-06 19:33:25,200,40,200,70.71067811865476
20,0.0,1.0,1.0,0.0787492394447326,1.0,0.0063891410827636,22305.410076642856,d200_B200_R4_20251106_193319,2025-11-06 19:33:25,200,40,200,70.71067811865476
21,0.0,1.0,1.0,0.0787492394447326,1.0,0.0104749202728271,22116.66035501824,d200_B200_R4_20251106_193319,2025-11-06 19:33:25,200,40,200,70.71067811865476
22,0.0,1.0,1.0,0.0787492394447326,1.0,0.0065448284149169,22371.25540764137,d200_B200_R4_20251106_193319,2025-11-06 19:33:25,200,40,200,70.71067811865476
23,0.0,1.0,1.0,0.0787492394447326,1.0,0.0094969272613525,22299.131301607697,d200_B200_R4_20251106_193319,2025-11-06 19:33:25,200,40,200,70.71067811865476
24,0.0,1.0,1.0,0.0787492394447326,1.0,0.0073869228363037,22439.51293629224,d200_B200_R4_20251106_193319,2025-11-06 19:33:25,200,40,200,70.71067811865476
25,0.0,1.0,1.0,0.0787492394447326,1.0,0.009296178817749,22387.23262299676,d200_B200_R4_20251106_193319,2025-11-06 19:33:25,200,40,200,70.71067811865476
26,0.0,1.0,1.0,0.0787492394447326,1.0,0.0060868263244628,22642.924224141465,d200_B200_R4_20251106_193319,2025-11-06 19:33:25,200,40,200,70.71067811865476
27,0.0,1.0,1.0,0.0787492394447326,1.0,0.0077350139617919,22728.823327907907,d200_B200_R4_20251106_193319,2025-11-06 19:33:25,200,40,200,70.71067811865476
28,0.0,1.0,1.0,0.0787492394447326,1.0,0.0071728229522705,22858.466722355704,d200_B200_R4_20251106_193319,2025-11-06 19:33:25,200,40,200,70.71067811865476
29,0.0,1.0,1.0,0.0787492394447326,1.0,0.0116779804229736,22594.785906486777,d200_B200_R4_20251106_193319,2025-11-06 19:33:25,200,40,200,70.71067811865476
30,0.0,1.0,1.0,0.0787492394447326,1.0,0.0095031261444091,22528.649373556476,d200_B200_R4_20251106_193319,2025-11-06 19:33:25,200,40,200,70.71067811865476
31,0.0,1.0,1.0,0.0787492394447326,1.0,0.0076920986175537,22607.41364586509,d200_B200_R4_20251106_193319,2025-11-06 19:33:25,200,40,200,70.71067811865476
32,0.0,1.0,1.0,0.0787492394447326,1.0,0.0065281391143798,22775.73804912484,d200_B200_R4_20251106_193319,2025-11-06 19:33:25,200,40,200,70.71067811865476
33,0.0,1.0,1.0,0.0787492394447326,1.0,0.0074751377105712,22865.506927090973,d200_B200_R4_20251106_193319,2025-11-06 19:33:25,200,40,200,70.71067811865476
34,0.0,1.0,1.0,0.0787492394447326,1.0,0.0072031021118164,22970.54838033304,d200_B200_R4_20251106_193319,2025-11-06 19:33:25,200,40,200,70.71067811865476
35,0.0,1.0,1.0,0.0787492394447326,1.0,0.0075840950012207,23042.49636419961,d200_B200_R4_20251106_193319,2025-11-06 19:33:25,200,40,200,70.71067811865476
36,0.0,1.0,1.0,0.0787492394447326,1.0,0.0069267749786376,23160.016356402422,d200_B200_R4_20251106_193319,2025-11-06 19:33:25,200,40,200,70.71067811865476
37,0.0,1.0,1.0,0.0787492394447326,1.0,0.0086021423339843,23154.28343971021,d200_B200_R4_20251106_193319,2025-11-06 19:33:25,200,40,200,70.71067811865476
38,0.0,1.0,1.0,0.0787492394447326,1.0,0.0055198669433593,23361.390219449702,d200_B200_R4_20251106_193319,2025-11-06 19:33:25,200,40,200,70.71067811865476
39,0.0,1.0,1.0,0.0787492394447326,1.0,0.0053591728210449,23573.703231173036,d200_B200_R4_20251106_193319,2025-11-06 19:33:25,200,40,200,70.71067811865476
40,0.0,1.0,1.0,0.0787492394447326,1.0,0.0107581615447998,23412.246720625175,d200_B200_R4_20251106_193319,2025-11-06 19:33:25,200,40,200,70.71067811865476
41,0.0,1.0,1.0,0.0787492394447326,1.0,0.0068557262420654,23514.32871462638,d200_B200_R4_20251106_193319,2025-11-06 19:33:25,200,40,200,70.71067811865476
42,0.0,1.0,1.0,0.0787492394447326,1.0,0.0115151405334472,23313.179816666743,d200_B200_R4_20251106_193319,2025-11-06 19:33:25,200,40,200,70.71067811865476
43,0.0,1.0,1.0,0.0787492394447326,1.0,0.0232989788055419,22427.34796776916,d200_B200_R4_20251106_193319,2025-11-06 19:33:25,200,40,200,70.71067811865476
44,0.0,1.0,1.0,0.0787492394447326,1.0,0.0093591213226318,22389.82856824263,d200_B200_R4_20251106_193319,2025-11-06 19:33:25,200,40,200,70.71067811865476
45,0.0,1.0,1.0,0.0787492394447326,1.0,0.0140180587768554,22101.140521949303,d200_B200_R4_20251106_193319,2025-11-06 19:33:25,200,40,200,70.71067811865476
46,0.0,1.0,1.0,0.0787492394447326,1.0,0.0146770477294921,21804.58263672779,d200_B200_R4_20251106_193319,2025-11-06 19:33:25,200,40,200,70.71067811865476
47,0.0,1.0,1.0,0.0787492394447326,1.0,0.0107069015502929,21719.10986066221,d200_B200_R4_20251106_193319,2025-11-06 19:33:25,200,40,200,70.71067811865476
48,0.0,1.0,1.0,0.0787492394447326,1.0,0.0114259719848632,21605.509422933992,d200_B200_R4_20251106_193319,2025-11-06 19:33:25,200,40,200,70.71067811865476
49,0.0,1.0,1.0,0.0787492394447326,1.0,0.0150389671325683,21332.009630750046,d200_B200_R4_20251106_193319,2025-11-06 19:33:25,200,40,200,70.71067811865476
50,0.0,1.0,1.0,0.0787492394447326,1.0,0.0086238384246826,21358.12296500279,d200_B200_R4_20251106_193319,2025-11-06 19:33:25,200,40,200,70.71067811865476
51,0.0,1.0,1.0,0.0787492394447326,1.0,0.0108101367950439,21282.033047561246,d200_B200_R4_20251106_193319,2025-11-06 19:33:25,200,40,200,70.71067811865476
52,0.0,1.0,1.0,0.0787492394447326,1.0,0.0097641944885253,21258.15412053562,d200_B200_R4_20251106_193319,2025-11-06 19:33:25,200,40,200,70.71067811865476
53,0.0,1.0,1.0,0.0787492394447326,1.0,0.0090749263763427,21266.584007462803,d200_B200_R4_20251106_193319,2025-11-06 19:33:25,200,40,200,70.71067811865476
54,0.0,1.0,1.0,0.0787492394447326,1.0,0.0111417770385742,21187.89657837562,d200_B200_R4_20251106_193319,2025-11-06 19:33:25,200,40,200,70.71067811865476
55,0.0,1.0,1.0,0.0787492394447326,1.0,0.0097482204437255,21170.417967016005,d200_B200_R4_20251106_193319,2025-11-06 19:33:25,200,40,200,70.71067811865476
56,0.0,1.0,1.0,0.0787492394447326,1.0,0.0117180347442626,21075.278773787617,d200_B200_R4_20251106_193319,2025-11-06 19:33:25,200,40,200,70.71067811865476
57,0.0,1.0,1.0,0.0787492394447326,1.0,0.0090198516845703,21087.528676074457,d200_B200_R4_20251106_193319,2025-11-06 19:33:25,200,40,200,70.71067811865476
58,0.0,1.0,1.0,0.0787492394447326,1.0,0.0071480274200439,21169.517782206203,d200_B200_R4_20251106_193319,2025-11-06 19:33:25,200,40,200,70.71067811865476
59,0.0,1.0,1.0,0.0787492394447326,1.0,0.0096769332885742,21156.07146339905,d200_B200_R4_20251106_193319,2025-11-06 19:33:25,200,40,200,70.71067811865476
60,0.0,1.0,1.0,0.0787492394447326,1.0,0.0134148597717285,21006.706232940174,d200_B200_R4_20251106_193319,2025-11-06 19:33:25,200,40,200,70.71067811865476
61,0.0,1.0,1.0,0.0787492394447326,1.0,0.0119180679321289,20914.889563138517,d200_B200_R4_20251106_193319,2025-11-06 19:33:25,200,40,200,70.71067811865476
62,0.0,1.0,1.0,0.0787492394447326,1.0,0.0138831138610839,20759.737723258128,d200_B200_R4_20251106_193319,2025-11-06 19:33:25,200,40,200,70.71067811865476
63,0.0,1.0,1.0,0.0787492394447326,1.0,0.0090701580047607,20769.303248643577,d200_B200_R4_20251106_193319,2025-11-06 19:33:25,200,40,200,70.71067811865476
64,0.0,1.0,1.0,0.0787492394447326,1.0,0.0160448551177978,20553.516804586114,d200_B200_R4_20251106_193319,2025-11-06 19:33:25,200,40,200,70.71067811865476
65,0.0,1.0,1.0,0.0787492394447326,1.0,0.0259530544281005,20041.38707935207,d200_B200_R4_20251106_193319,2025-11-06 19:33:25,200,40,200,70.71067811865476
66,0.0,1.0,1.0,0.0787492394447326,1.0,0.0282843112945556,19493.261599119876,d200_B200_R4_20251106_193319,2025-11-06 19:33:25,200,40,200,70.71067811865476
67,0.0,1.0,1.0,0.0787492394447326,1.0,0.0179710388183593,19273.776630773216,d200_B200_R4_20251106_193319,2025-11-06 19:33:25,200,40,200,70.71067811865476
68,0.0,1.0,1.0,0.0787492394447326,1.0,0.0316090583801269,18713.638188868692,d200_B200_R4_20251106_193319,2025-11-06 19:33:25,200,40,200,70.71067811865476
69,0.0,1.0,1.0,0.0787492394447326,1.0,0.0432710647583007,17928.579105235905,d200_B200_R4_20251106_193319,2025-11-06 19:33:25,200,40,200,70.71067811865476
70,0.0,1.0,1.0,0.0787492394447326,1.0,0.0120229721069335,17905.526444112944,d200_B200_R4_20251106_193319,2025-11-06 19:33:25,200,40,200,70.71067811865476
71,0.0,1.0,1.0,0.0787492394447326,1.0,0.015214204788208,17812.03591309795,d200_B200_R4_20251106_193319,2025-11-06 19:33:25,200,40,200,70.71067811865476
72,0.0,1.0,1.0,0.0787492394447326,1.0,0.0170953273773193,17682.34878992089,d200_B200_R4_20251106_193319,2025-11-06 19:33:25,200,40,200,70.71067811865476
73,0.0,1.0,1.0,0.0787492394447326,1.0,0.0132532119750976,17636.469563759772,d200_B200_R4_20251106_193319,2025-11-06 19:33:25,200,40,200,70.71067811865476
74,0.0,1.0,1.0,0.0787492394447326,1.0,0.015841007232666,17540.53323147867,d200_B200_R4_20251106_193319,2025-11-06 19:33:25,200,40,200,70.71067811865476
75,0.0,1.0,1.0,0.0787492394447326,1.0,0.0106282234191894,17552.752013708858,d200_B200_R4_20251106_193319,2025-11-06 19:33:25,200,40,200,70.71067811865476
76,0.0,1.0,1.0,0.0787492394447326,1.0,0.0073578357696533,17629.994879594036,d200_B200_R4_20251106_193319,2025-11-06 19:33:25,200,40,200,70.71067811865476
77,0.0,1.0,1.0,0.0787492394447326,1.0,0.0106508731842041,17640.13047483555,d200_B200_R4_20251106_193319,2025-11-06 19:33:25,200,40,200,70.71067811865476
78,0.0,1.0,1.0,0.0787492394447326,1.0,0.0094573497772216,17671.458928592856,d200_B200_R4_20251106_193319,2025-11-06 19:33:25,200,40,200,70.71067811865476
79,0.0,1.0,1.0,0.0787492394447326,1.0,0.0095229148864746,17703.143515279673,d200_B200_R4_20251106_193319,2025-11-06 19:33:25,200,40,200,70.71067811865476
80,0.0,1.0,1.0,0.0787492394447326,1.0,0.0112519264221191,17700.776984624426,d200_B200_R4_20251106_193319,2025-11-06 19:33:25,200,40,200,70.71067811865476
81,0.0,1.0,1.0,0.0787492394447326,1.0,0.0128271579742431,17668.887164466487,d200_B200_R4_20251106_193319,2025-11-06 19:33:25,200,40,200,70.71067811865476
82,0.0,1.0,1.0,0.0787492394447326,1.0,0.0098040103912353,17694.395391786347,d200_B200_R4_20251106_193319,2025-11-06 19:33:25,200,40,200,70.71067811865476
83,0.0,1.0,1.0,0.0787492394447326,1.0,0.0129683017730712,17660.96656175835,d200_B200_R4_20251106_193319,2025-11-06 19:33:25,200,40,200,70.71067811865476
84,0.0,1.0,1.0,0.0787492394447326,1.0,0.0100018978118896,17680.98035068282,d200_B200_R4_20251106_193319,2025-11-06 19:33:25,200,40,200,70.71067811865476
85,0.0,1.0,1.0,0.0787492394447326,1.0,0.0114152431488037,17673.163172064742,d200_B200_R4_20251106_193319,2025-11-06 19:33:25,200,40,200,70.71067811865476
86,0.0,1.0,1.0,0.0787492394447326,1.0,0.0135338306427001,17630.06960386456,d200_B200_R4_20251106_193319,2025-11-06 19:33:25,200,40,200,70.71067811865476
87,0.0,1.0,1.0,0.0787492394447326,1.0,0.0132350921630859,17593.456413267922,d200_B200_R4_20251106_193319,2025-11-06 19:33:25,200,40,200,70.71067811865476
88,0.0,1.0,1.0,0.0787492394447326,1.0,0.02105712890625,17423.73036730775,d200_B200_R4_20251106_193319,2025-11-06 19:33:25,200,40,200,70.71067811865476
89,0.0,1.0,1.0,0.0787492394447326,1.0,0.0141990184783935,17372.85394923505,d200_B200_R4_20251106_193319,2025-11-06 19:33:25,200,40,200,70.71067811865476
90,0.0,1.0,1.0,0.0787492394447326,1.0,0.0228972434997558,17169.487855051433,d200_B200_R4_20251106_193319,2025-11-06 19:33:25,200,40,200,70.71067811865476
91,0.0,1.0,1.0,0.0787492394447326,1.0,0.0105278491973876,17185.196295978774,d200_B200_R4_20251106_193319,2025-11-06 19:33:25,200,40,200,70.71067811865476
92,0.0,1.0,1.0,0.0787492394447326,1.0,0.0252199172973632,16969.485747547373,d200_B200_R4_20251106_193319,2025-11-06 19:33:25,200,40,200,70.71067811865476
93,0.0,1.0,1.0,0.0787492394447326,1.0,0.0176718235015869,16874.13456651555,d200_B200_R4_20251106_193319,2025-11-06 19:33:25,200,40,200,70.71067811865476
94,0.0,1.0,1.0,0.0787492394447326,1.0,0.0093510150909423,16888.584660488523,d200_B200_R4_20251106_193319,2025-11-06 19:33:25,200,40,200,70.71067811865476
95,0.0,1.0,1.0,0.0787492394447326,1.0,0.0189042091369628,16782.24717785186,d200_B200_R4_20251106_193319,2025-11-06 19:33:25,200,40,200,70.71067811865476
96,0.0,1.0,1.0,0.0787492394447326,1.0,0.01798677444458,16692.41851394914,d200_B200_R4_20251106_193319,2025-11-06 19:33:25,200,40,200,70.71067811865476
97,0.0,1.0,1.0,0.0787492394447326,1.0,0.0102007389068603,16714.77437857148,d200_B200_R4_20251106_193319,2025-11-06 19:33:25,200,40,200,70.71067811865476
98,0.0,1.0,1.0,0.0787492394447326,1.0,0.0095860958099365,16746.041298874923,d200_B200_R4_20251106_193319,2025-11-06 19:33:25,200,40,200,70.71067811865476
99,0.0,1.0,1.0,0.0787492394447326,1.0,0.0225999355316162,16594.86170269378,d200_B200_R4_20251106_193319,2025-11-06 19:33:25,200,40,200,70.71067811865476
100,0.0,1.0,1.0,0.0787492394447326,1.0,0.0143523216247558,16560.82342680375,d200_B200_R4_20251106_193319,2025-11-06 19:33:25,200,40,200,70.71067811865476
101,0.0,1.0,1.0,0.0787492394447326,1.0,0.0144979953765869,16525.362987535456,d200_B200_R4_20251106_193319,2025-11-06 19:33:25,200,40,200,70.71067811865476
102,0.0,1.0,1.0,0.0787492394447326,1.0,0.0175111293792724,16451.62085361479,d200_B200_R4_20251106_193319,2025-11-06 19:33:25,200,40,200,70.71067811865476
103,0.0,1.0,1.0,0.0787492394447326,1.0,0.0188958644866943,16362.284205513752,d200_B200_R4_20251106_193319,2025-11-06 19:33:25,200,40,200,70.71067811865476
104,0.0,1.0,1.0,0.0787492394447326,1.0,0.0113131999969482,16372.299409536565,d200_B200_R4_20251106_193319,2025-11-06 19:33:25,200,40,200,70.71067811865476
105,0.0,1.0,1.0,0.0787492394447326,1.0,0.0115218162536621,16378.558788786817,d200_B200_R4_20251106_193319,2025-11-06 19:33:25,200,40,200,70.71067811865476
106,0.0,1.0,1.0,0.0787492394447326,1.0,0.0096790790557861,16408.653114739234,d200_B200_R4_20251106_193319,2025-11-06 19:33:25,200,40,200,70.71067811865476
107,0.0,1.0,1.0,0.0787492394447326,1.0,0.0125648975372314,16392.795830662177,d200_B200_R4_20251106_193319,2025-11-06 19:33:25,200,40,200,70.71067811865476
108,0.0,1.0,1.0,0.0787492394447326,1.0,0.0225467681884765,16264.201311049792,d200_B200_R4_20251106_193319,2025-11-06 19:33:25,200,40,200,70.71067811865476
109,0.0,1.0,1.0,0.0787492394447326,1.0,0.0163309574127197,16213.3681187615,d200_B200_R4_20251106_193319,2025-11-06 19:33:25,200,40,200,70.71067811865476
110,0.0,1.0,1.0,0.0787492394447326,1.0,0.0281593799591064,16026.042195196673,d200_B200_R4_20251106_193319,2025-11-06 19:33:25,200,40,200,70.71067811865476
111,0.0,1.0,1.0,0.0787492394447326,1.0,0.0101659297943115,16050.74221033638,d200_B200_R4_20251106_193319,2025-11-06 19:33:25,200,40,200,70.71067811865476
112,0.0,1.0,1.0,0.0787492394447326,1.0,0.0256392955780029,15900.509735430069,d200_B200_R4_20251106_193319,2025-11-06 19:33:25,200,40,200,70.71067811865476
113,0.0,1.0,1.0,0.0787492394447326,1.0,0.0151648521423339,15869.5580210524,d200_B200_R4_20251106_193319,2025-11-06 19:33:25,200,40,200,70.71067811865476
114,0.0,1.0,1.0,0.0787492394447326,1.0,0.0196740627288818,15788.046816376733,d200_B200_R4_20251106_193319,2025-11-06 19:33:25,200,40,200,70.71067811865476
115,0.0,1.0,1.0,0.0787492394447326,1.0,0.0464539527893066,15430.90908946747,d200_B200_R4_20251106_193319,2025-11-06 19:33:25,200,40,200,70.71067811865476
116,0.0,1.0,1.0,0.0787492394447326,1.0,0.0513112545013427,15049.063829487097,d200_B200_R4_20251106_193319,2025-11-06 19:33:25,200,40,200,70.71067811865476
117,0.0,1.0,1.0,0.0787492394447326,1.0,0.0271120071411132,14915.730327089364,d200_B200_R4_20251106_193319,2025-11-06 19:33:25,200,40,200,70.71067811865476
118,0.0,1.0,1.0,0.0787492394447326,1.0,0.0408310890197753,14661.726061741894,d200_B200_R4_20251106_193319,2025-11-06 19:33:25,200,40,200,70.71067811865476
119,0.0,1.0,1.0,0.0787492394447326,1.0,0.0111870765686035,14682.185575815703,d200_B200_R4_20251106_193319,2025-11-06 19:33:25,200,40,200,70.71067811865476
120,0.0,1.0,1.0,0.0787492394447326,1.0,0.0193309783935546,14628.295248931545,d200_B200_R4_20251106_193319,2025-11-06 19:33:25,200,40,200,70.71067811865476
121,0.0,1.0,1.0,0.0787492394447326,1.0,0.0137701034545898,14626.27796083072,d200_B200_R4_20251106_193319,2025-11-06 19:33:25,200,40,200,70.71067811865476
122,0.0,1.0,1.0,0.0787492394447326,1.0,0.0118398666381835,14640.78088040605,d200_B200_R4_20251106_193319,2025-11-06 19:33:25,200,40,200,70.71067811865476
123,0.0,1.0,1.0,0.0787492394447326,1.0,0.0108790397644042,14663.327112879666,d200_B200_R4_20251106_193319,2025-11-06 19:33:25,200,40,200,70.71067811865476
124,0.0,1.0,1.0,0.0787492394447326,1.0,0.0229661464691162,14580.371584115905,d200_B200_R4_20251106_193319,2025-11-06 19:33:25,200,40,200,70.71067811865476
125,0.0,1.0,1.0,0.0787492394447326,1.0,0.0069770812988281,14636.074465079952,d200_B200_R4_20251106_193319,2025-11-06 19:33:25,200,40,200,70.71067811865476
126,0.0,1.0,1.0,0.0787492394447326,1.0,0.0117969512939453,14650.20469107668,d200_B200_R4_20251106_193319,2025-11-06 19:33:25,200,40,200,70.71067811865476
127,0.0,1.0,1.0,0.0787492394447326,1.0,0.0140368938446044,14645.483496272824,d200_B200_R4_20251106_193319,2025-11-06 19:33:25,200,40,200,70.71067811865476
128,0.0,1.0,1.0,0.0787492394447326,1.0,0.0184321403503417,14604.2664420238,d200_B200_R4_20251106_193319,2025-11-06 19:33:25,200,40,200,70.71067811865476
129,0.0,1.0,1.0,0.0787492394447326,1.0,0.0098488330841064,14634.207429592308,d200_B200_R4_20251106_193319,2025-11-06 19:33:25,200,40,200,70.71067811865476
130,0.0,1.0,1.0,0.0787492394447326,1.0,0.0106120109558105,14656.02978931687,d200_B200_R4_20251106_193319,2025-11-06 19:33:25,200,40,200,70.71067811865476
131,0.0,1.0,1.0,0.0787492394447326,1.0,0.0105431079864501,14679.933882404224,d200_B200_R4_20251106_193319,2025-11-06 19:33:25,200,40,200,70.71067811865476
132,0.0,1.0,1.0,0.0787492394447326,1.0,0.0263168811798095,14574.094988282566,d200_B200_R4_20251106_193319,2025-11-06 19:33:25,200,40,200,70.71067811865476
133,0.0,1.0,1.0,0.0787492394447326,1.0,0.0163519382476806,14552.086812800288,d200_B200_R4_20251106_193319,2025-11-06 19:33:25,200,40,200,70.71067811865476
134,0.0,1.0,1.0,0.0787492394447326,1.0,0.0181219577789306,14516.939303701976,d200_B200_R4_20251106_193319,2025-11-06 19:33:25,200,40,200,70.71067811865476
135,0.0,1.0,1.0,0.0787492394447326,1.0,0.0237460136413574,14439.014996139178,d200_B200_R4_20251106_193319,2025-11-06 19:33:25,200,40,200,70.71067811865476
136,0.0,1.0,1.0,0.0787492394447326,1.0,0.0298738479614257,14316.847919587211,d200_B200_R4_20251106_193319,2025-11-06 19:33:25,200,40,200,70.71067811865476
137,0.0,1.0,1.0,0.0787492394447326,1.0,0.0240850448608398,14239.6259211528,d200_B200_R4_20251106_193319,2025-11-06 19:33:25,200,40,200,70.71067811865476
138,0.0,1.0,1.0,0.0787492394447326,1.0,0.0172758102416992,14214.792122580977,d200_B200_R4_20251106_193319,2025-11-06 19:33:25,200,40,200,70.71067811865476
139,0.0,1.0,1.0,0.0787492394447326,1.0,0.0180208683013916,14185.293379069752,d200_B200_R4_20251106_193319,2025-11-06 19:33:25,200,40,200,70.71067811865476
140,0.0,1.0,1.0,0.0787492394447326,1.0,0.01910400390625,14148.358647721703,d200_B200_R4_20251106_193319,2025-11-06 19:33:25,200,40,200,70.71067811865476
141,0.0,1.0,1.0,0.0787492394447326,1.0,0.0107393264770507,14171.004590655088,d200_B200_R4_20251106_193319,2025-11-06 19:33:25,200,40,200,70.71067811865476
142,0.0,1.0,1.0,0.0787492394447326,1.0,0.0128371715545654,14178.71552571497,d200_B200_R4_20251106_193319,2025-11-06 19:33:25,200,40,200,70.71067811865476
143,0.0,1.0,1.0,0.0787492394447326,1.0,0.0086748600006103,14214.233701829286,d200_B200_R4_20251106_193319,2025-11-06 19:33:25,200,40,200,70.71067811865476
144,0.0,1.0,1.0,0.0787492394447326,1.0,0.0118062496185302,14229.020249727377,d200_B200_R4_20251106_193319,2025-11-06 19:33:25,200,40,200,70.71067811865476
145,0.0,1.0,1.0,0.0787492394447326,1.0,0.0118730068206787,14242.913854297982,d200_B200_R4_20251106_193319,2025-11-06 19:33:25,200,40,200,70.71067811865476
146,0.0,1.0,1.0,0.0787492394447326,1.0,0.0108251571655273,14262.185364576331,d200_B200_R4_20251106_193319,2025-11-06 19:33:25,200,40,200,70.71067811865476
147,0.0,1.0,1.0,0.0787492394447326,1.0,0.0826938152313232,13804.12159854264,d200_B200_R4_20251106_193319,2025-11-06 19:33:25,200,40,200,70.71067811865476
148,0.0,1.0,1.0,0.0787492394447326,1.0,0.0401821136474609,13636.97562424302,d200_B200_R4_20251106_193319,2025-11-06 19:33:25,200,40,200,70.71067811865476
149,0.0,1.0,1.0,0.0787492394447326,1.0,0.0319511890411376,13528.692037379577,d200_B200_R4_20251106_193319,2025-11-06 19:33:25,200,40,200,70.71067811865476
150,0.0,1.0,1.0,0.0787492394447326,1.0,0.0512659549713134,13310.325707296364,d200_B200_R4_20251106_193319,2025-11-06 19:33:25,200,40,200,70.71067811865476
151,0.0,1.0,1.0,0.0787492394447326,1.0,0.0603609085083007,13048.88911812766,d200_B200_R4_20251106_193319,2025-11-06 19:33:25,200,40,200,70.71067811865476
152,0.0,1.0,1.0,0.0787492394447326,1.0,0.0307528972625732,12961.295417556534,d200_B200_R4_20251106_193319,2025-11-06 19:33:25,200,40,200,70.71067811865476
153,0.0,1.0,1.0,0.0787492394447326,1.0,0.0152859687805175,12959.53155526441,d200_B200_R4_20251106_193319,2025-11-06 19:33:25,200,40,200,70.71067811865476
154,0.0,1.0,1.0,0.0787492394447326,1.0,0.0137500762939453,12967.51425022674,d200_B200_R4_20251106_193319,2025-11-06 19:33:25,200,40,200,70.71067811865476
155,0.0,1.0,1.0,0.0787492394447326,1.0,0.011754035949707,12985.028362950508,d200_B200_R4_20251106_193319,2025-11-06 19:33:25,200,40,200,70.71067811865476
156,0.0,1.0,1.0,0.0787492394447326,1.0,0.0102229118347167,13011.568596649822,d200_B200_R4_20251106_193319,2025-11-06 19:33:25,200,40,200,70.71067811865476
157,0.0,1.0,1.0,0.0787492394447326,1.0,0.0253932476043701,12956.092144066968,d200_B200_R4_20251106_193319,2025-11-06 19:33:25,200,40,200,70.71067811865476
158,0.0,1.0,1.0,0.0787492394447326,1.0,0.0127630233764648,12969.0520668399,d200_B200_R4_20251106_193319,2025-11-06 19:33:25,200,40,200,70.71067811865476
159,0.0,1.0,1.0,0.0787492394447326,1.0,0.0212631225585937,12937.404151028002,d200_B200_R4_20251106_193319,2025-11-06 19:33:25,200,40,200,70.71067811865476
160,0.0,1.0,1.0,0.0787492394447326,1.0,0.0216100215911865,12902.24291278213,d200_B200_R4_20251106_193319,2025-11-06 19:33:25,200,40,200,70.71067811865476
161,0.0,1.0,1.0,0.0787492394447326,1.0,0.0088698863983154,12935.210851472822,d200_B200_R4_20251106_193319,2025-11-06 19:33:25,200,40,200,70.71067811865476
162,0.0,1.0,1.0,0.0787492394447326,1.0,0.0084321498870849,12970.41508667935,d200_B200_R4_20251106_193319,2025-11-06 19:33:25,200,40,200,70.71067811865476
163,0.0,1.0,1.0,0.0787492394447326,1.0,0.0224421024322509,12932.993951518138,d200_B200_R4_20251106_193319,2025-11-06 19:33:25,200,40,200,70.71067811865476
164,0.0,1.0,1.0,0.0787492394447326,1.0,0.0179929733276367,12919.354301252966,d200_B200_R4_20251106_193319,2025-11-06 19:33:25,200,40,200,70.71067811865476
165,0.0,1.0,1.0,0.0787492394447326,1.0,0.0282511711120605,12854.346629058058,d200_B200_R4_20251106_193319,2025-11-06 19:33:25,200,40,200,70.71067811865476
166,0.0,1.0,1.0,0.0787492394447326,1.0,0.019216775894165,12835.001419191389,d200_B200_R4_20251106_193319,2025-11-06 19:33:25,200,40,200,70.71067811865476
167,0.0,1.0,1.0,0.0787492394447326,1.0,0.0173389911651611,12825.537969398783,d200_B200_R4_20251106_193319,2025-11-06 19:33:25,200,40,200,70.71067811865476
168,0.0,1.0,1.0,0.0787492394447326,1.0,0.0224359035491943,12788.076252822164,d200_B200_R4_20251106_193319,2025-11-06 19:33:25,200,40,200,70.71067811865476
169,0.0,1.0,1.0,0.0787492394447326,1.0,0.0200588703155517,12765.982192156556,d200_B200_R4_20251106_193319,2025-11-06 19:33:25,200,40,200,70.71067811865476
170,0.0,1.0,1.0,0.0787492394447326,1.0,0.0293850898742675,12699.892492186582,d200_B200_R4_20251106_193319,2025-11-06 19:33:25,200,40,200,70.71067811865476
171,0.0,1.0,1.0,0.0787492394447326,1.0,0.0332639217376709,12617.315090218524,d200_B200_R4_20251106_193319,2025-11-06 19:33:25,200,40,200,70.71067811865476
172,0.0,1.0,1.0,0.0787492394447326,1.0,0.0262658596038818,12566.111544683656,d200_B200_R4_20251106_193319,2025-11-06 19:33:25,200,40,200,70.71067811865476
173,0.0,1.0,1.0,0.0787492394447326,1.0,0.0203092098236084,12545.408798198696,d200_B200_R4_20251106_193319,2025-11-06 19:33:25,200,40,200,70.71067811865476
174,0.0,1.0,1.0,0.0787492394447326,1.0,0.0139620304107666,12553.558909883795,d200_B200_R4_20251106_193319,2025-11-06 19:33:25,200,40,200,70.71067811865476
175,0.0,1.0,1.0,0.0787492394447326,1.0,0.0225160121917724,12522.558603847045,d200_B200_R4_20251106_193319,2025-11-06 19:33:25,200,40,200,70.71067811865476
176,0.0,1.0,1.0,0.0787492394447326,1.0,0.0081398487091064,12556.543259155773,d200_B200_R4_20251106_193319,2025-11-06 19:33:25,200,40,200,70.71067811865476
177,0.0,1.0,1.0,0.0787492394447326,1.0,0.0233521461486816,12521.94840176981,d200_B200_R4_20251106_193319,2025-11-06 19:33:25,200,40,200,70.71067811865476
178,0.0,1.0,1.0,0.0787492394447326,1.0,0.0102872848510742,12546.087830420194,d200_B200_R4_20251106_193319,2025-11-06 19:33:25,200,40,200,70.71067811865476
179,0.0,1.0,1.0,0.0787492394447326,1.0,0.017615795135498,12537.957154622103,d200_B200_R4_20251106_193319,2025-11-06 19:33:25,200,40,200,70.71067811865476
180,0.0,1.0,1.0,0.0787492394447326,1.0,0.0145678520202636,12543.264197168595,d200_B200_R4_20251106_193319,2025-11-06 19:33:25,200,40,200,70.71067811865476
181,0.0,1.0,1.0,0.0787492394447326,1.0,0.0160949230194091,12541.997179804508,d200_B200_R4_20251106_193319,2025-11-06 19:33:25,200,40,200,70.71067811865476
182,0.0,1.0,1.0,0.0787492394447326,1.0,0.0088708400726318,12571.725225487877,d200_B200_R4_20251106_193319,2025-11-06 19:33:25,200,40,200,70.71067811865476
183,0.0,1.0,1.0,0.0787492394447326,1.0,0.017441987991333,12564.448065572336,d200_B200_R4_20251106_193319,2025-11-06 19:33:25,200,40,200,70.71067811865476
184,0.0,1.0,1.0,0.0787492394447326,1.0,0.0099592208862304,12589.045927567086,d200_B200_R4_20251106_193319,2025-11-06 19:33:25,200,40,200,70.71067811865476
185,0.0,1.0,1.0,0.0787492394447326,1.0,0.0202550888061523,12568.441061851609,d200_B200_R4_20251106_193319,2025-11-06 19:33:25,200,40,200,70.71067811865476
186,0.0,1.0,1.0,0.0787492394447326,1.0,0.021519660949707,12544.088047493007,d200_B200_R4_20251106_193319,2025-11-06 19:33:25,200,40,200,70.71067811865476
187,0.0,1.0,1.0,0.0787492394447326,1.0,0.0106303691864013,12565.554824827344,d200_B200_R4_20251106_193319,2025-11-06 19:33:25,200,40,200,70.71067811865476
188,0.0,1.0,1.0,0.0787492394447326,1.0,0.0161840915679931,12563.673625481742,d200_B200_R4_20251106_193319,2025-11-06 19:33:25,200,40,200,70.71067811865476
189,0.0,1.0,1.0,0.0787492394447326,1.0,0.0224018096923828,12536.040076051437,d200_B200_R4_20251106_193319,2025-11-06 19:33:25,200,40,200,70.71067811865476
190,0.0,1.0,1.0,0.0787492394447326,1.0,0.0138149261474609,12544.179383291645,d200_B200_R4_20251106_193319,2025-11-06 19:33:25,200,40,200,70.71067811865476
191,0.0,1.0,1.0,0.0787492394447326,1.0,0.0347850322723388,12466.030305077866,d200_B200_R4_20251106_193319,2025-11-06 19:33:25,200,40,200,70.71067811865476
192,0.0,1.0,1.0,0.0787492394447326,1.0,0.0087981224060058,12494.290900961105,d200_B200_R4_20251106_193319,2025-11-06 19:33:25,200,40,200,70.71067811865476
193,0.0,1.0,1.0,0.0787492394447326,1.0,0.0131239891052246,12505.11247409192,d200_B200_R4_20251106_193319,2025-11-06 19:33:25,200,40,200,70.71067811865476
194,0.0,1.0,1.0,0.0787492394447326,1.0,0.0196800231933593,12489.759530419202,d200_B200_R4_20251106_193319,2025-11-06 19:33:25,200,40,200,70.71067811865476
195,0.0,1.0,1.0,0.0787492394447326,1.0,0.0156059265136718,12490.56403444918,d200_B200_R4_20251106_193319,2025-11-06 19:33:25,200,40,200,70.71067811865476
196,0.0,1.0,1.0,0.0787492394447326,1.0,0.0110869407653808,12509.297640837449,d200_B200_R4_20251106_193319,2025-11-06 19:33:25,200,40,200,70.71067811865476
197,0.0,1.0,1.0,0.0787492394447326,1.0,0.0118279457092285,12524.213289442074,d200_B200_R4_20251106_193319,2025-11-06 19:33:25,200,40,200,70.71067811865476
198,0.0,1.0,1.0,0.0787492394447326,1.0,0.0230560302734375,12494.701604234686,d200_B200_R4_20251106_193319,2025-11-06 19:33:25,200,40,200,70.71067811865476
199,0.0,1.0,1.0,0.0787492394447326,1.0,0.0201809406280517,12477.851299574128,d200_B200_R4_20251106_193319,2025-11-06 19:33:25,200,40,200,70.71067811865476
200,0.0,1.0,1.0,0.0787492394447326,1.0,0.0142598152160644,12484.029172514009,d200_B200_R4_20251106_193319,2025-11-06 19:33:25,200,40,200,70.71067811865476
201,0.0,1.0,1.0,0.0787492394447326,1.0,0.0073451995849609,12515.306729369542,d200_B200_R4_20251106_193319,2025-11-06 19:33:25,200,40,200,70.71067811865476
202,0.0,1.0,1.0,0.0787492394447326,1.0,0.0189011096954345,12503.402677593833,d200_B200_R4_20251106_193319,2025-11-06 19:33:25,200,40,200,70.71067811865476
203,0.0,1.0,1.0,0.0787492394447326,1.0,0.0158421993255615,12503.174841152731,d200_B200_R4_20251106_193319,2025-11-06 19:33:25,200,40,200,70.71067811865476
204,0.0,1.0,1.0,0.0787492394447326,1.0,0.0218348503112792,12480.160404238652,d200_B200_R4_20251106_193319,2025-11-06 19:33:25,200,40,200,70.71067811865476
205,0.0,1.0,1.0,0.0787492394447326,1.0,0.0188190937042236,12468.98992099392,d200_B200_R4_20251106_193319,2025-11-06 19:33:25,200,40,200,70.71067811865476
206,0.0,1.0,1.0,0.0787492394447326,1.0,0.0153048038482666,12471.122842985496,d200_B200_R4_20251106_193319,2025-11-06 19:33:25,200,40,200,70.71067811865476
207,0.0,1.0,1.0,0.0787492394447326,1.0,0.0422530174255371,12373.3292184175,d200_B200_R4_20251106_193319,2025-11-06 19:33:25,200,40,200,70.71067811865476
208,0.0,1.0,1.0,0.0787492394447326,1.0,0.0126919746398925,12385.375045944847,d200_B200_R4_20251106_193319,2025-11-06 19:33:25,200,40,200,70.71067811865476
209,0.0,1.0,1.0,0.0787492394447326,1.0,0.0137360095977783,12393.522161590816,d200_B200_R4_20251106_193319,2025-11-06 19:33:25,200,40,200,70.71067811865476
210,0.0,1.0,1.0,0.0787492394447326,1.0,0.0154080390930175,12395.468431336874,d200_B200_R4_20251106_193319,2025-11-06 19:33:25,200,40,200,70.71067811865476
211,0.0,1.0,1.0,0.0787492394447326,1.0,0.0141727924346923,12401.942792275388,d200_B200_R4_20251106_193319,2025-11-06 19:33:25,200,40,200,70.71067811865476
212,0.0,1.0,1.0,0.0787492394447326,1.0,0.0098912715911865,12423.90698869733,d200_B200_R4_20251106_193319,2025-11-06 19:33:25,200,40,200,70.71067811865476
213,0.0,1.0,1.0,0.0787492394447326,1.0,0.0228910446166992,12398.225369851592,d200_B200_R4_20251106_193319,2025-11-06 19:33:25,200,40,200,70.71067811865476
214,0.0,1.0,1.0,0.0787492394447326,1.0,0.0169472694396972,12394.748760319446,d200_B200_R4_20251106_193319,2025-11-06 19:33:25,200,40,200,70.71067811865476
215,0.0,1.0,1.0,0.0787492394447326,1.0,0.0332400798797607,12333.5918664181,d200_B200_R4_20251106_193319,2025-11-06 19:33:25,200,40,200,70.71067811865476
216,0.0,1.0,1.0,0.0787492394447326,1.0,0.0122332572937011,12346.991434427344,d200_B200_R4_20251106_193319,2025-11-06 19:33:25,200,40,200,70.71067811865476
217,0.0,1.0,1.0,0.0787492394447326,1.0,0.0103158950805664,12366.155975936288,d200_B200_R4_20251106_193319,2025-11-06 19:33:25,200,40,200,70.71067811865476
218,0.0,1.0,1.0,0.0787492394447326,1.0,0.0239830017089843,12338.44846141571,d200_B200_R4_20251106_193319,2025-11-06 19:33:25,200,40,200,70.71067811865476
219,0.0,1.0,1.0,0.0787492394447326,1.0,0.0089669227600097,12362.991796519273,d200_B200_R4_20251106_193319,2025-11-06 19:33:25,200,40,200,70.71067811865476
220,0.0,1.0,1.0,0.0787492394447326,1.0,0.0092809200286865,12386.256636404823,d200_B200_R4_20251106_193319,2025-11-06 19:33:25,200,40,200,70.71067811865476
221,0.0,1.0,1.0,0.0787492394447326,1.0,0.0289447307586669,12341.673968755322,d200_B200_R4_20251106_193319,2025-11-06 19:33:25,200,40,200,70.71067811865476
222,0.0,1.0,1.0,0.0787492394447326,1.0,0.0070691108703613,12372.381776285678,d200_B200_R4_20251106_193319,2025-11-06 19:33:25,200,40,200,70.71067811865476
223,0.0,1.0,1.0,0.0787492394447326,1.0,0.0779001712799072,12164.339783310696,d200_B200_R4_20251106_193319,2025-11-06 19:33:25,200,40,200,70.71067811865476
224,0.0,1.0,1.0,0.0787492394447326,1.0,0.036294937133789,12098.13024267194,d200_B200_R4_20251106_193319,2025-11-06 19:33:25,200,40,200,70.71067811865476
225,0.0,1.0,1.0,0.0787492394447326,1.0,0.0134310722351074,12106.440018687526,d200_B200_R4_20251106_193319,2025-11-06 19:33:25,200,40,200,70.71067811865476
226,0.0,1.0,1.0,0.0787492394447326,1.0,0.0166049003601074,12105.536051911657,d200_B200_R4_20251106_193319,2025-11-06 19:33:25,200,40,200,70.71067811865476
227,0.0,1.0,1.0,0.0787492394447326,1.0,0.0160229206085205,12106.337272117946,d200_B200_R4_20251106_193319,2025-11-06 19:33:25,200,40,200,70.71067811865476
228,0.0,1.0,1.0,0.0787492394447326,1.0,0.0142767429351806,12112.790023353642,d200_B200_R4_20251106_193319,2025-11-06 19:33:25,200,40,200,70.71067811865476
229,0.0,1.0,1.0,0.0787492394447326,1.0,0.0208110809326171,12098.528728536943,d200_B200_R4_20251106_193319,2025-11-06 19:33:25,200,40,200,70.71067811865476
230,0.0,1.0,1.0,0.0787492394447326,1.0,0.0106120109558105,12116.742367838098,d200_B200_R4_20251106_193319,2025-11-06 19:33:25,200,40,200,70.71067811865476
231,0.0,1.0,1.0,0.0787492394447326,1.0,0.0133399963378906,12126.251733505936,d200_B200_R4_20251106_193319,2025-11-06 19:33:25,200,40,200,70.71067811865476
232,0.0,1.0,1.0,0.0787492394447326,1.0,0.0110127925872802,12143.094334821244,d200_B200_R4_20251106_193319,2025-11-06 19:33:25,200,40,200,70.71067811865476
233,0.0,1.0,1.0,0.0787492394447326,1.0,0.0182139873504638,12136.431361638197,d200_B200_R4_20251106_193319,2025-11-06 19:33:25,200,40,200,70.71067811865476
234,0.0,1.0,1.0,0.0787492394447326,1.0,0.0324761867523193,12085.946371097702,d200_B200_R4_20251106_193319,2025-11-06 19:33:25,200,40,200,70.71067811865476
235,0.0,1.0,1.0,0.0787492394447326,1.0,0.0277330875396728,12050.019788042133,d200_B200_R4_20251106_193319,2025-11-06 19:33:25,200,40,200,70.71067811865476
236,0.0,1.0,1.0,0.0787492394447326,1.0,0.0144860744476318,12043.150203475376,d200_B200_R4_20251106_193319,2025-11-06 19:33:25,200,40,200,70.71067811865476
237,0.0,1.0,1.0,0.0787492394447326,1.0,0.0187349319458007,12036.153058532507,d200_B200_R4_20251106_193319,2025-11-06 19:33:25,200,40,200,70.71067811865476
238,0.0,1.0,1.0,0.0787492394447326,1.0,0.0422768592834472,11958.334446232308,d200_B200_R4_20251106_193319,2025-11-06 19:33:25,200,40,200,70.71067811865476
239,0.0,1.0,1.0,0.0787492394447326,1.0,0.009674072265625,11978.845047955165,d200_B200_R4_20251106_193319,2025-11-06 19:33:25,200,40,200,70.71067811865476
240,0.0,1.0,1.0,0.0787492394447326,1.0,0.0077061653137207,12005.169209471786,d200_B200_R4_20251106_193319,2025-11-06 19:33:25,200,40,200,70.71067811865476
241,0.0,1.0,1.0,0.0787492394447326,1.0,0.0135409832000732,12014.081482622149,d200_B200_R4_20251106_193319,2025-11-06 19:33:25,200,40,200,70.71067811865476
242,0.0,1.0,1.0,0.0787492394447326,1.0,0.0124619007110595,12026.035300206087,d200_B200_R4_20251106_193319,2025-11-06 19:33:25,200,40,200,70.71067811865476
243,0.0,1.0,1.0,0.0787492394447326,1.0,0.012826919555664,12036.320488485811,d200_B200_R4_20251106_193319,2025-11-06 19:33:25,200,40,200,70.71067811865476
244,0.0,1.0,1.0,0.0787492394447326,1.0,0.0208168029785156,12023.332604986514,d200_B200_R4_20251106_193319,2025-11-06 19:33:25,200,40,200,70.71067811865476
245,0.0,1.0,1.0,0.0787492394447326,1.0,0.0210070610046386,12010.011738234743,d200_B200_R4_20251106_193319,2025-11-06 19:33:25,200,40,200,70.71067811865476
246,0.0,1.0,1.0,0.0787492394447326,1.0,0.041177749633789,11938.154278741977,d200_B200_R4_20251106_193319,2025-11-06 19:33:25,200,40,200,70.71067811865476
247,0.0,1.0,1.0,0.0787492394447326,1.0,0.0188841819763183,11931.609461369397,d200_B200_R4_20251106_193319,2025-11-06 19:33:25,200,40,200,70.71067811865476
248,0.0,1.0,1.0,0.0787492394447326,1.0,0.0261600017547607,11904.243884891102,d200_B200_R4_20251106_193319,2025-11-06 19:33:25,200,40,200,70.71067811865476
249,0.0,1.0,1.0,0.0787492394447326,1.0,0.0221691131591796,11887.91455742807,d200_B200_R4_20251106_193319,2025-11-06 19:33:25,200,40,200,70.71067811865476
250,0.0,1.0,1.0,0.0787492394447326,1.0,0.0168170928955078,11886.529488242695,d200_B200_R4_20251106_193319,2025-11-06 19:33:25,200,40,200,70.71067811865476
251,0.0,1.0,1.0,0.0787492394447326,1.0,0.0132110118865966,11896.095862107815,d200_B200_R4_20251106_193319,2025-11-06 19:33:25,200,40,200,70.71067811865476
252,0.0,1.0,1.0,0.0787492394447326,1.0,0.0361628532409668,11841.320298077611,d200_B200_R4_20251106_193319,2025-11-06 19:33:25,200,40,200,70.71067811865476
253,0.0,1.0,1.0,0.0787492394447326,1.0,0.0475168228149414,11756.93457851514,d200_B200_R4_20251106_193319,2025-11-06 19:33:25,200,40,200,70.71067811865476
254,0.0,1.0,1.0,0.0787492394447326,1.0,0.0129640102386474,11767.466705159995,d200_B200_R4_20251106_193319,2025-11-06 19:33:25,200,40,200,70.71067811865476
255,0.0,1.0,1.0,0.0787492394447326,1.0,0.0085558891296386,11789.84849805794,d200_B200_R4_20251106_193319,2025-11-06 19:33:25,200,40,200,70.71067811865476
256,0.0,1.0,1.0,0.0787492394447326,1.0,0.0076661109924316,11814.6164562479,d200_B200_R4_20251106_193319,2025-11-06 19:33:25,200,40,200,70.71067811865476
257,0.0,1.0,1.0,0.0787492394447326,1.0,0.0129058361053466,11825.028075592816,d200_B200_R4_20251106_193319,2025-11-06 19:33:25,200,40,200,70.71067811865476
258,0.0,1.0,1.0,0.0787492394447326,1.0,0.0218477249145507,11810.468807748744,d200_B200_R4_20251106_193319,2025-11-06 19:33:25,200,40,200,70.71067811865476
259,0.0,1.0,1.0,0.0787492394447326,1.0,0.0227890014648437,11794.386283795451,d200_B200_R4_20251106_193319,2025-11-06 19:33:25,200,40,200,70.71067811865476
260,0.0,1.0,1.0,0.0787492394447326,1.0,0.0109758377075195,11809.98385114704,d200_B200_R4_20251106_193319,2025-11-06 19:33:25,200,40,200,70.71067811865476
261,0.0,1.0,1.0,0.0787492394447326,1.0,0.0141139030456542,11817.065147072994,d200_B200_R4_20251106_193319,2025-11-06 19:33:25,200,40,200,70.71067811865476
262,0.0,1.0,1.0,0.0787492394447326,1.0,0.0189471244812011,11811.183632475932,d200_B200_R4_20251106_193319,2025-11-06 19:33:25,200,40,200,70.71067811865476
263,0.0,1.0,1.0,0.0787492394447326,1.0,0.0297479629516601,11776.894013179251,d200_B200_R4_20251106_193319,2025-11-06 19:33:25,200,40,200,70.71067811865476
264,0.0,1.0,1.0,0.0787492394447326,1.0,0.0188758373260498,11770.568647725438,d200_B200_R4_20251106_193319,2025-11-06 19:33:25,200,40,200,70.71067811865476
265,0.0,1.0,1.0,0.0787492394447326,1.0,0.0180659294128417,11767.143289721082,d200_B200_R4_20251106_193319,2025-11-06 19:33:25,200,40,200,70.71067811865476
266,0.0,1.0,1.0,0.0787492394447326,1.0,0.0193860530853271,11759.834571679516,d200_B200_R4_20251106_193319,2025-11-06 19:33:25,200,40,200,70.71067811865476
267,0.0,1.0,1.0,0.0787492394447326,1.0,0.0247769355773925,11739.36421503355,d200_B200_R4_20251106_193319,2025-11-06 19:33:25,200,40,200,70.71067811865476
268,0.0,1.0,1.0,0.0787492394447326,1.0,0.0150258541107177,11744.044913225029,d200_B200_R4_20251106_193319,2025-11-06 19:33:25,200,40,200,70.71067811865476
269,0.0,1.0,1.0,0.0787492394447326,1.0,0.0306479930877685,11708.807256498412,d200_B200_R4_20251106_193319,2025-11-06 19:33:25,200,40,200,70.71067811865476
270,0.0,1.0,1.0,0.0787492394447326,1.0,0.016636848449707,11709.480061931692,d200_B200_R4_20251106_193319,2025-11-06 19:33:25,200,40,200,70.71067811865476
271,0.0,1.0,1.0,0.0787492394447326,1.0,0.0399928092956543,11651.447126018107,d200_B200_R4_20251106_193319,2025-11-06 19:33:25,200,40,200,70.71067811865476
272,0.0,1.0,1.0,0.0787492394447326,1.0,0.0425872802734375,11587.393795462604,d200_B200_R4_20251106_193319,2025-11-06 19:33:25,200,40,200,70.71067811865476
273,0.0,1.0,1.0,0.0787492394447326,1.0,0.0112500190734863,11600.930101940749,d200_B200_R4_20251106_193319,2025-11-06 19:33:25,200,40,200,70.71067811865476
274,0.0,1.0,1.0,0.0787492394447326,1.0,0.0177698135375976,11598.58112075693,d200_B200_R4_20251106_193319,2025-11-06 19:33:25,200,40,200,70.71067811865476
275,0.0,1.0,1.0,0.0787492394447326,1.0,0.0104379653930664,11614.1207489302,d200_B200_R4_20251106_193319,2025-11-06 19:33:25,200,40,200,70.71067811865476
276,0.0,1.0,1.0,0.0787492394447326,1.0,0.0186059474945068,11609.536405338346,d200_B200_R4_20251106_193319,2025-11-06 19:33:25,200,40,200,70.71067811865476
277,0.0,1.0,1.0,0.0787492394447326,1.0,0.0108578205108642,11624.094972096836,d200_B200_R4_20251106_193319,2025-11-06 19:33:25,200,40,200,70.71067811865476
278,0.0,1.0,1.0,0.0787492394447326,1.0,0.0131771564483642,11633.405339755274,d200_B200_R4_20251106_193319,2025-11-06 19:33:25,200,40,200,70.71067811865476
279,0.0,1.0,1.0,0.0787492394447326,1.0,0.0203001499176025,11625.285539139322,d200_B200_R4_20251106_193319,2025-11-06 19:33:25,200,40,200,70.71067811865476
280,0.0,1.0,1.0,0.0787492394447326,1.0,0.0159070491790771,11627.913913142223,d200_B200_R4_20251106_193319,2025-11-06 19:33:25,200,40,200,70.71067811865476
281,0.0,1.0,1.0,0.0787492394447326,1.0,0.0356550216674804,11583.489170511324,d200_B200_R4_20251106_193319,2025-11-06 19:33:25,200,40,200,70.71067811865476
282,0.0,1.0,1.0,0.0787492394447326,1.0,0.0269958972930908,11560.148115525904,d200_B200_R4_20251106_193319,2025-11-06 19:33:25,200,40,200,70.71067811865476
283,0.0,1.0,1.0,0.0787492394447326,1.0,0.027008056640625,11536.93246992951,d200_B200_R4_20251106_193319,2025-11-06 19:33:25,200,40,200,70.71067811865476
284,0.0,1.0,1.0,0.0787492394447326,1.0,0.0450131893157959,11472.279421587731,d200_B200_R4_20251106_193319,2025-11-06 19:33:25,200,40,200,70.71067811865476
285,0.0,1.0,1.0,0.0787492394447326,1.0,0.0302050113677978,11442.654481604242,d200_B200_R4_20251106_193319,2025-11-06 19:33:25,200,40,200,70.71067811865476
286,0.0,1.0,1.0,0.0787492394447326,1.0,0.0227558612823486,11430.2235400561,d200_B200_R4_20251106_193319,2025-11-06 19:33:25,200,40,200,70.71067811865476
287,0.0,1.0,1.0,0.0787492394447326,1.0,0.0249519348144531,11412.905508890672,d200_B200_R4_20251106_193319,2025-11-06 19:33:25,200,40,200,70.71067811865476
288,0.0,1.0,1.0,0.0787492394447326,1.0,0.0356669425964355,11371.698431378563,d200_B200_R4_20251106_193319,2025-11-06 19:33:25,200,40,200,70.71067811865476
289,0.0,1.0,1.0,0.0787492394447326,1.0,0.0138900279998779,11379.521872248755,d200_B200_R4_20251106_193319,2025-11-06 19:33:25,200,40,200,70.71067811865476
290,0.0,1.0,1.0,0.0787492394447326,1.0,0.011747121810913,11392.140844336876,d200_B200_R4_20251106_193319,2025-11-06 19:33:25,200,40,200,70.71067811865476
291,0.0,1.0,1.0,0.0787492394447326,1.0,0.0121879577636718,11403.189026228829,d200_B200_R4_20251106_193319,2025-11-06 19:33:25,200,40,200,70.71067811865476
292,0.0,1.0,1.0,0.0787492394447326,1.0,0.0105788707733154,11418.202890546856,d200_B200_R4_20251106_193319,2025-11-06 19:33:25,200,40,200,70.71067811865476
293,0.0,1.0,1.0,0.0787492394447326,1.0,0.0215871334075927,11408.767093022514,d200_B200_R4_20251106_193319,2025-11-06 19:33:25,200,40,200,70.71067811865476
294,0.0,1.0,1.0,0.0787492394447326,1.0,0.0138978958129882,11416.401859811436,d200_B200_R4_20251106_193319,2025-11-06 19:33:25,200,40,200,70.71067811865476
295,0.0,1.0,1.0,0.0787492394447326,1.0,0.0126550197601318,11426.65425993574,d200_B200_R4_20251106_193319,2025-11-06 19:33:25,200,40,200,70.71067811865476
296,0.0,1.0,1.0,0.0787492394447326,1.0,0.0116448402404785,11439.146414131075,d200_B200_R4_20251106_193319,2025-11-06 19:33:25,200,40,200,70.71067811865476
297,0.0,1.0,1.0,0.0787492394447326,1.0,0.0115458965301513,11451.179446590995,d200_B200_R4_20251106_193319,2025-11-06 19:33:25,200,40,200,70.71067811865476
298,0.0,1.0,1.0,0.0787492394447326,1.0,0.0145399570465087,11456.656040388629,d200_B200_R4_20251106_193319,2025-11-06 19:33:25,200,40,200,70.71067811865476
299,0.0,1.0,1.0,0.0787492394447326,1.0,0.0163171291351318,11458.255570150775,d200_B200_R4_20251106_193319,2025-11-06 19:33:25,200,40,200,70.71067811865476
0,0.6931473016738892,0.4774999916553497,1.0,0.0198943391442298,1.0,0.0551438331604003,7116.679462979067,d400_B400_R6_20251106_193319,2025-11-06 19:33:34,400,40,400,100.0
1,0.0,1.0,1.0,0.0198943391442298,1.0,0.0200309753417968,10430.089397839034,d400_B400_R6_20251106_193319,2025-11-06 19:33:34,400,40,400,100.0
2,0.0,1.0,1.0,0.0198943391442298,1.0,0.0187709331512451,12547.715657580487,d400_B400_R6_20251106_193319,2025-11-06 19:33:34,400,40,400,100.0
3,0.0,1.0,1.0,0.0198943391442298,1.0,0.0174272060394287,14120.779633413222,d400_B400_R6_20251106_193319,2025-11-06 19:33:34,400,40,400,100.0
4,0.0,1.0,1.0,0.0198943391442298,1.0,0.0156769752502441,15486.33690125868,d400_B400_R6_20251106_193319,2025-11-06 19:33:34,400,40,400,100.0
5,0.0,1.0,1.0,0.0198943391442298,1.0,0.0155849456787109,16565.6451026309,d400_B400_R6_20251106_193319,2025-11-06 19:33:34,400,40,400,100.0
6,0.0,1.0,1.0,0.0198943391442298,1.0,0.0159170627593994,17399.31611977978,d400_B400_R6_20251106_193319,2025-11-06 19:33:34,400,40,400,100.0
7,0.0,1.0,1.0,0.0198943391442298,1.0,0.0208449363708496,17590.72087527834,d400_B400_R6_20251106_193319,2025-11-06 19:33:34,400,40,400,100.0
8,0.0,1.0,1.0,0.0198943391442298,1.0,0.0161910057067871,18159.627751245655,d400_B400_R6_20251106_193319,2025-11-06 19:33:34,400,40,400,100.0
9,0.0,1.0,1.0,0.0198943391442298,1.0,0.0140759944915771,18827.788052358464,d400_B400_R6_20251106_193319,2025-11-06 19:33:34,400,40,400,100.0
10,0.0,1.0,1.0,0.0198943391442298,1.0,0.0171830654144287,19149.072322622753,d400_B400_R6_20251106_193319,2025-11-06 19:33:34,400,40,400,100.0
11,0.0,1.0,1.0,0.0198943391442298,1.0,0.0586087703704834,16636.45770410849,d400_B400_R6_20251106_193319,2025-11-06 19:33:34,400,40,400,100.0
12,0.0,1.0,1.0,0.0198943391442298,1.0,0.030735969543457,16279.708119857163,d400_B400_R6_20251106_193319,2025-11-06 19:33:34,400,40,400,100.0
13,0.0,1.0,1.0,0.0198943391442298,1.0,0.0274610519409179,16135.71749977158,d400_B400_R6_20251106_193319,2025-11-06 19:33:34,400,40,400,100.0
14,0.0,1.0,1.0,0.0198943391442298,1.0,0.0217750072479248,16259.460577025582,d400_B400_R6_20251106_193319,2025-11-06 19:33:34,400,40,400,100.0
15,0.0,1.0,1.0,0.0198943391442298,1.0,0.0228800773620605,16323.524053342417,d400_B400_R6_20251106_193319,2025-11-06 19:33:34,400,40,400,100.0
16,0.0,1.0,1.0,0.0198943391442298,1.0,0.0217683315277099,16424.72213967995,d400_B400_R6_20251106_193319,2025-11-06 19:33:34,400,40,400,100.0
17,0.0,1.0,1.0,0.0198943391442298,1.0,0.0219600200653076,16507.853683041878,d400_B400_R6_20251106_193319,2025-11-06 19:33:34,400,40,400,100.0
18,0.0,1.0,1.0,0.0198943391442298,1.0,0.0207669734954834,16626.371060869857,d400_B400_R6_20251106_193319,2025-11-06 19:33:34,400,40,400,100.0
19,0.0,1.0,1.0,0.0198943391442298,1.0,0.0241041183471679,16619.850941361718,d400_B400_R6_20251106_193319,2025-11-06 19:33:34,400,40,400,100.0
20,0.0,1.0,1.0,0.0198943391442298,1.0,0.0225188732147216,16664.185212302837,d400_B400_R6_20251106_193319,2025-11-06 19:33:34,400,40,400,100.0
21,0.0,1.0,1.0,0.0198943391442298,1.0,0.0272953510284423,16553.85929127177,d400_B400_R6_20251106_193319,2025-11-06 19:33:34,400,40,400,100.0
22,0.0,1.0,1.0,0.0198943391442298,1.0,0.0445377826690673,15964.683044690655,d400_B400_R6_20251106_193319,2025-11-06 19:33:34,400,40,400,100.0
23,0.0,1.0,1.0,0.0198943391442298,1.0,0.0300049781799316,15829.621857246364,d400_B400_R6_20251106_193319,2025-11-06 19:33:34,400,40,400,100.0
24,0.0,1.0,1.0,0.0198943391442298,1.0,0.0238337516784667,15860.67816312323,d400_B400_R6_20251106_193319,2025-11-06 19:33:34,400,40,400,100.0
25,0.0,1.0,1.0,0.0198943391442298,1.0,0.0246729850769042,15867.761360602222,d400_B400_R6_20251106_193319,2025-11-06 19:33:34,400,40,400,100.0
26,0.0,1.0,1.0,0.0198943391442298,1.0,0.0264530181884765,15834.638610336346,d400_B400_R6_20251106_193319,2025-11-06 19:33:34,400,40,400,100.0
27,0.0,1.0,1.0,0.0198943391442298,1.0,0.0234367847442626,15871.685335479462,d400_B400_R6_20251106_193319,2025-11-06 19:33:34,400,40,400,100.0
28,0.0,1.0,1.0,0.0198943391442298,1.0,0.0348701477050781,15661.345157526255,d400_B400_R6_20251106_193319,2025-11-06 19:33:34,400,40,400,100.0
29,0.0,1.0,1.0,0.0198943391442298,1.0,0.031473159790039,15537.96489269647,d400_B400_R6_20251106_193319,2025-11-06 19:33:34,400,40,400,100.0
30,0.0,1.0,1.0,0.0198943391442298,1.0,0.0304620265960693,15443.78468472294,d400_B400_R6_20251106_193319,2025-11-06 19:33:34,400,40,400,100.0
31,0.0,1.0,1.0,0.0198943391442298,1.0,0.0346777439117431,15278.017557723955,d400_B400_R6_20251106_193319,2025-11-06 19:33:34,400,40,400,100.0
32,0.0,1.0,1.0,0.0198943391442298,1.0,0.0294411182403564,15218.349711244822,d400_B400_R6_20251106_193319,2025-11-06 19:33:34,400,40,400,100.0
33,0.0,1.0,1.0,0.0198943391442298,1.0,0.0203609466552734,15317.210984401252,d400_B400_R6_20251106_193319,2025-11-06 19:33:34,400,40,400,100.0
34,0.0,1.0,1.0,0.0198943391442298,1.0,0.0220320224761962,15383.0259841544,d400_B400_R6_20251106_193319,2025-11-06 19:33:34,400,40,400,100.0
35,0.0,1.0,1.0,0.0198943391442298,1.0,0.0199742317199707,15480.50841332291,d400_B400_R6_20251106_193319,2025-11-06 19:33:34,400,40,400,100.0
36,0.0,1.0,1.0,0.0198943391442298,1.0,0.023749828338623,15511.870776764266,d400_B400_R6_20251106_193319,2025-11-06 19:33:34,400,40,400,100.0
37,0.0,1.0,1.0,0.0198943391442298,1.0,0.0416309833526611,15262.976137407775,d400_B400_R6_20251106_193319,2025-11-06 19:33:34,400,40,400,100.0
38,0.0,1.0,1.0,0.0198943391442298,1.0,0.0365080833435058,15108.592096841085,d400_B400_R6_20251106_193319,2025-11-06 19:33:34,400,40,400,100.0
39,0.0,1.0,1.0,0.0198943391442298,1.0,0.0340909957885742,14997.040989700785,d400_B400_R6_20251106_193319,2025-11-06 19:33:34,400,40,400,100.0
40,0.0,1.0,1.0,0.0198943391442298,1.0,0.0391550064086914,14825.100945650884,d400_B400_R6_20251106_193319,2025-11-06 19:33:34,400,40,400,100.0
41,0.0,1.0,1.0,0.0198943391442298,1.0,0.044321060180664,14598.86995161908,d400_B400_R6_20251106_193319,2025-11-06 19:33:34,400,40,400,100.0
42,0.0,1.0,1.0,0.0198943391442298,1.0,0.0429151058197021,14405.213366479968,d400_B400_R6_20251106_193319,2025-11-06 19:33:34,400,40,400,100.0
43,0.0,1.0,1.0,0.0198943391442298,1.0,0.0413610935211181,14245.337183562657,d400_B400_R6_20251106_193319,2025-11-06 19:33:34,400,40,400,100.0
44,0.0,1.0,1.0,0.0198943391442298,1.0,0.0369341373443603,14144.306735276034,d400_B400_R6_20251106_193319,2025-11-06 19:33:34,400,40,400,100.0
45,0.0,1.0,1.0,0.0198943391442298,1.0,0.0422503948211669,13991.512036749316,d400_B400_R6_20251106_193319,2025-11-06 19:33:34,400,40,400,100.0
46,0.0,1.0,1.0,0.0198943391442298,1.0,0.0330350399017334,13943.413090479946,d400_B400_R6_20251106_193319,2025-11-06 19:33:34,400,40,400,100.0
47,0.0,1.0,1.0,0.0198943391442298,1.0,0.0323941707611084,13901.518849329994,d400_B400_R6_20251106_193319,2025-11-06 19:33:34,400,40,400,100.0
48,0.0,1.0,1.0,0.0198943391442298,1.0,0.0389518737792968,13799.824917834763,d400_B400_R6_20251106_193319,2025-11-06 19:33:34,400,40,400,100.0
49,0.0,1.0,1.0,0.0198943391442298,1.0,0.0357222557067871,13734.375987475576,d400_B400_R6_20251106_193319,2025-11-06 19:33:34,400,40,400,100.0
50,0.0,1.0,1.0,0.0198943391442298,1.0,0.0349152088165283,13679.138003196773,d400_B400_R6_20251106_193319,2025-11-06 19:33:34,400,40,400,100.0
51,0.0,1.0,1.0,0.0198943391442298,1.0,0.0564069747924804,13436.041876472817,d400_B400_R6_20251106_193319,2025-11-06 19:33:34,400,40,400,100.0
52,0.0,1.0,1.0,0.0198943391442298,1.0,0.0303597450256347,13428.966672108576,d400_B400_R6_20251106_193319,2025-11-06 19:33:34,400,40,400,100.0
53,0.0,1.0,1.0,0.0198943391442298,1.0,0.0297632217407226,13427.54963024092,d400_B400_R6_20251106_193319,2025-11-06 19:33:34,400,40,400,100.0
54,0.0,1.0,1.0,0.0198943391442298,1.0,0.0328879356384277,13401.054282767776,d400_B400_R6_20251106_193319,2025-11-06 19:33:34,400,40,400,100.0
55,0.0,1.0,1.0,0.0198943391442298,1.0,0.0301740169525146,13397.185137505496,d400_B400_R6_20251106_193319,2025-11-06 19:33:34,400,40,400,100.0
56,0.0,1.0,1.0,0.0198943391442298,1.0,0.0331718921661376,13368.553760160954,d400_B400_R6_20251106_193319,2025-11-06 19:33:34,400,40,400,100.0
57,0.0,1.0,1.0,0.0198943391442298,1.0,0.0380008220672607,13305.4992536942,d400_B400_R6_20251106_193319,2025-11-06 19:33:34,400,40,400,100.0
58,0.0,1.0,1.0,0.0198943391442298,1.0,0.0321230888366699,13288.744806565544,d400_B400_R6_20251106_193319,2025-11-06 19:33:34,400,40,400,100.0
59,0.0,1.0,1.0,0.0198943391442298,1.0,0.0348670482635498,13252.712365918764,d400_B400_R6_20251106_193319,2025-11-06 19:33:34,400,40,400,100.0
60,0.0,1.0,1.0,0.0198943391442298,1.0,0.0371289253234863,13201.93504335865,d400_B400_R6_20251106_193319,2025-11-06 19:33:34,400,40,400,100.0
61,0.0,1.0,1.0,0.0198943391442298,1.0,0.0359587669372558,13161.126455260295,d400_B400_R6_20251106_193319,2025-11-06 19:33:34,400,40,400,100.0
62,0.0,1.0,1.0,0.0198943391442298,1.0,0.0250611305236816,13195.20896754956,d400_B400_R6_20251106_193319,2025-11-06 19:33:34,400,40,400,100.0
63,0.0,1.0,1.0,0.0198943391442298,1.0,0.03106689453125,13189.29660930236,d400_B400_R6_20251106_193319,2025-11-06 19:33:34,400,40,400,100.0
64,0.0,1.0,1.0,0.0198943391442298,1.0,0.0301969051361084,13189.072116296922,d400_B400_R6_20251106_193319,2025-11-06 19:33:34,400,40,400,100.0
65,0.0,1.0,1.0,0.0198943391442298,1.0,0.0803792476654052,12865.866020485762,d400_B400_R6_20251106_193319,2025-11-06 19:33:34,400,40,400,100.0
66,0.0,1.0,1.0,0.0198943391442298,1.0,0.09837007522583,12368.834247547577,d400_B400_R6_20251106_193319,2025-11-06 19:33:34,400,40,400,100.0
67,0.0,1.0,1.0,0.0198943391442298,1.0,0.0306718349456787,12374.694570247406,d400_B400_R6_20251106_193319,2025-11-06 19:33:34,400,40,400,100.0
68,0.0,1.0,1.0,0.0198943391442298,1.0,0.0318131446838378,12376.648427516082,d400_B400_R6_20251106_193319,2025-11-06 19:33:34,400,40,400,100.0
69,0.0,1.0,1.0,0.0198943391442298,1.0,0.0286939144134521,12395.512219299972,d400_B400_R6_20251106_193319,2025-11-06 19:33:34,400,40,400,100.0
70,0.0,1.0,1.0,0.0198943391442298,1.0,0.0537450313568115,12278.993507561148,d400_B400_R6_20251106_193319,2025-11-06 19:33:34,400,40,400,100.0
71,0.0,1.0,1.0,0.0198943391442298,1.0,0.0423920154571533,12226.30383017986,d400_B400_R6_20251106_193319,2025-11-06 19:33:34,400,40,400,100.0
72,0.0,1.0,1.0,0.0198943391442298,1.0,0.0758447647094726,12008.405219494154,d400_B400_R6_20251106_193319,2025-11-06 19:33:34,400,40,400,100.0
73,0.0,1.0,1.0,0.0198943391442298,1.0,0.0594789981842041,11880.846300997826,d400_B400_R6_20251106_193319,2025-11-06 19:33:34,400,40,400,100.0
74,0.0,1.0,1.0,0.0198943391442298,1.0,0.0342111587524414,11877.204160401428,d400_B400_R6_20251106_193319,2025-11-06 19:33:34,400,40,400,100.0
75,0.0,1.0,1.0,0.0198943391442298,1.0,0.0308170318603515,11889.53134914696,d400_B400_R6_20251106_193319,2025-11-06 19:33:34,400,40,400,100.0
76,0.0,1.0,1.0,0.0198943391442298,1.0,0.0378170013427734,11869.751872327954,d400_B400_R6_20251106_193319,2025-11-06 19:33:34,400,40,400,100.0
77,0.0,1.0,1.0,0.0198943391442298,1.0,0.0322742462158203,11875.467560012445,d400_B400_R6_20251106_193319,2025-11-06 19:33:34,400,40,400,100.0
78,0.0,1.0,1.0,0.0198943391442298,1.0,0.0507173538208007,11798.758308492204,d400_B400_R6_20251106_193319,2025-11-06 19:33:34,400,40,400,100.0
79,0.0,1.0,1.0,0.0198943391442298,1.0,0.0390260219573974,11775.5590633859,d400_B400_R6_20251106_193319,2025-11-06 19:33:34,400,40,400,100.0
80,0.0,1.0,1.0,0.0198943391442298,1.0,0.0398848056793212,11749.359154315232,d400_B400_R6_20251106_193319,2025-11-06 19:33:34,400,40,400,100.0
81,0.0,1.0,1.0,0.0198943391442298,1.0,0.0319659709930419,11757.242108741,d400_B400_R6_20251106_193319,2025-11-06 19:33:34,400,40,400,100.0
82,0.0,1.0,1.0,0.0198943391442298,1.0,0.0325589179992675,11762.642694512317,d400_B400_R6_20251106_193319,2025-11-06 19:33:34,400,40,400,100.0
83,0.0,1.0,1.0,0.0198943391442298,1.0,0.0382459163665771,11744.363404327163,d400_B400_R6_20251106_193319,2025-11-06 19:33:34,400,40,400,100.0
84,0.0,1.0,1.0,0.0198943391442298,1.0,0.0535309314727783,11665.124691861343,d400_B400_R6_20251106_193319,2025-11-06 19:33:34,400,40,400,100.0
85,0.0,1.0,1.0,0.0198943391442298,1.0,0.032869815826416,11669.082096574548,d400_B400_R6_20251106_193319,2025-11-06 19:33:34,400,40,400,100.0
86,0.0,1.0,1.0,0.0198943391442298,1.0,0.0260601043701171,11700.507157415032,d400_B400_R6_20251106_193319,2025-11-06 19:33:34,400,40,400,100.0
87,0.0,1.0,1.0,0.0198943391442298,1.0,0.0317318439483642,11709.258601722308,d400_B400_R6_20251106_193319,2025-11-06 19:33:34,400,40,400,100.0
88,0.0,1.0,1.0,0.0198943391442298,1.0,0.0426270961761474,11675.974757155223,d400_B400_R6_20251106_193319,2025-11-06 19:33:34,400,40,400,100.0
89,0.0,1.0,1.0,0.0198943391442298,1.0,0.0479958057403564,11623.607891631707,d400_B400_R6_20251106_193319,2025-11-06 19:33:34,400,40,400,100.0
90,0.0,1.0,1.0,0.0198943391442298,1.0,0.0336129665374755,11625.778577369778,d400_B400_R6_20251106_193319,2025-11-06 19:33:34,400,40,400,100.0
91,0.0,1.0,1.0,0.0198943391442298,1.0,0.0405242443084716,11602.49720292946,d400_B400_R6_20251106_193319,2025-11-06 19:33:34,400,40,400,100.0
92,0.0,1.0,1.0,0.0198943391442298,1.0,0.0367379188537597,11593.447701905316,d400_B400_R6_20251106_193319,2025-11-06 19:33:34,400,40,400,100.0
93,0.0,1.0,1.0,0.0198943391442298,1.0,0.0613901615142822,11497.338497345394,d400_B400_R6_20251106_193319,2025-11-06 19:33:34,400,40,400,100.0
94,0.0,1.0,1.0,0.0198943391442298,1.0,0.035142183303833,11495.400247457896,d400_B400_R6_20251106_193319,2025-11-06 19:33:34,400,40,400,100.0
95,0.0,1.0,1.0,0.0198943391442298,1.0,0.0348658561706543,11494.603809346952,d400_B400_R6_20251106_193319,2025-11-06 19:33:34,400,40,400,100.0
96,0.0,1.0,1.0,0.0198943391442298,1.0,0.0606000423431396,11406.014442427551,d400_B400_R6_20251106_193319,2025-11-06 19:33:34,400,40,400,100.0
97,0.0,1.0,1.0,0.0198943391442298,1.0,0.0358908176422119,11402.807524089105,d400_B400_R6_20251106_193319,2025-11-06 19:33:34,400,40,400,100.0
98,0.0,1.0,1.0,0.0198943391442298,1.0,0.0421531200408935,11378.84565452613,d400_B400_R6_20251106_193319,2025-11-06 19:33:34,400,40,400,100.0
99,0.0,1.0,1.0,0.0198943391442298,1.0,0.0403132438659668,11354.632826140996,d400_B400_R6_20251106_193319,2025-11-06 19:33:34,400,40,400,100.0
100,0.0,1.0,1.0,0.0198943391442298,1.0,0.0263292789459228,11382.44905065808,d400_B400_R6_20251106_193319,2025-11-06 19:33:34,400,40,400,100.0
101,0.0,1.0,1.0,0.0198943391442298,1.0,0.0582730770111084,11306.76558810078,d400_B400_R6_20251106_193319,2025-11-06 19:33:34,400,40,400,100.0
102,0.0,1.0,1.0,0.0198943391442298,1.0,0.0456037521362304,11274.537007918814,d400_B400_R6_20251106_193319,2025-11-06 19:33:34,400,40,400,100.0
103,0.0,1.0,1.0,0.0198943391442298,1.0,0.0415349006652832,11255.38118519907,d400_B400_R6_20251106_193319,2025-11-06 19:33:34,400,40,400,100.0
104,0.0,1.0,1.0,0.0198943391442298,1.0,0.0339210033416748,11259.473486407644,d400_B400_R6_20251106_193319,2025-11-06 19:33:34,400,40,400,100.0
105,0.0,1.0,1.0,0.0198943391442298,1.0,0.081989049911499,11121.749646688831,d400_B400_R6_20251106_193319,2025-11-06 19:33:34,400,40,400,100.0
106,0.0,1.0,1.0,0.0198943391442298,1.0,0.0795581340789794,10995.961704187072,d400_B400_R6_20251106_193319,2025-11-06 19:33:34,400,40,400,100.0
107,0.0,1.0,1.0,0.0198943391442298,1.0,0.0324761867523193,11006.346829255048,d400_B400_R6_20251106_193319,2025-11-06 19:33:34,400,40,400,100.0
108,0.0,1.0,1.0,0.0198943391442298,1.0,0.0353271961212158,11007.999969180046,d400_B400_R6_20251106_193319,2025-11-06 19:33:34,400,40,400,100.0
109,0.0,1.0,1.0,0.0198943391442298,1.0,0.0999629497528076,10834.935496249356,d400_B400_R6_20251106_193319,2025-11-06 19:33:34,400,40,400,100.0
110,0.0,1.0,1.0,0.0198943391442298,1.0,0.0760650634765625,10731.89813833271,d400_B400_R6_20251106_193319,2025-11-06 19:33:34,400,40,400,100.0
111,0.0,1.0,1.0,0.0198943391442298,1.0,0.0738260746002197,10638.222589389066,d400_B400_R6_20251106_193319,2025-11-06 19:33:34,400,40,400,100.0
112,0.0,1.0,1.0,0.0198943391442298,1.0,0.0406239032745361,10630.193640416848,d400_B400_R6_20251106_193319,2025-11-06 19:33:34,400,40,400,100.0
113,0.0,1.0,1.0,0.0198943391442298,1.0,0.0562372207641601,10583.87964342457,d400_B400_R6_20251106_193319,2025-11-06 19:33:34,400,40,400,100.0
114,0.0,1.0,1.0,0.0198943391442298,1.0,0.0299389362335205,10602.66708167744,d400_B400_R6_20251106_193319,2025-11-06 19:33:34,400,40,400,100.0
115,0.0,1.0,1.0,0.0198943391442298,1.0,0.0473420619964599,10578.336402216552,d400_B400_R6_20251106_193319,2025-11-06 19:33:34,400,40,400,100.0
116,0.0,1.0,1.0,0.0198943391442298,1.0,0.0343708992004394,10585.986445816432,d400_B400_R6_20251106_193319,2025-11-06 19:33:34,400,40,400,100.0
117,0.0,1.0,1.0,0.0198943391442298,1.0,0.0421078205108642,10575.3101354494,d400_B400_R6_20251106_193319,2025-11-06 19:33:34,400,40,400,100.0
118,0.0,1.0,1.0,0.0198943391442298,1.0,0.048398733139038,10550.223305075766,d400_B400_R6_20251106_193319,2025-11-06 19:33:34,400,40,400,100.0
119,0.0,1.0,1.0,0.0198943391442298,1.0,0.0384540557861328,10548.534769938184,d400_B400_R6_20251106_193319,2025-11-06 19:33:34,400,40,400,100.0
120,0.0,1.0,1.0,0.0198943391442298,1.0,0.0832819938659668,10444.919071605344,d400_B400_R6_20251106_193319,2025-11-06 19:33:34,400,40,400,100.0
121,0.0,1.0,1.0,0.0198943391442298,1.0,0.0738940238952636,10364.752575641736,d400_B400_R6_20251106_193319,2025-11-06 19:33:34,400,40,400,100.0
122,0.0,1.0,1.0,0.0198943391442298,1.0,0.0858781337738037,10262.121874726176,d400_B400_R6_20251106_193319,2025-11-06 19:33:34,400,40,400,100.0
123,0.0,1.0,1.0,0.0198943391442298,1.0,0.0389659404754638,10261.732517527877,d400_B400_R6_20251106_193319,2025-11-06 19:33:34,400,40,400,100.0
124,0.0,1.0,1.0,0.0198943391442298,1.0,0.0477619171142578,10242.817775163345,d400_B400_R6_20251106_193319,2025-11-06 19:33:34,400,40,400,100.0
125,0.0,1.0,1.0,0.0198943391442298,1.0,0.0248451232910156,10272.18217416412,d400_B400_R6_20251106_193319,2025-11-06 19:33:34,400,40,400,100.0
126,0.0,1.0,1.0,0.0198943391442298,1.0,0.0358150005340576,10278.36168030711,d400_B400_R6_20251106_193319,2025-11-06 19:33:34,400,40,400,100.0
127,0.0,1.0,1.0,0.0198943391442298,1.0,0.0404260158538818,10274.839814147186,d400_B400_R6_20251106_193319,2025-11-06 19:33:34,400,40,400,100.0
128,0.0,1.0,1.0,0.0198943391442298,1.0,0.0307607650756835,10291.247934925308,d400_B400_R6_20251106_193319,2025-11-06 19:33:34,400,40,400,100.0
129,0.0,1.0,1.0,0.0198943391442298,1.0,0.054948091506958,10258.140251867986,d400_B400_R6_20251106_193319,2025-11-06 19:33:34,400,40,400,100.0
130,0.0,1.0,1.0,0.0198943391442298,1.0,0.030674934387207,10274.54169729498,d400_B400_R6_20251106_193319,2025-11-06 19:33:34,400,40,400,100.0
131,0.0,1.0,1.0,0.0198943391442298,1.0,0.027113914489746,10297.70115808378,d400_B400_R6_20251106_193319,2025-11-06 19:33:34,400,40,400,100.0
132,0.0,1.0,1.0,0.0198943391442298,1.0,0.0957601070404052,10185.11856119943,d400_B400_R6_20251106_193319,2025-11-06 19:33:34,400,40,400,100.0
133,0.0,1.0,1.0,0.0198943391442298,1.0,0.0352168083190918,10192.44528934656,d400_B400_R6_20251106_193319,2025-11-06 19:33:34,400,40,400,100.0
134,0.0,1.0,1.0,0.0198943391442298,1.0,0.0379080772399902,10194.507636504528,d400_B400_R6_20251106_193319,2025-11-06 19:33:34,400,40,400,100.0
135,0.0,1.0,1.0,0.0198943391442298,1.0,0.0430121421813964,10186.81763107277,d400_B400_R6_20251106_193319,2025-11-06 19:33:34,400,40,400,100.0
136,0.0,1.0,1.0,0.0198943391442298,1.0,0.0467059612274169,10172.398160887637,d400_B400_R6_20251106_193319,2025-11-06 19:33:34,400,40,400,100.0
137,0.0,1.0,1.0,0.0198943391442298,1.0,0.1148128509521484,10032.589565093043,d400_B400_R6_20251106_193319,2025-11-06 19:33:34,400,40,400,100.0
138,0.0,1.0,1.0,0.0198943391442298,1.0,0.0263838768005371,10056.255257952016,d400_B400_R6_20251106_193319,2025-11-06 19:33:34,400,40,400,100.0
139,0.0,1.0,1.0,0.0198943391442298,1.0,0.0294961929321289,10074.490080886806,d400_B400_R6_20251106_193319,2025-11-06 19:33:34,400,40,400,100.0
140,0.0,1.0,1.0,0.0198943391442298,1.0,0.0236992835998535,10102.996599018456,d400_B400_R6_20251106_193319,2025-11-06 19:33:34,400,40,400,100.0
141,0.0,1.0,1.0,0.0198943391442298,1.0,0.0258991718292236,10127.299078488835,d400_B400_R6_20251106_193319,2025-11-06 19:33:34,400,40,400,100.0
142,0.0,1.0,1.0,0.0198943391442298,1.0,0.061169147491455,10088.25964223319,d400_B400_R6_20251106_193319,2025-11-06 19:33:34,400,40,400,100.0
143,0.0,1.0,1.0,0.0198943391442298,1.0,0.0784242153167724,10019.940614933064,d400_B400_R6_20251106_193319,2025-11-06 19:33:34,400,40,400,100.0
144,0.0,1.0,1.0,0.0198943391442298,1.0,0.0602290630340576,9984.583815386666,d400_B400_R6_20251106_193319,2025-11-06 19:33:34,400,40,400,100.0
145,0.0,1.0,1.0,0.0198943391442298,1.0,0.042482852935791,9979.46491971384,d400_B400_R6_20251106_193319,2025-11-06 19:33:34,400,40,400,100.0
146,0.0,1.0,1.0,0.0198943391442298,1.0,0.0441420078277587,9972.365494918293,d400_B400_R6_20251106_193319,2025-11-06 19:33:34,400,40,400,100.0
147,0.0,1.0,1.0,0.0198943391442298,1.0,0.0529291629791259,9950.295439898688,d400_B400_R6_20251106_193319,2025-11-06 19:33:34,400,40,400,100.0
148,0.0,1.0,1.0,0.0198943391442298,1.0,0.0439221858978271,9943.613266402564,d400_B400_R6_20251106_193319,2025-11-06 19:33:34,400,40,400,100.0
149,0.0,1.0,1.0,0.0198943391442298,1.0,0.029675006866455,9960.718098148946,d400_B400_R6_20251106_193319,2025-11-06 19:33:34,400,40,400,100.0
150,0.0,1.0,1.0,0.0198943391442298,1.0,0.0386199951171875,9962.924211668203,d400_B400_R6_20251106_193319,2025-11-06 19:33:34,400,40,400,100.0
151,0.0,1.0,1.0,0.0198943391442298,1.0,0.0904622077941894,9880.712995838428,d400_B400_R6_20251106_193319,2025-11-06 19:33:34,400,40,400,100.0
152,0.0,1.0,1.0,0.0198943391442298,1.0,0.0454189777374267,9872.561797498707,d400_B400_R6_20251106_193319,2025-11-06 19:33:34,400,40,400,100.0
153,0.0,1.0,1.0,0.0198943391442298,1.0,0.0623879432678222,9837.769218792737,d400_B400_R6_20251106_193319,2025-11-06 19:33:34,400,40,400,100.0
154,0.0,1.0,1.0,0.0198943391442298,1.0,0.0421907901763916,9835.031486853915,d400_B400_R6_20251106_193319,2025-11-06 19:33:34,400,40,400,100.0
155,0.0,1.0,1.0,0.0198943391442298,1.0,0.0926058292388916,9753.584295796018,d400_B400_R6_20251106_193319,2025-11-06 19:33:34,400,40,400,100.0
156,0.0,1.0,1.0,0.0198943391442298,1.0,0.0429279804229736,9750.098025759284,d400_B400_R6_20251106_193319,2025-11-06 19:33:34,400,40,400,100.0
157,0.0,1.0,1.0,0.0198943391442298,1.0,0.0624022483825683,9717.847466828793,d400_B400_R6_20251106_193319,2025-11-06 19:33:34,400,40,400,100.0
158,0.0,1.0,1.0,0.0198943391442298,1.0,0.0427749156951904,9715.13410120061,d400_B400_R6_20251106_193319,2025-11-06 19:33:34,400,40,400,100.0
159,0.0,1.0,1.0,0.0198943391442298,1.0,0.0542998313903808,9695.506531249936,d400_B400_R6_20251106_193319,2025-11-06 19:33:34,400,40,400,100.0
160,0.0,1.0,1.0,0.0198943391442298,1.0,0.0618190765380859,9665.324415046498,d400_B400_R6_20251106_193319,2025-11-06 19:33:34,400,40,400,100.0
161,0.0,1.0,1.0,0.0198943391442298,1.0,0.0531823635101318,9648.143676532278,d400_B400_R6_20251106_193319,2025-11-06 19:33:34,400,40,400,100.0
162,0.0,1.0,1.0,0.0198943391442298,1.0,0.0462210178375244,9640.984278703589,d400_B400_R6_20251106_193319,2025-11-06 19:33:34,400,40,400,100.0
163,0.0,1.0,1.0,0.0198943391442298,1.0,0.0277438163757324,9660.286324651588,d400_B400_R6_20251106_193319,2025-11-06 19:33:34,400,40,400,100.0
164,0.0,1.0,1.0,0.0198943391442298,1.0,0.065950870513916,9625.412217299829,d400_B400_R6_20251106_193319,2025-11-06 19:33:34,400,40,400,100.0
165,0.0,1.0,1.0,0.0198943391442298,1.0,0.0782320499420166,9574.290105318234,d400_B400_R6_20251106_193319,2025-11-06 19:33:34,400,40,400,100.0
166,0.0,1.0,1.0,0.0198943391442298,1.0,0.0643048286437988,9542.712832706393,d400_B400_R6_20251106_193319,2025-11-06 19:33:34,400,40,400,100.0
167,0.0,1.0,1.0,0.0198943391442298,1.0,0.0361130237579345,9550.392498019408,d400_B400_R6_20251106_193319,2025-11-06 19:33:34,400,40,400,100.0
168,0.0,1.0,1.0,0.0198943391442298,1.0,0.0547270774841308,9532.587289917252,d400_B400_R6_20251106_193319,2025-11-06 19:33:34,400,40,400,100.0
169,0.0,1.0,1.0,0.0198943391442298,1.0,0.0921308994293212,9465.819042224472,d400_B400_R6_20251106_193319,2025-11-06 19:33:34,400,40,400,100.0
170,0.0,1.0,1.0,0.0198943391442298,1.0,0.097470998764038,9387.064486482566,d400_B400_R6_20251106_193319,2025-11-06 19:33:34,400,40,400,100.0
171,0.0,1.0,1.0,0.0198943391442298,1.0,0.0493669509887695,9377.919637102656,d400_B400_R6_20251106_193319,2025-11-06 19:33:34,400,40,400,100.0
172,0.0,1.0,1.0,0.0198943391442298,1.0,0.0465662479400634,9372.635895885878,d400_B400_R6_20251106_193319,2025-11-06 19:33:34,400,40,400,100.0
173,0.0,1.0,1.0,0.0198943391442298,1.0,0.0281119346618652,9390.750583713989,d400_B400_R6_20251106_193319,2025-11-06 19:33:34,400,40,400,100.0
174,0.0,1.0,1.0,0.0198943391442298,1.0,0.034714937210083,9400.360170540233,d400_B400_R6_20251106_193319,2025-11-06 19:33:34,400,40,400,100.0
175,0.0,1.0,1.0,0.0198943391442298,1.0,0.0666158199310302,9369.999076895843,d400_B400_R6_20251106_193319,2025-11-06 19:33:34,400,40,400,100.0
176,0.0,1.0,1.0,0.0198943391442298,1.0,0.0299880504608154,9385.58723131382,d400_B400_R6_20251106_193319,2025-11-06 19:33:34,400,40,400,100.0
177,0.0,1.0,1.0,0.0198943391442298,1.0,0.0502710342407226,9375.941521971174,d400_B400_R6_20251106_193319,2025-11-06 19:33:34,400,40,400,100.0
178,0.0,1.0,1.0,0.0198943391442298,1.0,0.0584170818328857,9356.401210905427,d400_B400_R6_20251106_193319,2025-11-06 19:33:34,400,40,400,100.0
179,0.0,1.0,1.0,0.0198943391442298,1.0,0.0528419017791748,9343.918263844327,d400_B400_R6_20251106_193319,2025-11-06 19:33:34,400,40,400,100.0
180,0.0,1.0,1.0,0.0198943391442298,1.0,0.0383272171020507,9349.01788666815,d400_B400_R6_20251106_193319,2025-11-06 19:33:34,400,40,400,100.0
181,0.0,1.0,1.0,0.0198943391442298,1.0,0.0351290702819824,9357.97233129978,d400_B400_R6_20251106_193319,2025-11-06 19:33:34,400,40,400,100.0
182,0.0,1.0,1.0,0.0198943391442298,1.0,0.0499007701873779,9349.18802460765,d400_B400_R6_20251106_193319,2025-11-06 19:33:34,400,40,400,100.0
183,0.0,1.0,1.0,0.0198943391442298,1.0,0.0974671840667724,9284.445473975016,d400_B400_R6_20251106_193319,2025-11-06 19:33:34,400,40,400,100.0
184,0.0,1.0,1.0,0.0198943391442298,1.0,0.0561518669128418,9268.867872690447,d400_B400_R6_20251106_193319,2025-11-06 19:33:34,400,40,400,100.0
185,0.0,1.0,1.0,0.0198943391442298,1.0,0.0563037395477294,9253.403203710184,d400_B400_R6_20251106_193319,2025-11-06 19:33:34,400,40,400,100.0
186,0.0,1.0,1.0,0.0198943391442298,1.0,0.0742158889770507,9217.818828136216,d400_B400_R6_20251106_193319,2025-11-06 19:33:34,400,40,400,100.0
187,0.0,1.0,1.0,0.0198943391442298,1.0,0.0325710773468017,9229.851255355288,d400_B400_R6_20251106_193319,2025-11-06 19:33:34,400,40,400,100.0
188,0.0,1.0,1.0,0.0198943391442298,1.0,0.037813663482666,9235.877871333534,d400_B400_R6_20251106_193319,2025-11-06 19:33:34,400,40,400,100.0
189,0.0,1.0,1.0,0.0198943391442298,1.0,0.0549080371856689,9222.642906478508,d400_B400_R6_20251106_193319,2025-11-06 19:33:34,400,40,400,100.0
190,0.0,1.0,1.0,0.0198943391442298,1.0,0.0388820171356201,9227.44667345248,d400_B400_R6_20251106_193319,2025-11-06 19:33:34,400,40,400,100.0
191,0.0,1.0,1.0,0.0198943391442298,1.0,0.0229859352111816,9249.869357971049,d400_B400_R6_20251106_193319,2025-11-06 19:33:34,400,40,400,100.0
192,0.0,1.0,1.0,0.0198943391442298,1.0,0.0355210304260253,9258.177791977325,d400_B400_R6_20251106_193319,2025-11-06 19:33:34,400,40,400,100.0
193,0.0,1.0,1.0,0.0198943391442298,1.0,0.0486729145050048,9247.361351939166,d400_B400_R6_20251106_193319,2025-11-06 19:33:34,400,40,400,100.0
194,0.0,1.0,1.0,0.0198943391442298,1.0,0.0588552951812744,9230.079823914086,d400_B400_R6_20251106_193319,2025-11-06 19:33:34,400,40,400,100.0
195,0.0,1.0,1.0,0.0198943391442298,1.0,0.0567090511322021,9215.353830385173,d400_B400_R6_20251106_193319,2025-11-06 19:33:34,400,40,400,100.0
196,0.0,1.0,1.0,0.0198943391442298,1.0,0.0290179252624511,9230.639337188177,d400_B400_R6_20251106_193319,2025-11-06 19:33:34,400,40,400,100.0
197,0.0,1.0,1.0,0.0198943391442298,1.0,0.0377838611602783,9236.420944433145,d400_B400_R6_20251106_193319,2025-11-06 19:33:34,400,40,400,100.0
198,0.0,1.0,1.0,0.0198943391442298,1.0,0.0735800266265869,9203.915586881098,d400_B400_R6_20251106_193319,2025-11-06 19:33:34,400,40,400,100.0
199,0.0,1.0,1.0,0.0198943391442298,1.0,0.0425410270690918,9204.710773929435,d400_B400_R6_20251106_193319,2025-11-06 19:33:34,400,40,400,100.0
200,0.0,1.0,1.0,0.0198943391442298,1.0,0.031783103942871,9216.77262073716,d400_B400_R6_20251106_193319,2025-11-06 19:33:34,400,40,400,100.0
201,0.0,1.0,1.0,0.0198943391442298,1.0,0.0436198711395263,9212.614576367178,d400_B400_R6_20251106_193319,2025-11-06 19:33:34,400,40,400,100.0
202,0.0,1.0,1.0,0.0198943391442298,1.0,0.0444936752319335,9211.065389905889,d400_B400_R6_20251106_193319,2025-11-06 19:33:34,400,40,400,100.0
203,0.0,1.0,1.0,0.0198943391442298,1.0,0.0494720935821533,9204.41170356291,d400_B400_R6_20251106_193319,2025-11-06 19:33:34,400,40,400,100.0
204,0.0,1.0,1.0,0.0198943391442298,1.0,0.0491960048675537,9198.285265728373,d400_B400_R6_20251106_193319,2025-11-06 19:33:34,400,40,400,100.0
205,0.0,1.0,1.0,0.0198943391442298,1.0,0.0551841259002685,9186.087970880148,d400_B400_R6_20251106_193319,2025-11-06 19:33:34,400,40,400,100.0
206,0.0,1.0,1.0,0.0198943391442298,1.0,0.0542759895324707,9174.936151745474,d400_B400_R6_20251106_193319,2025-11-06 19:33:34,400,40,400,100.0
207,0.0,1.0,1.0,0.0198943391442298,1.0,0.0467112064361572,9171.591386560558,d400_B400_R6_20251106_193319,2025-11-06 19:33:34,400,40,400,100.0
208,0.0,1.0,1.0,0.0198943391442298,1.0,0.0315690040588378,9183.576620561234,d400_B400_R6_20251106_193319,2025-11-06 19:33:34,400,40,400,100.0
209,0.0,1.0,1.0,0.0198943391442298,1.0,0.0399940013885498,9186.977568221915,d400_B400_R6_20251106_193319,2025-11-06 19:33:34,400,40,400,100.0
210,0.0,1.0,1.0,0.0198943391442298,1.0,0.0457239151000976,9184.603168788142,d400_B400_R6_20251106_193319,2025-11-06 19:33:34,400,40,400,100.0
211,0.0,1.0,1.0,0.0198943391442298,1.0,0.0571630001068115,9170.91069066584,d400_B400_R6_20251106_193319,2025-11-06 19:33:34,400,40,400,100.0
212,0.0,1.0,1.0,0.0198943391442298,1.0,0.0975720882415771,9117.748574660902,d400_B400_R6_20251106_193319,2025-11-06 19:33:34,400,40,400,100.0
213,0.0,1.0,1.0,0.0198943391442298,1.0,0.1519761085510254,9013.77025065659,d400_B400_R6_20251106_193319,2025-11-06 19:33:34,400,40,400,100.0
214,0.0,1.0,1.0,0.0198943391442298,1.0,0.1199660301208496,8938.46383920634,d400_B400_R6_20251106_193319,2025-11-06 19:33:34,400,40,400,100.0
215,0.0,1.0,1.0,0.0198943391442298,1.0,0.0319859981536865,8950.028141421206,d400_B400_R6_20251106_193319,2025-11-06 19:33:34,400,40,400,100.0
216,0.0,1.0,1.0,0.0198943391442298,1.0,0.0306706428527832,8962.813540716155,d400_B400_R6_20251106_193319,2025-11-06 19:33:34,400,40,400,100.0
217,0.0,1.0,1.0,0.0198943391442298,1.0,0.100550889968872,8911.409100222136,d400_B400_R6_20251106_193319,2025-11-06 19:33:34,400,40,400,100.0
218,0.0,1.0,1.0,0.0198943391442298,1.0,0.0490322113037109,8906.256721124073,d400_B400_R6_20251106_193319,2025-11-06 19:33:34,400,40,400,100.0
219,0.0,1.0,1.0,0.0198943391442298,1.0,0.0691220760345459,8884.303258136073,d400_B400_R6_20251106_193319,2025-11-06 19:33:34,400,40,400,100.0
220,0.0,1.0,1.0,0.0198943391442298,1.0,0.0681419372558593,8863.37106194417,d400_B400_R6_20251106_193319,2025-11-06 19:33:34,400,40,400,100.0
221,0.0,1.0,1.0,0.0198943391442298,1.0,0.0665810108184814,8844.238465623477,d400_B400_R6_20251106_193319,2025-11-06 19:33:34,400,40,400,100.0
222,0.0,1.0,1.0,0.0198943391442298,1.0,0.0397379398345947,8848.947301622982,d400_B400_R6_20251106_193319,2025-11-06 19:33:34,400,40,400,100.0
223,0.0,1.0,1.0,0.0198943391442298,1.0,0.1091880798339843,8793.21029955673,d400_B400_R6_20251106_193319,2025-11-06 19:33:34,400,40,400,100.0
224,0.0,1.0,1.0,0.0198943391442298,1.0,0.056532859802246,8783.58983399111,d400_B400_R6_20251106_193319,2025-11-06 19:33:34,400,40,400,100.0
225,0.0,1.0,1.0,0.0198943391442298,1.0,0.0331640243530273,8794.060901696908,d400_B400_R6_20251106_193319,2025-11-06 19:33:34,400,40,400,100.0
226,0.0,1.0,1.0,0.0198943391442298,1.0,0.0475659370422363,8792.07963288328,d400_B400_R6_20251106_193319,2025-11-06 19:33:34,400,40,400,100.0
227,0.0,1.0,1.0,0.0198943391442298,1.0,0.0578300952911376,8781.437720851352,d400_B400_R6_20251106_193319,2025-11-06 19:33:34,400,40,400,100.0
228,0.0,1.0,1.0,0.0198943391442298,1.0,0.0306980609893798,8793.72894857055,d400_B400_R6_20251106_193319,2025-11-06 19:33:34,400,40,400,100.0
229,0.0,1.0,1.0,0.0198943391442298,1.0,0.0433709621429443,8795.328662515532,d400_B400_R6_20251106_193319,2025-11-06 19:33:34,400,40,400,100.0
230,0.0,1.0,1.0,0.0198943391442298,1.0,0.0690658092498779,8775.468050886679,d400_B400_R6_20251106_193319,2025-11-06 19:33:34,400,40,400,100.0
231,0.0,1.0,1.0,0.0198943391442298,1.0,0.0947887897491455,8734.612545612059,d400_B400_R6_20251106_193319,2025-11-06 19:33:34,400,40,400,100.0
232,0.0,1.0,1.0,0.0198943391442298,1.0,0.0382740497589111,8740.579116804904,d400_B400_R6_20251106_193319,2025-11-06 19:33:34,400,40,400,100.0
233,0.0,1.0,1.0,0.0198943391442298,1.0,0.0382781028747558,8746.525543606076,d400_B400_R6_20251106_193319,2025-11-06 19:33:34,400,40,400,100.0
234,0.0,1.0,1.0,0.0198943391442298,1.0,0.0354728698730468,8754.652501107865,d400_B400_R6_20251106_193319,2025-11-06 19:33:34,400,40,400,100.0
235,0.0,1.0,1.0,0.0198943391442298,1.0,0.0432898998260498,8756.313234466785,d400_B400_R6_20251106_193319,2025-11-06 19:33:34,400,40,400,100.0
236,0.0,1.0,1.0,0.0198943391442298,1.0,0.0900700092315673,8720.448859434342,d400_B400_R6_20251106_193319,2025-11-06 19:33:34,400,40,400,100.0
237,0.0,1.0,1.0,0.0198943391442298,1.0,0.0804049968719482,8692.775331065885,d400_B400_R6_20251106_193319,2025-11-06 19:33:34,400,40,400,100.0
238,0.0,1.0,1.0,0.0198943391442298,1.0,0.0365481376647949,8700.101860343148,d400_B400_R6_20251106_193319,2025-11-06 19:33:34,400,40,400,100.0
239,0.0,1.0,1.0,0.0198943391442298,1.0,0.0794630050659179,8673.621765614464,d400_B400_R6_20251106_193319,2025-11-06 19:33:34,400,40,400,100.0
240,0.0,1.0,1.0,0.0198943391442298,1.0,0.0310320854187011,8685.24105619581,d400_B400_R6_20251106_193319,2025-11-06 19:33:34,400,40,400,100.0
241,0.0,1.0,1.0,0.0198943391442298,1.0,0.0707540512084961,8665.725364069054,d400_B400_R6_20251106_193319,2025-11-06 19:33:34,400,40,400,100.0
242,0.0,1.0,1.0,0.0198943391442298,1.0,0.0700170993804931,8647.126845529825,d400_B400_R6_20251106_193319,2025-11-06 19:33:34,400,40,400,100.0
243,0.0,1.0,1.0,0.0198943391442298,1.0,0.0370187759399414,8653.945231531428,d400_B400_R6_20251106_193319,2025-11-06 19:33:34,400,40,400,100.0
244,0.0,1.0,1.0,0.0198943391442298,1.0,0.0321097373962402,8664.560458022386,d400_B400_R6_20251106_193319,2025-11-06 19:33:34,400,40,400,100.0
245,0.0,1.0,1.0,0.0198943391442298,1.0,0.0292780399322509,8677.326643536633,d400_B400_R6_20251106_193319,2025-11-06 19:33:34,400,40,400,100.0
246,0.0,1.0,1.0,0.0198943391442298,1.0,0.0757949352264404,8654.478303669166,d400_B400_R6_20251106_193319,2025-11-06 19:33:34,400,40,400,100.0
247,0.0,1.0,1.0,0.0198943391442298,1.0,0.0784831047058105,8630.040338170264,d400_B400_R6_20251106_193319,2025-11-06 19:33:34,400,40,400,100.0
248,0.0,1.0,1.0,0.0198943391442298,1.0,0.0812799930572509,8603.837309492388,d400_B400_R6_20251106_193319,2025-11-06 19:33:34,400,40,400,100.0
249,0.0,1.0,1.0,0.0198943391442298,1.0,0.0330369472503662,8613.64498804548,d400_B400_R6_20251106_193319,2025-11-06 19:33:34,400,40,400,100.0
250,0.0,1.0,1.0,0.0198943391442298,1.0,0.0405430793762207,8617.853371577501,d400_B400_R6_20251106_193319,2025-11-06 19:33:34,400,40,400,100.0
251,0.0,1.0,1.0,0.0198943391442298,1.0,0.0811710357666015,8592.039188814433,d400_B400_R6_20251106_193319,2025-11-06 19:33:34,400,40,400,100.0
252,0.0,1.0,1.0,0.0198943391442298,1.0,0.0509290695190429,8588.587662467738,d400_B400_R6_20251106_193319,2025-11-06 19:33:34,400,40,400,100.0
253,0.0,1.0,1.0,0.0198943391442298,1.0,0.0212078094482421,8606.874091288699,d400_B400_R6_20251106_193319,2025-11-06 19:33:34,400,40,400,100.0
254,0.0,1.0,1.0,0.0198943391442298,1.0,0.0351650714874267,8614.978381452804,d400_B400_R6_20251106_193319,2025-11-06 19:33:34,400,40,400,100.0
255,0.0,1.0,1.0,0.0198943391442298,1.0,0.0508060455322265,8611.656289358025,d400_B400_R6_20251106_193319,2025-11-06 19:33:34,400,40,400,100.0
256,0.0,1.0,1.0,0.0198943391442298,1.0,0.0531487464904785,8606.703542215688,d400_B400_R6_20251106_193319,2025-11-06 19:33:34,400,40,400,100.0
257,0.0,1.0,1.0,0.0198943391442298,1.0,0.0744340419769287,8586.563398047416,d400_B400_R6_20251106_193319,2025-11-06 19:33:34,400,40,400,100.0
258,0.0,1.0,1.0,0.0198943391442298,1.0,0.0514049530029296,8582.959168724214,d400_B400_R6_20251106_193319,2025-11-06 19:33:34,400,40,400,100.0
259,0.0,1.0,1.0,0.0198943391442298,1.0,0.0860176086425781,8554.97444937335,d400_B400_R6_20251106_193319,2025-11-06 19:33:34,400,40,400,100.0
260,0.0,1.0,1.0,0.0198943391442298,1.0,0.0611450672149658,8544.7805614583,d400_B400_R6_20251106_193319,2025-11-06 19:33:34,400,40,400,100.0
261,0.0,1.0,1.0,0.0198943391442298,1.0,0.0765118598937988,8523.900354987456,d400_B400_R6_20251106_193319,2025-11-06 19:33:34,400,40,400,100.0
262,0.0,1.0,1.0,0.0198943391442298,1.0,0.0515840053558349,8520.500817019652,d400_B400_R6_20251106_193319,2025-11-06 19:33:34,400,40,400,100.0
263,0.0,1.0,1.0,0.0198943391442298,1.0,0.0588529109954834,8512.131113552985,d400_B400_R6_20251106_193319,2025-11-06 19:33:34,400,40,400,100.0
264,0.0,1.0,1.0,0.0198943391442298,1.0,0.0697729587554931,8496.157004199786,d400_B400_R6_20251106_193319,2025-11-06 19:33:34,400,40,400,100.0
265,0.0,1.0,1.0,0.0198943391442298,1.0,0.0390870571136474,8501.444703236442,d400_B400_R6_20251106_193319,2025-11-06 19:33:34,400,40,400,100.0
266,0.0,1.0,1.0,0.0198943391442298,1.0,0.0500979423522949,8499.226063867382,d400_B400_R6_20251106_193319,2025-11-06 19:33:34,400,40,400,100.0
267,0.0,1.0,1.0,0.0198943391442298,1.0,0.0319077968597412,8509.286510789603,d400_B400_R6_20251106_193319,2025-11-06 19:33:34,400,40,400,100.0
268,0.0,1.0,1.0,0.0198943391442298,1.0,0.0811431407928466,8486.255620833528,d400_B400_R6_20251106_193319,2025-11-06 19:33:34,400,40,400,100.0
269,0.0,1.0,1.0,0.0198943391442298,1.0,0.05035400390625,8483.596949803179,d400_B400_R6_20251106_193319,2025-11-06 19:33:34,400,40,400,100.0
270,0.0,1.0,1.0,0.0198943391442298,1.0,0.0628142356872558,8473.052599552637,d400_B400_R6_20251106_193319,2025-11-06 19:33:34,400,40,400,100.0
271,0.0,1.0,1.0,0.0198943391442298,1.0,0.0532808303833007,8468.91118102527,d400_B400_R6_20251106_193319,2025-11-06 19:33:34,400,40,400,100.0
272,0.0,1.0,1.0,0.0198943391442298,1.0,0.031290054321289,8479.223410667662,d400_B400_R6_20251106_193319,2025-11-06 19:33:34,400,40,400,100.0
273,0.0,1.0,1.0,0.0198943391442298,1.0,0.0492269992828369,8477.68745564249,d400_B400_R6_20251106_193319,2025-11-06 19:33:34,400,40,400,100.0
274,0.0,1.0,1.0,0.0198943391442298,1.0,0.0342628955841064,8486.006213460503,d400_B400_R6_20251106_193319,2025-11-06 19:33:34,400,40,400,100.0
275,0.0,1.0,1.0,0.0198943391442298,1.0,0.0650720596313476,8474.17614716367,d400_B400_R6_20251106_193319,2025-11-06 19:33:34,400,40,400,100.0
276,0.0,1.0,1.0,0.0198943391442298,1.0,0.108461856842041,8434.532507021942,d400_B400_R6_20251106_193319,2025-11-06 19:33:34,400,40,400,100.0
277,0.0,1.0,1.0,0.0198943391442298,1.0,0.0292286872863769,8446.029455364127,d400_B400_R6_20251106_193319,2025-11-06 19:33:34,400,40,400,100.0
278,0.0,1.0,1.0,0.0198943391442298,1.0,0.0437068939208984,8448.218813631107,d400_B400_R6_20251106_193319,2025-11-06 19:33:34,400,40,400,100.0
279,0.0,1.0,1.0,0.0198943391442298,1.0,0.0421450138092041,8451.329998332445,d400_B400_R6_20251106_193319,2025-11-06 19:33:34,400,40,400,100.0
280,0.0,1.0,1.0,0.0198943391442298,1.0,0.064918041229248,8440.013690502341,d400_B400_R6_20251106_193319,2025-11-06 19:33:34,400,40,400,100.0
281,0.0,1.0,1.0,0.0198943391442298,1.0,0.0454251766204834,8441.131142549162,d400_B400_R6_20251106_193319,2025-11-06 19:33:34,400,40,400,100.0
282,0.0,1.0,1.0,0.0198943391442298,1.0,0.0638730525970459,8430.655821433642,d400_B400_R6_20251106_193319,2025-11-06 19:33:34,400,40,400,100.0
283,0.0,1.0,1.0,0.0198943391442298,1.0,0.0723640918731689,8414.95005297746,d400_B400_R6_20251106_193319,2025-11-06 19:33:34,400,40,400,100.0
284,0.0,1.0,1.0,0.0198943391442298,1.0,0.047203779220581,8415.045267214498,d400_B400_R6_20251106_193319,2025-11-06 19:33:34,400,40,400,100.0
285,0.0,1.0,1.0,0.0198943391442298,1.0,0.054840087890625,8410.403590311298,d400_B400_R6_20251106_193319,2025-11-06 19:33:34,400,40,400,100.0
286,0.0,1.0,1.0,0.0198943391442298,1.0,0.0546398162841796,8405.918040491675,d400_B400_R6_20251106_193319,2025-11-06 19:33:34,400,40,400,100.0
287,0.0,1.0,1.0,0.0198943391442298,1.0,0.0673227310180664,8393.70615642157,d400_B400_R6_20251106_193319,2025-11-06 19:33:34,400,40,400,100.0
288,0.0,1.0,1.0,0.0198943391442298,1.0,0.052469253540039,8390.633074937636,d400_B400_R6_20251106_193319,2025-11-06 19:33:34,400,40,400,100.0
289,0.0,1.0,1.0,0.0198943391442298,1.0,0.055394172668457,8385.635003231526,d400_B400_R6_20251106_193319,2025-11-06 19:33:34,400,40,400,100.0
290,0.0,1.0,1.0,0.0198943391442298,1.0,0.0589461326599121,8378.762665937535,d400_B400_R6_20251106_193319,2025-11-06 19:33:34,400,40,400,100.0
291,0.0,1.0,1.0,0.0198943391442298,1.0,0.0505759716033935,8376.979060455305,d400_B400_R6_20251106_193319,2025-11-06 19:33:34,400,40,400,100.0
292,0.0,1.0,1.0,0.0198943391442298,1.0,0.0736598968505859,8361.395510134627,d400_B400_R6_20251106_193319,2025-11-06 19:33:34,400,40,400,100.0
293,0.0,1.0,1.0,0.0198943391442298,1.0,0.0475060939788818,8361.480399780521,d400_B400_R6_20251106_193319,2025-11-06 19:33:34,400,40,400,100.0
294,0.0,1.0,1.0,0.0198943391442298,1.0,0.0406379699707031,8365.624934290694,d400_B400_R6_20251106_193319,2025-11-06 19:33:34,400,40,400,100.0
295,0.0,1.0,1.0,0.0198943391442298,1.0,0.0645220279693603,8355.648495254,d400_B400_R6_20251106_193319,2025-11-06 19:33:34,400,40,400,100.0
296,0.0,1.0,1.0,0.0198943391442298,1.0,0.0267097949981689,8367.98809398457,d400_B400_R6_20251106_193319,2025-11-06 19:33:34,400,40,400,100.0
297,0.0,1.0,1.0,0.0198943391442298,1.0,0.032477855682373,8376.856787880519,d400_B400_R6_20251106_193319,2025-11-06 19:33:34,400,40,400,100.0
298,0.0,1.0,1.0,0.0198943391442298,1.0,0.0453031063079834,8378.163316467515,d400_B400_R6_20251106_193319,2025-11-06 19:33:34,400,40,400,100.0
299,0.0,1.0,1.0,0.0198943391442298,1.0,0.0413999557495117,8381.763033218922,d400_B400_R6_20251106_193319,2025-11-06 19:33:34,400,40,400,100.0
0,0.6931473016738892,0.4950000047683716,1.0,0.0069068670272827,1.0,0.0529470443725585,11111.91649446299,d600_B600_R6_20251106_193319,2025-11-06 19:33:47,600,40,600,122.4744871391589
1,0.0,1.0,1.0,0.0069068670272827,1.0,0.0381660461425781,12984.054359434736,d600_B600_R6_20251106_193319,2025-11-06 19:33:47,600,40,600,122.4744871391589
2,0.0,1.0,1.0,0.0069068670272827,1.0,0.0385499000549316,13727.362185396509,d600_B600_R6_20251106_193319,2025-11-06 19:33:47,600,40,600,122.4744871391589
3,0.0,1.0,1.0,0.0069068670272827,1.0,0.0356628894805908,14376.609710534884,d600_B600_R6_20251106_193319,2025-11-06 19:33:47,600,40,600,122.4744871391589
4,0.0,1.0,1.0,0.0069068670272827,1.0,0.0355751514434814,14800.918432642,d600_B600_R6_20251106_193319,2025-11-06 19:33:47,600,40,600,122.4744871391589
5,0.0,1.0,1.0,0.0069068670272827,1.0,0.0345990657806396,15161.413613196291,d600_B600_R6_20251106_193319,2025-11-06 19:33:47,600,40,600,122.4744871391589
6,0.0,1.0,1.0,0.0069068670272827,1.0,0.0607049465179443,14078.602631255066,d600_B600_R6_20251106_193319,2025-11-06 19:33:47,600,40,600,122.4744871391589
7,0.0,1.0,1.0,0.0069068670272827,1.0,0.0378029346466064,14273.65295570222,d600_B600_R6_20251106_193319,2025-11-06 19:33:47,600,40,600,122.4744871391589
8,0.0,1.0,1.0,0.0069068670272827,1.0,0.036334753036499,14486.067390290747,d600_B600_R6_20251106_193319,2025-11-06 19:33:47,600,40,600,122.4744871391589
9,0.0,1.0,1.0,0.0069068670272827,1.0,0.0348820686340332,14712.442407628589,d600_B600_R6_20251106_193319,2025-11-06 19:33:47,600,40,600,122.4744871391589
10,0.0,1.0,1.0,0.0069068670272827,1.0,0.0408899784088134,14702.505369559536,d600_B600_R6_20251106_193319,2025-11-06 19:33:47,600,40,600,122.4744871391589
11,0.0,1.0,1.0,0.0069068670272827,1.0,0.043893814086914,14604.461570602843,d600_B600_R6_20251106_193319,2025-11-06 19:33:47,600,40,600,122.4744871391589
12,0.0,1.0,1.0,0.0069068670272827,1.0,0.0433018207550048,14539.433196437356,d600_B600_R6_20251106_193319,2025-11-06 19:33:47,600,40,600,122.4744871391589
13,0.0,1.0,1.0,0.0069068670272827,1.0,0.0374948978424072,14630.885934652151,d600_B600_R6_20251106_193319,2025-11-06 19:33:47,600,40,600,122.4744871391589
14,0.0,1.0,1.0,0.0069068670272827,1.0,0.0446982383728027,14540.398624412972,d600_B600_R6_20251106_193319,2025-11-06 19:33:47,600,40,600,122.4744871391589
15,0.0,1.0,1.0,0.0069068670272827,1.0,0.0378708839416503,14611.732840195027,d600_B600_R6_20251106_193319,2025-11-06 19:33:47,600,40,600,122.4744871391589
16,0.0,1.0,1.0,0.0069068670272827,1.0,0.0646312236785888,14131.943412636723,d600_B600_R6_20251106_193319,2025-11-06 19:33:47,600,40,600,122.4744871391589
17,0.0,1.0,1.0,0.0069068670272827,1.0,0.0768172740936279,13520.700258424156,d600_B600_R6_20251106_193319,2025-11-06 19:33:47,600,40,600,122.4744871391589
18,0.0,1.0,1.0,0.0069068670272827,1.0,0.1030580997467041,12637.70977472583,d600_B600_R6_20251106_193319,2025-11-06 19:33:47,600,40,600,122.4744871391589
19,0.0,1.0,1.0,0.0069068670272827,1.0,0.0564279556274414,12516.91033182031,d600_B600_R6_20251106_193319,2025-11-06 19:33:47,600,40,600,122.4744871391589
20,0.0,1.0,1.0,0.0069068670272827,1.0,0.0566670894622802,12404.980279293928,d600_B600_R6_20251106_193319,2025-11-06 19:33:47,600,40,600,122.4744871391589
21,0.0,1.0,1.0,0.0069068670272827,1.0,0.0537121295928955,12330.075397112616,d600_B600_R6_20251106_193319,2025-11-06 19:33:47,600,40,600,122.4744871391589
22,0.0,1.0,1.0,0.0069068670272827,1.0,0.052354097366333,12287.407854623174,d600_B600_R6_20251106_193319,2025-11-06 19:33:47,600,40,600,122.4744871391589
23,0.0,1.0,1.0,0.0069068670272827,1.0,0.0559391975402832,12211.667142479342,d600_B600_R6_20251106_193319,2025-11-06 19:33:47,600,40,600,122.4744871391589
24,0.0,1.0,1.0,0.0069068670272827,1.0,0.0899310111999511,11817.575110170095,d600_B600_R6_20251106_193319,2025-11-06 19:33:47,600,40,600,122.4744871391589
25,0.0,1.0,1.0,0.0069068670272827,1.0,0.069469928741455,11650.529116733307,d600_B600_R6_20251106_193319,2025-11-06 19:33:47,600,40,600,122.4744871391589
26,0.0,1.0,1.0,0.0069068670272827,1.0,0.061061143875122,11569.650572933975,d600_B600_R6_20251106_193319,2025-11-06 19:33:47,600,40,600,122.4744871391589
27,0.0,1.0,1.0,0.0069068670272827,1.0,0.0512988567352294,11572.701917837196,d600_B600_R6_20251106_193319,2025-11-06 19:33:47,600,40,600,122.4744871391589
28,0.0,1.0,1.0,0.0069068670272827,1.0,0.0535500049591064,11558.190710672778,d600_B600_R6_20251106_193319,2025-11-06 19:33:47,600,40,600,122.4744871391589
29,0.0,1.0,1.0,0.0069068670272827,1.0,0.0565869808197021,11521.974361756633,d600_B600_R6_20251106_193319,2025-11-06 19:33:47,600,40,600,122.4744871391589
30,0.0,1.0,1.0,0.0069068670272827,1.0,0.0579509735107421,11478.67461083268,d600_B600_R6_20251106_193319,2025-11-06 19:33:47,600,40,600,122.4744871391589
31,0.0,1.0,1.0,0.0069068670272827,1.0,0.0845518112182617,11260.085904841351,d600_B600_R6_20251106_193319,2025-11-06 19:33:47,600,40,600,122.4744871391589
32,0.0,1.0,1.0,0.0069068670272827,1.0,0.0896439552307128,11030.922977139257,d600_B600_R6_20251106_193319,2025-11-06 19:33:47,600,40,600,122.4744871391589
33,0.0,1.0,1.0,0.0069068670272827,1.0,0.1725010871887207,10366.932843652008,d600_B600_R6_20251106_193319,2025-11-06 19:33:47,600,40,600,122.4744871391589
34,0.0,1.0,1.0,0.0069068670272827,1.0,0.0720911026000976,10293.426107768477,d600_B600_R6_20251106_193319,2025-11-06 19:33:47,600,40,600,122.4744871391589
35,0.0,1.0,1.0,0.0069068670272827,1.0,0.0733871459960937,10218.1232265718,d600_B600_R6_20251106_193319,2025-11-06 19:33:47,600,40,600,122.4744871391589
36,0.0,1.0,1.0,0.0069068670272827,1.0,0.0762381553649902,10135.425810988208,d600_B600_R6_20251106_193319,2025-11-06 19:33:47,600,40,600,122.4744871391589
37,0.0,1.0,1.0,0.0069068670272827,1.0,0.0859668254852294,10015.268597971144,d600_B600_R6_20251106_193319,2025-11-06 19:33:47,600,40,600,122.4744871391589
38,0.0,1.0,1.0,0.0069068670272827,1.0,0.0639770030975341,9997.123869174367,d600_B600_R6_20251106_193319,2025-11-06 19:33:47,600,40,600,122.4744871391589
39,0.0,1.0,1.0,0.0069068670272827,1.0,0.0727989673614502,9943.133185518112,d600_B600_R6_20251106_193319,2025-11-06 19:33:47,600,40,600,122.4744871391589
40,0.0,1.0,1.0,0.0069068670272827,1.0,0.0762879848480224,9878.386786115056,d600_B600_R6_20251106_193319,2025-11-06 19:33:47,600,40,600,122.4744871391589
41,0.0,1.0,1.0,0.0069068670272827,1.0,0.0689098834991455,9846.041763333287,d600_B600_R6_20251106_193319,2025-11-06 19:33:47,600,40,600,122.4744871391589
42,0.0,1.0,1.0,0.0069068670272827,1.0,0.0829939842224121,9761.80399487504,d600_B600_R6_20251106_193319,2025-11-06 19:33:47,600,40,600,122.4744871391589
43,0.0,1.0,1.0,0.0069068670272827,1.0,0.0672378540039062,9739.774442492124,d600_B600_R6_20251106_193319,2025-11-06 19:33:47,600,40,600,122.4744871391589
44,0.0,1.0,1.0,0.0069068670272827,1.0,0.058229923248291,9750.910610560042,d600_B600_R6_20251106_193319,2025-11-06 19:33:47,600,40,600,122.4744871391589
45,0.0,1.0,1.0,0.0069068670272827,1.0,0.0789527893066406,9690.749031806505,d600_B600_R6_20251106_193319,2025-11-06 19:33:47,600,40,600,122.4744871391589
46,0.0,1.0,1.0,0.0069068670272827,1.0,0.0603778362274169,9694.782625231224,d600_B600_R6_20251106_193319,2025-11-06 19:33:47,600,40,600,122.4744871391589
47,0.0,1.0,1.0,0.0069068670272827,1.0,0.0879621505737304,9609.875718984778,d600_B600_R6_20251106_193319,2025-11-06 19:33:47,600,40,600,122.4744871391589
48,0.0,1.0,1.0,0.0069068670272827,1.0,0.0551979541778564,9631.85358946512,d600_B600_R6_20251106_193319,2025-11-06 19:33:47,600,40,600,122.4744871391589
49,0.0,1.0,1.0,0.0069068670272827,1.0,0.0689358711242675,9610.65903857756,d600_B600_R6_20251106_193319,2025-11-06 19:33:47,600,40,600,122.4744871391589
50,0.0,1.0,1.0,0.0069068670272827,1.0,0.0721559524536132,9580.925355037984,d600_B600_R6_20251106_193319,2025-11-06 19:33:47,600,40,600,122.4744871391589
51,0.0,1.0,1.0,0.0069068670272827,1.0,0.17295503616333,9266.304655001164,d600_B600_R6_20251106_193319,2025-11-06 19:33:47,600,40,600,122.4744871391589
52,0.0,1.0,1.0,0.0069068670272827,1.0,0.0641427040100097,9267.219693752542,d600_B600_R6_20251106_193319,2025-11-06 19:33:47,600,40,600,122.4744871391589
53,0.0,1.0,1.0,0.0069068670272827,1.0,0.0847790241241455,9213.929215398502,d600_B600_R6_20251106_193319,2025-11-06 19:33:47,600,40,600,122.4744871391589
54,0.0,1.0,1.0,0.0069068670272827,1.0,0.1236758232116699,9065.067511199037,d600_B600_R6_20251106_193319,2025-11-06 19:33:47,600,40,600,122.4744871391589
55,0.0,1.0,1.0,0.0069068670272827,1.0,0.0975170135498046,8988.494792132396,d600_B600_R6_20251106_193319,2025-11-06 19:33:47,600,40,600,122.4744871391589
56,0.0,1.0,1.0,0.0069068670272827,1.0,0.0755739212036132,8966.777978456133,d600_B600_R6_20251106_193319,2025-11-06 19:33:47,600,40,600,122.4744871391589
57,0.0,1.0,1.0,0.0069068670272827,1.0,0.099625825881958,8891.191273532497,d600_B600_R6_20251106_193319,2025-11-06 19:33:47,600,40,600,122.4744871391589
58,0.0,1.0,1.0,0.0069068670272827,1.0,0.1161189079284668,8783.434808128222,d600_B600_R6_20251106_193319,2025-11-06 19:33:47,600,40,600,122.4744871391589
59,0.0,1.0,1.0,0.0069068670272827,1.0,0.0689198970794677,8781.755994752406,d600_B600_R6_20251106_193319,2025-11-06 19:33:47,600,40,600,122.4744871391589
60,0.0,1.0,1.0,0.0069068670272827,1.0,0.0833740234375,8749.654608382041,d600_B600_R6_20251106_193319,2025-11-06 19:33:47,600,40,600,122.4744871391589
61,0.0,1.0,1.0,0.0069068670272827,1.0,0.0587849617004394,8769.518150081924,d600_B600_R6_20251106_193319,2025-11-06 19:33:47,600,40,600,122.4744871391589
62,0.0,1.0,1.0,0.0069068670272827,1.0,0.0858461856842041,8733.850165411606,d600_B600_R6_20251106_193319,2025-11-06 19:33:47,600,40,600,122.4744871391589
63,0.0,1.0,1.0,0.0069068670272827,1.0,0.1190121173858642,8634.669548512644,d600_B600_R6_20251106_193319,2025-11-06 19:33:47,600,40,600,122.4744871391589
64,0.0,1.0,1.0,0.0069068670272827,1.0,0.0803446769714355,8613.55519013785,d600_B600_R6_20251106_193319,2025-11-06 19:33:47,600,40,600,122.4744871391589
65,0.0,1.0,1.0,0.0069068670272827,1.0,0.0647230148315429,8621.070373127852,d600_B600_R6_20251106_193319,2025-11-06 19:33:47,600,40,600,122.4744871391589
66,0.0,1.0,1.0,0.0069068670272827,1.0,0.0671608448028564,8625.27878393769,d600_B600_R6_20251106_193319,2025-11-06 19:33:47,600,40,600,122.4744871391589
67,0.0,1.0,1.0,0.0069068670272827,1.0,0.0911250114440918,8585.746417759985,d600_B600_R6_20251106_193319,2025-11-06 19:33:47,600,40,600,122.4744871391589
68,0.0,1.0,1.0,0.0069068670272827,1.0,0.088411808013916,8552.563113897211,d600_B600_R6_20251106_193319,2025-11-06 19:33:47,600,40,600,122.4744871391589
69,0.0,1.0,1.0,0.0069068670272827,1.0,0.1175489425659179,8470.510169544581,d600_B600_R6_20251106_193319,2025-11-06 19:33:47,600,40,600,122.4744871391589
70,0.0,1.0,1.0,0.0069068670272827,1.0,0.0807938575744628,8453.377140656243,d600_B600_R6_20251106_193319,2025-11-06 19:33:47,600,40,600,122.4744871391589
71,0.0,1.0,1.0,0.0069068670272827,1.0,0.0917770862579345,8418.866810461266,d600_B600_R6_20251106_193319,2025-11-06 19:33:47,600,40,600,122.4744871391589
72,0.0,1.0,1.0,0.0069068670272827,1.0,0.0416381359100341,8466.878297319283,d600_B600_R6_20251106_193319,2025-11-06 19:33:47,600,40,600,122.4744871391589
73,0.0,1.0,1.0,0.0069068670272827,1.0,0.1027829647064209,8415.374957499955,d600_B600_R6_20251106_193319,2025-11-06 19:33:47,600,40,600,122.4744871391589
74,0.0,1.0,1.0,0.0069068670272827,1.0,0.0613279342651367,8430.859721877283,d600_B600_R6_20251106_193319,2025-11-06 19:33:47,600,40,600,122.4744871391589
75,0.0,1.0,1.0,0.0069068670272827,1.0,0.1003420352935791,8385.317130803227,d600_B600_R6_20251106_193319,2025-11-06 19:33:47,600,40,600,122.4744871391589
76,0.0,1.0,1.0,0.0069068670272827,1.0,0.1449270248413086,8274.76655580229,d600_B600_R6_20251106_193319,2025-11-06 19:33:47,600,40,600,122.4744871391589
77,0.0,1.0,1.0,0.0069068670272827,1.0,0.0867860317230224,8249.405625761903,d600_B600_R6_20251106_193319,2025-11-06 19:33:47,600,40,600,122.4744871391589
78,0.0,1.0,1.0,0.0069068670272827,1.0,0.0920422077178955,8221.37788897307,d600_B600_R6_20251106_193319,2025-11-06 19:33:47,600,40,600,122.4744871391589
79,0.0,1.0,1.0,0.0069068670272827,1.0,0.1144089698791503,8163.059933030392,d600_B600_R6_20251106_193319,2025-11-06 19:33:47,600,40,600,122.4744871391589
80,0.0,1.0,1.0,0.0069068670272827,1.0,0.0775108337402343,8156.241055743022,d600_B600_R6_20251106_193319,2025-11-06 19:33:47,600,40,600,122.4744871391589
81,0.0,1.0,1.0,0.0069068670272827,1.0,0.0791778564453125,8148.289439617278,d600_B600_R6_20251106_193319,2025-11-06 19:33:47,600,40,600,122.4744871391589
82,0.0,1.0,1.0,0.0069068670272827,1.0,0.0953006744384765,8119.293954222985,d600_B600_R6_20251106_193319,2025-11-06 19:33:47,600,40,600,122.4744871391589
83,0.0,1.0,1.0,0.0069068670272827,1.0,0.0885369777679443,8099.97037702563,d600_B600_R6_20251106_193319,2025-11-06 19:33:47,600,40,600,122.4744871391589
84,0.0,1.0,1.0,0.0069068670272827,1.0,0.0994188785552978,8067.2602357632195,d600_B600_R6_20251106_193319,2025-11-06 19:33:47,600,40,600,122.4744871391589
85,0.0,1.0,1.0,0.0069068670272827,1.0,0.0805799961090087,8059.189563698874,d600_B600_R6_20251106_193319,2025-11-06 19:33:47,600,40,600,122.4744871391589
86,0.0,1.0,1.0,0.0069068670272827,1.0,0.0908939838409423,8038.3364128713,d600_B600_R6_20251106_193319,2025-11-06 19:33:47,600,40,600,122.4744871391589
87,0.0,1.0,1.0,0.0069068670272827,1.0,0.0884251594543457,8021.204912488489,d600_B600_R6_20251106_193319,2025-11-06 19:33:47,600,40,600,122.4744871391589
88,0.0,1.0,1.0,0.0069068670272827,1.0,0.0748071670532226,8020.654324675237,d600_B600_R6_20251106_193319,2025-11-06 19:33:47,600,40,600,122.4744871391589
89,0.0,1.0,1.0,0.0069068670272827,1.0,0.1672661304473877,7911.802628532061,d600_B600_R6_20251106_193319,2025-11-06 19:33:47,600,40,600,122.4744871391589
90,0.0,1.0,1.0,0.0069068670272827,1.0,0.07830810546875,7908.498960953856,d600_B600_R6_20251106_193319,2025-11-06 19:33:47,600,40,600,122.4744871391589
91,0.0,1.0,1.0,0.0069068670272827,1.0,0.1376032829284668,7827.136052271243,d600_B600_R6_20251106_193319,2025-11-06 19:33:47,600,40,600,122.4744871391589
92,0.0,1.0,1.0,0.0069068670272827,1.0,0.0730576515197753,7830.781048948922,d600_B600_R6_20251106_193319,2025-11-06 19:33:47,600,40,600,122.4744871391589
93,0.0,1.0,1.0,0.0069068670272827,1.0,0.0760910511016845,7831.112490309956,d600_B600_R6_20251106_193319,2025-11-06 19:33:47,600,40,600,122.4744871391589
94,0.0,1.0,1.0,0.0069068670272827,1.0,0.0705227851867675,7837.36102492184,d600_B600_R6_20251106_193319,2025-11-06 19:33:47,600,40,600,122.4744871391589
95,0.0,1.0,1.0,0.0069068670272827,1.0,0.1017868518829345,7810.27856730901,d600_B600_R6_20251106_193319,2025-11-06 19:33:47,600,40,600,122.4744871391589
96,0.0,1.0,1.0,0.0069068670272827,1.0,0.0811977386474609,7805.45270402363,d600_B600_R6_20251106_193319,2025-11-06 19:33:47,600,40,600,122.4744871391589
97,0.0,1.0,1.0,0.0069068670272827,1.0,0.1074090003967285,7773.6974281512,d600_B600_R6_20251106_193319,2025-11-06 19:33:47,600,40,600,122.4744871391589
98,0.0,1.0,1.0,0.0069068670272827,1.0,0.1076760292053222,7742.61046494138,d600_B600_R6_20251106_193319,2025-11-06 19:33:47,600,40,600,122.4744871391589
99,0.0,1.0,1.0,0.0069068670272827,1.0,0.0634920597076416,7756.369515337553,d600_B600_R6_20251106_193319,2025-11-06 19:33:47,600,40,600,122.4744871391589
100,0.0,1.0,1.0,0.0069068670272827,1.0,0.0844569206237793,7748.821560954436,d600_B600_R6_20251106_193319,2025-11-06 19:33:47,600,40,600,122.4744871391589
101,0.0,1.0,1.0,0.0069068670272827,1.0,0.0850167274475097,7740.955167542556,d600_B600_R6_20251106_193319,2025-11-06 19:33:47,600,40,600,122.4744871391589
102,0.0,1.0,1.0,0.0069068670272827,1.0,0.0776879787445068,7740.5845484238225,d600_B600_R6_20251106_193319,2025-11-06 19:33:47,600,40,600,122.4744871391589
103,0.0,1.0,1.0,0.0069068670272827,1.0,0.0976889133453369,7721.033122984187,d600_B600_R6_20251106_193319,2025-11-06 19:33:47,600,40,600,122.4744871391589
104,0.0,1.0,1.0,0.0069068670272827,1.0,0.0929658412933349,7706.456900141972,d600_B600_R6_20251106_193319,2025-11-06 19:33:47,600,40,600,122.4744871391589
105,0.0,1.0,1.0,0.0069068670272827,1.0,0.091465950012207,7693.522884704503,d600_B600_R6_20251106_193319,2025-11-06 19:33:47,600,40,600,122.4744871391589
106,0.0,1.0,1.0,0.0069068670272827,1.0,0.0647139549255371,7705.615600194647,d600_B600_R6_20251106_193319,2025-11-06 19:33:47,600,40,600,122.4744871391589
107,0.0,1.0,1.0,0.0069068670272827,1.0,0.0800819396972656,7703.434789757353,d600_B600_R6_20251106_193319,2025-11-06 19:33:47,600,40,600,122.4744871391589
108,0.0,1.0,1.0,0.0069068670272827,1.0,0.0908927917480468,7691.443559901154,d600_B600_R6_20251106_193319,2025-11-06 19:33:47,600,40,600,122.4744871391589
109,0.0,1.0,1.0,0.0069068670272827,1.0,0.0668857097625732,7701.129992509299,d600_B600_R6_20251106_193319,2025-11-06 19:33:47,600,40,600,122.4744871391589
110,0.0,1.0,1.0,0.0069068670272827,1.0,0.0702052116394043,7707.864881943481,d600_B600_R6_20251106_193319,2025-11-06 19:33:47,600,40,600,122.4744871391589
111,0.0,1.0,1.0,0.0069068670272827,1.0,0.0530979633331298,7729.625029422419,d600_B600_R6_20251106_193319,2025-11-06 19:33:47,600,40,600,122.4744871391589
112,0.0,1.0,1.0,0.0069068670272827,1.0,0.0882272720336914,7720.066417145837,d600_B600_R6_20251106_193319,2025-11-06 19:33:47,600,40,600,122.4744871391589
113,0.0,1.0,1.0,0.0069068670272827,1.0,0.0857319831848144,7712.880716265368,d600_B600_R6_20251106_193319,2025-11-06 19:33:47,600,40,600,122.4744871391589
114,0.0,1.0,1.0,0.0069068670272827,1.0,0.0644617080688476,7724.057207995706,d600_B600_R6_20251106_193319,2025-11-06 19:33:47,600,40,600,122.4744871391589
115,0.0,1.0,1.0,0.0069068670272827,1.0,0.0932989120483398,7710.4964271508015,d600_B600_R6_20251106_193319,2025-11-06 19:33:47,600,40,600,122.4744871391589
116,0.0,1.0,1.0,0.0069068670272827,1.0,0.1893870830535888,7616.971859332882,d600_B600_R6_20251106_193319,2025-11-06 19:33:47,600,40,600,122.4744871391589
117,0.0,1.0,1.0,0.0069068670272827,1.0,0.142643928527832,7564.732935946109,d600_B600_R6_20251106_193319,2025-11-06 19:33:47,600,40,600,122.4744871391589
118,0.0,1.0,1.0,0.0069068670272827,1.0,0.1327440738677978,7521.916362297025,d600_B600_R6_20251106_193319,2025-11-06 19:33:47,600,40,600,122.4744871391589
119,0.0,1.0,1.0,0.0069068670272827,1.0,0.1447260379791259,7470.980650996544,d600_B600_R6_20251106_193319,2025-11-06 19:33:47,600,40,600,122.4744871391589
120,0.0,1.0,1.0,0.0069068670272827,1.0,0.112145185470581,7446.3807274839555,d600_B600_R6_20251106_193319,2025-11-06 19:33:47,600,40,600,122.4744871391589
121,0.0,1.0,1.0,0.0069068670272827,1.0,0.0583558082580566,7463.054825828661,d600_B600_R6_20251106_193319,2025-11-06 19:33:47,600,40,600,122.4744871391589
122,0.0,1.0,1.0,0.0069068670272827,1.0,0.1780989170074463,7389.892117809162,d600_B600_R6_20251106_193319,2025-11-06 19:33:47,600,40,600,122.4744871391589
123,0.0,1.0,1.0,0.0069068670272827,1.0,0.0744881629943847,7394.613165409805,d600_B600_R6_20251106_193319,2025-11-06 19:33:47,600,40,600,122.4744871391589
124,0.0,1.0,1.0,0.0069068670272827,1.0,0.1188259124755859,7366.99049489403,d600_B600_R6_20251106_193319,2025-11-06 19:33:47,600,40,600,122.4744871391589
125,0.0,1.0,1.0,0.0069068670272827,1.0,0.1407208442687988,7324.491192991906,d600_B600_R6_20251106_193319,2025-11-06 19:33:47,600,40,600,122.4744871391589
126,0.0,1.0,1.0,0.0069068670272827,1.0,0.097193956375122,7313.585589814224,d600_B600_R6_20251106_193319,2025-11-06 19:33:47,600,40,600,122.4744871391589
127,0.0,1.0,1.0,0.0069068670272827,1.0,0.0807929039001464,7313.9932554762045,d600_B600_R6_20251106_193319,2025-11-06 19:33:47,600,40,600,122.4744871391589
128,0.0,1.0,1.0,0.0069068670272827,1.0,0.0975871086120605,7303.133132150193,d600_B600_R6_20251106_193319,2025-11-06 19:33:47,600,40,600,122.4744871391589
129,0.0,1.0,1.0,0.0069068670272827,1.0,0.0910758972167968,7296.865730267899,d600_B600_R6_20251106_193319,2025-11-06 19:33:47,600,40,600,122.4744871391589
130,0.0,1.0,1.0,0.0069068670272827,1.0,0.0986831188201904,7285.604226244249,d600_B600_R6_20251106_193319,2025-11-06 19:33:47,600,40,600,122.4744871391589
131,0.0,1.0,1.0,0.0069068670272827,1.0,0.1299760341644287,7253.667177985078,d600_B600_R6_20251106_193319,2025-11-06 19:33:47,600,40,600,122.4744871391589
132,0.0,1.0,1.0,0.0069068670272827,1.0,0.0756490230560302,7258.157279989748,d600_B600_R6_20251106_193319,2025-11-06 19:33:47,600,40,600,122.4744871391589
133,0.0,1.0,1.0,0.0069068670272827,1.0,0.0815460681915283,7258.746230412676,d600_B600_R6_20251106_193319,2025-11-06 19:33:47,600,40,600,122.4744871391589
134,0.0,1.0,1.0,0.0069068670272827,1.0,0.1296701431274414,7228.182699344636,d600_B600_R6_20251106_193319,2025-11-06 19:33:47,600,40,600,122.4744871391589
135,0.0,1.0,1.0,0.0069068670272827,1.0,0.0848658084869384,7226.699898774953,d600_B600_R6_20251106_193319,2025-11-06 19:33:47,600,40,600,122.4744871391589
136,0.0,1.0,1.0,0.0069068670272827,1.0,0.0608770847320556,7240.612879827787,d600_B600_R6_20251106_193319,2025-11-06 19:33:47,600,40,600,122.4744871391589
137,0.0,1.0,1.0,0.0069068670272827,1.0,0.1350190639495849,7207.517204450613,d600_B600_R6_20251106_193319,2025-11-06 19:33:47,600,40,600,122.4744871391589
138,0.0,1.0,1.0,0.0069068670272827,1.0,0.0791499614715576,7209.790336165214,d600_B600_R6_20251106_193319,2025-11-06 19:33:47,600,40,600,122.4744871391589
139,0.0,1.0,1.0,0.0069068670272827,1.0,0.1349868774414062,7177.750390947534,d600_B600_R6_20251106_193319,2025-11-06 19:33:47,600,40,600,122.4744871391589
140,0.0,1.0,1.0,0.0069068670272827,1.0,0.1059620380401611,7164.003851429595,d600_B600_R6_20251106_193319,2025-11-06 19:33:47,600,40,600,122.4744871391589
141,0.0,1.0,1.0,0.0069068670272827,1.0,0.1272602081298828,7137.756260504882,d600_B600_R6_20251106_193319,2025-11-06 19:33:47,600,40,600,122.4744871391589
142,0.0,1.0,1.0,0.0069068670272827,1.0,0.1110661029815673,7121.631563594971,d600_B600_R6_20251106_193319,2025-11-06 19:33:47,600,40,600,122.4744871391589
143,0.0,1.0,1.0,0.0069068670272827,1.0,0.1103076934814453,7106.21333860905,d600_B600_R6_20251106_193319,2025-11-06 19:33:47,600,40,600,122.4744871391589
144,0.0,1.0,1.0,0.0069068670272827,1.0,0.0924499034881591,7101.42341811494,d600_B600_R6_20251106_193319,2025-11-06 19:33:47,600,40,600,122.4744871391589
145,0.0,1.0,1.0,0.0069068670272827,1.0,0.0991268157958984,7092.490225943883,d600_B600_R6_20251106_193319,2025-11-06 19:33:47,600,40,600,122.4744871391589
146,0.0,1.0,1.0,0.0069068670272827,1.0,0.1237239837646484,7065.712713532721,d600_B600_R6_20251106_193319,2025-11-06 19:33:47,600,40,600,122.4744871391589
147,0.0,1.0,1.0,0.0069068670272827,1.0,0.0639338493347168,7077.359066038551,d600_B600_R6_20251106_193319,2025-11-06 19:33:47,600,40,600,122.4744871391589
148,0.0,1.0,1.0,0.0069068670272827,1.0,0.1261649131774902,7054.025642647832,d600_B600_R6_20251106_193319,2025-11-06 19:33:47,600,40,600,122.4744871391589
149,0.0,1.0,1.0,0.0069068670272827,1.0,0.0852968692779541,7053.752044371921,d600_B600_R6_20251106_193319,2025-11-06 19:33:47,600,40,600,122.4744871391589
150,0.0,1.0,1.0,0.0069068670272827,1.0,0.1065759658813476,7041.809669975857,d600_B600_R6_20251106_193319,2025-11-06 19:33:47,600,40,600,122.4744871391589
151,0.0,1.0,1.0,0.0069068670272827,1.0,0.0680468082427978,7051.04228720958,d600_B600_R6_20251106_193319,2025-11-06 19:33:47,600,40,600,122.4744871391589
152,0.0,1.0,1.0,0.0069068670272827,1.0,0.0994210243225097,7043.175888889809,d600_B600_R6_20251106_193319,2025-11-06 19:33:47,600,40,600,122.4744871391589
153,0.0,1.0,1.0,0.0069068670272827,1.0,0.0962119102478027,7037.120226097951,d600_B600_R6_20251106_193319,2025-11-06 19:33:47,600,40,600,122.4744871391589
154,0.0,1.0,1.0,0.0069068670272827,1.0,0.12860107421875,7013.949220711712,d600_B600_R6_20251106_193319,2025-11-06 19:33:47,600,40,600,122.4744871391589
155,0.0,1.0,1.0,0.0069068670272827,1.0,0.1181039810180664,6996.744059674993,d600_B600_R6_20251106_193319,2025-11-06 19:33:47,600,40,600,122.4744871391589
156,0.0,1.0,1.0,0.0069068670272827,1.0,0.0870630741119384,6995.97149578094,d600_B600_R6_20251106_193319,2025-11-06 19:33:47,600,40,600,122.4744871391589
157,0.0,1.0,1.0,0.0069068670272827,1.0,0.0956687927246093,6990.706506483466,d600_B600_R6_20251106_193319,2025-11-06 19:33:47,600,40,600,122.4744871391589
158,0.0,1.0,1.0,0.0069068670272827,1.0,0.0850579738616943,6991.002778708719,d600_B600_R6_20251106_193319,2025-11-06 19:33:47,600,40,600,122.4744871391589
159,0.0,1.0,1.0,0.0069068670272827,1.0,0.0727050304412841,6997.51146720832,d600_B600_R6_20251106_193319,2025-11-06 19:33:47,600,40,600,122.4744871391589
160,0.0,1.0,1.0,0.0069068670272827,1.0,0.1438009738922119,6968.105218260282,d600_B600_R6_20251106_193319,2025-11-06 19:33:47,600,40,600,122.4744871391589
161,0.0,1.0,1.0,0.0069068670272827,1.0,0.0692620277404785,6976.346071754421,d600_B600_R6_20251106_193319,2025-11-06 19:33:47,600,40,600,122.4744871391589
162,0.0,1.0,1.0,0.0069068670272827,1.0,0.0945937633514404,6971.8964082174925,d600_B600_R6_20251106_193319,2025-11-06 19:33:47,600,40,600,122.4744871391589
163,0.0,1.0,1.0,0.0069068670272827,1.0,0.0899140834808349,6969.892830847466,d600_B600_R6_20251106_193319,2025-11-06 19:33:47,600,40,600,122.4744871391589
164,0.0,1.0,1.0,0.0069068670272827,1.0,0.1045620441436767,6960.685052911444,d600_B600_R6_20251106_193319,2025-11-06 19:33:47,600,40,600,122.4744871391589
165,0.0,1.0,1.0,0.0069068670272827,1.0,0.1240360736846923,6942.201444294355,d600_B600_R6_20251106_193319,2025-11-06 19:33:47,600,40,600,122.4744871391589
166,0.0,1.0,1.0,0.0069068670272827,1.0,0.1147558689117431,6928.509871697296,d600_B600_R6_20251106_193319,2025-11-06 19:33:47,600,40,600,122.4744871391589
167,0.0,1.0,1.0,0.0069068670272827,1.0,0.0653831958770752,6938.513589660258,d600_B600_R6_20251106_193319,2025-11-06 19:33:47,600,40,600,122.4744871391589
168,0.0,1.0,1.0,0.0069068670272827,1.0,0.0993978977203369,6932.285269491256,d600_B600_R6_20251106_193319,2025-11-06 19:33:47,600,40,600,122.4744871391589
169,0.0,1.0,1.0,0.0069068670272827,1.0,0.1196451187133789,6916.624459563698,d600_B600_R6_20251106_193319,2025-11-06 19:33:47,600,40,600,122.4744871391589
170,0.0,1.0,1.0,0.0069068670272827,1.0,0.0894463062286377,6915.232629562391,d600_B600_R6_20251106_193319,2025-11-06 19:33:47,600,40,600,122.4744871391589
171,0.0,1.0,1.0,0.0069068670272827,1.0,0.0826621055603027,6916.635613203289,d600_B600_R6_20251106_193319,2025-11-06 19:33:47,600,40,600,122.4744871391589
172,0.0,1.0,1.0,0.0069068670272827,1.0,0.0992918014526367,6910.788370394236,d600_B600_R6_20251106_193319,2025-11-06 19:33:47,600,40,600,122.4744871391589
173,0.0,1.0,1.0,0.0069068670272827,1.0,0.1258277893066406,6892.847105471601,d600_B600_R6_20251106_193319,2025-11-06 19:33:47,600,40,600,122.4744871391589
174,0.0,1.0,1.0,0.0069068670272827,1.0,0.1278331279754638,6874.332520285241,d600_B600_R6_20251106_193319,2025-11-06 19:33:47,600,40,600,122.4744871391589
175,0.0,1.0,1.0,0.0069068670272827,1.0,0.0880141258239746,6873.906188617662,d600_B600_R6_20251106_193319,2025-11-06 19:33:47,600,40,600,122.4744871391589
176,0.0,1.0,1.0,0.0069068670272827,1.0,0.0923917293548584,6871.190895386491,d600_B600_R6_20251106_193319,2025-11-06 19:33:47,600,40,600,122.4744871391589
177,0.0,1.0,1.0,0.0069068670272827,1.0,0.0916841030120849,6868.860308280112,d600_B600_R6_20251106_193319,2025-11-06 19:33:47,600,40,600,122.4744871391589
178,0.0,1.0,1.0,0.0069068670272827,1.0,0.047029972076416,6886.51221039449,d600_B600_R6_20251106_193319,2025-11-06 19:33:47,600,40,600,122.4744871391589
179,0.0,1.0,1.0,0.0069068670272827,1.0,0.0640771389007568,6896.581190855649,d600_B600_R6_20251106_193319,2025-11-06 19:33:47,600,40,600,122.4744871391589
180,0.0,1.0,1.0,0.0069068670272827,1.0,0.1129207611083984,6885.137748505276,d600_B600_R6_20251106_193319,2025-11-06 19:33:47,600,40,600,122.4744871391589
181,0.0,1.0,1.0,0.0069068670272827,1.0,0.1385598182678222,6862.7994173802135,d600_B600_R6_20251106_193319,2025-11-06 19:33:47,600,40,600,122.4744871391589
182,0.0,1.0,1.0,0.0069068670272827,1.0,0.1532599925994873,6834.545816868583,d600_B600_R6_20251106_193319,2025-11-06 19:33:47,600,40,600,122.4744871391589
183,0.0,1.0,1.0,0.0069068670272827,1.0,0.0833199024200439,6836.324836420245,d600_B600_R6_20251106_193319,2025-11-06 19:33:47,600,40,600,122.4744871391589
184,0.0,1.0,1.0,0.0069068670272827,1.0,0.0630097389221191,6846.699052110607,d600_B600_R6_20251106_193319,2025-11-06 19:33:47,600,40,600,122.4744871391589
185,0.0,1.0,1.0,0.0069068670272827,1.0,0.1372888088226318,6825.409630154523,d600_B600_R6_20251106_193319,2025-11-06 19:33:47,600,40,600,122.4744871391589
186,0.0,1.0,1.0,0.0069068670272827,1.0,0.0954077243804931,6822.120280735651,d600_B600_R6_20251106_193319,2025-11-06 19:33:47,600,40,600,122.4744871391589
187,0.0,1.0,1.0,0.0069068670272827,1.0,0.0661828517913818,6831.041612023482,d600_B600_R6_20251106_193319,2025-11-06 19:33:47,600,40,600,122.4744871391589
188,0.0,1.0,1.0,0.0069068670272827,1.0,0.0944888591766357,6828.131707636613,d600_B600_R6_20251106_193319,2025-11-06 19:33:47,600,40,600,122.4744871391589
189,0.0,1.0,1.0,0.0069068670272827,1.0,0.066979169845581,6836.571074047792,d600_B600_R6_20251106_193319,2025-11-06 19:33:47,600,40,600,122.4744871391589
190,0.0,1.0,1.0,0.0069068670272827,1.0,0.0972969532012939,6832.607939144564,d600_B600_R6_20251106_193319,2025-11-06 19:33:47,600,40,600,122.4744871391589
191,0.0,1.0,1.0,0.0069068670272827,1.0,0.0900328159332275,6831.651882427011,d600_B600_R6_20251106_193319,2025-11-06 19:33:47,600,40,600,122.4744871391589
192,0.0,1.0,1.0,0.0069068670272827,1.0,0.0896790027618408,6830.795241450058,d600_B600_R6_20251106_193319,2025-11-06 19:33:47,600,40,600,122.4744871391589
193,0.0,1.0,1.0,0.0069068670272827,1.0,0.0954608917236328,6827.649053147665,d600_B600_R6_20251106_193319,2025-11-06 19:33:47,600,40,600,122.4744871391589
194,0.0,1.0,1.0,0.0069068670272827,1.0,0.0798678398132324,6830.690404441218,d600_B600_R6_20251106_193319,2025-11-06 19:33:47,600,40,600,122.4744871391589
195,0.0,1.0,1.0,0.0069068670272827,1.0,0.0957129001617431,6827.457480109612,d600_B600_R6_20251106_193319,2025-11-06 19:33:47,600,40,600,122.4744871391589
196,0.0,1.0,1.0,0.0069068670272827,1.0,0.0810480117797851,6830.059591102439,d600_B600_R6_20251106_193319,2025-11-06 19:33:47,600,40,600,122.4744871391589
197,0.0,1.0,1.0,0.0069068670272827,1.0,0.0856871604919433,6830.796642184325,d600_B600_R6_20251106_193319,2025-11-06 19:33:47,600,40,600,122.4744871391589
198,0.0,1.0,1.0,0.0069068670272827,1.0,0.0974230766296386,6826.9486436957795,d600_B600_R6_20251106_193319,2025-11-06 19:33:47,600,40,600,122.4744871391589
199,0.0,1.0,1.0,0.0069068670272827,1.0,0.1206641197204589,6814.155655807025,d600_B600_R6_20251106_193319,2025-11-06 19:33:47,600,40,600,122.4744871391589
200,0.0,1.0,1.0,0.0069068670272827,1.0,0.0893020629882812,6813.61317807285,d600_B600_R6_20251106_193319,2025-11-06 19:33:47,600,40,600,122.4744871391589
201,0.0,1.0,1.0,0.0069068670272827,1.0,0.0728137493133544,6819.259786976022,d600_B600_R6_20251106_193319,2025-11-06 19:33:47,600,40,600,122.4744871391589
202,0.0,1.0,1.0,0.0069068670272827,1.0,0.0980739593505859,6815.330750629372,d600_B600_R6_20251106_193319,2025-11-06 19:33:47,600,40,600,122.4744871391589
203,0.0,1.0,1.0,0.0069068670272827,1.0,0.0869829654693603,6815.664637042288,d600_B600_R6_20251106_193319,2025-11-06 19:33:47,600,40,600,122.4744871391589
204,0.0,1.0,1.0,0.0069068670272827,1.0,0.1056489944458007,6808.944500833763,d600_B600_R6_20251106_193319,2025-11-06 19:33:47,600,40,600,122.4744871391589
205,0.0,1.0,1.0,0.0069068670272827,1.0,0.1004669666290283,6804.252726414442,d600_B600_R6_20251106_193319,2025-11-06 19:33:47,600,40,600,122.4744871391589
206,0.0,1.0,1.0,0.0069068670272827,1.0,0.0900218486785888,6803.492427503125,d600_B600_R6_20251106_193319,2025-11-06 19:33:47,600,40,600,122.4744871391589
207,0.0,1.0,1.0,0.0069068670272827,1.0,0.0817828178405761,6805.763011799713,d600_B600_R6_20251106_193319,2025-11-06 19:33:47,600,40,600,122.4744871391589
208,0.0,1.0,1.0,0.0069068670272827,1.0,0.0989949703216552,6801.699656370222,d600_B600_R6_20251106_193319,2025-11-06 19:33:47,600,40,600,122.4744871391589
209,0.0,1.0,1.0,0.0069068670272827,1.0,0.0708138942718505,6808.012927232736,d600_B600_R6_20251106_193319,2025-11-06 19:33:47,600,40,600,122.4744871391589
210,0.0,1.0,1.0,0.0069068670272827,1.0,0.1193950176239013,6796.499183765615,d600_B600_R6_20251106_193319,2025-11-06 19:33:47,600,40,600,122.4744871391589
211,0.0,1.0,1.0,0.0069068670272827,1.0,0.0784857273101806,6799.992821659012,d600_B600_R6_20251106_193319,2025-11-06 19:33:47,600,40,600,122.4744871391589
212,0.0,1.0,1.0,0.0069068670272827,1.0,0.0959470272064209,6797.137673294773,d600_B600_R6_20251106_193319,2025-11-06 19:33:47,600,40,600,122.4744871391589
213,0.0,1.0,1.0,0.0069068670272827,1.0,0.065270185470581,6805.35206441899,d600_B600_R6_20251106_193319,2025-11-06 19:33:47,600,40,600,122.4744871391589
214,0.0,1.0,1.0,0.0069068670272827,1.0,0.0879180431365966,6805.356309404795,d600_B600_R6_20251106_193319,2025-11-06 19:33:47,600,40,600,122.4744871391589
215,0.0,1.0,1.0,0.0069068670272827,1.0,0.1182880401611328,6794.528981067641,d600_B600_R6_20251106_193319,2025-11-06 19:33:47,600,40,600,122.4744871391589
216,0.0,1.0,1.0,0.0069068670272827,1.0,0.0689799785614013,6801.298241037827,d600_B600_R6_20251106_193319,2025-11-06 19:33:47,600,40,600,122.4744871391589
217,0.0,1.0,1.0,0.0069068670272827,1.0,0.0687787532806396,6808.091370880269,d600_B600_R6_20251106_193319,2025-11-06 19:33:47,600,40,600,122.4744871391589
218,0.0,1.0,1.0,0.0069068670272827,1.0,0.0984807014465332,6804.270318593851,d600_B600_R6_20251106_193319,2025-11-06 19:33:47,600,40,600,122.4744871391589
219,0.0,1.0,1.0,0.0069068670272827,1.0,0.0975022315979003,6800.9110905466405,d600_B600_R6_20251106_193319,2025-11-06 19:33:47,600,40,600,122.4744871391589
220,0.0,1.0,1.0,0.0069068670272827,1.0,0.0546131134033203,6812.58441351557,d600_B600_R6_20251106_193319,2025-11-06 19:33:47,600,40,600,122.4744871391589
221,0.0,1.0,1.0,0.0069068670272827,1.0,0.1442089080810547,6792.985236404592,d600_B600_R6_20251106_193319,2025-11-06 19:33:47,600,40,600,122.4744871391589
222,0.0,1.0,1.0,0.0069068670272827,1.0,0.0928082466125488,6791.37242659923,d600_B600_R6_20251106_193319,2025-11-06 19:33:47,600,40,600,122.4744871391589
223,0.0,1.0,1.0,0.0069068670272827,1.0,0.0897808074951171,6790.51644197002,d600_B600_R6_20251106_193319,2025-11-06 19:33:47,600,40,600,122.4744871391589
224,0.0,1.0,1.0,0.0069068670272827,1.0,0.0919418334960937,6789.205304493494,d600_B600_R6_20251106_193319,2025-11-06 19:33:47,600,40,600,122.4744871391589
225,0.0,1.0,1.0,0.0069068670272827,1.0,0.0839369297027587,6790.5017681824165,d600_B600_R6_20251106_193319,2025-11-06 19:33:47,600,40,600,122.4744871391589
226,0.0,1.0,1.0,0.0069068670272827,1.0,0.0922260284423828,6789.0916313123735,d600_B600_R6_20251106_193319,2025-11-06 19:33:47,600,40,600,122.4744871391589
227,0.0,1.0,1.0,0.0069068670272827,1.0,0.0732209682464599,6794.138595808667,d600_B600_R6_20251106_193319,2025-11-06 19:33:47,600,40,600,122.4744871391589
228,0.0,1.0,1.0,0.0069068670272827,1.0,0.0680620670318603,6800.814992241454,d600_B600_R6_20251106_193319,2025-11-06 19:33:47,600,40,600,122.4744871391589
229,0.0,1.0,1.0,0.0069068670272827,1.0,0.0711579322814941,6806.465511295821,d600_B600_R6_20251106_193319,2025-11-06 19:33:47,600,40,600,122.4744871391589
230,0.0,1.0,1.0,0.0069068670272827,1.0,0.0776319503784179,6809.8882208476125,d600_B600_R6_20251106_193319,2025-11-06 19:33:47,600,40,600,122.4744871391589
231,0.0,1.0,1.0,0.0069068670272827,1.0,0.0905380249023437,6808.617213218571,d600_B600_R6_20251106_193319,2025-11-06 19:33:47,600,40,600,122.4744871391589
232,0.0,1.0,1.0,0.0069068670272827,1.0,0.1022019386291503,6803.8136854746135,d600_B600_R6_20251106_193319,2025-11-06 19:33:47,600,40,600,122.4744871391589
233,0.0,1.0,1.0,0.0069068670272827,1.0,0.0876538753509521,6803.879184431935,d600_B600_R6_20251106_193319,2025-11-06 19:33:47,600,40,600,122.4744871391589
234,0.0,1.0,1.0,0.0069068670272827,1.0,0.0937299728393554,6801.960424180967,d600_B600_R6_20251106_193319,2025-11-06 19:33:47,600,40,600,122.4744871391589
235,0.0,1.0,1.0,0.0069068670272827,1.0,0.1330091953277588,6787.278562336325,d600_B600_R6_20251106_193319,2025-11-06 19:33:47,600,40,600,122.4744871391589
236,0.0,1.0,1.0,0.0069068670272827,1.0,0.0561048984527587,6797.672737189593,d600_B600_R6_20251106_193319,2025-11-06 19:33:47,600,40,600,122.4744871391589
237,0.0,1.0,1.0,0.0069068670272827,1.0,0.0954611301422119,6795.242964920998,d600_B600_R6_20251106_193319,2025-11-06 19:33:47,600,40,600,122.4744871391589
238,0.0,1.0,1.0,0.0069068670272827,1.0,0.1127409934997558,6787.308119436444,d600_B600_R6_20251106_193319,2025-11-06 19:33:47,600,40,600,122.4744871391589
239,0.0,1.0,1.0,0.0069068670272827,1.0,0.0940468311309814,6785.418111073846,d600_B600_R6_20251106_193319,2025-11-06 19:33:47,600,40,600,122.4744871391589
240,0.0,1.0,1.0,0.0069068670272827,1.0,0.0950169563293457,6783.223293654836,d600_B600_R6_20251106_193319,2025-11-06 19:33:47,600,40,600,122.4744871391589
241,0.0,1.0,1.0,0.0069068670272827,1.0,0.0929658412933349,6781.715458272312,d600_B600_R6_20251106_193319,2025-11-06 19:33:47,600,40,600,122.4744871391589
242,0.0,1.0,1.0,0.0069068670272827,1.0,0.0658071041107177,6788.8242630434825,d600_B600_R6_20251106_193319,2025-11-06 19:33:47,600,40,600,122.4744871391589
243,0.0,1.0,1.0,0.0069068670272827,1.0,0.1130671501159668,6781.0163379523165,d600_B600_R6_20251106_193319,2025-11-06 19:33:47,600,40,600,122.4744871391589
244,0.0,1.0,1.0,0.0069068670272827,1.0,0.094393253326416,6779.096395117739,d600_B600_R6_20251106_193319,2025-11-06 19:33:47,600,40,600,122.4744871391589
245,0.0,1.0,1.0,0.0069068670272827,1.0,0.0916340351104736,6778.076053523302,d600_B600_R6_20251106_193319,2025-11-06 19:33:47,600,40,600,122.4744871391589
246,0.0,1.0,1.0,0.0069068670272827,1.0,0.0552980899810791,6788.279454973531,d600_B600_R6_20251106_193319,2025-11-06 19:33:47,600,40,600,122.4744871391589
247,0.0,1.0,1.0,0.0069068670272827,1.0,0.0809206962585449,6790.502633848683,d600_B600_R6_20251106_193319,2025-11-06 19:33:47,600,40,600,122.4744871391589
248,0.0,1.0,1.0,0.0069068670272827,1.0,0.089181900024414,6790.134376453104,d600_B600_R6_20251106_193319,2025-11-06 19:33:47,600,40,600,122.4744871391589
249,0.0,1.0,1.0,0.0069068670272827,1.0,0.0966098308563232,6787.546799769324,d600_B600_R6_20251106_193319,2025-11-06 19:33:47,600,40,600,122.4744871391589
250,0.0,1.0,1.0,0.0069068670272827,1.0,0.0930643081665039,6786.041494127204,d600_B600_R6_20251106_193319,2025-11-06 19:33:47,600,40,600,122.4744871391589
251,0.0,1.0,1.0,0.0069068670272827,1.0,0.0902268886566162,6785.417134592945,d600_B600_R6_20251106_193319,2025-11-06 19:33:47,600,40,600,122.4744871391589
252,0.0,1.0,1.0,0.0069068670272827,1.0,0.0910358428955078,6784.55345686447,d600_B600_R6_20251106_193319,2025-11-06 19:33:47,600,40,600,122.4744871391589
253,0.0,1.0,1.0,0.0069068670272827,1.0,0.0953772068023681,6782.403048408329,d600_B600_R6_20251106_193319,2025-11-06 19:33:47,600,40,600,122.4744871391589
254,0.0,1.0,1.0,0.0069068670272827,1.0,0.0816679000854492,6784.32791140165,d600_B600_R6_20251106_193319,2025-11-06 19:33:47,600,40,600,122.4744871391589
255,0.0,1.0,1.0,0.0069068670272827,1.0,0.1252450942993164,6773.243561300913,d600_B600_R6_20251106_193319,2025-11-06 19:33:47,600,40,600,122.4744871391589
256,0.0,1.0,1.0,0.0069068670272827,1.0,0.0827770233154296,6774.903704090119,d600_B600_R6_20251106_193319,2025-11-06 19:33:47,600,40,600,122.4744871391589
257,0.0,1.0,1.0,0.0069068670272827,1.0,0.0831868648529052,6776.425182744692,d600_B600_R6_20251106_193319,2025-11-06 19:33:47,600,40,600,122.4744871391589
258,0.0,1.0,1.0,0.0069068670272827,1.0,0.0901648998260498,6775.894242153373,d600_B600_R6_20251106_193319,2025-11-06 19:33:47,600,40,600,122.4744871391589
259,0.0,1.0,1.0,0.0069068670272827,1.0,0.1061408519744873,6770.650830718897,d600_B600_R6_20251106_193319,2025-11-06 19:33:47,600,40,600,122.4744871391589
260,0.0,1.0,1.0,0.0069068670272827,1.0,0.0837419033050537,6772.0107942981485,d600_B600_R6_20251106_193319,2025-11-06 19:33:47,600,40,600,122.4744871391589
261,0.0,1.0,1.0,0.0069068670272827,1.0,0.0950028896331787,6770.081790159236,d600_B600_R6_20251106_193319,2025-11-06 19:33:47,600,40,600,122.4744871391589
262,0.0,1.0,1.0,0.0069068670272827,1.0,0.1049437522888183,6765.291277594877,d600_B600_R6_20251106_193319,2025-11-06 19:33:47,600,40,600,122.4744871391589
263,0.0,1.0,1.0,0.0069068670272827,1.0,0.0835058689117431,6766.720731628818,d600_B600_R6_20251106_193319,2025-11-06 19:33:47,600,40,600,122.4744871391589
264,0.0,1.0,1.0,0.0069068670272827,1.0,0.0853161811828613,6767.631740772965,d600_B600_R6_20251106_193319,2025-11-06 19:33:47,600,40,600,122.4744871391589
265,0.0,1.0,1.0,0.0069068670272827,1.0,0.0716967582702636,6772.443532536746,d600_B600_R6_20251106_193319,2025-11-06 19:33:47,600,40,600,122.4744871391589
266,0.0,1.0,1.0,0.0069068670272827,1.0,0.1104040145874023,6766.137887964452,d600_B600_R6_20251106_193319,2025-11-06 19:33:47,600,40,600,122.4744871391589
267,0.0,1.0,1.0,0.0069068670272827,1.0,0.1235980987548828,6756.155194368412,d600_B600_R6_20251106_193319,2025-11-06 19:33:47,600,40,600,122.4744871391589
268,0.0,1.0,1.0,0.0069068670272827,1.0,0.3144690990447998,6692.884514517799,d600_B600_R6_20251106_193319,2025-11-06 19:33:47,600,40,600,122.4744871391589
269,0.0,1.0,1.0,0.0069068670272827,1.0,0.0646960735321044,6699.66015168716,d600_B600_R6_20251106_193319,2025-11-06 19:33:47,600,40,600,122.4744871391589
270,0.0,1.0,1.0,0.0069068670272827,1.0,0.0893728733062744,6699.6471444681465,d600_B600_R6_20251106_193319,2025-11-06 19:33:47,600,40,600,122.4744871391589
271,0.0,1.0,1.0,0.0069068670272827,1.0,0.1083350181579589,6694.415643518959,d600_B600_R6_20251106_193319,2025-11-06 19:33:47,600,40,600,122.4744871391589
272,0.0,1.0,1.0,0.0069068670272827,1.0,0.0621266365051269,6701.885808274541,d600_B600_R6_20251106_193319,2025-11-06 19:33:47,600,40,600,122.4744871391589
273,0.0,1.0,1.0,0.0069068670272827,1.0,0.0962679386138916,6699.979355262526,d600_B600_R6_20251106_193319,2025-11-06 19:33:47,600,40,600,122.4744871391589
274,0.0,1.0,1.0,0.0069068670272827,1.0,0.0798542499542236,6702.482835145516,d600_B600_R6_20251106_193319,2025-11-06 19:33:47,600,40,600,122.4744871391589
275,0.0,1.0,1.0,0.0069068670272827,1.0,0.0972738265991211,6700.301671264187,d600_B600_R6_20251106_193319,2025-11-06 19:33:47,600,40,600,122.4744871391589
276,0.0,1.0,1.0,0.0069068670272827,1.0,0.1240022182464599,6690.935977418954,d600_B600_R6_20251106_193319,2025-11-06 19:33:47,600,40,600,122.4744871391589
277,0.0,1.0,1.0,0.0069068670272827,1.0,0.0694358348846435,6696.235294106386,d600_B600_R6_20251106_193319,2025-11-06 19:33:47,600,40,600,122.4744871391589
278,0.0,1.0,1.0,0.0069068670272827,1.0,0.1121537685394287,6690.149334964597,d600_B600_R6_20251106_193319,2025-11-06 19:33:47,600,40,600,122.4744871391589
279,0.0,1.0,1.0,0.0069068670272827,1.0,0.0971519947052002,6688.087410673789,d600_B600_R6_20251106_193319,2025-11-06 19:33:47,600,40,600,122.4744871391589
280,0.0,1.0,1.0,0.0069068670272827,1.0,0.0682413578033447,6693.731137310873,d600_B600_R6_20251106_193319,2025-11-06 19:33:47,600,40,600,122.4744871391589
281,0.0,1.0,1.0,0.0069068670272827,1.0,0.1148879528045654,6686.993251432308,d600_B600_R6_20251106_193319,2025-11-06 19:33:47,600,40,600,122.4744871391589
282,0.0,1.0,1.0,0.0069068670272827,1.0,0.1311378479003906,6676.062172482277,d600_B600_R6_20251106_193319,2025-11-06 19:33:47,600,40,600,122.4744871391589
283,0.0,1.0,1.0,0.0069068670272827,1.0,0.0834009647369384,6677.689317803452,d600_B600_R6_20251106_193319,2025-11-06 19:33:47,600,40,600,122.4744871391589
284,0.0,1.0,1.0,0.0069068670272827,1.0,0.0727660655975341,6682.031963607089,d600_B600_R6_20251106_193319,2025-11-06 19:33:47,600,40,600,122.4744871391589
285,0.0,1.0,1.0,0.0069068670272827,1.0,0.1084620952606201,6677.124121110692,d600_B600_R6_20251106_193319,2025-11-06 19:33:47,600,40,600,122.4744871391589
286,0.0,1.0,1.0,0.0069068670272827,1.0,0.0777730941772461,6680.201603849612,d600_B600_R6_20251106_193319,2025-11-06 19:33:47,600,40,600,122.4744871391589
287,0.0,1.0,1.0,0.0069068670272827,1.0,0.0975160598754882,6678.126910276149,d600_B600_R6_20251106_193319,2025-11-06 19:33:47,600,40,600,122.4744871391589
288,0.0,1.0,1.0,0.0069068670272827,1.0,0.0901811122894287,6677.98971378548,d600_B600_R6_20251106_193319,2025-11-06 19:33:47,600,40,600,122.4744871391589
289,0.0,1.0,1.0,0.0069068670272827,1.0,0.0972650051116943,6676.033026220042,d600_B600_R6_20251106_193319,2025-11-06 19:33:47,600,40,600,122.4744871391589
290,0.0,1.0,1.0,0.0069068670272827,1.0,0.0973961353302002,6674.045302969789,d600_B600_R6_20251106_193319,2025-11-06 19:33:47,600,40,600,122.4744871391589
291,0.0,1.0,1.0,0.0069068670272827,1.0,0.0629808902740478,6680.854585858227,d600_B600_R6_20251106_193319,2025-11-06 19:33:47,600,40,600,122.4744871391589
292,0.0,1.0,1.0,0.0069068670272827,1.0,0.0881681442260742,6681.200889535723,d600_B600_R6_20251106_193319,2025-11-06 19:33:47,600,40,600,122.4744871391589
293,0.0,1.0,1.0,0.0069068670272827,1.0,0.0860581398010253,6682.076136295111,d600_B600_R6_20251106_193319,2025-11-06 19:33:47,600,40,600,122.4744871391589
294,0.0,1.0,1.0,0.0069068670272827,1.0,0.112314224243164,6676.344247151279,d600_B600_R6_20251106_193319,2025-11-06 19:33:47,600,40,600,122.4744871391589
295,0.0,1.0,1.0,0.0069068670272827,1.0,0.0773589611053466,6679.427260403824,d600_B600_R6_20251106_193319,2025-11-06 19:33:47,600,40,600,122.4744871391589
296,0.0,1.0,1.0,0.0069068670272827,1.0,0.0975611209869384,6677.42851117572,d600_B600_R6_20251106_193319,2025-11-06 19:33:47,600,40,600,122.4744871391589
297,0.0,1.0,1.0,0.0069068670272827,1.0,0.0614998340606689,6684.455256398117,d600_B600_R6_20251106_193319,2025-11-06 19:33:47,600,40,600,122.4744871391589
298,0.0,1.0,1.0,0.0069068670272827,1.0,0.1151568889617919,6678.072510702506,d600_B600_R6_20251106_193319,2025-11-06 19:33:47,600,40,600,122.4744871391589
299,0.0,1.0,1.0,0.0069068670272827,1.0,0.0692081451416015,6683.15274186053,d600_B600_R6_20251106_193319,2025-11-06 19:33:47,600,40,600,122.4744871391589
0,0.6931473612785339,0.5137500166893005,1.0,0.0032836035825312,1.0,0.085386037826538,9315.526139717213,d800_B800_R7_20251106_193320,2025-11-06 19:34:00,800,40,800,141.4213562373095
1,0.0,1.0,1.0,0.0032836035825312,1.0,0.0631160736083984,10719.03295467614,d800_B800_R7_20251106_193320,2025-11-06 19:34:00,800,40,800,141.4213562373095
2,0.0,1.0,1.0,0.0032836035825312,1.0,0.0594820976257324,11487.100087183162,d800_B800_R7_20251106_193320,2025-11-06 19:34:00,800,40,800,141.4213562373095
3,0.0,1.0,1.0,0.0032836035825312,1.0,0.0768671035766601,11186.609846416965,d800_B800_R7_20251106_193320,2025-11-06 19:34:00,800,40,800,141.4213562373095
4,0.0,1.0,1.0,0.0032836035825312,1.0,0.1047837734222412,10219.460033026882,d800_B800_R7_20251106_193320,2025-11-06 19:34:00,800,40,800,141.4213562373095
5,0.0,1.0,1.0,0.0032836035825312,1.0,0.0804769992828369,10167.29079762037,d800_B800_R7_20251106_193320,2025-11-06 19:34:00,800,40,800,141.4213562373095
6,0.0,1.0,1.0,0.0032836035825312,1.0,0.0909352302551269,9941.128191237218,d800_B800_R7_20251106_193320,2025-11-06 19:34:00,800,40,800,141.4213562373095
7,0.0,1.0,1.0,0.0032836035825312,1.0,0.0747041702270507,10026.36451105892,d800_B800_R7_20251106_193320,2025-11-06 19:34:00,800,40,800,141.4213562373095
8,0.0,1.0,1.0,0.0032836035825312,1.0,0.0648491382598877,10237.43467060629,d800_B800_R7_20251106_193320,2025-11-06 19:34:00,800,40,800,141.4213562373095
9,0.0,1.0,1.0,0.0032836035825312,1.0,0.0674328804016113,10377.6251459789,d800_B800_R7_20251106_193320,2025-11-06 19:34:00,800,40,800,141.4213562373095
10,0.0,1.0,1.0,0.0032836035825312,1.0,0.0703072547912597,10459.578367897857,d800_B800_R7_20251106_193320,2025-11-06 19:34:00,800,40,800,141.4213562373095
11,0.0,1.0,1.0,0.0032836035825312,1.0,0.0751209259033203,10473.579009412491,d800_B800_R7_20251106_193320,2025-11-06 19:34:00,800,40,800,141.4213562373095
12,0.0,1.0,1.0,0.0032836035825312,1.0,0.0700891017913818,10538.492997653644,d800_B800_R7_20251106_193320,2025-11-06 19:34:00,800,40,800,141.4213562373095
13,0.0,1.0,1.0,0.0032836035825312,1.0,0.2231109142303466,9254.544125657629,d800_B800_R7_20251106_193320,2025-11-06 19:34:00,800,40,800,141.4213562373095
14,0.0,1.0,1.0,0.0032836035825312,1.0,0.1480450630187988,8832.45970947371,d800_B800_R7_20251106_193320,2025-11-06 19:34:00,800,40,800,141.4213562373095
15,0.0,1.0,1.0,0.0032836035825312,1.0,0.0841889381408691,8869.706419775115,d800_B800_R7_20251106_193320,2025-11-06 19:34:00,800,40,800,141.4213562373095
16,0.0,1.0,1.0,0.0032836035825312,1.0,0.0953097343444824,8839.151237449436,d800_B800_R7_20251106_193320,2025-11-06 19:34:00,800,40,800,141.4213562373095
17,0.0,1.0,1.0,0.0032836035825312,1.0,0.0865101814270019,8859.504182662104,d800_B800_R7_20251106_193320,2025-11-06 19:34:00,800,40,800,141.4213562373095
18,0.0,1.0,1.0,0.0032836035825312,1.0,0.1352009773254394,8632.640245118622,d800_B800_R7_20251106_193320,2025-11-06 19:34:00,800,40,800,141.4213562373095
19,0.0,1.0,1.0,0.0032836035825312,1.0,0.1322619915008545,8451.066664567821,d800_B800_R7_20251106_193320,2025-11-06 19:34:00,800,40,800,141.4213562373095
20,0.0,1.0,1.0,0.0032836035825312,1.0,0.1193110942840576,8346.730268196057,d800_B800_R7_20251106_193320,2025-11-06 19:34:00,800,40,800,141.4213562373095
21,0.0,1.0,1.0,0.0032836035825312,1.0,0.0818171501159668,8401.989122448991,d800_B800_R7_20251106_193320,2025-11-06 19:34:00,800,40,800,141.4213562373095
22,0.0,1.0,1.0,0.0032836035825312,1.0,0.1031460762023925,8370.724674621773,d800_B800_R7_20251106_193320,2025-11-06 19:34:00,800,40,800,141.4213562373095
23,0.0,1.0,1.0,0.0032836035825312,1.0,0.1088268756866455,8321.107350528913,d800_B800_R7_20251106_193320,2025-11-06 19:34:00,800,40,800,141.4213562373095
24,0.0,1.0,1.0,0.0032836035825312,1.0,0.0969018936157226,8317.664147189378,d800_B800_R7_20251106_193320,2025-11-06 19:34:00,800,40,800,141.4213562373095
25,0.0,1.0,1.0,0.0032836035825312,1.0,0.0941100120544433,8323.652298376544,d800_B800_R7_20251106_193320,2025-11-06 19:34:00,800,40,800,141.4213562373095
26,0.0,1.0,1.0,0.0032836035825312,1.0,0.1135900020599365,8267.353482260183,d800_B800_R7_20251106_193320,2025-11-06 19:34:00,800,40,800,141.4213562373095
27,0.0,1.0,1.0,0.0032836035825312,1.0,0.0876989364624023,8294.416019227367,d800_B800_R7_20251106_193320,2025-11-06 19:34:00,800,40,800,141.4213562373095
28,0.0,1.0,1.0,0.0032836035825312,1.0,0.129296064376831,8197.496789292052,d800_B800_R7_20251106_193320,2025-11-06 19:34:00,800,40,800,141.4213562373095
29,0.0,1.0,1.0,0.0032836035825312,1.0,0.1130778789520263,8152.694168244684,d800_B800_R7_20251106_193320,2025-11-06 19:34:00,800,40,800,141.4213562373095
30,0.0,1.0,1.0,0.0032836035825312,1.0,0.0898821353912353,8174.234738702649,d800_B800_R7_20251106_193320,2025-11-06 19:34:00,800,40,800,141.4213562373095
31,0.0,1.0,1.0,0.0032836035825312,1.0,0.0995402336120605,8168.797155905581,d800_B800_R7_20251106_193320,2025-11-06 19:34:00,800,40,800,141.4213562373095
32,0.0,1.0,1.0,0.0032836035825312,1.0,0.1184611320495605,8115.385710789777,d800_B800_R7_20251106_193320,2025-11-06 19:34:00,800,40,800,141.4213562373095
33,0.0,1.0,1.0,0.0032836035825312,1.0,0.0865979194641113,8144.068568183163,d800_B800_R7_20251106_193320,2025-11-06 19:34:00,800,40,800,141.4213562373095
34,0.0,1.0,1.0,0.0032836035825312,1.0,0.1825101375579834,7948.757808957203,d800_B800_R7_20251106_193320,2025-11-06 19:34:00,800,40,800,141.4213562373095
35,0.0,1.0,1.0,0.0032836035825312,1.0,0.1159558296203613,7914.871086151932,d800_B800_R7_20251106_193320,2025-11-06 19:34:00,800,40,800,141.4213562373095
36,0.0,1.0,1.0,0.0032836035825312,1.0,0.0748622417449951,7970.1308922774,d800_B800_R7_20251106_193320,2025-11-06 19:34:00,800,40,800,141.4213562373095
37,0.0,1.0,1.0,0.0032836035825312,1.0,0.086724042892456,7998.273318765338,d800_B800_R7_20251106_193320,2025-11-06 19:34:00,800,40,800,141.4213562373095
38,0.0,1.0,1.0,0.0032836035825312,1.0,0.1098079681396484,7977.740067502963,d800_B800_R7_20251106_193320,2025-11-06 19:34:00,800,40,800,141.4213562373095
39,0.0,1.0,1.0,0.0032836035825312,1.0,0.1383521556854248,7902.239482651841,d800_B800_R7_20251106_193320,2025-11-06 19:34:00,800,40,800,141.4213562373095
40,0.0,1.0,1.0,0.0032836035825312,1.0,0.1105649471282959,7884.039111543086,d800_B800_R7_20251106_193320,2025-11-06 19:34:00,800,40,800,141.4213562373095
41,0.0,1.0,1.0,0.0032836035825312,1.0,0.0990641117095947,7887.195949188565,d800_B800_R7_20251106_193320,2025-11-06 19:34:00,800,40,800,141.4213562373095
42,0.0,1.0,1.0,0.0032836035825312,1.0,0.1010150909423828,7887.53793666214,d800_B800_R7_20251106_193320,2025-11-06 19:34:00,800,40,800,141.4213562373095
43,0.0,1.0,1.0,0.0032836035825312,1.0,0.138153076171875,7822.717504894381,d800_B800_R7_20251106_193320,2025-11-06 19:34:00,800,40,800,141.4213562373095
44,0.0,1.0,1.0,0.0032836035825312,1.0,0.1765468120574951,7697.998723516915,d800_B800_R7_20251106_193320,2025-11-06 19:34:00,800,40,800,141.4213562373095
45,0.0,1.0,1.0,0.0032836035825312,1.0,0.1022231578826904,7700.352194816875,d800_B800_R7_20251106_193320,2025-11-06 19:34:00,800,40,800,141.4213562373095
46,0.0,1.0,1.0,0.0032836035825312,1.0,0.1607377529144287,7611.418965082205,d800_B800_R7_20251106_193320,2025-11-06 19:34:00,800,40,800,141.4213562373095
47,0.0,1.0,1.0,0.0032836035825312,1.0,0.0911769866943359,7632.210250423699,d800_B800_R7_20251106_193320,2025-11-06 19:34:00,800,40,800,141.4213562373095
48,0.0,1.0,1.0,0.0032836035825312,1.0,0.1064510345458984,7629.437688727018,d800_B800_R7_20251106_193320,2025-11-06 19:34:00,800,40,800,141.4213562373095
49,0.0,1.0,1.0,0.0032836035825312,1.0,0.1418299674987793,7575.652598600069,d800_B800_R7_20251106_193320,2025-11-06 19:34:00,800,40,800,141.4213562373095
50,0.0,1.0,1.0,0.0032836035825312,1.0,0.1242790222167968,7549.089652088098,d800_B800_R7_20251106_193320,2025-11-06 19:34:00,800,40,800,141.4213562373095
51,0.0,1.0,1.0,0.0032836035825312,1.0,0.1307981014251709,7514.897477148077,d800_B800_R7_20251106_193320,2025-11-06 19:34:00,800,40,800,141.4213562373095
52,0.0,1.0,1.0,0.0032836035825312,1.0,0.0953052043914794,7529.46895496612,d800_B800_R7_20251106_193320,2025-11-06 19:34:00,800,40,800,141.4213562373095
53,0.0,1.0,1.0,0.0032836035825312,1.0,0.1434261798858642,7480.739559446478,d800_B800_R7_20251106_193320,2025-11-06 19:34:00,800,40,800,141.4213562373095
54,0.0,1.0,1.0,0.0032836035825312,1.0,0.0920860767364502,7499.337268463529,d800_B800_R7_20251106_193320,2025-11-06 19:34:00,800,40,800,141.4213562373095
55,0.0,1.0,1.0,0.0032836035825312,1.0,0.1030189990997314,7503.606518570012,d800_B800_R7_20251106_193320,2025-11-06 19:34:00,800,40,800,141.4213562373095
56,0.0,1.0,1.0,0.0032836035825312,1.0,0.2540421485900879,7325.603492966745,d800_B800_R7_20251106_193320,2025-11-06 19:34:00,800,40,800,141.4213562373095
57,0.0,1.0,1.0,0.0032836035825312,1.0,0.2004821300506591,7219.363872537096,d800_B800_R7_20251106_193320,2025-11-06 19:34:00,800,40,800,141.4213562373095
58,0.0,1.0,1.0,0.0032836035825312,1.0,0.0925567150115966,7239.261442378545,d800_B800_R7_20251106_193320,2025-11-06 19:34:00,800,40,800,141.4213562373095
59,0.0,1.0,1.0,0.0032836035825312,1.0,0.1065719127655029,7243.145572241571,d800_B800_R7_20251106_193320,2025-11-06 19:34:00,800,40,800,141.4213562373095
60,0.0,1.0,1.0,0.0032836035825312,1.0,0.1566767692565918,7193.569993622219,d800_B800_R7_20251106_193320,2025-11-06 19:34:00,800,40,800,141.4213562373095
61,0.0,1.0,1.0,0.0032836035825312,1.0,0.1063599586486816,7198.392667045114,d800_B800_R7_20251106_193320,2025-11-06 19:34:00,800,40,800,141.4213562373095
62,0.0,1.0,1.0,0.0032836035825312,1.0,0.1369681358337402,7170.422867291686,d800_B800_R7_20251106_193320,2025-11-06 19:34:00,800,40,800,141.4213562373095
63,0.0,1.0,1.0,0.0032836035825312,1.0,0.1014888286590576,7180.35338708458,d800_B800_R7_20251106_193320,2025-11-06 19:34:00,800,40,800,141.4213562373095
64,0.0,1.0,1.0,0.0032836035825312,1.0,0.0944809913635253,7196.86310680153,d800_B800_R7_20251106_193320,2025-11-06 19:34:00,800,40,800,141.4213562373095
65,0.0,1.0,1.0,0.0032836035825312,1.0,0.1493160724639892,7159.373415313275,d800_B800_R7_20251106_193320,2025-11-06 19:34:00,800,40,800,141.4213562373095
66,0.0,1.0,1.0,0.0032836035825312,1.0,0.1033291816711425,7167.122528137964,d800_B800_R7_20251106_193320,2025-11-06 19:34:00,800,40,800,141.4213562373095
67,0.0,1.0,1.0,0.0032836035825312,1.0,0.1339409351348877,7145.770197969065,d800_B800_R7_20251106_193320,2025-11-06 19:34:00,800,40,800,141.4213562373095
68,0.0,1.0,1.0,0.0032836035825312,1.0,0.111232042312622,7146.115709652342,d800_B800_R7_20251106_193320,2025-11-06 19:34:00,800,40,800,141.4213562373095
69,0.0,1.0,1.0,0.0032836035825312,1.0,0.1251111030578613,7133.59620334463,d800_B800_R7_20251106_193320,2025-11-06 19:34:00,800,40,800,141.4213562373095
70,0.0,1.0,1.0,0.0032836035825312,1.0,0.0878541469573974,7155.161890341073,d800_B800_R7_20251106_193320,2025-11-06 19:34:00,800,40,800,141.4213562373095
71,0.0,1.0,1.0,0.0032836035825312,1.0,0.1660161018371582,7107.062491527721,d800_B800_R7_20251106_193320,2025-11-06 19:34:00,800,40,800,141.4213562373095
72,0.0,1.0,1.0,0.0032836035825312,1.0,0.1136229038238525,7105.93079082249,d800_B800_R7_20251106_193320,2025-11-06 19:34:00,800,40,800,141.4213562373095
73,0.0,1.0,1.0,0.0032836035825312,1.0,0.1119940280914306,7106.261707992371,d800_B800_R7_20251106_193320,2025-11-06 19:34:00,800,40,800,141.4213562373095
74,0.0,1.0,1.0,0.0032836035825312,1.0,0.297623872756958,6953.550861687087,d800_B800_R7_20251106_193320,2025-11-06 19:34:00,800,40,800,141.4213562373095
75,0.0,1.0,1.0,0.0032836035825312,1.0,0.226478099822998,6864.381004278272,d800_B800_R7_20251106_193320,2025-11-06 19:34:00,800,40,800,141.4213562373095
76,0.0,1.0,1.0,0.0032836035825312,1.0,0.1039130687713623,6873.885325103124,d800_B800_R7_20251106_193320,2025-11-06 19:34:00,800,40,800,141.4213562373095
77,0.0,1.0,1.0,0.0032836035825312,1.0,0.1146931648254394,6874.932152864804,d800_B800_R7_20251106_193320,2025-11-06 19:34:00,800,40,800,141.4213562373095
78,0.0,1.0,1.0,0.0032836035825312,1.0,0.1987802982330322,6813.447412734325,d800_B800_R7_20251106_193320,2025-11-06 19:34:00,800,40,800,141.4213562373095
79,0.0,1.0,1.0,0.0032836035825312,1.0,0.1593799591064453,6782.984951519813,d800_B800_R7_20251106_193320,2025-11-06 19:34:00,800,40,800,141.4213562373095
80,0.0,1.0,1.0,0.0032836035825312,1.0,0.1064848899841308,6790.889449412825,d800_B800_R7_20251106_193320,2025-11-06 19:34:00,800,40,800,141.4213562373095
81,0.0,1.0,1.0,0.0032836035825312,1.0,0.1750619411468505,6750.723406733879,d800_B800_R7_20251106_193320,2025-11-06 19:34:00,800,40,800,141.4213562373095
82,0.0,1.0,1.0,0.0032836035825312,1.0,0.1215529441833496,6748.415231470491,d800_B800_R7_20251106_193320,2025-11-06 19:34:00,800,40,800,141.4213562373095
83,0.0,1.0,1.0,0.0032836035825312,1.0,0.1299388408660888,6740.4625869081265,d800_B800_R7_20251106_193320,2025-11-06 19:34:00,800,40,800,141.4213562373095
84,0.0,1.0,1.0,0.0032836035825312,1.0,0.108983039855957,6746.773360616969,d800_B800_R7_20251106_193320,2025-11-06 19:34:00,800,40,800,141.4213562373095
85,0.0,1.0,1.0,0.0032836035825312,1.0,0.2191550731658935,6680.717522592164,d800_B800_R7_20251106_193320,2025-11-06 19:34:00,800,40,800,141.4213562373095
86,0.0,1.0,1.0,0.0032836035825312,1.0,0.117617130279541,6681.945587990883,d800_B800_R7_20251106_193320,2025-11-06 19:34:00,800,40,800,141.4213562373095
87,0.0,1.0,1.0,0.0032836035825312,1.0,0.1403079032897949,6668.800509367271,d800_B800_R7_20251106_193320,2025-11-06 19:34:00,800,40,800,141.4213562373095
88,0.0,1.0,1.0,0.0032836035825312,1.0,0.1398952007293701,6656.192985756833,d800_B800_R7_20251106_193320,2025-11-06 19:34:00,800,40,800,141.4213562373095
89,0.0,1.0,1.0,0.0032836035825312,1.0,0.137056827545166,6645.619622011786,d800_B800_R7_20251106_193320,2025-11-06 19:34:00,800,40,800,141.4213562373095
90,0.0,1.0,1.0,0.0032836035825312,1.0,0.1608266830444336,6621.087859525581,d800_B800_R7_20251106_193320,2025-11-06 19:34:00,800,40,800,141.4213562373095
91,0.0,1.0,1.0,0.0032836035825312,1.0,0.1447000503540039,6606.77002394183,d800_B800_R7_20251106_193320,2025-11-06 19:34:00,800,40,800,141.4213562373095
92,0.0,1.0,1.0,0.0032836035825312,1.0,0.0883128643035888,6625.895257819903,d800_B800_R7_20251106_193320,2025-11-06 19:34:00,800,40,800,141.4213562373095
93,0.0,1.0,1.0,0.0032836035825312,1.0,0.1288127899169922,6621.085602097879,d800_B800_R7_20251106_193320,2025-11-06 19:34:00,800,40,800,141.4213562373095
94,0.0,1.0,1.0,0.0032836035825312,1.0,0.1314349174499511,6614.855547918358,d800_B800_R7_20251106_193320,2025-11-06 19:34:00,800,40,800,141.4213562373095
95,0.0,1.0,1.0,0.0032836035825312,1.0,0.1976490020751953,6571.30677863939,d800_B800_R7_20251106_193320,2025-11-06 19:34:00,800,40,800,141.4213562373095
96,0.0,1.0,1.0,0.0032836035825312,1.0,0.1078550815582275,6578.888663042232,d800_B800_R7_20251106_193320,2025-11-06 19:34:00,800,40,800,141.4213562373095
97,0.0,1.0,1.0,0.0032836035825312,1.0,0.0996367931365966,6590.895911732985,d800_B800_R7_20251106_193320,2025-11-06 19:34:00,800,40,800,141.4213562373095
98,0.0,1.0,1.0,0.0032836035825312,1.0,0.171360969543457,6563.412747491129,d800_B800_R7_20251106_193320,2025-11-06 19:34:00,800,40,800,141.4213562373095
99,0.0,1.0,1.0,0.0032836035825312,1.0,0.1248037815093994,6561.716792408797,d800_B800_R7_20251106_193320,2025-11-06 19:34:00,800,40,800,141.4213562373095
100,0.0,1.0,1.0,0.0032836035825312,1.0,0.1784021854400634,6531.640591994859,d800_B800_R7_20251106_193320,2025-11-06 19:34:00,800,40,800,141.4213562373095
101,0.0,1.0,1.0,0.0032836035825312,1.0,0.1276929378509521,6527.144094168712,d800_B800_R7_20251106_193320,2025-11-06 19:34:00,800,40,800,141.4213562373095
102,0.0,1.0,1.0,0.0032836035825312,1.0,0.0859918594360351,6545.990980599387,d800_B800_R7_20251106_193320,2025-11-06 19:34:00,800,40,800,141.4213562373095
103,0.0,1.0,1.0,0.0032836035825312,1.0,0.099215030670166,6557.75993117028,d800_B800_R7_20251106_193320,2025-11-06 19:34:00,800,40,800,141.4213562373095
104,0.0,1.0,1.0,0.0032836035825312,1.0,0.1766600608825683,6529.6323867464835,d800_B800_R7_20251106_193320,2025-11-06 19:34:00,800,40,800,141.4213562373095
105,0.0,1.0,1.0,0.0032836035825312,1.0,0.1489357948303222,6516.232876766287,d800_B800_R7_20251106_193320,2025-11-06 19:34:00,800,40,800,141.4213562373095
106,0.0,1.0,1.0,0.0032836035825312,1.0,0.0862751007080078,6534.171502654391,d800_B800_R7_20251106_193320,2025-11-06 19:34:00,800,40,800,141.4213562373095
107,0.0,1.0,1.0,0.0032836035825312,1.0,0.1124329566955566,6539.023544935991,d800_B800_R7_20251106_193320,2025-11-06 19:34:00,800,40,800,141.4213562373095
108,0.0,1.0,1.0,0.0032836035825312,1.0,0.1313540935516357,6534.456786163328,d800_B800_R7_20251106_193320,2025-11-06 19:34:00,800,40,800,141.4213562373095
109,0.0,1.0,1.0,0.0032836035825312,1.0,0.09722900390625,6546.522618560435,d800_B800_R7_20251106_193320,2025-11-06 19:34:00,800,40,800,141.4213562373095
110,0.0,1.0,1.0,0.0032836035825312,1.0,0.1189720630645752,6547.942329882656,d800_B800_R7_20251106_193320,2025-11-06 19:34:00,800,40,800,141.4213562373095
111,0.0,1.0,1.0,0.0032836035825312,1.0,0.1454572677612304,6536.7353959457205,d800_B800_R7_20251106_193320,2025-11-06 19:34:00,800,40,800,141.4213562373095
112,0.0,1.0,1.0,0.0032836035825312,1.0,0.0964648723602294,6548.828736364504,d800_B800_R7_20251106_193320,2025-11-06 19:34:00,800,40,800,141.4213562373095
113,0.0,1.0,1.0,0.0032836035825312,1.0,0.1347949504852295,6542.758400031965,d800_B800_R7_20251106_193320,2025-11-06 19:34:00,800,40,800,141.4213562373095
114,0.0,1.0,1.0,0.0032836035825312,1.0,0.1390619277954101,6534.847827971907,d800_B800_R7_20251106_193320,2025-11-06 19:34:00,800,40,800,141.4213562373095
115,0.0,1.0,1.0,0.0032836035825312,1.0,0.1553537845611572,6519.659503587424,d800_B800_R7_20251106_193320,2025-11-06 19:34:00,800,40,800,141.4213562373095
116,0.0,1.0,1.0,0.0032836035825312,1.0,0.1282360553741455,6516.889083564737,d800_B800_R7_20251106_193320,2025-11-06 19:34:00,800,40,800,141.4213562373095
117,0.0,1.0,1.0,0.0032836035825312,1.0,0.1770598888397216,6492.4573559251085,d800_B800_R7_20251106_193320,2025-11-06 19:34:00,800,40,800,141.4213562373095
118,0.0,1.0,1.0,0.0032836035825312,1.0,0.1202220916748046,6493.709365196718,d800_B800_R7_20251106_193320,2025-11-06 19:34:00,800,40,800,141.4213562373095
119,0.0,1.0,1.0,0.0032836035825312,1.0,0.1261000633239746,6492.146403039936,d800_B800_R7_20251106_193320,2025-11-06 19:34:00,800,40,800,141.4213562373095
120,0.0,1.0,1.0,0.0032836035825312,1.0,0.0967888832092285,6503.502184849985,d800_B800_R7_20251106_193320,2025-11-06 19:34:00,800,40,800,141.4213562373095
121,0.0,1.0,1.0,0.0032836035825312,1.0,0.1261110305786132,6502.063155155448,d800_B800_R7_20251106_193320,2025-11-06 19:34:00,800,40,800,141.4213562373095
122,0.0,1.0,1.0,0.0032836035825312,1.0,0.2178938388824463,6461.369227937013,d800_B800_R7_20251106_193320,2025-11-06 19:34:00,800,40,800,141.4213562373095
123,0.0,1.0,1.0,0.0032836035825312,1.0,0.125838041305542,6460.374038887768,d800_B800_R7_20251106_193320,2025-11-06 19:34:00,800,40,800,141.4213562373095
124,0.0,1.0,1.0,0.0032836035825312,1.0,0.1103796958923339,6465.869865316782,d800_B800_R7_20251106_193320,2025-11-06 19:34:00,800,40,800,141.4213562373095
125,0.0,1.0,1.0,0.0032836035825312,1.0,0.1126439571380615,6470.372585955993,d800_B800_R7_20251106_193320,2025-11-06 19:34:00,800,40,800,141.4213562373095
126,0.0,1.0,1.0,0.0032836035825312,1.0,0.1558728218078613,6457.012432370636,d800_B800_R7_20251106_193320,2025-11-06 19:34:00,800,40,800,141.4213562373095
127,0.0,1.0,1.0,0.0032836035825312,1.0,0.1221442222595214,6457.629472923517,d800_B800_R7_20251106_193320,2025-11-06 19:34:00,800,40,800,141.4213562373095
128,0.0,1.0,1.0,0.0032836035825312,1.0,0.2119269371032714,6422.121148979584,d800_B800_R7_20251106_193320,2025-11-06 19:34:00,800,40,800,141.4213562373095
129,0.0,1.0,1.0,0.0032836035825312,1.0,0.1618149280548095,6407.308140312017,d800_B800_R7_20251106_193320,2025-11-06 19:34:00,800,40,800,141.4213562373095
130,0.0,1.0,1.0,0.0032836035825312,1.0,0.1265459060668945,6406.565725141063,d800_B800_R7_20251106_193320,2025-11-06 19:34:00,800,40,800,141.4213562373095
131,0.0,1.0,1.0,0.0032836035825312,1.0,0.1259078979492187,6406.096185085374,d800_B800_R7_20251106_193320,2025-11-06 19:34:00,800,40,800,141.4213562373095
132,0.0,1.0,1.0,0.0032836035825312,1.0,0.1294138431549072,6404.29433937971,d800_B800_R7_20251106_193320,2025-11-06 19:34:00,800,40,800,141.4213562373095
133,0.0,1.0,1.0,0.0032836035825312,1.0,0.1138629913330078,6408.379879891779,d800_B800_R7_20251106_193320,2025-11-06 19:34:00,800,40,800,141.4213562373095
134,0.0,1.0,1.0,0.0032836035825312,1.0,0.1920697689056396,6382.817252597207,d800_B800_R7_20251106_193320,2025-11-06 19:34:00,800,40,800,141.4213562373095
135,0.0,1.0,1.0,0.0032836035825312,1.0,0.1077339649200439,6389.35453584813,d800_B800_R7_20251106_193320,2025-11-06 19:34:00,800,40,800,141.4213562373095
136,0.0,1.0,1.0,0.0032836035825312,1.0,0.1099510192871093,6394.87884095727,d800_B800_R7_20251106_193320,2025-11-06 19:34:00,800,40,800,141.4213562373095
137,0.0,1.0,1.0,0.0032836035825312,1.0,0.1028468608856201,6402.988756377184,d800_B800_R7_20251106_193320,2025-11-06 19:34:00,800,40,800,141.4213562373095
138,0.0,1.0,1.0,0.0032836035825312,1.0,0.1192240715026855,6404.999300321413,d800_B800_R7_20251106_193320,2025-11-06 19:34:00,800,40,800,141.4213562373095
139,0.0,1.0,1.0,0.0032836035825312,1.0,0.125460147857666,6404.70866194486,d800_B800_R7_20251106_193320,2025-11-06 19:34:00,800,40,800,141.4213562373095
140,0.0,1.0,1.0,0.0032836035825312,1.0,0.1394035816192627,6399.35690125784,d800_B800_R7_20251106_193320,2025-11-06 19:34:00,800,40,800,141.4213562373095
141,0.0,1.0,1.0,0.0032836035825312,1.0,0.1275818347930908,6397.6535001073225,d800_B800_R7_20251106_193320,2025-11-06 19:34:00,800,40,800,141.4213562373095
142,0.0,1.0,1.0,0.0032836035825312,1.0,0.1269257068634033,6396.900147934565,d800_B800_R7_20251106_193320,2025-11-06 19:34:00,800,40,800,141.4213562373095
143,0.0,1.0,1.0,0.0032836035825312,1.0,0.1024880409240722,6404.8715981728965,d800_B800_R7_20251106_193320,2025-11-06 19:34:00,800,40,800,141.4213562373095
144,0.0,1.0,1.0,0.0032836035825312,1.0,0.1160051822662353,6407.94830181606,d800_B800_R7_20251106_193320,2025-11-06 19:34:00,800,40,800,141.4213562373095
145,0.0,1.0,1.0,0.0032836035825312,1.0,0.1286089420318603,6406.554356467413,d800_B800_R7_20251106_193320,2025-11-06 19:34:00,800,40,800,141.4213562373095
146,0.0,1.0,1.0,0.0032836035825312,1.0,0.1357178688049316,6402.69340622731,d800_B800_R7_20251106_193320,2025-11-06 19:34:00,800,40,800,141.4213562373095
147,0.0,1.0,1.0,0.0032836035825312,1.0,0.2207880020141601,6369.583296703725,d800_B800_R7_20251106_193320,2025-11-06 19:34:00,800,40,800,141.4213562373095
148,0.0,1.0,1.0,0.0032836035825312,1.0,0.104651927947998,6376.579945350747,d800_B800_R7_20251106_193320,2025-11-06 19:34:00,800,40,800,141.4213562373095
149,0.0,1.0,1.0,0.0032836035825312,1.0,0.1335999965667724,6373.750278359648,d800_B800_R7_20251106_193320,2025-11-06 19:34:00,800,40,800,141.4213562373095
150,0.0,1.0,1.0,0.0032836035825312,1.0,0.1006281375885009,6382.048035993168,d800_B800_R7_20251106_193320,2025-11-06 19:34:00,800,40,800,141.4213562373095
151,0.0,1.0,1.0,0.0032836035825312,1.0,0.0912017822265625,6393.446081596954,d800_B800_R7_20251106_193320,2025-11-06 19:34:00,800,40,800,141.4213562373095
152,0.0,1.0,1.0,0.0032836035825312,1.0,0.1880602836608886,6372.389248101159,d800_B800_R7_20251106_193320,2025-11-06 19:34:00,800,40,800,141.4213562373095
153,0.0,1.0,1.0,0.0032836035825312,1.0,0.1338000297546386,6369.575508895661,d800_B800_R7_20251106_193320,2025-11-06 19:34:00,800,40,800,141.4213562373095
154,0.0,1.0,1.0,0.0032836035825312,1.0,0.1662211418151855,6355.383314420105,d800_B800_R7_20251106_193320,2025-11-06 19:34:00,800,40,800,141.4213562373095
155,0.0,1.0,1.0,0.0032836035825312,1.0,0.1512088775634765,6347.090306287473,d800_B800_R7_20251106_193320,2025-11-06 19:34:00,800,40,800,141.4213562373095
156,0.0,1.0,1.0,0.0032836035825312,1.0,0.0974128246307373,6356.076754678179,d800_B800_R7_20251106_193320,2025-11-06 19:34:00,800,40,800,141.4213562373095
157,0.0,1.0,1.0,0.0032836035825312,1.0,0.0994460582733154,6364.437060191082,d800_B800_R7_20251106_193320,2025-11-06 19:34:00,800,40,800,141.4213562373095
158,0.0,1.0,1.0,0.0032836035825312,1.0,0.1637911796569824,6352.235885886957,d800_B800_R7_20251106_193320,2025-11-06 19:34:00,800,40,800,141.4213562373095
159,0.0,1.0,1.0,0.0032836035825312,1.0,0.1294529438018798,6351.053341825207,d800_B800_R7_20251106_193320,2025-11-06 19:34:00,800,40,800,141.4213562373095
160,0.0,1.0,1.0,0.0032836035825312,1.0,0.1114282608032226,6355.481854490424,d800_B800_R7_20251106_193320,2025-11-06 19:34:00,800,40,800,141.4213562373095
161,0.0,1.0,1.0,0.0032836035825312,1.0,0.14040207862854,6350.830754682361,d800_B800_R7_20251106_193320,2025-11-06 19:34:00,800,40,800,141.4213562373095
162,0.0,1.0,1.0,0.0032836035825312,1.0,0.1225872039794921,6351.7742308796915,d800_B800_R7_20251106_193320,2025-11-06 19:34:00,800,40,800,141.4213562373095
163,0.0,1.0,1.0,0.0032836035825312,1.0,0.1213150024414062,6353.118877912767,d800_B800_R7_20251106_193320,2025-11-06 19:34:00,800,40,800,141.4213562373095
164,0.0,1.0,1.0,0.0032836035825312,1.0,0.1470799446105957,6346.562990082787,d800_B800_R7_20251106_193320,2025-11-06 19:34:00,800,40,800,141.4213562373095
165,0.0,1.0,1.0,0.0032836035825312,1.0,0.1233139038085937,6347.303018041187,d800_B800_R7_20251106_193320,2025-11-06 19:34:00,800,40,800,141.4213562373095
166,0.0,1.0,1.0,0.0032836035825312,1.0,0.1328940391540527,6345.178503413257,d800_B800_R7_20251106_193320,2025-11-06 19:34:00,800,40,800,141.4213562373095
167,0.0,1.0,1.0,0.0032836035825312,1.0,0.1339271068572998,6342.78505887899,d800_B800_R7_20251106_193320,2025-11-06 19:34:00,800,40,800,141.4213562373095
168,0.0,1.0,1.0,0.0032836035825312,1.0,0.1223001480102539,6343.851213835794,d800_B800_R7_20251106_193320,2025-11-06 19:34:00,800,40,800,141.4213562373095
169,0.0,1.0,1.0,0.0032836035825312,1.0,0.1301259994506836,6342.598705197769,d800_B800_R7_20251106_193320,2025-11-06 19:34:00,800,40,800,141.4213562373095
170,0.0,1.0,1.0,0.0032836035825312,1.0,0.1199700832366943,6344.301597542663,d800_B800_R7_20251106_193320,2025-11-06 19:34:00,800,40,800,141.4213562373095
171,0.0,1.0,1.0,0.0032836035825312,1.0,0.1280617713928222,6343.631655788257,d800_B800_R7_20251106_193320,2025-11-06 19:34:00,800,40,800,141.4213562373095
172,0.0,1.0,1.0,0.0032836035825312,1.0,0.1244359016418457,6344.025002264975,d800_B800_R7_20251106_193320,2025-11-06 19:34:00,800,40,800,141.4213562373095
173,0.0,1.0,1.0,0.0032836035825312,1.0,0.1144299507141113,6347.339191729304,d800_B800_R7_20251106_193320,2025-11-06 19:34:00,800,40,800,141.4213562373095
174,0.0,1.0,1.0,0.0032836035825312,1.0,0.1227121353149414,6348.2274727773365,d800_B800_R7_20251106_193320,2025-11-06 19:34:00,800,40,800,141.4213562373095
175,0.0,1.0,1.0,0.0032836035825312,1.0,0.1337008476257324,6345.941473772307,d800_B800_R7_20251106_193320,2025-11-06 19:34:00,800,40,800,141.4213562373095
176,0.0,1.0,1.0,0.0032836035825312,1.0,0.1350860595703125,6343.244492361551,d800_B800_R7_20251106_193320,2025-11-06 19:34:00,800,40,800,141.4213562373095
177,0.0,1.0,1.0,0.0032836035825312,1.0,0.1054661273956298,6349.033912761133,d800_B800_R7_20251106_193320,2025-11-06 19:34:00,800,40,800,141.4213562373095
178,0.0,1.0,1.0,0.0032836035825312,1.0,0.1462421417236328,6343.270017756001,d800_B800_R7_20251106_193320,2025-11-06 19:34:00,800,40,800,141.4213562373095
179,0.0,1.0,1.0,0.0032836035825312,1.0,0.1189413070678711,6345.207775270344,d800_B800_R7_20251106_193320,2025-11-06 19:34:00,800,40,800,141.4213562373095
180,0.0,1.0,1.0,0.0032836035825312,1.0,0.1413350105285644,6340.906355203428,d800_B800_R7_20251106_193320,2025-11-06 19:34:00,800,40,800,141.4213562373095
181,0.0,1.0,1.0,0.0032836035825312,1.0,0.1243681907653808,6341.295687841577,d800_B800_R7_20251106_193320,2025-11-06 19:34:00,800,40,800,141.4213562373095
182,0.0,1.0,1.0,0.0032836035825312,1.0,0.1233937740325927,6341.938283589503,d800_B800_R7_20251106_193320,2025-11-06 19:34:00,800,40,800,141.4213562373095
183,0.0,1.0,1.0,0.0032836035825312,1.0,0.2577748298645019,6306.1220606819015,d800_B800_R7_20251106_193320,2025-11-06 19:34:00,800,40,800,141.4213562373095
184,0.0,1.0,1.0,0.0032836035825312,1.0,0.1432361602783203,6301.614905773011,d800_B800_R7_20251106_193320,2025-11-06 19:34:00,800,40,800,141.4213562373095
185,0.0,1.0,1.0,0.0032836035825312,1.0,0.1044778823852539,6307.486107156869,d800_B800_R7_20251106_193320,2025-11-06 19:34:00,800,40,800,141.4213562373095
186,0.0,1.0,1.0,0.0032836035825312,1.0,0.1553819179534912,6299.833009232584,d800_B800_R7_20251106_193320,2025-11-06 19:34:00,800,40,800,141.4213562373095
187,0.0,1.0,1.0,0.0032836035825312,1.0,0.133495807647705,6298.055935491601,d800_B800_R7_20251106_193320,2025-11-06 19:34:00,800,40,800,141.4213562373095
188,0.0,1.0,1.0,0.0032836035825312,1.0,0.1093709468841552,6302.597404055866,d800_B800_R7_20251106_193320,2025-11-06 19:34:00,800,40,800,141.4213562373095
189,0.0,1.0,1.0,0.0032836035825312,1.0,0.1084012985229492,6307.37687738398,d800_B800_R7_20251106_193320,2025-11-06 19:34:00,800,40,800,141.4213562373095
190,0.0,1.0,1.0,0.0032836035825312,1.0,0.1267488002777099,6307.257020366471,d800_B800_R7_20251106_193320,2025-11-06 19:34:00,800,40,800,141.4213562373095
191,0.0,1.0,1.0,0.0032836035825312,1.0,0.1223049163818359,6308.306632861131,d800_B800_R7_20251106_193320,2025-11-06 19:34:00,800,40,800,141.4213562373095
192,0.0,1.0,1.0,0.0032836035825312,1.0,0.1121540069580078,6312.028470616655,d800_B800_R7_20251106_193320,2025-11-06 19:34:00,800,40,800,141.4213562373095
193,0.0,1.0,1.0,0.0032836035825312,1.0,0.1227219104766845,6313.011884840006,d800_B800_R7_20251106_193320,2025-11-06 19:34:00,800,40,800,141.4213562373095
194,0.0,1.0,1.0,0.0032836035825312,1.0,0.1423799991607666,6308.949747040891,d800_B800_R7_20251106_193320,2025-11-06 19:34:00,800,40,800,141.4213562373095
195,0.0,1.0,1.0,0.0032836035825312,1.0,0.1191048622131347,6310.85083843834,d800_B800_R7_20251106_193320,2025-11-06 19:34:00,800,40,800,141.4213562373095
196,0.0,1.0,1.0,0.0032836035825312,1.0,0.1115448474884033,6314.651747294485,d800_B800_R7_20251106_193320,2025-11-06 19:34:00,800,40,800,141.4213562373095
197,0.0,1.0,1.0,0.0032836035825312,1.0,0.1271460056304931,6314.486955039224,d800_B800_R7_20251106_193320,2025-11-06 19:34:00,800,40,800,141.4213562373095
198,0.0,1.0,1.0,0.0032836035825312,1.0,0.1138679981231689,6317.641293759471,d800_B800_R7_20251106_193320,2025-11-06 19:34:00,800,40,800,141.4213562373095
199,0.0,1.0,1.0,0.0032836035825312,1.0,0.0968568325042724,6325.035157036807,d800_B800_R7_20251106_193320,2025-11-06 19:34:00,800,40,800,141.4213562373095
200,0.0,1.0,1.0,0.0032836035825312,1.0,0.1167330741882324,6327.409141472859,d800_B800_R7_20251106_193320,2025-11-06 19:34:00,800,40,800,141.4213562373095
201,0.0,1.0,1.0,0.0032836035825312,1.0,0.1250081062316894,6326.860441542545,d800_B800_R7_20251106_193320,2025-11-06 19:34:00,800,40,800,141.4213562373095
202,0.0,1.0,1.0,0.0032836035825312,1.0,0.1265878677368164,6326.755947813111,d800_B800_R7_20251106_193320,2025-11-06 19:34:00,800,40,800,141.4213562373095
203,0.0,1.0,1.0,0.0032836035825312,1.0,0.1283421516418457,6326.222780650633,d800_B800_R7_20251106_193320,2025-11-06 19:34:00,800,40,800,141.4213562373095
204,0.0,1.0,1.0,0.0032836035825312,1.0,0.1029691696166992,6331.8355437866,d800_B800_R7_20251106_193320,2025-11-06 19:34:00,800,40,800,141.4213562373095
205,0.0,1.0,1.0,0.0032836035825312,1.0,0.1143097877502441,6334.709167406312,d800_B800_R7_20251106_193320,2025-11-06 19:34:00,800,40,800,141.4213562373095
206,0.0,1.0,1.0,0.0032836035825312,1.0,0.125666856765747,6334.7208812652425,d800_B800_R7_20251106_193320,2025-11-06 19:34:00,800,40,800,141.4213562373095
207,0.0,1.0,1.0,0.0032836035825312,1.0,0.2086348533630371,6314.8558044429565,d800_B800_R7_20251106_193320,2025-11-06 19:34:00,800,40,800,141.4213562373095
208,0.0,1.0,1.0,0.0032836035825312,1.0,0.0974719524383544,6321.760162683672,d800_B800_R7_20251106_193320,2025-11-06 19:34:00,800,40,800,141.4213562373095
209,0.0,1.0,1.0,0.0032836035825312,1.0,0.1212220191955566,6322.968602870246,d800_B800_R7_20251106_193320,2025-11-06 19:34:00,800,40,800,141.4213562373095
210,0.0,1.0,1.0,0.0032836035825312,1.0,0.1236560344696044,6323.570296706113,d800_B800_R7_20251106_193320,2025-11-06 19:34:00,800,40,800,141.4213562373095
211,0.0,1.0,1.0,0.0032836035825312,1.0,0.1158878803253173,6326.005988982895,d800_B800_R7_20251106_193320,2025-11-06 19:34:00,800,40,800,141.4213562373095
212,0.0,1.0,1.0,0.0032836035825312,1.0,0.1602170467376709,6318.034011385218,d800_B800_R7_20251106_193320,2025-11-06 19:34:00,800,40,800,141.4213562373095
213,0.0,1.0,1.0,0.0032836035825312,1.0,0.1329400539398193,6316.508964366407,d800_B800_R7_20251106_193320,2025-11-06 19:34:00,800,40,800,141.4213562373095
214,0.0,1.0,1.0,0.0032836035825312,1.0,0.0836501121520996,6326.453258967063,d800_B800_R7_20251106_193320,2025-11-06 19:34:00,800,40,800,141.4213562373095
215,0.0,1.0,1.0,0.0032836035825312,1.0,0.0954318046569824,6333.580191022736,d800_B800_R7_20251106_193320,2025-11-06 19:34:00,800,40,800,141.4213562373095
216,0.0,1.0,1.0,0.0032836035825312,1.0,0.0984070301055908,6339.991078592584,d800_B800_R7_20251106_193320,2025-11-06 19:34:00,800,40,800,141.4213562373095
217,0.0,1.0,1.0,0.0032836035825312,1.0,0.119946002960205,6341.381654129603,d800_B800_R7_20251106_193320,2025-11-06 19:34:00,800,40,800,141.4213562373095
218,0.0,1.0,1.0,0.0032836035825312,1.0,0.1328473091125488,6339.808492664029,d800_B800_R7_20251106_193320,2025-11-06 19:34:00,800,40,800,141.4213562373095
219,0.0,1.0,1.0,0.0032836035825312,1.0,0.1446919441223144,6335.508174227819,d800_B800_R7_20251106_193320,2025-11-06 19:34:00,800,40,800,141.4213562373095
220,0.0,1.0,1.0,0.0032836035825312,1.0,0.1265637874603271,6335.392935433167,d800_B800_R7_20251106_193320,2025-11-06 19:34:00,800,40,800,141.4213562373095
221,0.0,1.0,1.0,0.0032836035825312,1.0,0.1639051437377929,6326.849056229741,d800_B800_R7_20251106_193320,2025-11-06 19:34:00,800,40,800,141.4213562373095
222,0.0,1.0,1.0,0.0032836035825312,1.0,0.1318962574005127,6325.561448821232,d800_B800_R7_20251106_193320,2025-11-06 19:34:00,800,40,800,141.4213562373095
223,0.0,1.0,1.0,0.0032836035825312,1.0,0.142751932144165,6321.833007327671,d800_B800_R7_20251106_193320,2025-11-06 19:34:00,800,40,800,141.4213562373095
224,0.0,1.0,1.0,0.0032836035825312,1.0,0.1511807441711425,6316.313588949578,d800_B800_R7_20251106_193320,2025-11-06 19:34:00,800,40,800,141.4213562373095
225,0.0,1.0,1.0,0.0032836035825312,1.0,0.1017830371856689,6321.752122912982,d800_B800_R7_20251106_193320,2025-11-06 19:34:00,800,40,800,141.4213562373095
226,0.0,1.0,1.0,0.0032836035825312,1.0,0.1262629032135009,6321.7730792983275,d800_B800_R7_20251106_193320,2025-11-06 19:34:00,800,40,800,141.4213562373095
227,0.0,1.0,1.0,0.0032836035825312,1.0,0.110321044921875,6325.280855511747,d800_B800_R7_20251106_193320,2025-11-06 19:34:00,800,40,800,141.4213562373095
228,0.0,1.0,1.0,0.0032836035825312,1.0,0.1035821437835693,6330.245216810199,d800_B800_R7_20251106_193320,2025-11-06 19:34:00,800,40,800,141.4213562373095
229,0.0,1.0,1.0,0.0032836035825312,1.0,0.0955071449279785,6336.927813701178,d800_B800_R7_20251106_193320,2025-11-06 19:34:00,800,40,800,141.4213562373095
230,0.0,1.0,1.0,0.0032836035825312,1.0,0.1138141155242919,6339.58041357717,d800_B800_R7_20251106_193320,2025-11-06 19:34:00,800,40,800,141.4213562373095
231,0.0,1.0,1.0,0.0032836035825312,1.0,0.1463408470153808,6335.175177017195,d800_B800_R7_20251106_193320,2025-11-06 19:34:00,800,40,800,141.4213562373095
232,0.0,1.0,1.0,0.0032836035825312,1.0,0.123439073562622,6335.734148238712,d800_B800_R7_20251106_193320,2025-11-06 19:34:00,800,40,800,141.4213562373095
233,0.0,1.0,1.0,0.0032836035825312,1.0,0.1004149913787841,6341.114753291284,d800_B800_R7_20251106_193320,2025-11-06 19:34:00,800,40,800,141.4213562373095
234,0.0,1.0,1.0,0.0032836035825312,1.0,0.1510510444641113,6335.695516300443,d800_B800_R7_20251106_193320,2025-11-06 19:34:00,800,40,800,141.4213562373095
235,0.0,1.0,1.0,0.0032836035825312,1.0,0.3522899150848388,6287.956875226904,d800_B800_R7_20251106_193320,2025-11-06 19:34:00,800,40,800,141.4213562373095
236,0.0,1.0,1.0,0.0032836035825312,1.0,0.106036901473999,6292.313377478642,d800_B800_R7_20251106_193320,2025-11-06 19:34:00,800,40,800,141.4213562373095
237,0.0,1.0,1.0,0.0032836035825312,1.0,0.1377279758453369,6290.069839073647,d800_B800_R7_20251106_193320,2025-11-06 19:34:00,800,40,800,141.4213562373095
238,0.0,1.0,1.0,0.0032836035825312,1.0,0.1133780479431152,6292.87553382956,d800_B800_R7_20251106_193320,2025-11-06 19:34:00,800,40,800,141.4213562373095
239,0.0,1.0,1.0,0.0032836035825312,1.0,0.1613798141479492,6285.750797217819,d800_B800_R7_20251106_193320,2025-11-06 19:34:00,800,40,800,141.4213562373095
240,0.0,1.0,1.0,0.0032836035825312,1.0,0.1231439113616943,6286.542144548772,d800_B800_R7_20251106_193320,2025-11-06 19:34:00,800,40,800,141.4213562373095
241,0.0,1.0,1.0,0.0032836035825312,1.0,0.1346151828765869,6284.9427411312945,d800_B800_R7_20251106_193320,2025-11-06 19:34:00,800,40,800,141.4213562373095
242,0.0,1.0,1.0,0.0032836035825312,1.0,0.1291418075561523,6284.517911622229,d800_B800_R7_20251106_193320,2025-11-06 19:34:00,800,40,800,141.4213562373095
243,0.0,1.0,1.0,0.0032836035825312,1.0,0.1084182262420654,6288.2578474676075,d800_B800_R7_20251106_193320,2025-11-06 19:34:00,800,40,800,141.4213562373095
244,0.0,1.0,1.0,0.0032836035825312,1.0,0.1110842227935791,6291.481599268242,d800_B800_R7_20251106_193320,2025-11-06 19:34:00,800,40,800,141.4213562373095
245,0.0,1.0,1.0,0.0032836035825312,1.0,0.1333749294281005,6290.189044697446,d800_B800_R7_20251106_193320,2025-11-06 19:34:00,800,40,800,141.4213562373095
246,0.0,1.0,1.0,0.0032836035825312,1.0,0.1679611206054687,6281.982731890616,d800_B800_R7_20251106_193320,2025-11-06 19:34:00,800,40,800,141.4213562373095
247,0.0,1.0,1.0,0.0032836035825312,1.0,0.1836109161376953,6270.757411871754,d800_B800_R7_20251106_193320,2025-11-06 19:34:00,800,40,800,141.4213562373095
248,0.0,1.0,1.0,0.0032836035825312,1.0,0.1535098552703857,6265.584326597687,d800_B800_R7_20251106_193320,2025-11-06 19:34:00,800,40,800,141.4213562373095
249,0.0,1.0,1.0,0.0032836035825312,1.0,0.1795542240142822,6255.369819286978,d800_B800_R7_20251106_193320,2025-11-06 19:34:00,800,40,800,141.4213562373095
250,0.0,1.0,1.0,0.0032836035825312,1.0,0.1129820346832275,6258.223462092423,d800_B800_R7_20251106_193320,2025-11-06 19:34:00,800,40,800,141.4213562373095
251,0.0,1.0,1.0,0.0032836035825312,1.0,0.1297090053558349,6257.804562841229,d800_B800_R7_20251106_193320,2025-11-06 19:34:00,800,40,800,141.4213562373095
252,0.0,1.0,1.0,0.0032836035825312,1.0,0.1401140689849853,6255.373605004711,d800_B800_R7_20251106_193320,2025-11-06 19:34:00,800,40,800,141.4213562373095
253,0.0,1.0,1.0,0.0032836035825312,1.0,0.1254470348358154,6255.773003060716,d800_B800_R7_20251106_193320,2025-11-06 19:34:00,800,40,800,141.4213562373095
254,0.0,1.0,1.0,0.0032836035825312,1.0,0.1291370391845703,6255.487681769552,d800_B800_R7_20251106_193320,2025-11-06 19:34:00,800,40,800,141.4213562373095
255,0.0,1.0,1.0,0.0032836035825312,1.0,0.1553611755371093,6250.20293632113,d800_B800_R7_20251106_193320,2025-11-06 19:34:00,800,40,800,141.4213562373095
256,0.0,1.0,1.0,0.0032836035825312,1.0,0.1290807723999023,6249.949601359827,d800_B800_R7_20251106_193320,2025-11-06 19:34:00,800,40,800,141.4213562373095
257,0.0,1.0,1.0,0.0032836035825312,1.0,0.1261031627655029,6250.256408316307,d800_B800_R7_20251106_193320,2025-11-06 19:34:00,800,40,800,141.4213562373095
258,0.0,1.0,1.0,0.0032836035825312,1.0,0.155128002166748,6245.102719698127,d800_B800_R7_20251106_193320,2025-11-06 19:34:00,800,40,800,141.4213562373095
259,0.0,1.0,1.0,0.0032836035825312,1.0,0.1451458930969238,6241.853862908516,d800_B800_R7_20251106_193320,2025-11-06 19:34:00,800,40,800,141.4213562373095
260,0.0,1.0,1.0,0.0032836035825312,1.0,0.1048409938812255,6246.136733138994,d800_B800_R7_20251106_193320,2025-11-06 19:34:00,800,40,800,141.4213562373095
261,0.0,1.0,1.0,0.0032836035825312,1.0,0.1457588672637939,6242.772087373546,d800_B800_R7_20251106_193320,2025-11-06 19:34:00,800,40,800,141.4213562373095
262,0.0,1.0,1.0,0.0032836035825312,1.0,0.1520028114318847,6238.314617468275,d800_B800_R7_20251106_193320,2025-11-06 19:34:00,800,40,800,141.4213562373095
263,0.0,1.0,1.0,0.0032836035825312,1.0,0.1245279312133789,6238.949435793423,d800_B800_R7_20251106_193320,2025-11-06 19:34:00,800,40,800,141.4213562373095
264,0.0,1.0,1.0,0.0032836035825312,1.0,0.1718401908874511,6230.915411865009,d800_B800_R7_20251106_193320,2025-11-06 19:34:00,800,40,800,141.4213562373095
265,0.0,1.0,1.0,0.0032836035825312,1.0,0.1278080940246582,6230.978932490711,d800_B800_R7_20251106_193320,2025-11-06 19:34:00,800,40,800,141.4213562373095
266,0.0,1.0,1.0,0.0032836035825312,1.0,0.1891648769378662,6219.9068909994085,d800_B800_R7_20251106_193320,2025-11-06 19:34:00,800,40,800,141.4213562373095
267,0.0,1.0,1.0,0.0032836035825312,1.0,0.1183578968048095,6221.677564591626,d800_B800_R7_20251106_193320,2025-11-06 19:34:00,800,40,800,141.4213562373095
268,0.0,1.0,1.0,0.0032836035825312,1.0,0.147961139678955,6218.1527200954915,d800_B800_R7_20251106_193320,2025-11-06 19:34:00,800,40,800,141.4213562373095
269,0.0,1.0,1.0,0.0032836035825312,1.0,0.1814219951629638,6208.678492192089,d800_B800_R7_20251106_193320,2025-11-06 19:34:00,800,40,800,141.4213562373095
270,0.0,1.0,1.0,0.0032836035825312,1.0,0.1293649673461914,6208.5132978682,d800_B800_R7_20251106_193320,2025-11-06 19:34:00,800,40,800,141.4213562373095
271,0.0,1.0,1.0,0.0032836035825312,1.0,0.1533460617065429,6204.1387769322855,d800_B800_R7_20251106_193320,2025-11-06 19:34:00,800,40,800,141.4213562373095
272,0.0,1.0,1.0,0.0032836035825312,1.0,0.1318750381469726,6203.590071552349,d800_B800_R7_20251106_193320,2025-11-06 19:34:00,800,40,800,141.4213562373095
273,0.0,1.0,1.0,0.0032836035825312,1.0,0.1364920139312744,6202.229264133386,d800_B800_R7_20251106_193320,2025-11-06 19:34:00,800,40,800,141.4213562373095
274,0.0,1.0,1.0,0.0032836035825312,1.0,0.1126868724822998,6205.047080983337,d800_B800_R7_20251106_193320,2025-11-06 19:34:00,800,40,800,141.4213562373095
275,0.0,1.0,1.0,0.0032836035825312,1.0,0.107269287109375,6208.793631607876,d800_B800_R7_20251106_193320,2025-11-06 19:34:00,800,40,800,141.4213562373095
276,0.0,1.0,1.0,0.0032836035825312,1.0,0.1852188110351562,6198.9679299845875,d800_B800_R7_20251106_193320,2025-11-06 19:34:00,800,40,800,141.4213562373095
277,0.0,1.0,1.0,0.0032836035825312,1.0,0.1277220249176025,6199.153997590924,d800_B800_R7_20251106_193320,2025-11-06 19:34:00,800,40,800,141.4213562373095
278,0.0,1.0,1.0,0.0032836035825312,1.0,0.171091079711914,6191.878280079104,d800_B800_R7_20251106_193320,2025-11-06 19:34:00,800,40,800,141.4213562373095
279,0.0,1.0,1.0,0.0032836035825312,1.0,0.1311049461364746,6191.50991059689,d800_B800_R7_20251106_193320,2025-11-06 19:34:00,800,40,800,141.4213562373095
280,0.0,1.0,1.0,0.0032836035825312,1.0,0.1465640068054199,6188.478398072781,d800_B800_R7_20251106_193320,2025-11-06 19:34:00,800,40,800,141.4213562373095
281,0.0,1.0,1.0,0.0032836035825312,1.0,0.1048920154571533,6192.58102686488,d800_B800_R7_20251106_193320,2025-11-06 19:34:00,800,40,800,141.4213562373095
282,0.0,1.0,1.0,0.0032836035825312,1.0,0.1086049079895019,6196.040857011396,d800_B800_R7_20251106_193320,2025-11-06 19:34:00,800,40,800,141.4213562373095
283,0.0,1.0,1.0,0.0032836035825312,1.0,0.1574888229370117,6191.211377039358,d800_B800_R7_20251106_193320,2025-11-06 19:34:00,800,40,800,141.4213562373095
284,0.0,1.0,1.0,0.0032836035825312,1.0,0.1009101867675781,6195.940401834465,d800_B800_R7_20251106_193320,2025-11-06 19:34:00,800,40,800,141.4213562373095
285,0.0,1.0,1.0,0.0032836035825312,1.0,0.1146759986877441,6198.178132751544,d800_B800_R7_20251106_193320,2025-11-06 19:34:00,800,40,800,141.4213562373095
286,0.0,1.0,1.0,0.0032836035825312,1.0,0.1514990329742431,6194.388767907941,d800_B800_R7_20251106_193320,2025-11-06 19:34:00,800,40,800,141.4213562373095
287,0.0,1.0,1.0,0.0032836035825312,1.0,0.1276700496673584,6194.593965287818,d800_B800_R7_20251106_193320,2025-11-06 19:34:00,800,40,800,141.4213562373095
288,0.0,1.0,1.0,0.0032836035825312,1.0,0.1692070960998535,6187.914051696574,d800_B800_R7_20251106_193320,2025-11-06 19:34:00,800,40,800,141.4213562373095
289,0.0,1.0,1.0,0.0032836035825312,1.0,0.1489510536193847,6184.624541755828,d800_B800_R7_20251106_193320,2025-11-06 19:34:00,800,40,800,141.4213562373095
290,0.0,1.0,1.0,0.0032836035825312,1.0,0.0901389122009277,6190.867133859675,d800_B800_R7_20251106_193320,2025-11-06 19:34:00,800,40,800,141.4213562373095
291,0.0,1.0,1.0,0.0032836035825312,1.0,0.1395478248596191,6189.1265813743,d800_B800_R7_20251106_193320,2025-11-06 19:34:00,800,40,800,141.4213562373095
292,0.0,1.0,1.0,0.0032836035825312,1.0,0.1698229312896728,6182.462703689127,d800_B800_R7_20251106_193320,2025-11-06 19:34:00,800,40,800,141.4213562373095
293,0.0,1.0,1.0,0.0032836035825312,1.0,0.0983188152313232,6187.473805872331,d800_B800_R7_20251106_193320,2025-11-06 19:34:00,800,40,800,141.4213562373095
294,0.0,1.0,1.0,0.0032836035825312,1.0,0.1541640758514404,6183.398259523262,d800_B800_R7_20251106_193320,2025-11-06 19:34:00,800,40,800,141.4213562373095
295,0.0,1.0,1.0,0.0032836035825312,1.0,0.1588501930236816,6178.592129830093,d800_B800_R7_20251106_193320,2025-11-06 19:34:00,800,40,800,141.4213562373095
296,0.0,1.0,1.0,0.0032836035825312,1.0,0.1046490669250488,6182.553635371139,d800_B800_R7_20251106_193320,2025-11-06 19:34:00,800,40,800,141.4213562373095
297,0.0,1.0,1.0,0.0032836035825312,1.0,0.1978929042816162,6171.556595711215,d800_B800_R7_20251106_193320,2025-11-06 19:34:00,800,40,800,141.4213562373095
298,0.0,1.0,1.0,0.0032836035825312,1.0,0.129382848739624,6171.539428402621,d800_B800_R7_20251106_193320,2025-11-06 19:34:00,800,40,800,141.4213562373095
299,0.0,1.0,1.0,0.0032836035825312,1.0,0.1026170253753662,6175.78982535437,d800_B800_R7_20251106_193320,2025-11-06 19:34:00,800,40,800,141.4213562373095
0,0.6931473612785339,0.4909999966621399,1.0,0.0015177510213106,1.0,0.3528602123260498,2822.531238055246,d1000_B1000_R7_20251106_193320,2025-11-06 19:34:24,1000,40,1000,158.11388300841895
1,0.0,1.0,1.0,0.0015177510213106,1.0,0.1175870895385742,4234.9745783633125,d1000_B1000_R7_20251106_193320,2025-11-06 19:34:24,1000,40,1000,158.11388300841895
2,0.0,1.0,1.0,0.0015177510213106,1.0,0.1660647392272949,4697.586156303818,d1000_B1000_R7_20251106_193320,2025-11-06 19:34:24,1000,40,1000,158.11388300841895
3,0.0,1.0,1.0,0.0015177510213106,1.0,0.1394588947296142,5139.560381321859,d1000_B1000_R7_20251106_193320,2025-11-06 19:34:24,1000,40,1000,158.11388300841895
4,0.0,1.0,1.0,0.0015177510213106,1.0,0.1253471374511718,5529.965388142736,d1000_B1000_R7_20251106_193320,2025-11-06 19:34:24,1000,40,1000,158.11388300841895
5,0.0,1.0,1.0,0.0015177510213106,1.0,0.1766068935394287,5549.528443351457,d1000_B1000_R7_20251106_193320,2025-11-06 19:34:24,1000,40,1000,158.11388300841895
6,0.0,1.0,1.0,0.0015177510213106,1.0,0.1494557857513427,5686.747940063952,d1000_B1000_R7_20251106_193320,2025-11-06 19:34:24,1000,40,1000,158.11388300841895
7,0.0,1.0,1.0,0.0015177510213106,1.0,0.1388709545135498,5839.037519605176,d1000_B1000_R7_20251106_193320,2025-11-06 19:34:24,1000,40,1000,158.11388300841895
8,0.0,1.0,1.0,0.0015177510213106,1.0,0.2590410709381103,5523.82479801879,d1000_B1000_R7_20251106_193320,2025-11-06 19:34:24,1000,40,1000,158.11388300841895
9,0.0,1.0,1.0,0.0015177510213106,1.0,0.2457458972930908,5330.354447962596,d1000_B1000_R7_20251106_193320,2025-11-06 19:34:24,1000,40,1000,158.11388300841895
10,0.0,1.0,1.0,0.0015177510213106,1.0,0.138049840927124,5460.29336978788,d1000_B1000_R7_20251106_193320,2025-11-06 19:34:24,1000,40,1000,158.11388300841895
11,0.0,1.0,1.0,0.0015177510213106,1.0,0.2096660137176513,5394.425135804734,d1000_B1000_R7_20251106_193320,2025-11-06 19:34:24,1000,40,1000,158.11388300841895
12,0.0,1.0,1.0,0.0015177510213106,1.0,0.1901700496673584,5383.110015914574,d1000_B1000_R7_20251106_193320,2025-11-06 19:34:24,1000,40,1000,158.11388300841895
13,0.0,1.0,1.0,0.0015177510213106,1.0,0.1735327243804931,5408.097374800144,d1000_B1000_R7_20251106_193320,2025-11-06 19:34:24,1000,40,1000,158.11388300841895
14,0.0,1.0,1.0,0.0015177510213106,1.0,0.2281270027160644,5324.3753325377675,d1000_B1000_R7_20251106_193320,2025-11-06 19:34:24,1000,40,1000,158.11388300841895
15,0.0,1.0,1.0,0.0015177510213106,1.0,0.1615188121795654,5370.971373142367,d1000_B1000_R7_20251106_193320,2025-11-06 19:34:24,1000,40,1000,158.11388300841895
16,0.0,1.0,1.0,0.0015177510213106,1.0,0.218843936920166,5315.66790971728,d1000_B1000_R7_20251106_193320,2025-11-06 19:34:24,1000,40,1000,158.11388300841895
17,0.0,1.0,1.0,0.0015177510213106,1.0,0.369776964187622,5044.488331106446,d1000_B1000_R7_20251106_193320,2025-11-06 19:34:24,1000,40,1000,158.11388300841895
18,0.0,1.0,1.0,0.0015177510213106,1.0,0.1353778839111328,5129.860070397698,d1000_B1000_R7_20251106_193320,2025-11-06 19:34:24,1000,40,1000,158.11388300841895
19,0.0,1.0,1.0,0.0015177510213106,1.0,0.1835031509399414,5144.609912223543,d1000_B1000_R7_20251106_193320,2025-11-06 19:34:24,1000,40,1000,158.11388300841895
20,0.0,1.0,1.0,0.0015177510213106,1.0,0.2116169929504394,5122.637369744223,d1000_B1000_R7_20251106_193320,2025-11-06 19:34:24,1000,40,1000,158.11388300841895
21,0.0,1.0,1.0,0.0015177510213106,1.0,0.1725161075592041,5149.356279459621,d1000_B1000_R7_20251106_193320,2025-11-06 19:34:24,1000,40,1000,158.11388300841895
22,0.0,1.0,1.0,0.0015177510213106,1.0,0.1932101249694824,5150.134475062508,d1000_B1000_R7_20251106_193320,2025-11-06 19:34:24,1000,40,1000,158.11388300841895
23,0.0,1.0,1.0,0.0015177510213106,1.0,0.2041578292846679,5138.707951816159,d1000_B1000_R7_20251106_193320,2025-11-06 19:34:24,1000,40,1000,158.11388300841895
24,0.0,1.0,1.0,0.0015177510213106,1.0,0.2271699905395507,5104.15866537653,d1000_B1000_R7_20251106_193320,2025-11-06 19:34:24,1000,40,1000,158.11388300841895
25,0.0,1.0,1.0,0.0015177510213106,1.0,0.3972189426422119,4909.760537082857,d1000_B1000_R7_20251106_193320,2025-11-06 19:34:24,1000,40,1000,158.11388300841895
26,0.0,1.0,1.0,0.0015177510213106,1.0,0.1941251754760742,4918.040040049169,d1000_B1000_R7_20251106_193320,2025-11-06 19:34:24,1000,40,1000,158.11388300841895
27,0.0,1.0,1.0,0.0015177510213106,1.0,0.1993720531463623,4921.223555662383,d1000_B1000_R7_20251106_193320,2025-11-06 19:34:24,1000,40,1000,158.11388300841895
28,0.0,1.0,1.0,0.0015177510213106,1.0,0.1723227500915527,4946.969351885232,d1000_B1000_R7_20251106_193320,2025-11-06 19:34:24,1000,40,1000,158.11388300841895
29,0.0,1.0,1.0,0.0015177510213106,1.0,0.2022120952606201,4946.695377592788,d1000_B1000_R7_20251106_193320,2025-11-06 19:34:24,1000,40,1000,158.11388300841895
30,0.0,1.0,1.0,0.0015177510213106,1.0,0.1811320781707763,4963.163698784129,d1000_B1000_R7_20251106_193320,2025-11-06 19:34:24,1000,40,1000,158.11388300841895
31,0.0,1.0,1.0,0.0015177510213106,1.0,0.1705048084259033,4986.924910174755,d1000_B1000_R7_20251106_193320,2025-11-06 19:34:24,1000,40,1000,158.11388300841895
32,0.0,1.0,1.0,0.0015177510213106,1.0,0.180455207824707,5001.908329567472,d1000_B1000_R7_20251106_193320,2025-11-06 19:34:24,1000,40,1000,158.11388300841895
33,0.0,1.0,1.0,0.0015177510213106,1.0,0.2048780918121338,4998.129499847207,d1000_B1000_R7_20251106_193320,2025-11-06 19:34:24,1000,40,1000,158.11388300841895
34,0.0,1.0,1.0,0.0015177510213106,1.0,0.2267827987670898,4978.830903699316,d1000_B1000_R7_20251106_193320,2025-11-06 19:34:24,1000,40,1000,158.11388300841895
35,0.0,1.0,1.0,0.0015177510213106,1.0,0.2136509418487548,4969.83600209846,d1000_B1000_R7_20251106_193320,2025-11-06 19:34:24,1000,40,1000,158.11388300841895
36,0.0,1.0,1.0,0.0015177510213106,1.0,0.4850213527679443,4787.187611282061,d1000_B1000_R7_20251106_193320,2025-11-06 19:34:24,1000,40,1000,158.11388300841895
37,0.0,1.0,1.0,0.0015177510213106,1.0,0.2637948989868164,4754.104708657101,d1000_B1000_R7_20251106_193320,2025-11-06 19:34:24,1000,40,1000,158.11388300841895
38,0.0,1.0,1.0,0.0015177510213106,1.0,0.2442140579223632,4734.312283938819,d1000_B1000_R7_20251106_193320,2025-11-06 19:34:24,1000,40,1000,158.11388300841895
39,0.0,1.0,1.0,0.0015177510213106,1.0,0.2414629459381103,4716.701973300218,d1000_B1000_R7_20251106_193320,2025-11-06 19:34:24,1000,40,1000,158.11388300841895
40,0.0,1.0,1.0,0.0015177510213106,1.0,0.2057259082794189,4719.812013846897,d1000_B1000_R7_20251106_193320,2025-11-06 19:34:24,1000,40,1000,158.11388300841895
41,0.0,1.0,1.0,0.0015177510213106,1.0,0.1894969940185547,4731.577179876799,d1000_B1000_R7_20251106_193320,2025-11-06 19:34:24,1000,40,1000,158.11388300841895
42,0.0,1.0,1.0,0.0015177510213106,1.0,0.2508687973022461,4710.852849345886,d1000_B1000_R7_20251106_193320,2025-11-06 19:34:24,1000,40,1000,158.11388300841895
43,0.0,1.0,1.0,0.0015177510213106,1.0,0.1534221172332763,4740.611047436094,d1000_B1000_R7_20251106_193320,2025-11-06 19:34:24,1000,40,1000,158.11388300841895
44,0.0,1.0,1.0,0.0015177510213106,1.0,0.2281429767608642,4731.813040521194,d1000_B1000_R7_20251106_193320,2025-11-06 19:34:24,1000,40,1000,158.11388300841895
45,0.0,1.0,1.0,0.0015177510213106,1.0,0.2773940563201904,4699.782576149867,d1000_B1000_R7_20251106_193320,2025-11-06 19:34:24,1000,40,1000,158.11388300841895
46,0.0,1.0,1.0,0.0015177510213106,1.0,0.2239618301391601,4694.4132249227705,d1000_B1000_R7_20251106_193320,2025-11-06 19:34:24,1000,40,1000,158.11388300841895
47,0.0,1.0,1.0,0.0015177510213106,1.0,0.3141829967498779,4648.309416364894,d1000_B1000_R7_20251106_193320,2025-11-06 19:34:24,1000,40,1000,158.11388300841895
48,0.0,1.0,1.0,0.0015177510213106,1.0,0.3008780479431152,4610.514115846693,d1000_B1000_R7_20251106_193320,2025-11-06 19:34:24,1000,40,1000,158.11388300841895
49,0.0,1.0,1.0,0.0015177510213106,1.0,0.1757090091705322,4627.87018319587,d1000_B1000_R7_20251106_193320,2025-11-06 19:34:24,1000,40,1000,158.11388300841895
50,0.0,1.0,1.0,0.0015177510213106,1.0,0.2060980796813964,4631.906148888617,d1000_B1000_R7_20251106_193320,2025-11-06 19:34:24,1000,40,1000,158.11388300841895
51,0.0,1.0,1.0,0.0015177510213106,1.0,0.3522686958312988,4576.18505911946,d1000_B1000_R7_20251106_193320,2025-11-06 19:34:24,1000,40,1000,158.11388300841895
52,0.0,1.0,1.0,0.0015177510213106,1.0,0.2175869941711425,4576.441342164094,d1000_B1000_R7_20251106_193320,2025-11-06 19:34:24,1000,40,1000,158.11388300841895
53,0.0,1.0,1.0,0.0015177510213106,1.0,0.3208489418029785,4536.937102745555,d1000_B1000_R7_20251106_193320,2025-11-06 19:34:24,1000,40,1000,158.11388300841895
54,0.0,1.0,1.0,0.0015177510213106,1.0,0.2437670230865478,4528.115257158461,d1000_B1000_R7_20251106_193320,2025-11-06 19:34:24,1000,40,1000,158.11388300841895
55,0.0,1.0,1.0,0.0015177510213106,1.0,0.1992189884185791,4535.977212530173,d1000_B1000_R7_20251106_193320,2025-11-06 19:34:24,1000,40,1000,158.11388300841895
56,0.0,1.0,1.0,0.0015177510213106,1.0,0.3559379577636719,4487.495713351762,d1000_B1000_R7_20251106_193320,2025-11-06 19:34:24,1000,40,1000,158.11388300841895
57,0.0,1.0,1.0,0.0015177510213106,1.0,0.2218401432037353,4487.737170913073,d1000_B1000_R7_20251106_193320,2025-11-06 19:34:24,1000,40,1000,158.11388300841895
58,0.0,1.0,1.0,0.0015177510213106,1.0,0.256242036819458,4476.263536701323,d1000_B1000_R7_20251106_193320,2025-11-06 19:34:24,1000,40,1000,158.11388300841895
59,0.0,1.0,1.0,0.0015177510213106,1.0,0.1847810745239257,4488.734617111612,d1000_B1000_R7_20251106_193320,2025-11-06 19:34:24,1000,40,1000,158.11388300841895
60,0.0,1.0,1.0,0.0015177510213106,1.0,0.1983120441436767,4496.626658423255,d1000_B1000_R7_20251106_193320,2025-11-06 19:34:24,1000,40,1000,158.11388300841895
61,0.0,1.0,1.0,0.0015177510213106,1.0,0.2663149833679199,4482.143650610212,d1000_B1000_R7_20251106_193320,2025-11-06 19:34:24,1000,40,1000,158.11388300841895
62,0.0,1.0,1.0,0.0015177510213106,1.0,0.1650681495666504,4500.631403948677,d1000_B1000_R7_20251106_193320,2025-11-06 19:34:24,1000,40,1000,158.11388300841895
63,0.0,1.0,1.0,0.0015177510213106,1.0,0.2631607055664062,4487.614107469344,d1000_B1000_R7_20251106_193320,2025-11-06 19:34:24,1000,40,1000,158.11388300841895
64,0.0,1.0,1.0,0.0015177510213106,1.0,0.1726217269897461,4503.169837605441,d1000_B1000_R7_20251106_193320,2025-11-06 19:34:24,1000,40,1000,158.11388300841895
65,0.0,1.0,1.0,0.0015177510213106,1.0,0.2726690769195556,4487.606189206774,d1000_B1000_R7_20251106_193320,2025-11-06 19:34:24,1000,40,1000,158.11388300841895
66,0.0,1.0,1.0,0.0015177510213106,1.0,0.2388651371002197,4482.683957444595,d1000_B1000_R7_20251106_193320,2025-11-06 19:34:24,1000,40,1000,158.11388300841895
67,0.0,1.0,1.0,0.0015177510213106,1.0,0.1873378753662109,4493.187672299475,d1000_B1000_R7_20251106_193320,2025-11-06 19:34:24,1000,40,1000,158.11388300841895
68,0.0,1.0,1.0,0.0015177510213106,1.0,0.2166757583618164,4494.85167067466,d1000_B1000_R7_20251106_193320,2025-11-06 19:34:24,1000,40,1000,158.11388300841895
69,0.0,1.0,1.0,0.0015177510213106,1.0,0.2472951412200927,4487.461184814504,d1000_B1000_R7_20251106_193320,2025-11-06 19:34:24,1000,40,1000,158.11388300841895
70,0.0,1.0,1.0,0.0015177510213106,1.0,0.1902217864990234,4496.644167207339,d1000_B1000_R7_20251106_193320,2025-11-06 19:34:24,1000,40,1000,158.11388300841895
71,0.0,1.0,1.0,0.0015177510213106,1.0,0.2661001682281494,4484.339094387391,d1000_B1000_R7_20251106_193320,2025-11-06 19:34:24,1000,40,1000,158.11388300841895
72,0.0,1.0,1.0,0.0015177510213106,1.0,0.1798019409179687,4496.1916083869255,d1000_B1000_R7_20251106_193320,2025-11-06 19:34:24,1000,40,1000,158.11388300841895
73,0.0,1.0,1.0,0.0015177510213106,1.0,0.2007842063903808,4502.053747425264,d1000_B1000_R7_20251106_193320,2025-11-06 19:34:24,1000,40,1000,158.11388300841895
74,0.0,1.0,1.0,0.0015177510213106,1.0,0.2210078239440918,4502.259382161606,d1000_B1000_R7_20251106_193320,2025-11-06 19:34:24,1000,40,1000,158.11388300841895
75,0.0,1.0,1.0,0.0015177510213106,1.0,0.2720110416412353,4488.895821015056,d1000_B1000_R7_20251106_193320,2025-11-06 19:34:24,1000,40,1000,158.11388300841895
76,0.0,1.0,1.0,0.0015177510213106,1.0,0.1970219612121582,4495.5738918318075,d1000_B1000_R7_20251106_193320,2025-11-06 19:34:24,1000,40,1000,158.11388300841895
77,0.0,1.0,1.0,0.0015177510213106,1.0,0.2527060508728027,4487.654371792031,d1000_B1000_R7_20251106_193320,2025-11-06 19:34:24,1000,40,1000,158.11388300841895
78,0.0,1.0,1.0,0.0015177510213106,1.0,0.2090239524841308,4491.131036572511,d1000_B1000_R7_20251106_193320,2025-11-06 19:34:24,1000,40,1000,158.11388300841895
79,0.0,1.0,1.0,0.0015177510213106,1.0,0.2690229415893554,4479.400961458184,d1000_B1000_R7_20251106_193320,2025-11-06 19:34:24,1000,40,1000,158.11388300841895
80,0.0,1.0,1.0,0.0015177510213106,1.0,0.246086835861206,4473.632652093789,d1000_B1000_R7_20251106_193320,2025-11-06 19:34:24,1000,40,1000,158.11388300841895
81,0.0,1.0,1.0,0.0015177510213106,1.0,0.2554078102111816,4465.695884349576,d1000_B1000_R7_20251106_193320,2025-11-06 19:34:24,1000,40,1000,158.11388300841895
82,0.0,1.0,1.0,0.0015177510213106,1.0,0.2460851669311523,4460.169605149562,d1000_B1000_R7_20251106_193320,2025-11-06 19:34:24,1000,40,1000,158.11388300841895
83,0.0,1.0,1.0,0.0015177510213106,1.0,0.2480430603027343,4454.25940428156,d1000_B1000_R7_20251106_193320,2025-11-06 19:34:24,1000,40,1000,158.11388300841895
84,0.0,1.0,1.0,0.0015177510213106,1.0,0.2763881683349609,4442.067251480058,d1000_B1000_R7_20251106_193320,2025-11-06 19:34:24,1000,40,1000,158.11388300841895
85,0.0,1.0,1.0,0.0015177510213106,1.0,0.2216320037841797,4442.793905953908,d1000_B1000_R7_20251106_193320,2025-11-06 19:34:24,1000,40,1000,158.11388300841895
86,0.0,1.0,1.0,0.0015177510213106,1.0,0.2637338638305664,4433.984618477347,d1000_B1000_R7_20251106_193320,2025-11-06 19:34:24,1000,40,1000,158.11388300841895
87,0.0,1.0,1.0,0.0015177510213106,1.0,0.1891577243804931,4442.079189409634,d1000_B1000_R7_20251106_193320,2025-11-06 19:34:24,1000,40,1000,158.11388300841895
88,0.0,1.0,1.0,0.0015177510213106,1.0,0.2431330680847168,4437.952530524688,d1000_B1000_R7_20251106_193320,2025-11-06 19:34:24,1000,40,1000,158.11388300841895
89,0.0,1.0,1.0,0.0015177510213106,1.0,0.224463939666748,4438.07691347245,d1000_B1000_R7_20251106_193320,2025-11-06 19:34:24,1000,40,1000,158.11388300841895
90,0.0,1.0,1.0,0.0015177510213106,1.0,0.2042551040649414,4442.562444599883,d1000_B1000_R7_20251106_193320,2025-11-06 19:34:24,1000,40,1000,158.11388300841895
91,0.0,1.0,1.0,0.0015177510213106,1.0,0.260451078414917,4434.929741981923,d1000_B1000_R7_20251106_193320,2025-11-06 19:34:24,1000,40,1000,158.11388300841895
92,0.0,1.0,1.0,0.0015177510213106,1.0,0.2125177383422851,4437.576778289652,d1000_B1000_R7_20251106_193320,2025-11-06 19:34:24,1000,40,1000,158.11388300841895
93,0.0,1.0,1.0,0.0015177510213106,1.0,0.1864039897918701,4445.697054170719,d1000_B1000_R7_20251106_193320,2025-11-06 19:34:24,1000,40,1000,158.11388300841895
94,0.0,1.0,1.0,0.0015177510213106,1.0,0.1857128143310547,4453.809027317052,d1000_B1000_R7_20251106_193320,2025-11-06 19:34:24,1000,40,1000,158.11388300841895
95,0.0,1.0,1.0,0.0015177510213106,1.0,0.2150249481201172,4455.726337682515,d1000_B1000_R7_20251106_193320,2025-11-06 19:34:24,1000,40,1000,158.11388300841895
96,0.0,1.0,1.0,0.0015177510213106,1.0,0.2413010597229004,4452.176495236623,d1000_B1000_R7_20251106_193320,2025-11-06 19:34:24,1000,40,1000,158.11388300841895
97,0.0,1.0,1.0,0.0015177510213106,1.0,0.2298357486724853,4451.04596308654,d1000_B1000_R7_20251106_193320,2025-11-06 19:34:24,1000,40,1000,158.11388300841895
98,0.0,1.0,1.0,0.0015177510213106,1.0,0.4833190441131592,4399.838500122871,d1000_B1000_R7_20251106_193320,2025-11-06 19:34:24,1000,40,1000,158.11388300841895
99,0.0,1.0,1.0,0.0015177510213106,1.0,0.1918981075286865,4406.658076512552,d1000_B1000_R7_20251106_193320,2025-11-06 19:34:24,1000,40,1000,158.11388300841895
100,0.0,1.0,1.0,0.0015177510213106,1.0,0.2006058692932129,4411.444331261697,d1000_B1000_R7_20251106_193320,2025-11-06 19:34:24,1000,40,1000,158.11388300841895
101,0.0,1.0,1.0,0.0015177510213106,1.0,0.1841530799865722,4419.4741270190925,d1000_B1000_R7_20251106_193320,2025-11-06 19:34:24,1000,40,1000,158.11388300841895
102,0.0,1.0,1.0,0.0015177510213106,1.0,0.189749002456665,4426.320549994365,d1000_B1000_R7_20251106_193320,2025-11-06 19:34:24,1000,40,1000,158.11388300841895
103,0.0,1.0,1.0,0.0015177510213106,1.0,0.2213029861450195,4427.116477664131,d1000_B1000_R7_20251106_193320,2025-11-06 19:34:24,1000,40,1000,158.11388300841895
104,0.0,1.0,1.0,0.0015177510213106,1.0,0.2204401493072509,4428.070263636944,d1000_B1000_R7_20251106_193320,2025-11-06 19:34:24,1000,40,1000,158.11388300841895
105,0.0,1.0,1.0,0.0015177510213106,1.0,0.1946222782135009,4433.805012683522,d1000_B1000_R7_20251106_193320,2025-11-06 19:34:24,1000,40,1000,158.11388300841895
106,0.0,1.0,1.0,0.0015177510213106,1.0,0.2226209640502929,4434.241206075829,d1000_B1000_R7_20251106_193320,2025-11-06 19:34:24,1000,40,1000,158.11388300841895
107,0.0,1.0,1.0,0.0015177510213106,1.0,0.2225418090820312,4434.712907436004,d1000_B1000_R7_20251106_193320,2025-11-06 19:34:24,1000,40,1000,158.11388300841895
108,0.0,1.0,1.0,0.0015177510213106,1.0,0.213386058807373,4436.837149271524,d1000_B1000_R7_20251106_193320,2025-11-06 19:34:24,1000,40,1000,158.11388300841895
109,0.0,1.0,1.0,0.0015177510213106,1.0,0.2470471858978271,4432.914402970235,d1000_B1000_R7_20251106_193320,2025-11-06 19:34:24,1000,40,1000,158.11388300841895
110,0.0,1.0,1.0,0.0015177510213106,1.0,0.2219758033752441,4433.523339222887,d1000_B1000_R7_20251106_193320,2025-11-06 19:34:24,1000,40,1000,158.11388300841895
111,0.0,1.0,1.0,0.0015177510213106,1.0,0.2104129791259765,4436.14148067985,d1000_B1000_R7_20251106_193320,2025-11-06 19:34:24,1000,40,1000,158.11388300841895
112,0.0,1.0,1.0,0.0015177510213106,1.0,0.2223529815673828,4436.637705922008,d1000_B1000_R7_20251106_193320,2025-11-06 19:34:24,1000,40,1000,158.11388300841895
113,0.0,1.0,1.0,0.0015177510213106,1.0,0.2231788635253906,4436.985464895406,d1000_B1000_R7_20251106_193320,2025-11-06 19:34:24,1000,40,1000,158.11388300841895
114,0.0,1.0,1.0,0.0015177510213106,1.0,0.2737820148468017,4428.6521353024245,d1000_B1000_R7_20251106_193320,2025-11-06 19:34:24,1000,40,1000,158.11388300841895
115,0.0,1.0,1.0,0.0015177510213106,1.0,0.2440078258514404,4425.501467315097,d1000_B1000_R7_20251106_193320,2025-11-06 19:34:24,1000,40,1000,158.11388300841895
116,0.0,1.0,1.0,0.0015177510213106,1.0,0.1936519145965576,4430.786232889832,d1000_B1000_R7_20251106_193320,2025-11-06 19:34:24,1000,40,1000,158.11388300841895
117,0.0,1.0,1.0,0.0015177510213106,1.0,0.2749171257019043,4422.572493153597,d1000_B1000_R7_20251106_193320,2025-11-06 19:34:24,1000,40,1000,158.11388300841895
118,0.0,1.0,1.0,0.0015177510213106,1.0,0.2317860126495361,4421.600928815627,d1000_B1000_R7_20251106_193320,2025-11-06 19:34:24,1000,40,1000,158.11388300841895
119,0.0,1.0,1.0,0.0015177510213106,1.0,0.1960930824279785,4426.43904181717,d1000_B1000_R7_20251106_193320,2025-11-06 19:34:24,1000,40,1000,158.11388300841895
120,0.0,1.0,1.0,0.0015177510213106,1.0,0.1984410285949707,4430.821933965621,d1000_B1000_R7_20251106_193320,2025-11-06 19:34:24,1000,40,1000,158.11388300841895
121,0.0,1.0,1.0,0.0015177510213106,1.0,0.2318248748779297,4429.5981541752835,d1000_B1000_R7_20251106_193320,2025-11-06 19:34:24,1000,40,1000,158.11388300841895
122,0.0,1.0,1.0,0.0015177510213106,1.0,0.1954259872436523,4434.334832917866,d1000_B1000_R7_20251106_193320,2025-11-06 19:34:24,1000,40,1000,158.11388300841895
123,0.0,1.0,1.0,0.0015177510213106,1.0,0.220729112625122,4435.006200258162,d1000_B1000_R7_20251106_193320,2025-11-06 19:34:24,1000,40,1000,158.11388300841895
124,0.0,1.0,1.0,0.0015177510213106,1.0,0.1827459335327148,4441.700499437998,d1000_B1000_R7_20251106_193320,2025-11-06 19:34:24,1000,40,1000,158.11388300841895
125,0.0,1.0,1.0,0.0015177510213106,1.0,0.2350730895996093,4440.110863156712,d1000_B1000_R7_20251106_193320,2025-11-06 19:34:24,1000,40,1000,158.11388300841895
126,0.0,1.0,1.0,0.0015177510213106,1.0,0.1965229511260986,4444.531583079423,d1000_B1000_R7_20251106_193320,2025-11-06 19:34:24,1000,40,1000,158.11388300841895
127,0.0,1.0,1.0,0.0015177510213106,1.0,0.6199588775634766,4384.368140019398,d1000_B1000_R7_20251106_193320,2025-11-06 19:34:24,1000,40,1000,158.11388300841895
128,0.0,1.0,1.0,0.0015177510213106,1.0,0.2539956569671631,4380.433545073296,d1000_B1000_R7_20251106_193320,2025-11-06 19:34:24,1000,40,1000,158.11388300841895
129,0.0,1.0,1.0,0.0015177510213106,1.0,0.2100729942321777,4383.078962708877,d1000_B1000_R7_20251106_193320,2025-11-06 19:34:24,1000,40,1000,158.11388300841895
130,0.0,1.0,1.0,0.0015177510213106,1.0,0.1867609024047851,4389.126258015722,d1000_B1000_R7_20251106_193320,2025-11-06 19:34:24,1000,40,1000,158.11388300841895
131,0.0,1.0,1.0,0.0015177510213106,1.0,0.2604479789733886,4384.330864035632,d1000_B1000_R7_20251106_193320,2025-11-06 19:34:24,1000,40,1000,158.11388300841895
132,0.0,1.0,1.0,0.0015177510213106,1.0,0.2065510749816894,4387.360703143687,d1000_B1000_R7_20251106_193320,2025-11-06 19:34:24,1000,40,1000,158.11388300841895
133,0.0,1.0,1.0,0.0015177510213106,1.0,0.2175161838531494,4388.802597464073,d1000_B1000_R7_20251106_193320,2025-11-06 19:34:24,1000,40,1000,158.11388300841895
134,0.0,1.0,1.0,0.0015177510213106,1.0,0.2320680618286132,4388.15786210625,d1000_B1000_R7_20251106_193320,2025-11-06 19:34:24,1000,40,1000,158.11388300841895
135,0.0,1.0,1.0,0.0015177510213106,1.0,0.1875090599060058,4393.851137083389,d1000_B1000_R7_20251106_193320,2025-11-06 19:34:24,1000,40,1000,158.11388300841895
136,0.0,1.0,1.0,0.0015177510213106,1.0,0.2185518741607666,4395.032614256596,d1000_B1000_R7_20251106_193320,2025-11-06 19:34:24,1000,40,1000,158.11388300841895
137,0.0,1.0,1.0,0.0015177510213106,1.0,0.2228980064392089,4395.646992732275,d1000_B1000_R7_20251106_193320,2025-11-06 19:34:24,1000,40,1000,158.11388300841895
138,0.0,1.0,1.0,0.0015177510213106,1.0,0.2458608150482177,4393.072682132199,d1000_B1000_R7_20251106_193320,2025-11-06 19:34:24,1000,40,1000,158.11388300841895
139,0.0,1.0,1.0,0.0015177510213106,1.0,0.1804409027099609,4399.550873147828,d1000_B1000_R7_20251106_193320,2025-11-06 19:34:24,1000,40,1000,158.11388300841895
140,0.0,1.0,1.0,0.0015177510213106,1.0,0.2086772918701172,4402.059969549701,d1000_B1000_R7_20251106_193320,2025-11-06 19:34:24,1000,40,1000,158.11388300841895
141,0.0,1.0,1.0,0.0015177510213106,1.0,0.230637788772583,4401.5432885047185,d1000_B1000_R7_20251106_193320,2025-11-06 19:34:24,1000,40,1000,158.11388300841895
142,0.0,1.0,1.0,0.0015177510213106,1.0,0.2380611896514892,4400.042252579532,d1000_B1000_R7_20251106_193320,2025-11-06 19:34:24,1000,40,1000,158.11388300841895
143,0.0,1.0,1.0,0.0015177510213106,1.0,0.2369980812072754,4398.698955285669,d1000_B1000_R7_20251106_193320,2025-11-06 19:34:24,1000,40,1000,158.11388300841895
144,0.0,1.0,1.0,0.0015177510213106,1.0,0.1936509609222412,4403.15948918306,d1000_B1000_R7_20251106_193320,2025-11-06 19:34:24,1000,40,1000,158.11388300841895
145,0.0,1.0,1.0,0.0015177510213106,1.0,0.2092707157135009,4405.340604544507,d1000_B1000_R7_20251106_193320,2025-11-06 19:34:24,1000,40,1000,158.11388300841895
146,0.0,1.0,1.0,0.0015177510213106,1.0,0.2476868629455566,4402.546328125925,d1000_B1000_R7_20251106_193320,2025-11-06 19:34:24,1000,40,1000,158.11388300841895
147,0.0,1.0,1.0,0.0015177510213106,1.0,0.2137582302093505,4404.271420423225,d1000_B1000_R7_20251106_193320,2025-11-06 19:34:24,1000,40,1000,158.11388300841895
148,0.0,1.0,1.0,0.0015177510213106,1.0,0.2183458805084228,4405.348238866389,d1000_B1000_R7_20251106_193320,2025-11-06 19:34:24,1000,40,1000,158.11388300841895
149,0.0,1.0,1.0,0.0015177510213106,1.0,0.2452280521392822,4402.955604432371,d1000_B1000_R7_20251106_193320,2025-11-06 19:34:24,1000,40,1000,158.11388300841895
150,0.0,1.0,1.0,0.0015177510213106,1.0,0.2522530555725097,4399.4238750241675,d1000_B1000_R7_20251106_193320,2025-11-06 19:34:24,1000,40,1000,158.11388300841895
151,0.0,1.0,1.0,0.0015177510213106,1.0,0.2549147605895996,4395.851143188523,d1000_B1000_R7_20251106_193320,2025-11-06 19:34:24,1000,40,1000,158.11388300841895
152,0.0,1.0,1.0,0.0015177510213106,1.0,0.1631019115447998,4403.963943205348,d1000_B1000_R7_20251106_193320,2025-11-06 19:34:24,1000,40,1000,158.11388300841895
153,0.0,1.0,1.0,0.0015177510213106,1.0,0.1314859390258789,4416.009800720564,d1000_B1000_R7_20251106_193320,2025-11-06 19:34:24,1000,40,1000,158.11388300841895
154,0.0,1.0,1.0,0.0015177510213106,1.0,0.2505168914794922,4412.9513922776705,d1000_B1000_R7_20251106_193320,2025-11-06 19:34:24,1000,40,1000,158.11388300841895
155,0.0,1.0,1.0,0.0015177510213106,1.0,0.2289068698883056,4412.606952006626,d1000_B1000_R7_20251106_193320,2025-11-06 19:34:24,1000,40,1000,158.11388300841895
156,0.0,1.0,1.0,0.0015177510213106,1.0,0.3769910335540771,4393.975628227121,d1000_B1000_R7_20251106_193320,2025-11-06 19:34:24,1000,40,1000,158.11388300841895
157,0.0,1.0,1.0,0.0015177510213106,1.0,0.1989922523498535,4397.330298425765,d1000_B1000_R7_20251106_193320,2025-11-06 19:34:24,1000,40,1000,158.11388300841895
158,0.0,1.0,1.0,0.0015177510213106,1.0,0.3058178424835205,4387.77828160787,d1000_B1000_R7_20251106_193320,2025-11-06 19:34:24,1000,40,1000,158.11388300841895
159,0.0,1.0,1.0,0.0015177510213106,1.0,0.2341420650482177,4387.005635387495,d1000_B1000_R7_20251106_193320,2025-11-06 19:34:24,1000,40,1000,158.11388300841895
160,0.0,1.0,1.0,0.0015177510213106,1.0,0.308467149734497,4377.365961075749,d1000_B1000_R7_20251106_193320,2025-11-06 19:34:24,1000,40,1000,158.11388300841895
161,0.0,1.0,1.0,0.0015177510213106,1.0,0.2884290218353271,4370.253986441841,d1000_B1000_R7_20251106_193320,2025-11-06 19:34:24,1000,40,1000,158.11388300841895
162,0.0,1.0,1.0,0.0015177510213106,1.0,0.1907079219818115,4374.700239459056,d1000_B1000_R7_20251106_193320,2025-11-06 19:34:24,1000,40,1000,158.11388300841895
163,0.0,1.0,1.0,0.0015177510213106,1.0,0.2610511779785156,4370.825546387938,d1000_B1000_R7_20251106_193320,2025-11-06 19:34:24,1000,40,1000,158.11388300841895
164,0.0,1.0,1.0,0.0015177510213106,1.0,0.1999979019165039,4373.929902363663,d1000_B1000_R7_20251106_193320,2025-11-06 19:34:24,1000,40,1000,158.11388300841895
165,0.0,1.0,1.0,0.0015177510213106,1.0,0.2206289768218994,4374.8233917897305,d1000_B1000_R7_20251106_193320,2025-11-06 19:34:24,1000,40,1000,158.11388300841895
166,0.0,1.0,1.0,0.0015177510213106,1.0,0.2173430919647216,4376.0850532751265,d1000_B1000_R7_20251106_193320,2025-11-06 19:34:24,1000,40,1000,158.11388300841895
167,0.0,1.0,1.0,0.0015177510213106,1.0,0.1489322185516357,4385.148317174931,d1000_B1000_R7_20251106_193320,2025-11-06 19:34:24,1000,40,1000,158.11388300841895
168,0.0,1.0,1.0,0.0015177510213106,1.0,0.2205579280853271,4385.975624579837,d1000_B1000_R7_20251106_193320,2025-11-06 19:34:24,1000,40,1000,158.11388300841895
169,0.0,1.0,1.0,0.0015177510213106,1.0,0.1913673877716064,4390.082735160342,d1000_B1000_R7_20251106_193320,2025-11-06 19:34:24,1000,40,1000,158.11388300841895
170,0.0,1.0,1.0,0.0015177510213106,1.0,0.1843488216400146,4394.950989676835,d1000_B1000_R7_20251106_193320,2025-11-06 19:34:24,1000,40,1000,158.11388300841895
171,0.0,1.0,1.0,0.0015177510213106,1.0,0.1884810924530029,4399.28744280302,d1000_B1000_R7_20251106_193320,2025-11-06 19:34:24,1000,40,1000,158.11388300841895
172,0.0,1.0,1.0,0.0015177510213106,1.0,0.2244839668273925,4399.575662912407,d1000_B1000_R7_20251106_193320,2025-11-06 19:34:24,1000,40,1000,158.11388300841895
173,0.0,1.0,1.0,0.0015177510213106,1.0,0.1726257801055908,4405.630365610405,d1000_B1000_R7_20251106_193320,2025-11-06 19:34:24,1000,40,1000,158.11388300841895
174,0.0,1.0,1.0,0.0015177510213106,1.0,0.2028579711914062,4408.288203929838,d1000_B1000_R7_20251106_193320,2025-11-06 19:34:24,1000,40,1000,158.11388300841895
175,0.0,1.0,1.0,0.0015177510213106,1.0,0.1628241539001464,4415.3435489528165,d1000_B1000_R7_20251106_193320,2025-11-06 19:34:24,1000,40,1000,158.11388300841895
176,0.0,1.0,1.0,0.0015177510213106,1.0,0.1479101181030273,4423.988800510633,d1000_B1000_R7_20251106_193320,2025-11-06 19:34:24,1000,40,1000,158.11388300841895
177,0.0,1.0,1.0,0.0015177510213106,1.0,0.2183649539947509,4424.809137143619,d1000_B1000_R7_20251106_193320,2025-11-06 19:34:24,1000,40,1000,158.11388300841895
178,0.0,1.0,1.0,0.0015177510213106,1.0,0.2176051139831543,4425.697958525188,d1000_B1000_R7_20251106_193320,2025-11-06 19:34:24,1000,40,1000,158.11388300841895
179,0.0,1.0,1.0,0.0015177510213106,1.0,0.2431187629699707,4423.808325002427,d1000_B1000_R7_20251106_193320,2025-11-06 19:34:24,1000,40,1000,158.11388300841895
180,0.0,1.0,1.0,0.0015177510213106,1.0,0.1797349452972412,4428.795302541239,d1000_B1000_R7_20251106_193320,2025-11-06 19:34:24,1000,40,1000,158.11388300841895
181,0.0,1.0,1.0,0.0015177510213106,1.0,0.2156782150268554,4429.865197380286,d1000_B1000_R7_20251106_193320,2025-11-06 19:34:24,1000,40,1000,158.11388300841895
182,0.0,1.0,1.0,0.0015177510213106,1.0,0.1844041347503662,4434.277759149111,d1000_B1000_R7_20251106_193320,2025-11-06 19:34:24,1000,40,1000,158.11388300841895
183,0.0,1.0,1.0,0.0015177510213106,1.0,0.1807279586791992,4439.047481215428,d1000_B1000_R7_20251106_193320,2025-11-06 19:34:24,1000,40,1000,158.11388300841895
184,0.0,1.0,1.0,0.0015177510213106,1.0,0.2042839527130127,4441.244313847552,d1000_B1000_R7_20251106_193320,2025-11-06 19:34:24,1000,40,1000,158.11388300841895
185,0.0,1.0,1.0,0.0015177510213106,1.0,0.3697538375854492,4425.835241224361,d1000_B1000_R7_20251106_193320,2025-11-06 19:34:24,1000,40,1000,158.11388300841895
186,0.0,1.0,1.0,0.0015177510213106,1.0,0.158574104309082,4432.870744289109,d1000_B1000_R7_20251106_193320,2025-11-06 19:34:24,1000,40,1000,158.11388300841895
187,0.0,1.0,1.0,0.0015177510213106,1.0,0.1759710311889648,4438.043172340737,d1000_B1000_R7_20251106_193320,2025-11-06 19:34:24,1000,40,1000,158.11388300841895
188,0.0,1.0,1.0,0.0015177510213106,1.0,0.2266879081726074,4437.886114268586,d1000_B1000_R7_20251106_193320,2025-11-06 19:34:24,1000,40,1000,158.11388300841895
189,0.0,1.0,1.0,0.0015177510213106,1.0,0.190155029296875,4441.511097368934,d1000_B1000_R7_20251106_193320,2025-11-06 19:34:24,1000,40,1000,158.11388300841895
190,0.0,1.0,1.0,0.0015177510213106,1.0,0.172598123550415,4446.918813213566,d1000_B1000_R7_20251106_193320,2025-11-06 19:34:24,1000,40,1000,158.11388300841895
191,0.0,1.0,1.0,0.0015177510213106,1.0,0.1483309268951416,4454.755996085687,d1000_B1000_R7_20251106_193320,2025-11-06 19:34:24,1000,40,1000,158.11388300841895
192,0.0,1.0,1.0,0.0015177510213106,1.0,0.1862521171569824,4458.647753570441,d1000_B1000_R7_20251106_193320,2025-11-06 19:34:24,1000,40,1000,158.11388300841895
193,0.0,1.0,1.0,0.0015177510213106,1.0,0.1557686328887939,4465.660921759924,d1000_B1000_R7_20251106_193320,2025-11-06 19:34:24,1000,40,1000,158.11388300841895
194,0.0,1.0,1.0,0.0015177510213106,1.0,0.1849169731140136,4469.622475840661,d1000_B1000_R7_20251106_193320,2025-11-06 19:34:24,1000,40,1000,158.11388300841895
195,0.0,1.0,1.0,0.0015177510213106,1.0,0.1605520248413086,4476.049531523414,d1000_B1000_R7_20251106_193320,2025-11-06 19:34:24,1000,40,1000,158.11388300841895
196,0.0,1.0,1.0,0.0015177510213106,1.0,0.1667771339416504,4481.771537711038,d1000_B1000_R7_20251106_193320,2025-11-06 19:34:24,1000,40,1000,158.11388300841895
197,0.0,1.0,1.0,0.0015177510213106,1.0,0.190281867980957,4485.067602871224,d1000_B1000_R7_20251106_193320,2025-11-06 19:34:24,1000,40,1000,158.11388300841895
198,0.0,1.0,1.0,0.0015177510213106,1.0,0.1828691959381103,4489.0968063024175,d1000_B1000_R7_20251106_193320,2025-11-06 19:34:24,1000,40,1000,158.11388300841895
199,0.0,1.0,1.0,0.0015177510213106,1.0,0.1664559841156005,4494.7485927146645,d1000_B1000_R7_20251106_193320,2025-11-06 19:34:24,1000,40,1000,158.11388300841895
200,0.0,1.0,1.0,0.0015177510213106,1.0,0.2167789936065673,4495.304872978026,d1000_B1000_R7_20251106_193320,2025-11-06 19:34:24,1000,40,1000,158.11388300841895
201,0.0,1.0,1.0,0.0015177510213106,1.0,0.1622941493988037,4501.26466897966,d1000_B1000_R7_20251106_193320,2025-11-06 19:34:24,1000,40,1000,158.11388300841895
202,0.0,1.0,1.0,0.0015177510213106,1.0,0.1772520542144775,4505.7233984534105,d1000_B1000_R7_20251106_193320,2025-11-06 19:34:24,1000,40,1000,158.11388300841895
203,0.0,1.0,1.0,0.0015177510213106,1.0,0.1780509948730468,4510.075403940192,d1000_B1000_R7_20251106_193320,2025-11-06 19:34:24,1000,40,1000,158.11388300841895
204,0.0,1.0,1.0,0.0015177510213106,1.0,0.1725068092346191,4514.907350736409,d1000_B1000_R7_20251106_193320,2025-11-06 19:34:24,1000,40,1000,158.11388300841895
205,0.0,1.0,1.0,0.0015177510213106,1.0,0.1933529376983642,4517.669884656096,d1000_B1000_R7_20251106_193320,2025-11-06 19:34:24,1000,40,1000,158.11388300841895
206,0.0,1.0,1.0,0.0015177510213106,1.0,0.1584258079528808,4523.848461732424,d1000_B1000_R7_20251106_193320,2025-11-06 19:34:24,1000,40,1000,158.11388300841895
207,0.0,1.0,1.0,0.0015177510213106,1.0,0.1792919635772705,4527.9392615683855,d1000_B1000_R7_20251106_193320,2025-11-06 19:34:24,1000,40,1000,158.11388300841895
208,0.0,1.0,1.0,0.0015177510213106,1.0,0.1715779304504394,4532.761834432297,d1000_B1000_R7_20251106_193320,2025-11-06 19:34:24,1000,40,1000,158.11388300841895
209,0.0,1.0,1.0,0.0015177510213106,1.0,0.189622163772583,4535.772365284672,d1000_B1000_R7_20251106_193320,2025-11-06 19:34:24,1000,40,1000,158.11388300841895
210,0.0,1.0,1.0,0.0015177510213106,1.0,0.1801259517669677,4539.6881193866,d1000_B1000_R7_20251106_193320,2025-11-06 19:34:24,1000,40,1000,158.11388300841895
211,0.0,1.0,1.0,0.0015177510213106,1.0,0.1778078079223632,4543.804040562492,d1000_B1000_R7_20251106_193320,2025-11-06 19:34:24,1000,40,1000,158.11388300841895
212,0.0,1.0,1.0,0.0015177510213106,1.0,0.2184646129608154,4543.920149515195,d1000_B1000_R7_20251106_193320,2025-11-06 19:34:24,1000,40,1000,158.11388300841895
213,0.0,1.0,1.0,0.0015177510213106,1.0,0.1812889575958252,4547.642313593966,d1000_B1000_R7_20251106_193320,2025-11-06 19:34:24,1000,40,1000,158.11388300841895
214,0.0,1.0,1.0,0.0015177510213106,1.0,0.1684229373931884,4552.579123960187,d1000_B1000_R7_20251106_193320,2025-11-06 19:34:24,1000,40,1000,158.11388300841895
215,0.0,1.0,1.0,0.0015177510213106,1.0,0.1764039993286132,4556.712853515623,d1000_B1000_R7_20251106_193320,2025-11-06 19:34:24,1000,40,1000,158.11388300841895
216,0.0,1.0,1.0,0.0015177510213106,1.0,0.1670029163360595,4561.722630790949,d1000_B1000_R7_20251106_193320,2025-11-06 19:34:24,1000,40,1000,158.11388300841895
217,0.0,1.0,1.0,0.0015177510213106,1.0,0.1802968978881836,4565.416349571949,d1000_B1000_R7_20251106_193320,2025-11-06 19:34:24,1000,40,1000,158.11388300841895
218,0.0,1.0,1.0,0.0015177510213106,1.0,0.1991231441497802,4567.26997752992,d1000_B1000_R7_20251106_193320,2025-11-06 19:34:24,1000,40,1000,158.11388300841895
219,0.0,1.0,1.0,0.0015177510213106,1.0,0.2034220695495605,4568.723518643267,d1000_B1000_R7_20251106_193320,2025-11-06 19:34:24,1000,40,1000,158.11388300841895
220,0.0,1.0,1.0,0.0015177510213106,1.0,0.158052921295166,4574.458991362938,d1000_B1000_R7_20251106_193320,2025-11-06 19:34:24,1000,40,1000,158.11388300841895
221,0.0,1.0,1.0,0.0015177510213106,1.0,0.1748738288879394,4578.57197574953,d1000_B1000_R7_20251106_193320,2025-11-06 19:34:24,1000,40,1000,158.11388300841895
222,0.0,1.0,1.0,0.0015177510213106,1.0,0.161050796508789,4583.936371559567,d1000_B1000_R7_20251106_193320,2025-11-06 19:34:24,1000,40,1000,158.11388300841895
223,0.0,1.0,1.0,0.0015177510213106,1.0,0.2006399631500244,4585.557815629039,d1000_B1000_R7_20251106_193320,2025-11-06 19:34:24,1000,40,1000,158.11388300841895
224,0.0,1.0,1.0,0.0015177510213106,1.0,0.1530089378356933,4591.60480961737,d1000_B1000_R7_20251106_193320,2025-11-06 19:34:24,1000,40,1000,158.11388300841895
225,0.0,1.0,1.0,0.0015177510213106,1.0,0.189241886138916,4594.256045232193,d1000_B1000_R7_20251106_193320,2025-11-06 19:34:24,1000,40,1000,158.11388300841895
226,0.0,1.0,1.0,0.0015177510213106,1.0,0.1765072345733642,4598.068941163937,d1000_B1000_R7_20251106_193320,2025-11-06 19:34:24,1000,40,1000,158.11388300841895
227,0.0,1.0,1.0,0.0015177510213106,1.0,0.164276123046875,4602.9838808086515,d1000_B1000_R7_20251106_193320,2025-11-06 19:34:24,1000,40,1000,158.11388300841895
228,0.0,1.0,1.0,0.0015177510213106,1.0,0.1796958446502685,4606.420707392913,d1000_B1000_R7_20251106_193320,2025-11-06 19:34:24,1000,40,1000,158.11388300841895
229,0.0,1.0,1.0,0.0015177510213106,1.0,0.2036690711975097,4607.635157149942,d1000_B1000_R7_20251106_193320,2025-11-06 19:34:24,1000,40,1000,158.11388300841895
230,0.0,1.0,1.0,0.0015177510213106,1.0,0.1918168067932129,4609.928881756068,d1000_B1000_R7_20251106_193320,2025-11-06 19:34:24,1000,40,1000,158.11388300841895
231,0.0,1.0,1.0,0.0015177510213106,1.0,0.1856372356414795,4612.776057996906,d1000_B1000_R7_20251106_193320,2025-11-06 19:34:24,1000,40,1000,158.11388300841895
232,0.0,1.0,1.0,0.0015177510213106,1.0,0.1987309455871582,4614.365320387884,d1000_B1000_R7_20251106_193320,2025-11-06 19:34:24,1000,40,1000,158.11388300841895
233,0.0,1.0,1.0,0.0015177510213106,1.0,0.1947741508483886,4616.327300296262,d1000_B1000_R7_20251106_193320,2025-11-06 19:34:24,1000,40,1000,158.11388300841895
234,0.0,1.0,1.0,0.0015177510213106,1.0,0.1688158512115478,4620.647226442811,d1000_B1000_R7_20251106_193320,2025-11-06 19:34:24,1000,40,1000,158.11388300841895
235,0.0,1.0,1.0,0.0015177510213106,1.0,0.1872413158416748,4623.265025769351,d1000_B1000_R7_20251106_193320,2025-11-06 19:34:24,1000,40,1000,158.11388300841895
236,0.0,1.0,1.0,0.0015177510213106,1.0,0.2048449516296386,4624.2807884186,d1000_B1000_R7_20251106_193320,2025-11-06 19:34:24,1000,40,1000,158.11388300841895
237,0.0,1.0,1.0,0.0015177510213106,1.0,0.168205976486206,4628.580357570926,d1000_B1000_R7_20251106_193320,2025-11-06 19:34:24,1000,40,1000,158.11388300841895
238,0.0,1.0,1.0,0.0015177510213106,1.0,0.2077798843383789,4629.2983003912395,d1000_B1000_R7_20251106_193320,2025-11-06 19:34:24,1000,40,1000,158.11388300841895
239,0.0,1.0,1.0,0.0015177510213106,1.0,0.167173147201538,4633.634293508363,d1000_B1000_R7_20251106_193320,2025-11-06 19:34:24,1000,40,1000,158.11388300841895
240,0.0,1.0,1.0,0.0015177510213106,1.0,0.1645450592041015,4638.186981427411,d1000_B1000_R7_20251106_193320,2025-11-06 19:34:24,1000,40,1000,158.11388300841895
241,0.0,1.0,1.0,0.0015177510213106,1.0,0.1897890567779541,4640.460944975548,d1000_B1000_R7_20251106_193320,2025-11-06 19:34:24,1000,40,1000,158.11388300841895
242,0.0,1.0,1.0,0.0015177510213106,1.0,0.1872658729553222,4642.950892639418,d1000_B1000_R7_20251106_193320,2025-11-06 19:34:24,1000,40,1000,158.11388300841895
243,0.0,1.0,1.0,0.0015177510213106,1.0,0.1728599071502685,4646.674607736752,d1000_B1000_R7_20251106_193320,2025-11-06 19:34:24,1000,40,1000,158.11388300841895
244,0.0,1.0,1.0,0.0015177510213106,1.0,0.1817653179168701,4649.607748294102,d1000_B1000_R7_20251106_193320,2025-11-06 19:34:24,1000,40,1000,158.11388300841895
245,0.0,1.0,1.0,0.0015177510213106,1.0,0.1600329875946045,4654.430834140262,d1000_B1000_R7_20251106_193320,2025-11-06 19:34:24,1000,40,1000,158.11388300841895
246,0.0,1.0,1.0,0.0015177510213106,1.0,0.1670229434967041,4658.60832968504,d1000_B1000_R7_20251106_193320,2025-11-06 19:34:24,1000,40,1000,158.11388300841895
247,0.0,1.0,1.0,0.0015177510213106,1.0,0.1928591728210449,4660.4691353554235,d1000_B1000_R7_20251106_193320,2025-11-06 19:34:24,1000,40,1000,158.11388300841895
248,0.0,1.0,1.0,0.0015177510213106,1.0,0.2151920795440673,4660.3546640249315,d1000_B1000_R7_20251106_193320,2025-11-06 19:34:24,1000,40,1000,158.11388300841895
249,0.0,1.0,1.0,0.0015177510213106,1.0,0.1490471363067627,4666.040052004531,d1000_B1000_R7_20251106_193320,2025-11-06 19:34:24,1000,40,1000,158.11388300841895
250,0.0,1.0,1.0,0.0015177510213106,1.0,0.2025830745697021,4667.035914333146,d1000_B1000_R7_20251106_193320,2025-11-06 19:34:24,1000,40,1000,158.11388300841895
251,0.0,1.0,1.0,0.0015177510213106,1.0,0.1856632232666015,4669.488348443463,d1000_B1000_R7_20251106_193320,2025-11-06 19:34:24,1000,40,1000,158.11388300841895
252,0.0,1.0,1.0,0.0015177510213106,1.0,0.1641252040863037,4673.756137807204,d1000_B1000_R7_20251106_193320,2025-11-06 19:34:24,1000,40,1000,158.11388300841895
253,0.0,1.0,1.0,0.0015177510213106,1.0,0.1794660091400146,4676.704833089771,d1000_B1000_R7_20251106_193320,2025-11-06 19:34:24,1000,40,1000,158.11388300841895
254,0.0,1.0,1.0,0.0015177510213106,1.0,0.186467170715332,4679.02590919868,d1000_B1000_R7_20251106_193320,2025-11-06 19:34:24,1000,40,1000,158.11388300841895
255,0.0,1.0,1.0,0.0015177510213106,1.0,0.1692249774932861,4682.818456703552,d1000_B1000_R7_20251106_193320,2025-11-06 19:34:24,1000,40,1000,158.11388300841895
256,0.0,1.0,1.0,0.0015177510213106,1.0,0.1906208992004394,4684.760835568172,d1000_B1000_R7_20251106_193320,2025-11-06 19:34:24,1000,40,1000,158.11388300841895
257,0.0,1.0,1.0,0.0015177510213106,1.0,0.2017960548400879,4685.713742845692,d1000_B1000_R7_20251106_193320,2025-11-06 19:34:24,1000,40,1000,158.11388300841895
258,0.0,1.0,1.0,0.0015177510213106,1.0,0.1919879913330078,4687.5040253666075,d1000_B1000_R7_20251106_193320,2025-11-06 19:34:24,1000,40,1000,158.11388300841895
259,0.0,1.0,1.0,0.0015177510213106,1.0,0.1479291915893554,4693.015687231669,d1000_B1000_R7_20251106_193320,2025-11-06 19:34:24,1000,40,1000,158.11388300841895
260,0.0,1.0,1.0,0.0015177510213106,1.0,0.2230591773986816,4692.1599707441155,d1000_B1000_R7_20251106_193320,2025-11-06 19:34:24,1000,40,1000,158.11388300841895
261,0.0,1.0,1.0,0.0015177510213106,1.0,0.1230340003967285,4699.717564293573,d1000_B1000_R7_20251106_193320,2025-11-06 19:34:24,1000,40,1000,158.11388300841895
262,0.0,1.0,1.0,0.0015177510213106,1.0,0.1829409599304199,4702.191533669465,d1000_B1000_R7_20251106_193320,2025-11-06 19:34:24,1000,40,1000,158.11388300841895
263,0.0,1.0,1.0,0.0015177510213106,1.0,0.2155802249908447,4701.927553926213,d1000_B1000_R7_20251106_193320,2025-11-06 19:34:24,1000,40,1000,158.11388300841895
264,0.0,1.0,1.0,0.0015177510213106,1.0,0.1962471008300781,4703.272920961587,d1000_B1000_R7_20251106_193320,2025-11-06 19:34:24,1000,40,1000,158.11388300841895
265,0.0,1.0,1.0,0.0015177510213106,1.0,0.1685101985931396,4706.9091043357785,d1000_B1000_R7_20251106_193320,2025-11-06 19:34:24,1000,40,1000,158.11388300841895
266,0.0,1.0,1.0,0.0015177510213106,1.0,0.1661949157714843,4710.737117121556,d1000_B1000_R7_20251106_193320,2025-11-06 19:34:24,1000,40,1000,158.11388300841895
267,0.0,1.0,1.0,0.0015177510213106,1.0,0.2007980346679687,4711.668080689469,d1000_B1000_R7_20251106_193320,2025-11-06 19:34:24,1000,40,1000,158.11388300841895
268,0.0,1.0,1.0,0.0015177510213106,1.0,0.1810810565948486,4714.224518524187,d1000_B1000_R7_20251106_193320,2025-11-06 19:34:24,1000,40,1000,158.11388300841895
269,0.0,1.0,1.0,0.0015177510213106,1.0,0.1707739830017089,4717.612073345498,d1000_B1000_R7_20251106_193320,2025-11-06 19:34:24,1000,40,1000,158.11388300841895
270,0.0,1.0,1.0,0.0015177510213106,1.0,0.1874959468841552,4719.6041635224265,d1000_B1000_R7_20251106_193320,2025-11-06 19:34:24,1000,40,1000,158.11388300841895
271,0.0,1.0,1.0,0.0015177510213106,1.0,0.1912472248077392,4721.277161294349,d1000_B1000_R7_20251106_193320,2025-11-06 19:34:24,1000,40,1000,158.11388300841895
272,0.0,1.0,1.0,0.0015177510213106,1.0,0.1815919876098632,4723.638513480609,d1000_B1000_R7_20251106_193320,2025-11-06 19:34:24,1000,40,1000,158.11388300841895
273,0.0,1.0,1.0,0.0015177510213106,1.0,0.1656041145324707,4727.3535351351475,d1000_B1000_R7_20251106_193320,2025-11-06 19:34:24,1000,40,1000,158.11388300841895
274,0.0,1.0,1.0,0.0015177510213106,1.0,0.1842920780181884,4729.545435897929,d1000_B1000_R7_20251106_193320,2025-11-06 19:34:24,1000,40,1000,158.11388300841895
275,0.0,1.0,1.0,0.0015177510213106,1.0,0.1577060222625732,4733.884931044097,d1000_B1000_R7_20251106_193320,2025-11-06 19:34:24,1000,40,1000,158.11388300841895
276,0.0,1.0,1.0,0.0015177510213106,1.0,0.2171781063079834,4733.388236273725,d1000_B1000_R7_20251106_193320,2025-11-06 19:34:24,1000,40,1000,158.11388300841895
277,0.0,1.0,1.0,0.0015177510213106,1.0,0.1762430667877197,4736.193520173955,d1000_B1000_R7_20251106_193320,2025-11-06 19:34:24,1000,40,1000,158.11388300841895
278,0.0,1.0,1.0,0.0015177510213106,1.0,0.1929821968078613,4737.635594891593,d1000_B1000_R7_20251106_193320,2025-11-06 19:34:24,1000,40,1000,158.11388300841895
279,0.0,1.0,1.0,0.0015177510213106,1.0,0.2051987648010254,4738.088149744622,d1000_B1000_R7_20251106_193320,2025-11-06 19:34:24,1000,40,1000,158.11388300841895
280,0.0,1.0,1.0,0.0015177510213106,1.0,0.1682770252227783,4741.4956089287825,d1000_B1000_R7_20251106_193320,2025-11-06 19:34:24,1000,40,1000,158.11388300841895
281,0.0,1.0,1.0,0.0015177510213106,1.0,0.1567888259887695,4745.780411896924,d1000_B1000_R7_20251106_193320,2025-11-06 19:34:24,1000,40,1000,158.11388300841895
282,0.0,1.0,1.0,0.0015177510213106,1.0,0.2241241931915283,4744.694458742183,d1000_B1000_R7_20251106_193320,2025-11-06 19:34:24,1000,40,1000,158.11388300841895
283,0.0,1.0,1.0,0.0015177510213106,1.0,0.2019760608673095,4745.373459178849,d1000_B1000_R7_20251106_193320,2025-11-06 19:34:24,1000,40,1000,158.11388300841895
284,0.0,1.0,1.0,0.0015177510213106,1.0,0.2031571865081787,4745.950054065344,d1000_B1000_R7_20251106_193320,2025-11-06 19:34:24,1000,40,1000,158.11388300841895
285,0.0,1.0,1.0,0.0015177510213106,1.0,0.2482621669769287,4742.973626992614,d1000_B1000_R7_20251106_193320,2025-11-06 19:34:24,1000,40,1000,158.11388300841895
286,0.0,1.0,1.0,0.0015177510213106,1.0,0.2129621505737304,4742.767181562135,d1000_B1000_R7_20251106_193320,2025-11-06 19:34:24,1000,40,1000,158.11388300841895
287,0.0,1.0,1.0,0.0015177510213106,1.0,0.1589040756225586,4746.817056315459,d1000_B1000_R7_20251106_193320,2025-11-06 19:34:24,1000,40,1000,158.11388300841895
288,0.0,1.0,1.0,0.0015177510213106,1.0,0.1358189582824707,4752.642873110136,d1000_B1000_R7_20251106_193320,2025-11-06 19:34:24,1000,40,1000,158.11388300841895
289,0.0,1.0,1.0,0.0015177510213106,1.0,0.1691749095916748,4755.837360790329,d1000_B1000_R7_20251106_193320,2025-11-06 19:34:24,1000,40,1000,158.11388300841895
290,0.0,1.0,1.0,0.0015177510213106,1.0,0.1629500389099121,4759.507727652778,d1000_B1000_R7_20251106_193320,2025-11-06 19:34:24,1000,40,1000,158.11388300841895
291,0.0,1.0,1.0,0.0015177510213106,1.0,0.1776959896087646,4762.007137531658,d1000_B1000_R7_20251106_193320,2025-11-06 19:34:24,1000,40,1000,158.11388300841895
292,0.0,1.0,1.0,0.0015177510213106,1.0,0.2117111682891845,4761.862122867459,d1000_B1000_R7_20251106_193320,2025-11-06 19:34:24,1000,40,1000,158.11388300841895
293,0.0,1.0,1.0,0.0015177510213106,1.0,0.1804571151733398,4764.1268928659965,d1000_B1000_R7_20251106_193320,2025-11-06 19:34:24,1000,40,1000,158.11388300841895
294,0.0,1.0,1.0,0.0015177510213106,1.0,0.174943208694458,4766.802837953549,d1000_B1000_R7_20251106_193320,2025-11-06 19:34:24,1000,40,1000,158.11388300841895
295,0.0,1.0,1.0,0.0015177510213106,1.0,0.1337909698486328,4772.619363259328,d1000_B1000_R7_20251106_193320,2025-11-06 19:34:24,1000,40,1000,158.11388300841895
296,0.0,1.0,1.0,0.0015177510213106,1.0,0.1624979972839355,4776.204532978642,d1000_B1000_R7_20251106_193320,2025-11-06 19:34:24,1000,40,1000,158.11388300841895
297,0.0,1.0,1.0,0.0015177510213106,1.0,0.127281904220581,4782.480072014305,d1000_B1000_R7_20251106_193320,2025-11-06 19:34:24,1000,40,1000,158.11388300841895
298,0.0,1.0,1.0,0.0015177510213106,1.0,0.1603398323059082,4786.199127626512,d1000_B1000_R7_20251106_193320,2025-11-06 19:34:24,1000,40,1000,158.11388300841895
299,0.0,1.0,1.0,0.0015177510213106,1.0,0.1467509269714355,4790.928681092658,d1000_B1000_R7_20251106_193320,2025-11-06 19:34:24,1000,40,1000,158.11388300841895
0,0.6931473016738892,0.5199999809265137,1.0,0.0005999215063638,1.0,0.3990859985351562,3100.4447640432427,d1250_B1250_R8_20251106_193321,2025-11-06 19:34:42,1250,40,1250,176.7766952966369
1,0.0,1.0,1.0,0.0005999215063638,1.0,0.2633340358734131,3747.675519498831,d1250_B1250_R8_20251106_193321,2025-11-06 19:34:42,1250,40,1250,176.7766952966369
2,0.0,1.0,1.0,0.0005999215063638,1.0,0.2883298397064209,3923.377519422772,d1250_B1250_R8_20251106_193321,2025-11-06 19:34:42,1250,40,1250,176.7766952966369
3,0.0,1.0,1.0,0.0005999215063638,1.0,0.2849969863891601,4028.882128678586,d1250_B1250_R8_20251106_193321,2025-11-06 19:34:42,1250,40,1250,176.7766952966369
4,0.0,1.0,1.0,0.0005999215063638,1.0,0.3509559631347656,3924.754968563064,d1250_B1250_R8_20251106_193321,2025-11-06 19:34:42,1250,40,1250,176.7766952966369
5,0.0,1.0,1.0,0.0005999215063638,1.0,0.4344439506530761,3696.693124320104,d1250_B1250_R8_20251106_193321,2025-11-06 19:34:42,1250,40,1250,176.7766952966369
6,0.0,1.0,1.0,0.0005999215063638,1.0,0.3075151443481445,3744.254074383619,d1250_B1250_R8_20251106_193321,2025-11-06 19:34:42,1250,40,1250,176.7766952966369
7,0.0,1.0,1.0,0.0005999215063638,1.0,0.2977588176727295,3794.592617944336,d1250_B1250_R8_20251106_193321,2025-11-06 19:34:42,1250,40,1250,176.7766952966369
8,0.0,1.0,1.0,0.0005999215063638,1.0,0.2561001777648926,3890.391139727577,d1250_B1250_R8_20251106_193321,2025-11-06 19:34:42,1250,40,1250,176.7766952966369
9,0.0,1.0,1.0,0.0005999215063638,1.0,0.3009388446807861,3914.9702465158543,d1250_B1250_R8_20251106_193321,2025-11-06 19:34:42,1250,40,1250,176.7766952966369
10,0.0,1.0,1.0,0.0005999215063638,1.0,0.6668097972869873,3561.9536131900236,d1250_B1250_R8_20251106_193321,2025-11-06 19:34:42,1250,40,1250,176.7766952966369
11,0.0,1.0,1.0,0.0005999215063638,1.0,0.2483580112457275,3650.609269856213,d1250_B1250_R8_20251106_193321,2025-11-06 19:34:42,1250,40,1250,176.7766952966369
12,0.0,1.0,1.0,0.0005999215063638,1.0,0.3051099777221679,3681.103568898065,d1250_B1250_R8_20251106_193321,2025-11-06 19:34:42,1250,40,1250,176.7766952966369
13,0.0,1.0,1.0,0.0005999215063638,1.0,0.3276631832122803,3689.964501590272,d1250_B1250_R8_20251106_193321,2025-11-06 19:34:42,1250,40,1250,176.7766952966369
14,0.0,1.0,1.0,0.0005999215063638,1.0,0.2094159126281738,3786.000139514013,d1250_B1250_R8_20251106_193321,2025-11-06 19:34:42,1250,40,1250,176.7766952966369
15,0.0,1.0,1.0,0.0005999215063638,1.0,0.2648658752441406,3833.261377307787,d1250_B1250_R8_20251106_193321,2025-11-06 19:34:42,1250,40,1250,176.7766952966369
16,0.0,1.0,1.0,0.0005999215063638,1.0,0.2928559780120849,3856.225198218475,d1250_B1250_R8_20251106_193321,2025-11-06 19:34:42,1250,40,1250,176.7766952966369
17,0.0,1.0,1.0,0.0005999215063638,1.0,0.3828773498535156,3817.6551599597474,d1250_B1250_R8_20251106_193321,2025-11-06 19:34:42,1250,40,1250,176.7766952966369
18,0.0,1.0,1.0,0.0005999215063638,1.0,0.4919869899749756,3719.026366875301,d1250_B1250_R8_20251106_193321,2025-11-06 19:34:42,1250,40,1250,176.7766952966369
19,0.0,1.0,1.0,0.0005999215063638,1.0,0.3507499694824219,3710.804701427503,d1250_B1250_R8_20251106_193321,2025-11-06 19:34:42,1250,40,1250,176.7766952966369
20,0.0,1.0,1.0,0.0005999215063638,1.0,0.3774960041046142,3688.1771992251847,d1250_B1250_R8_20251106_193321,2025-11-06 19:34:42,1250,40,1250,176.7766952966369
21,0.0,1.0,1.0,0.0005999215063638,1.0,0.3145561218261719,3700.098642898273,d1250_B1250_R8_20251106_193321,2025-11-06 19:34:42,1250,40,1250,176.7766952966369
22,0.0,1.0,1.0,0.0005999215063638,1.0,0.3351759910583496,3700.944195270593,d1250_B1250_R8_20251106_193321,2025-11-06 19:34:42,1250,40,1250,176.7766952966369
23,0.0,1.0,1.0,0.0005999215063638,1.0,0.2721490859985351,3730.7613759516576,d1250_B1250_R8_20251106_193321,2025-11-06 19:34:42,1250,40,1250,176.7766952966369
24,0.0,1.0,1.0,0.0005999215063638,1.0,0.316453218460083,3738.957272160928,d1250_B1250_R8_20251106_193321,2025-11-06 19:34:42,1250,40,1250,176.7766952966369
25,0.0,1.0,1.0,0.0005999215063638,1.0,0.3790547847747803,3719.6899847214654,d1250_B1250_R8_20251106_193321,2025-11-06 19:34:42,1250,40,1250,176.7766952966369
26,0.0,1.0,1.0,0.0005999215063638,1.0,0.5399608612060547,3637.740016968337,d1250_B1250_R8_20251106_193321,2025-11-06 19:34:42,1250,40,1250,176.7766952966369
27,0.0,1.0,1.0,0.0005999215063638,1.0,0.3084790706634521,3648.224063203268,d1250_B1250_R8_20251106_193321,2025-11-06 19:34:42,1250,40,1250,176.7766952966369
28,0.0,1.0,1.0,0.0005999215063638,1.0,0.3694207668304443,3638.280060868232,d1250_B1250_R8_20251106_193321,2025-11-06 19:34:42,1250,40,1250,176.7766952966369
29,0.0,1.0,1.0,0.0005999215063638,1.0,0.3392841815948486,3639.610981033326,d1250_B1250_R8_20251106_193321,2025-11-06 19:34:42,1250,40,1250,176.7766952966369
30,0.0,1.0,1.0,0.0005999215063638,1.0,0.3809630870819092,3626.6991036727313,d1250_B1250_R8_20251106_193321,2025-11-06 19:34:42,1250,40,1250,176.7766952966369
31,0.0,1.0,1.0,0.0005999215063638,1.0,0.5315122604370117,3566.0587674327485,d1250_B1250_R8_20251106_193321,2025-11-06 19:34:42,1250,40,1250,176.7766952966369
32,0.0,1.0,1.0,0.0005999215063638,1.0,0.3921399116516113,3553.0817121325754,d1250_B1250_R8_20251106_193321,2025-11-06 19:34:42,1250,40,1250,176.7766952966369
33,0.0,1.0,1.0,0.0005999215063638,1.0,0.316180944442749,3563.504933710758,d1250_B1250_R8_20251106_193321,2025-11-06 19:34:42,1250,40,1250,176.7766952966369
34,0.0,1.0,1.0,0.0005999215063638,1.0,0.4574348926544189,3532.6498978635473,d1250_B1250_R8_20251106_193321,2025-11-06 19:34:42,1250,40,1250,176.7766952966369
35,0.0,1.0,1.0,0.0005999215063638,1.0,0.3536839485168457,3532.566921878452,d1250_B1250_R8_20251106_193321,2025-11-06 19:34:42,1250,40,1250,176.7766952966369
36,0.0,1.0,1.0,0.0005999215063638,1.0,0.3935678005218506,3521.7554632928864,d1250_B1250_R8_20251106_193321,2025-11-06 19:34:42,1250,40,1250,176.7766952966369
37,0.0,1.0,1.0,0.0005999215063638,1.0,0.3302919864654541,3527.946691536196,d1250_B1250_R8_20251106_193321,2025-11-06 19:34:42,1250,40,1250,176.7766952966369
38,0.0,1.0,1.0,0.0005999215063638,1.0,0.2788589000701904,3547.239430879154,d1250_B1250_R8_20251106_193321,2025-11-06 19:34:42,1250,40,1250,176.7766952966369
39,0.0,1.0,1.0,0.0005999215063638,1.0,0.3076860904693603,3558.4602462262437,d1250_B1250_R8_20251106_193321,2025-11-06 19:34:42,1250,40,1250,176.7766952966369
40,0.0,1.0,1.0,0.0005999215063638,1.0,0.364985704421997,3554.965187623001,d1250_B1250_R8_20251106_193321,2025-11-06 19:34:42,1250,40,1250,176.7766952966369
41,0.0,1.0,1.0,0.0005999215063638,1.0,0.3543949127197265,3554.177534945548,d1250_B1250_R8_20251106_193321,2025-11-06 19:34:42,1250,40,1250,176.7766952966369
42,0.0,1.0,1.0,0.0005999215063638,1.0,0.2900338172912597,3568.372550995962,d1250_B1250_R8_20251106_193321,2025-11-06 19:34:42,1250,40,1250,176.7766952966369
43,0.0,1.0,1.0,0.0005999215063638,1.0,0.3891839981079101,3559.3263305560913,d1250_B1250_R8_20251106_193321,2025-11-06 19:34:42,1250,40,1250,176.7766952966369
44,0.0,1.0,1.0,0.0005999215063638,1.0,0.3029460906982422,3570.179986677742,d1250_B1250_R8_20251106_193321,2025-11-06 19:34:42,1250,40,1250,176.7766952966369
45,0.0,1.0,1.0,0.0005999215063638,1.0,0.2695951461791992,3588.0604406635052,d1250_B1250_R8_20251106_193321,2025-11-06 19:34:42,1250,40,1250,176.7766952966369
46,0.0,1.0,1.0,0.0005999215063638,1.0,0.4007110595703125,3576.529432000959,d1250_B1250_R8_20251106_193321,2025-11-06 19:34:42,1250,40,1250,176.7766952966369
47,0.0,1.0,1.0,0.0005999215063638,1.0,0.2908318042755127,3588.9640252970253,d1250_B1250_R8_20251106_193321,2025-11-06 19:34:42,1250,40,1250,176.7766952966369
48,0.0,1.0,1.0,0.0005999215063638,1.0,0.392974853515625,3579.534371071447,d1250_B1250_R8_20251106_193321,2025-11-06 19:34:42,1250,40,1250,176.7766952966369
49,0.0,1.0,1.0,0.0005999215063638,1.0,0.3990869522094726,3569.2745673828563,d1250_B1250_R8_20251106_193321,2025-11-06 19:34:42,1250,40,1250,176.7766952966369
50,0.0,1.0,1.0,0.0005999215063638,1.0,0.3190159797668457,3575.4702946945854,d1250_B1250_R8_20251106_193321,2025-11-06 19:34:42,1250,40,1250,176.7766952966369
51,0.0,1.0,1.0,0.0005999215063638,1.0,0.3319602012634277,3578.897443159535,d1250_B1250_R8_20251106_193321,2025-11-06 19:34:42,1250,40,1250,176.7766952966369
52,0.0,1.0,1.0,0.0005999215063638,1.0,0.3527820110321045,3578.1472121048523,d1250_B1250_R8_20251106_193321,2025-11-06 19:34:42,1250,40,1250,176.7766952966369
53,0.0,1.0,1.0,0.0005999215063638,1.0,0.2865579128265381,3590.009825512262,d1250_B1250_R8_20251106_193321,2025-11-06 19:34:42,1250,40,1250,176.7766952966369
54,0.0,1.0,1.0,0.0005999215063638,1.0,0.4021611213684082,3579.835517339754,d1250_B1250_R8_20251106_193321,2025-11-06 19:34:42,1250,40,1250,176.7766952966369
55,0.0,1.0,1.0,0.0005999215063638,1.0,0.3584728240966797,3578.0814026056946,d1250_B1250_R8_20251106_193321,2025-11-06 19:34:42,1250,40,1250,176.7766952966369
56,0.0,1.0,1.0,0.0005999215063638,1.0,0.3049740791320801,3586.0331544813594,d1250_B1250_R8_20251106_193321,2025-11-06 19:34:42,1250,40,1250,176.7766952966369
57,0.0,1.0,1.0,0.0005999215063638,1.0,0.3424267768859863,3587.083791632014,d1250_B1250_R8_20251106_193321,2025-11-06 19:34:42,1250,40,1250,176.7766952966369
58,0.0,1.0,1.0,0.0005999215063638,1.0,0.6772987842559814,3530.570366740674,d1250_B1250_R8_20251106_193321,2025-11-06 19:34:42,1250,40,1250,176.7766952966369
59,0.0,1.0,1.0,0.0005999215063638,1.0,0.2667057514190674,3544.886310646969,d1250_B1250_R8_20251106_193321,2025-11-06 19:34:42,1250,40,1250,176.7766952966369
60,0.0,1.0,1.0,0.0005999215063638,1.0,0.3619651794433594,3543.290673747287,d1250_B1250_R8_20251106_193321,2025-11-06 19:34:42,1250,40,1250,176.7766952966369
61,0.0,1.0,1.0,0.0005999215063638,1.0,0.2882139682769775,3553.739439601473,d1250_B1250_R8_20251106_193321,2025-11-06 19:34:42,1250,40,1250,176.7766952966369
62,0.0,1.0,1.0,0.0005999215063638,1.0,0.3277890682220459,3557.5487986022677,d1250_B1250_R8_20251106_193321,2025-11-06 19:34:42,1250,40,1250,176.7766952966369
63,0.0,1.0,1.0,0.0005999215063638,1.0,0.3443100452423095,3558.624653928367,d1250_B1250_R8_20251106_193321,2025-11-06 19:34:42,1250,40,1250,176.7766952966369
64,0.0,1.0,1.0,0.0005999215063638,1.0,0.4490911960601806,3543.4017302098987,d1250_B1250_R8_20251106_193321,2025-11-06 19:34:42,1250,40,1250,176.7766952966369
65,0.0,1.0,1.0,0.0005999215063638,1.0,0.3917839527130127,3537.4291000077274,d1250_B1250_R8_20251106_193321,2025-11-06 19:34:42,1250,40,1250,176.7766952966369
66,0.0,1.0,1.0,0.0005999215063638,1.0,0.3572280406951904,3536.739854894305,d1250_B1250_R8_20251106_193321,2025-11-06 19:34:42,1250,40,1250,176.7766952966369
67,0.0,1.0,1.0,0.0005999215063638,1.0,0.2844207286834717,3546.8707697797236,d1250_B1250_R8_20251106_193321,2025-11-06 19:34:42,1250,40,1250,176.7766952966369
68,0.0,1.0,1.0,0.0005999215063638,1.0,0.3326709270477295,3549.7124036894493,d1250_B1250_R8_20251106_193321,2025-11-06 19:34:42,1250,40,1250,176.7766952966369
69,0.0,1.0,1.0,0.0005999215063638,1.0,0.3440699577331543,3550.84004333554,d1250_B1250_R8_20251106_193321,2025-11-06 19:34:42,1250,40,1250,176.7766952966369
70,0.0,1.0,1.0,0.0005999215063638,1.0,0.3486461639404297,3551.285685607882,d1250_B1250_R8_20251106_193321,2025-11-06 19:34:42,1250,40,1250,176.7766952966369
71,0.0,1.0,1.0,0.0005999215063638,1.0,0.2379078865051269,3567.2832899463133,d1250_B1250_R8_20251106_193321,2025-11-06 19:34:42,1250,40,1250,176.7766952966369
72,0.0,1.0,1.0,0.0005999215063638,1.0,0.262700080871582,3579.4914506622363,d1250_B1250_R8_20251106_193321,2025-11-06 19:34:42,1250,40,1250,176.7766952966369
73,0.0,1.0,1.0,0.0005999215063638,1.0,0.3866102695465088,3574.2922701182524,d1250_B1250_R8_20251106_193321,2025-11-06 19:34:42,1250,40,1250,176.7766952966369
74,0.0,1.0,1.0,0.0005999215063638,1.0,0.3666739463806152,3571.939930844897,d1250_B1250_R8_20251106_193321,2025-11-06 19:34:42,1250,40,1250,176.7766952966369
75,0.0,1.0,1.0,0.0005999215063638,1.0,0.251392126083374,3585.1886717364996,d1250_B1250_R8_20251106_193321,2025-11-06 19:34:42,1250,40,1250,176.7766952966369
76,0.0,1.0,1.0,0.0005999215063638,1.0,0.312777042388916,3589.952296438098,d1250_B1250_R8_20251106_193321,2025-11-06 19:34:42,1250,40,1250,176.7766952966369
77,0.0,1.0,1.0,0.0005999215063638,1.0,0.8197610378265381,3528.6583578609007,d1250_B1250_R8_20251106_193321,2025-11-06 19:34:42,1250,40,1250,176.7766952966369
78,0.0,1.0,1.0,0.0005999215063638,1.0,0.3101818561553955,3534.1905997612566,d1250_B1250_R8_20251106_193321,2025-11-06 19:34:42,1250,40,1250,176.7766952966369
79,0.0,1.0,1.0,0.0005999215063638,1.0,0.3495271205902099,3534.684119099839,d1250_B1250_R8_20251106_193321,2025-11-06 19:34:42,1250,40,1250,176.7766952966369
80,0.0,1.0,1.0,0.0005999215063638,1.0,0.3834319114685058,3530.952366085236,d1250_B1250_R8_20251106_193321,2025-11-06 19:34:42,1250,40,1250,176.7766952966369
81,0.0,1.0,1.0,0.0005999215063638,1.0,0.2693371772766113,3541.220360146283,d1250_B1250_R8_20251106_193321,2025-11-06 19:34:42,1250,40,1250,176.7766952966369
82,0.0,1.0,1.0,0.0005999215063638,1.0,0.3805470466613769,3537.8587288007175,d1250_B1250_R8_20251106_193321,2025-11-06 19:34:42,1250,40,1250,176.7766952966369
83,0.0,1.0,1.0,0.0005999215063638,1.0,0.3998022079467773,3532.286979420548,d1250_B1250_R8_20251106_193321,2025-11-06 19:34:42,1250,40,1250,176.7766952966369
84,0.0,1.0,1.0,0.0005999215063638,1.0,0.3755531311035156,3529.6763426838756,d1250_B1250_R8_20251106_193321,2025-11-06 19:34:42,1250,40,1250,176.7766952966369
85,0.0,1.0,1.0,0.0005999215063638,1.0,0.3517439365386963,3529.9337834752105,d1250_B1250_R8_20251106_193321,2025-11-06 19:34:42,1250,40,1250,176.7766952966369
86,0.0,1.0,1.0,0.0005999215063638,1.0,0.2982561588287353,3536.3232704554744,d1250_B1250_R8_20251106_193321,2025-11-06 19:34:42,1250,40,1250,176.7766952966369
87,0.0,1.0,1.0,0.0005999215063638,1.0,0.3775041103363037,3533.5648051083554,d1250_B1250_R8_20251106_193321,2025-11-06 19:34:42,1250,40,1250,176.7766952966369
88,0.0,1.0,1.0,0.0005999215063638,1.0,0.387253999710083,3529.7786669409097,d1250_B1250_R8_20251106_193321,2025-11-06 19:34:42,1250,40,1250,176.7766952966369
89,0.0,1.0,1.0,0.0005999215063638,1.0,0.270658016204834,3535.6916939952785,d1250_B1250_R8_20251106_193321,2025-11-06 19:34:42,1250,40,1250,176.7766952966369
90,0.0,1.0,1.0,0.0005999215063638,1.0,0.3436410427093506,3536.7595515553735,d1250_B1250_R8_20251106_193321,2025-11-06 19:34:42,1250,40,1250,176.7766952966369
91,0.0,1.0,1.0,0.0005999215063638,1.0,0.2910418510437011,3543.531380617889,d1250_B1250_R8_20251106_193321,2025-11-06 19:34:42,1250,40,1250,176.7766952966369
92,0.0,1.0,1.0,0.0005999215063638,1.0,0.2740967273712158,3552.020011163645,d1250_B1250_R8_20251106_193321,2025-11-06 19:34:42,1250,40,1250,176.7766952966369
93,0.0,1.0,1.0,0.0005999215063638,1.0,0.2558910846710205,3562.335599207638,d1250_B1250_R8_20251106_193321,2025-11-06 19:34:42,1250,40,1250,176.7766952966369
94,0.0,1.0,1.0,0.0005999215063638,1.0,0.4927129745483398,3547.2112911932395,d1250_B1250_R8_20251106_193321,2025-11-06 19:34:42,1250,40,1250,176.7766952966369
95,0.0,1.0,1.0,0.0005999215063638,1.0,0.3499472141265869,3547.435543575034,d1250_B1250_R8_20251106_193321,2025-11-06 19:34:42,1250,40,1250,176.7766952966369
96,0.0,1.0,1.0,0.0005999215063638,1.0,0.4380040168762207,3538.5311500859966,d1250_B1250_R8_20251106_193321,2025-11-06 19:34:42,1250,40,1250,176.7766952966369
97,0.0,1.0,1.0,0.0005999215063638,1.0,0.2678940296173095,3547.2390873942213,d1250_B1250_R8_20251106_193321,2025-11-06 19:34:42,1250,40,1250,176.7766952966369
98,0.0,1.0,1.0,0.0005999215063638,1.0,0.4655530452728271,3535.744175628403,d1250_B1250_R8_20251106_193321,2025-11-06 19:34:42,1250,40,1250,176.7766952966369
99,0.0,1.0,1.0,0.0005999215063638,1.0,0.3094551563262939,3540.13048181124,d1250_B1250_R8_20251106_193321,2025-11-06 19:34:42,1250,40,1250,176.7766952966369
100,0.0,1.0,1.0,0.0005999215063638,1.0,0.3155856132507324,3543.835576421436,d1250_B1250_R8_20251106_193321,2025-11-06 19:34:42,1250,40,1250,176.7766952966369
101,0.0,1.0,1.0,0.0005999215063638,1.0,0.3469200134277344,3544.360282892535,d1250_B1250_R8_20251106_193321,2025-11-06 19:34:42,1250,40,1250,176.7766952966369
102,0.0,1.0,1.0,0.0005999215063638,1.0,0.2892060279846191,3550.5041182441864,d1250_B1250_R8_20251106_193321,2025-11-06 19:34:42,1250,40,1250,176.7766952966369
103,0.0,1.0,1.0,0.0005999215063638,1.0,0.2469398975372314,3560.6815646552095,d1250_B1250_R8_20251106_193321,2025-11-06 19:34:42,1250,40,1250,176.7766952966369
104,0.0,1.0,1.0,0.0005999215063638,1.0,0.2945148944854736,3566.1306902492793,d1250_B1250_R8_20251106_193321,2025-11-06 19:34:42,1250,40,1250,176.7766952966369
105,0.0,1.0,1.0,0.0005999215063638,1.0,0.2454550266265869,3576.224084816053,d1250_B1250_R8_20251106_193321,2025-11-06 19:34:42,1250,40,1250,176.7766952966369
106,0.0,1.0,1.0,0.0005999215063638,1.0,0.2551820278167724,3585.2297330131073,d1250_B1250_R8_20251106_193321,2025-11-06 19:34:42,1250,40,1250,176.7766952966369
107,0.0,1.0,1.0,0.0005999215063638,1.0,0.3243458271026611,3587.5150523866964,d1250_B1250_R8_20251106_193321,2025-11-06 19:34:42,1250,40,1250,176.7766952966369
108,0.0,1.0,1.0,0.0005999215063638,1.0,0.2707808017730713,3594.8075375187495,d1250_B1250_R8_20251106_193321,2025-11-06 19:34:42,1250,40,1250,176.7766952966369
109,0.0,1.0,1.0,0.0005999215063638,1.0,0.2619767189025879,3602.8460192591156,d1250_B1250_R8_20251106_193321,2025-11-06 19:34:42,1250,40,1250,176.7766952966369
110,0.0,1.0,1.0,0.0005999215063638,1.0,0.3294708728790283,3604.4618599774185,d1250_B1250_R8_20251106_193321,2025-11-06 19:34:42,1250,40,1250,176.7766952966369
111,0.0,1.0,1.0,0.0005999215063638,1.0,0.3049521446228027,3608.315673791914,d1250_B1250_R8_20251106_193321,2025-11-06 19:34:42,1250,40,1250,176.7766952966369
112,0.0,1.0,1.0,0.0005999215063638,1.0,0.3103599548339844,3611.6179593863135,d1250_B1250_R8_20251106_193321,2025-11-06 19:34:42,1250,40,1250,176.7766952966369
113,0.0,1.0,1.0,0.0005999215063638,1.0,0.3136079311370849,3614.5752609945785,d1250_B1250_R8_20251106_193321,2025-11-06 19:34:42,1250,40,1250,176.7766952966369
114,0.0,1.0,1.0,0.0005999215063638,1.0,0.2792880535125732,3620.605648240459,d1250_B1250_R8_20251106_193321,2025-11-06 19:34:42,1250,40,1250,176.7766952966369
115,0.0,1.0,1.0,0.0005999215063638,1.0,0.2657768726348877,3627.7013561613953,d1250_B1250_R8_20251106_193321,2025-11-06 19:34:42,1250,40,1250,176.7766952966369
116,0.0,1.0,1.0,0.0005999215063638,1.0,0.5407660007476807,3610.109725056549,d1250_B1250_R8_20251106_193321,2025-11-06 19:34:42,1250,40,1250,176.7766952966369
117,0.0,1.0,1.0,0.0005999215063638,1.0,0.2430980205535888,3619.216423704875,d1250_B1250_R8_20251106_193321,2025-11-06 19:34:42,1250,40,1250,176.7766952966369
118,0.0,1.0,1.0,0.0005999215063638,1.0,0.2702479362487793,3625.819057273023,d1250_B1250_R8_20251106_193321,2025-11-06 19:34:42,1250,40,1250,176.7766952966369
119,0.0,1.0,1.0,0.0005999215063638,1.0,0.2355091571807861,3635.3994777538633,d1250_B1250_R8_20251106_193321,2025-11-06 19:34:42,1250,40,1250,176.7766952966369
120,0.0,1.0,1.0,0.0005999215063638,1.0,0.2419750690460205,3644.25884530791,d1250_B1250_R8_20251106_193321,2025-11-06 19:34:42,1250,40,1250,176.7766952966369
121,0.0,1.0,1.0,0.0005999215063638,1.0,0.273965835571289,3650.2520305257735,d1250_B1250_R8_20251106_193321,2025-11-06 19:34:42,1250,40,1250,176.7766952966369
122,0.0,1.0,1.0,0.0005999215063638,1.0,0.2873718738555908,3655.000281206517,d1250_B1250_R8_20251106_193321,2025-11-06 19:34:42,1250,40,1250,176.7766952966369
123,0.0,1.0,1.0,0.0005999215063638,1.0,0.2590091228485107,3662.142090311769,d1250_B1250_R8_20251106_193321,2025-11-06 19:34:42,1250,40,1250,176.7766952966369
124,0.0,1.0,1.0,0.0005999215063638,1.0,0.2510199546813965,3669.891984074161,d1250_B1250_R8_20251106_193321,2025-11-06 19:34:42,1250,40,1250,176.7766952966369
125,0.0,1.0,1.0,0.0005999215063638,1.0,0.2168781757354736,3680.489384617336,d1250_B1250_R8_20251106_193321,2025-11-06 19:34:42,1250,40,1250,176.7766952966369
126,0.0,1.0,1.0,0.0005999215063638,1.0,0.2049319744110107,3691.9902901450982,d1250_B1250_R8_20251106_193321,2025-11-06 19:34:42,1250,40,1250,176.7766952966369
127,0.0,1.0,1.0,0.0005999215063638,1.0,0.226863145828247,3701.486328838188,d1250_B1250_R8_20251106_193321,2025-11-06 19:34:42,1250,40,1250,176.7766952966369
128,0.0,1.0,1.0,0.0005999215063638,1.0,0.2080631256103515,3712.4772862885634,d1250_B1250_R8_20251106_193321,2025-11-06 19:34:42,1250,40,1250,176.7766952966369
129,0.0,1.0,1.0,0.0005999215063638,1.0,0.2484359741210937,3719.957722970052,d1250_B1250_R8_20251106_193321,2025-11-06 19:34:42,1250,40,1250,176.7766952966369
130,0.0,1.0,1.0,0.0005999215063638,1.0,0.2294728755950927,3728.964585158485,d1250_B1250_R8_20251106_193321,2025-11-06 19:34:42,1250,40,1250,176.7766952966369
131,0.0,1.0,1.0,0.0005999215063638,1.0,0.2488617897033691,3736.234273528403,d1250_B1250_R8_20251106_193321,2025-11-06 19:34:42,1250,40,1250,176.7766952966369
132,0.0,1.0,1.0,0.0005999215063638,1.0,0.2355573177337646,3744.544537079169,d1250_B1250_R8_20251106_193321,2025-11-06 19:34:42,1250,40,1250,176.7766952966369
133,0.0,1.0,1.0,0.0005999215063638,1.0,0.2697188854217529,3749.9044971092926,d1250_B1250_R8_20251106_193321,2025-11-06 19:34:42,1250,40,1250,176.7766952966369
134,0.0,1.0,1.0,0.0005999215063638,1.0,0.2045481204986572,3760.6356529075806,d1250_B1250_R8_20251106_193321,2025-11-06 19:34:42,1250,40,1250,176.7766952966369
135,0.0,1.0,1.0,0.0005999215063638,1.0,0.2664582729339599,3766.017990350676,d1250_B1250_R8_20251106_193321,2025-11-06 19:34:42,1250,40,1250,176.7766952966369
136,0.0,1.0,1.0,0.0005999215063638,1.0,0.2160062789916992,3775.6248203617033,d1250_B1250_R8_20251106_193321,2025-11-06 19:34:42,1250,40,1250,176.7766952966369
137,0.0,1.0,1.0,0.0005999215063638,1.0,0.2209370136260986,3784.7370657976135,d1250_B1250_R8_20251106_193321,2025-11-06 19:34:42,1250,40,1250,176.7766952966369
138,0.0,1.0,1.0,0.0005999215063638,1.0,0.2311890125274658,3792.90612572911,d1250_B1250_R8_20251106_193321,2025-11-06 19:34:42,1250,40,1250,176.7766952966369
139,0.0,1.0,1.0,0.0005999215063638,1.0,0.262582778930664,3798.3883260200446,d1250_B1250_R8_20251106_193321,2025-11-06 19:34:42,1250,40,1250,176.7766952966369
140,0.0,1.0,1.0,0.0005999215063638,1.0,0.2333109378814697,3806.226442815257,d1250_B1250_R8_20251106_193321,2025-11-06 19:34:42,1250,40,1250,176.7766952966369
141,0.0,1.0,1.0,0.0005999215063638,1.0,0.2053308486938476,3816.2869722635687,d1250_B1250_R8_20251106_193321,2025-11-06 19:34:42,1250,40,1250,176.7766952966369
142,0.0,1.0,1.0,0.0005999215063638,1.0,0.2240457534790039,3824.7264691899254,d1250_B1250_R8_20251106_193321,2025-11-06 19:34:42,1250,40,1250,176.7766952966369
143,0.0,1.0,1.0,0.0005999215063638,1.0,0.2534468173980713,3830.6758596900354,d1250_B1250_R8_20251106_193321,2025-11-06 19:34:42,1250,40,1250,176.7766952966369
144,0.0,1.0,1.0,0.0005999215063638,1.0,0.2028210163116455,3840.67867596148,d1250_B1250_R8_20251106_193321,2025-11-06 19:34:42,1250,40,1250,176.7766952966369
145,0.0,1.0,1.0,0.0005999215063638,1.0,0.2247381210327148,3848.8101283185633,d1250_B1250_R8_20251106_193321,2025-11-06 19:34:42,1250,40,1250,176.7766952966369
146,0.0,1.0,1.0,0.0005999215063638,1.0,0.2375471591949463,3855.8335004420705,d1250_B1250_R8_20251106_193321,2025-11-06 19:34:42,1250,40,1250,176.7766952966369
147,0.0,1.0,1.0,0.0005999215063638,1.0,0.2546138763427734,3861.392846854397,d1250_B1250_R8_20251106_193321,2025-11-06 19:34:42,1250,40,1250,176.7766952966369
148,0.0,1.0,1.0,0.0005999215063638,1.0,0.2480318546295166,3867.4394966630666,d1250_B1250_R8_20251106_193321,2025-11-06 19:34:42,1250,40,1250,176.7766952966369
149,0.0,1.0,1.0,0.0005999215063638,1.0,0.2335879802703857,3874.5780550986033,d1250_B1250_R8_20251106_193321,2025-11-06 19:34:42,1250,40,1250,176.7766952966369
150,0.0,1.0,1.0,0.0005999215063638,1.0,0.2431552410125732,3880.875299515086,d1250_B1250_R8_20251106_193321,2025-11-06 19:34:42,1250,40,1250,176.7766952966369
151,0.0,1.0,1.0,0.0005999215063638,1.0,0.241765022277832,3887.2194910372905,d1250_B1250_R8_20251106_193321,2025-11-06 19:34:42,1250,40,1250,176.7766952966369
152,0.0,1.0,1.0,0.0005999215063638,1.0,0.2723081111907959,3891.0957029785864,d1250_B1250_R8_20251106_193321,2025-11-06 19:34:42,1250,40,1250,176.7766952966369
153,0.0,1.0,1.0,0.0005999215063638,1.0,0.2193789482116699,3899.095612240891,d1250_B1250_R8_20251106_193321,2025-11-06 19:34:42,1250,40,1250,176.7766952966369
154,0.0,1.0,1.0,0.0005999215063638,1.0,0.2419490814208984,3905.258644722244,d1250_B1250_R8_20251106_193321,2025-11-06 19:34:42,1250,40,1250,176.7766952966369
155,0.0,1.0,1.0,0.0005999215063638,1.0,0.2401719093322754,3911.503724934747,d1250_B1250_R8_20251106_193321,2025-11-06 19:34:42,1250,40,1250,176.7766952966369
156,0.0,1.0,1.0,0.0005999215063638,1.0,0.2112610340118408,3919.9268943862658,d1250_B1250_R8_20251106_193321,2025-11-06 19:34:42,1250,40,1250,176.7766952966369
157,0.0,1.0,1.0,0.0005999215063638,1.0,0.2475557327270507,3925.444372128289,d1250_B1250_R8_20251106_193321,2025-11-06 19:34:42,1250,40,1250,176.7766952966369
158,0.0,1.0,1.0,0.0005999215063638,1.0,0.2183318138122558,3933.2077545977977,d1250_B1250_R8_20251106_193321,2025-11-06 19:34:42,1250,40,1250,176.7766952966369
159,0.0,1.0,1.0,0.0005999215063638,1.0,0.2409338951110839,3939.143997674364,d1250_B1250_R8_20251106_193321,2025-11-06 19:34:42,1250,40,1250,176.7766952966369
160,0.0,1.0,1.0,0.0005999215063638,1.0,0.2614710330963135,3943.438564956774,d1250_B1250_R8_20251106_193321,2025-11-06 19:34:42,1250,40,1250,176.7766952966369
161,0.0,1.0,1.0,0.0005999215063638,1.0,0.2583138942718506,3947.9308872470833,d1250_B1250_R8_20251106_193321,2025-11-06 19:34:42,1250,40,1250,176.7766952966369
162,0.0,1.0,1.0,0.0005999215063638,1.0,0.2737870216369629,3951.1953745864344,d1250_B1250_R8_20251106_193321,2025-11-06 19:34:42,1250,40,1250,176.7766952966369
163,0.0,1.0,1.0,0.0005999215063638,1.0,0.2906968593597412,3953.129162729797,d1250_B1250_R8_20251106_193321,2025-11-06 19:34:42,1250,40,1250,176.7766952966369
164,0.0,1.0,1.0,0.0005999215063638,1.0,0.2390279769897461,3958.9692036910383,d1250_B1250_R8_20251106_193321,2025-11-06 19:34:42,1250,40,1250,176.7766952966369
165,0.0,1.0,1.0,0.0005999215063638,1.0,0.2496662139892578,3963.937905171066,d1250_B1250_R8_20251106_193321,2025-11-06 19:34:42,1250,40,1250,176.7766952966369
166,0.0,1.0,1.0,0.0005999215063638,1.0,0.2544910907745361,3968.494370043591,d1250_B1250_R8_20251106_193321,2025-11-06 19:34:42,1250,40,1250,176.7766952966369
167,0.0,1.0,1.0,0.0005999215063638,1.0,0.2556958198547363,3972.926643697977,d1250_B1250_R8_20251106_193321,2025-11-06 19:34:42,1250,40,1250,176.7766952966369
168,0.0,1.0,1.0,0.0005999215063638,1.0,0.2226531505584716,3979.7822808261826,d1250_B1250_R8_20251106_193321,2025-11-06 19:34:42,1250,40,1250,176.7766952966369
169,0.0,1.0,1.0,0.0005999215063638,1.0,0.2605090141296386,3983.75974772642,d1250_B1250_R8_20251106_193321,2025-11-06 19:34:42,1250,40,1250,176.7766952966369
170,0.0,1.0,1.0,0.0005999215063638,1.0,0.2246458530426025,3990.372854319832,d1250_B1250_R8_20251106_193321,2025-11-06 19:34:42,1250,40,1250,176.7766952966369
171,0.0,1.0,1.0,0.0005999215063638,1.0,0.2261610031127929,3996.811611320024,d1250_B1250_R8_20251106_193321,2025-11-06 19:34:42,1250,40,1250,176.7766952966369
172,0.0,1.0,1.0,0.0005999215063638,1.0,0.3512639999389648,3993.9498732734623,d1250_B1250_R8_20251106_193321,2025-11-06 19:34:42,1250,40,1250,176.7766952966369
173,0.0,1.0,1.0,0.0005999215063638,1.0,0.2109591960906982,4001.430365071406,d1250_B1250_R8_20251106_193321,2025-11-06 19:34:42,1250,40,1250,176.7766952966369
174,0.0,1.0,1.0,0.0005999215063638,1.0,0.2398381233215332,4006.717123890634,d1250_B1250_R8_20251106_193321,2025-11-06 19:34:42,1250,40,1250,176.7766952966369
175,0.0,1.0,1.0,0.0005999215063638,1.0,0.2054033279418945,4014.491565219074,d1250_B1250_R8_20251106_193321,2025-11-06 19:34:42,1250,40,1250,176.7766952966369
176,0.0,1.0,1.0,0.0005999215063638,1.0,0.2245702743530273,4020.812701436869,d1250_B1250_R8_20251106_193321,2025-11-06 19:34:42,1250,40,1250,176.7766952966369
177,0.0,1.0,1.0,0.0005999215063638,1.0,0.2582547664642334,4024.629647725646,d1250_B1250_R8_20251106_193321,2025-11-06 19:34:42,1250,40,1250,176.7766952966369
178,0.0,1.0,1.0,0.0005999215063638,1.0,0.2095451354980468,4031.9379922027542,d1250_B1250_R8_20251106_193321,2025-11-06 19:34:42,1250,40,1250,176.7766952966369
179,0.0,1.0,1.0,0.0005999215063638,1.0,0.2758557796478271,4034.385288441103,d1250_B1250_R8_20251106_193321,2025-11-06 19:34:42,1250,40,1250,176.7766952966369
180,0.0,1.0,1.0,0.0005999215063638,1.0,0.2733211517333984,4036.969892160392,d1250_B1250_R8_20251106_193321,2025-11-06 19:34:42,1250,40,1250,176.7766952966369
181,0.0,1.0,1.0,0.0005999215063638,1.0,0.2816908359527588,4038.953543445226,d1250_B1250_R8_20251106_193321,2025-11-06 19:34:42,1250,40,1250,176.7766952966369
182,0.0,1.0,1.0,0.0005999215063638,1.0,0.2571067810058594,4042.6768609377104,d1250_B1250_R8_20251106_193321,2025-11-06 19:34:42,1250,40,1250,176.7766952966369
183,0.0,1.0,1.0,0.0005999215063638,1.0,0.3064560890197754,4042.8596550253455,d1250_B1250_R8_20251106_193321,2025-11-06 19:34:42,1250,40,1250,176.7766952966369
184,0.0,1.0,1.0,0.0005999215063638,1.0,0.2731280326843261,4045.389883360493,d1250_B1250_R8_20251106_193321,2025-11-06 19:34:42,1250,40,1250,176.7766952966369
185,0.0,1.0,1.0,0.0005999215063638,1.0,0.2481250762939453,4049.640394426207,d1250_B1250_R8_20251106_193321,2025-11-06 19:34:42,1250,40,1250,176.7766952966369
186,0.0,1.0,1.0,0.0005999215063638,1.0,0.288607120513916,4051.026380454593,d1250_B1250_R8_20251106_193321,2025-11-06 19:34:42,1250,40,1250,176.7766952966369
187,0.0,1.0,1.0,0.0005999215063638,1.0,0.2992339134216308,4051.6532376394903,d1250_B1250_R8_20251106_193321,2025-11-06 19:34:42,1250,40,1250,176.7766952966369
188,0.0,1.0,1.0,0.0005999215063638,1.0,0.2627098560333252,4054.8242420176666,d1250_B1250_R8_20251106_193321,2025-11-06 19:34:42,1250,40,1250,176.7766952966369
189,0.0,1.0,1.0,0.0005999215063638,1.0,0.293612003326416,4055.8205104708354,d1250_B1250_R8_20251106_193321,2025-11-06 19:34:42,1250,40,1250,176.7766952966369
190,0.0,1.0,1.0,0.0005999215063638,1.0,0.2916600704193115,4056.9392650445866,d1250_B1250_R8_20251106_193321,2025-11-06 19:34:42,1250,40,1250,176.7766952966369
191,0.0,1.0,1.0,0.0005999215063638,1.0,0.3008179664611816,4057.420119194361,d1250_B1250_R8_20251106_193321,2025-11-06 19:34:42,1250,40,1250,176.7766952966369
192,0.0,1.0,1.0,0.0005999215063638,1.0,0.3115460872650146,4057.170152119927,d1250_B1250_R8_20251106_193321,2025-11-06 19:34:42,1250,40,1250,176.7766952966369
193,0.0,1.0,1.0,0.0005999215063638,1.0,0.2877931594848633,4058.5365629427138,d1250_B1250_R8_20251106_193321,2025-11-06 19:34:42,1250,40,1250,176.7766952966369
194,0.0,1.0,1.0,0.0005999215063638,1.0,0.2277882099151611,4063.950701345224,d1250_B1250_R8_20251106_193321,2025-11-06 19:34:42,1250,40,1250,176.7766952966369
195,0.0,1.0,1.0,0.0005999215063638,1.0,0.1827499866485595,4072.369430333363,d1250_B1250_R8_20251106_193321,2025-11-06 19:34:42,1250,40,1250,176.7766952966369
196,0.0,1.0,1.0,0.0005999215063638,1.0,0.2429289817810058,4076.666358062544,d1250_B1250_R8_20251106_193321,2025-11-06 19:34:42,1250,40,1250,176.7766952966369
197,0.0,1.0,1.0,0.0005999215063638,1.0,0.2377891540527343,4081.277336308407,d1250_B1250_R8_20251106_193321,2025-11-06 19:34:42,1250,40,1250,176.7766952966369
198,0.0,1.0,1.0,0.0005999215063638,1.0,0.2638180255889892,4084.101383007102,d1250_B1250_R8_20251106_193321,2025-11-06 19:34:42,1250,40,1250,176.7766952966369
199,0.0,1.0,1.0,0.0005999215063638,1.0,0.2291288375854492,4089.2288599763383,d1250_B1250_R8_20251106_193321,2025-11-06 19:34:42,1250,40,1250,176.7766952966369
200,0.0,1.0,1.0,0.0005999215063638,1.0,0.1662981510162353,4098.5051889945835,d1250_B1250_R8_20251106_193321,2025-11-06 19:34:42,1250,40,1250,176.7766952966369
201,0.0,1.0,1.0,0.0005999215063638,1.0,0.1583790779113769,4108.246311087534,d1250_B1250_R8_20251106_193321,2025-11-06 19:34:42,1250,40,1250,176.7766952966369
202,0.0,1.0,1.0,0.0005999215063638,1.0,0.1598398685455322,4117.8589467789225,d1250_B1250_R8_20251106_193321,2025-11-06 19:34:42,1250,40,1250,176.7766952966369
203,0.0,1.0,1.0,0.0005999215063638,1.0,0.1480913162231445,4128.205616218397,d1250_B1250_R8_20251106_193321,2025-11-06 19:34:42,1250,40,1250,176.7766952966369
204,0.0,1.0,1.0,0.0005999215063638,1.0,0.2136187553405761,4134.126843014189,d1250_B1250_R8_20251106_193321,2025-11-06 19:34:42,1250,40,1250,176.7766952966369
205,0.0,1.0,1.0,0.0005999215063638,1.0,0.2062258720397949,4140.499582729093,d1250_B1250_R8_20251106_193321,2025-11-06 19:34:42,1250,40,1250,176.7766952966369
206,0.0,1.0,1.0,0.0005999215063638,1.0,0.1657049655914306,4149.518594608504,d1250_B1250_R8_20251106_193321,2025-11-06 19:34:42,1250,40,1250,176.7766952966369
207,0.0,1.0,1.0,0.0005999215063638,1.0,0.1733529567718505,4157.994631724209,d1250_B1250_R8_20251106_193321,2025-11-06 19:34:42,1250,40,1250,176.7766952966369
208,0.0,1.0,1.0,0.0005999215063638,1.0,0.1783230304718017,4166.084340019957,d1250_B1250_R8_20251106_193321,2025-11-06 19:34:42,1250,40,1250,176.7766952966369
209,0.0,1.0,1.0,0.0005999215063638,1.0,0.1785259246826172,4174.116794478501,d1250_B1250_R8_20251106_193321,2025-11-06 19:34:42,1250,40,1250,176.7766952966369
210,0.0,1.0,1.0,0.0005999215063638,1.0,0.1398971080780029,4184.671512886434,d1250_B1250_R8_20251106_193321,2025-11-06 19:34:42,1250,40,1250,176.7766952966369
211,0.0,1.0,1.0,0.0005999215063638,1.0,0.1618428230285644,4193.714870100116,d1250_B1250_R8_20251106_193321,2025-11-06 19:34:42,1250,40,1250,176.7766952966369
212,0.0,1.0,1.0,0.0005999215063638,1.0,0.1649122238159179,4202.511785684895,d1250_B1250_R8_20251106_193321,2025-11-06 19:34:42,1250,40,1250,176.7766952966369
213,0.0,1.0,1.0,0.0005999215063638,1.0,0.1550920009613037,4211.913893899349,d1250_B1250_R8_20251106_193321,2025-11-06 19:34:42,1250,40,1250,176.7766952966369
214,0.0,1.0,1.0,0.0005999215063638,1.0,0.1853950023651123,4219.26207733185,d1250_B1250_R8_20251106_193321,2025-11-06 19:34:42,1250,40,1250,176.7766952966369
215,0.0,1.0,1.0,0.0005999215063638,1.0,0.1730568408966064,4227.378808255328,d1250_B1250_R8_20251106_193321,2025-11-06 19:34:42,1250,40,1250,176.7766952966369
216,0.0,1.0,1.0,0.0005999215063638,1.0,0.172245979309082,4235.509960863753,d1250_B1250_R8_20251106_193321,2025-11-06 19:34:42,1250,40,1250,176.7766952966369
217,0.0,1.0,1.0,0.0005999215063638,1.0,0.1660809516906738,4243.983872749115,d1250_B1250_R8_20251106_193321,2025-11-06 19:34:42,1250,40,1250,176.7766952966369
218,0.0,1.0,1.0,0.0005999215063638,1.0,0.1828479766845703,4251.322976712877,d1250_B1250_R8_20251106_193321,2025-11-06 19:34:42,1250,40,1250,176.7766952966369
219,0.0,1.0,1.0,0.0005999215063638,1.0,0.188779592514038,4258.234704792856,d1250_B1250_R8_20251106_193321,2025-11-06 19:34:42,1250,40,1250,176.7766952966369
220,0.0,1.0,1.0,0.0005999215063638,1.0,0.1687321662902832,4266.424803178303,d1250_B1250_R8_20251106_193321,2025-11-06 19:34:42,1250,40,1250,176.7766952966369
221,0.0,1.0,1.0,0.0005999215063638,1.0,0.175657033920288,4274.114689926032,d1250_B1250_R8_20251106_193321,2025-11-06 19:34:42,1250,40,1250,176.7766952966369
222,0.0,1.0,1.0,0.0005999215063638,1.0,0.1851651668548584,4281.137227461223,d1250_B1250_R8_20251106_193321,2025-11-06 19:34:42,1250,40,1250,176.7766952966369
223,0.0,1.0,1.0,0.0005999215063638,1.0,0.1866161823272705,4288.00593448087,d1250_B1250_R8_20251106_193321,2025-11-06 19:34:42,1250,40,1250,176.7766952966369
224,0.0,1.0,1.0,0.0005999215063638,1.0,0.2042269706726074,4293.7074728555535,d1250_B1250_R8_20251106_193321,2025-11-06 19:34:42,1250,40,1250,176.7766952966369
225,0.0,1.0,1.0,0.0005999215063638,1.0,0.1968200206756591,4299.85838482141,d1250_B1250_R8_20251106_193321,2025-11-06 19:34:42,1250,40,1250,176.7766952966369
226,0.0,1.0,1.0,0.0005999215063638,1.0,0.17169189453125,4307.610007342745,d1250_B1250_R8_20251106_193321,2025-11-06 19:34:42,1250,40,1250,176.7766952966369
227,0.0,1.0,1.0,0.0005999215063638,1.0,0.15926194190979,4316.127065017764,d1250_B1250_R8_20251106_193321,2025-11-06 19:34:42,1250,40,1250,176.7766952966369
228,0.0,1.0,1.0,0.0005999215063638,1.0,0.1904189586639404,4322.57423479313,d1250_B1250_R8_20251106_193321,2025-11-06 19:34:42,1250,40,1250,176.7766952966369
229,0.0,1.0,1.0,0.0005999215063638,1.0,0.1691620349884033,4330.370880412786,d1250_B1250_R8_20251106_193321,2025-11-06 19:34:42,1250,40,1250,176.7766952966369
230,0.0,1.0,1.0,0.0005999215063638,1.0,0.1711568832397461,4338.002686390744,d1250_B1250_R8_20251106_193321,2025-11-06 19:34:42,1250,40,1250,176.7766952966369
231,0.0,1.0,1.0,0.0005999215063638,1.0,0.1695709228515625,4345.692258820011,d1250_B1250_R8_20251106_193321,2025-11-06 19:34:42,1250,40,1250,176.7766952966369
232,0.0,1.0,1.0,0.0005999215063638,1.0,0.1926469802856445,4351.847746796669,d1250_B1250_R8_20251106_193321,2025-11-06 19:34:42,1250,40,1250,176.7766952966369
233,0.0,1.0,1.0,0.0005999215063638,1.0,0.179960012435913,4358.78384851327,d1250_B1250_R8_20251106_193321,2025-11-06 19:34:42,1250,40,1250,176.7766952966369
234,0.0,1.0,1.0,0.0005999215063638,1.0,0.1561295986175537,4367.23331141452,d1250_B1250_R8_20251106_193321,2025-11-06 19:34:42,1250,40,1250,176.7766952966369
235,0.0,1.0,1.0,0.0005999215063638,1.0,0.1934080123901367,4373.2265130810265,d1250_B1250_R8_20251106_193321,2025-11-06 19:34:42,1250,40,1250,176.7766952966369
236,0.0,1.0,1.0,0.0005999215063638,1.0,0.1839940547943115,4379.77571108203,d1250_B1250_R8_20251106_193321,2025-11-06 19:34:42,1250,40,1250,176.7766952966369
237,0.0,1.0,1.0,0.0005999215063638,1.0,0.1792562007904052,4386.613288773955,d1250_B1250_R8_20251106_193321,2025-11-06 19:34:42,1250,40,1250,176.7766952966369
238,0.0,1.0,1.0,0.0005999215063638,1.0,0.1611499786376953,4394.585756472812,d1250_B1250_R8_20251106_193321,2025-11-06 19:34:42,1250,40,1250,176.7766952966369
239,0.0,1.0,1.0,0.0005999215063638,1.0,0.1800730228424072,4401.296674511509,d1250_B1250_R8_20251106_193321,2025-11-06 19:34:42,1250,40,1250,176.7766952966369
240,0.0,1.0,1.0,0.0005999215063638,1.0,0.1674637794494629,4408.791709341991,d1250_B1250_R8_20251106_193321,2025-11-06 19:34:42,1250,40,1250,176.7766952966369
241,0.0,1.0,1.0,0.0005999215063638,1.0,0.1565077304840088,4416.9529310637145,d1250_B1250_R8_20251106_193321,2025-11-06 19:34:42,1250,40,1250,176.7766952966369
242,0.0,1.0,1.0,0.0005999215063638,1.0,0.1797606945037841,4423.576184196427,d1250_B1250_R8_20251106_193321,2025-11-06 19:34:42,1250,40,1250,176.7766952966369
243,0.0,1.0,1.0,0.0005999215063638,1.0,0.1853578090667724,4429.79998085916,d1250_B1250_R8_20251106_193321,2025-11-06 19:34:42,1250,40,1250,176.7766952966369
244,0.0,1.0,1.0,0.0005999215063638,1.0,0.1656997203826904,4437.258791819117,d1250_B1250_R8_20251106_193321,2025-11-06 19:34:42,1250,40,1250,176.7766952966369
245,0.0,1.0,1.0,0.0005999215063638,1.0,0.1593708992004394,4445.090314501944,d1250_B1250_R8_20251106_193321,2025-11-06 19:34:42,1250,40,1250,176.7766952966369
246,0.0,1.0,1.0,0.0005999215063638,1.0,0.1769168376922607,4451.757200559913,d1250_B1250_R8_20251106_193321,2025-11-06 19:34:42,1250,40,1250,176.7766952966369
247,0.0,1.0,1.0,0.0005999215063638,1.0,0.180823802947998,4458.134960066524,d1250_B1250_R8_20251106_193321,2025-11-06 19:34:42,1250,40,1250,176.7766952966369
248,0.0,1.0,1.0,0.0005999215063638,1.0,0.1690180301666259,4465.2399858012795,d1250_B1250_R8_20251106_193321,2025-11-06 19:34:42,1250,40,1250,176.7766952966369
249,0.0,1.0,1.0,0.0005999215063638,1.0,0.1624338626861572,4472.733552954041,d1250_B1250_R8_20251106_193321,2025-11-06 19:34:42,1250,40,1250,176.7766952966369
250,0.0,1.0,1.0,0.0005999215063638,1.0,0.1805310249328613,4479.032856678297,d1250_B1250_R8_20251106_193321,2025-11-06 19:34:42,1250,40,1250,176.7766952966369
251,0.0,1.0,1.0,0.0005999215063638,1.0,0.1740751266479492,4485.707690078429,d1250_B1250_R8_20251106_193321,2025-11-06 19:34:42,1250,40,1250,176.7766952966369
252,0.0,1.0,1.0,0.0005999215063638,1.0,0.1897530555725097,4491.353150149345,d1250_B1250_R8_20251106_193321,2025-11-06 19:34:42,1250,40,1250,176.7766952966369
253,0.0,1.0,1.0,0.0005999215063638,1.0,0.1536121368408203,4499.27377501829,d1250_B1250_R8_20251106_193321,2025-11-06 19:34:42,1250,40,1250,176.7766952966369
254,0.0,1.0,1.0,0.0005999215063638,1.0,0.1803288459777832,4505.458922817479,d1250_B1250_R8_20251106_193321,2025-11-06 19:34:42,1250,40,1250,176.7766952966369
255,0.0,1.0,1.0,0.0005999215063638,1.0,0.181650161743164,4511.522755931872,d1250_B1250_R8_20251106_193321,2025-11-06 19:34:42,1250,40,1250,176.7766952966369
256,0.0,1.0,1.0,0.0005999215063638,1.0,0.1867237091064453,4517.230584827613,d1250_B1250_R8_20251106_193321,2025-11-06 19:34:42,1250,40,1250,176.7766952966369
257,0.0,1.0,1.0,0.0005999215063638,1.0,0.1717109680175781,4523.8621083133285,d1250_B1250_R8_20251106_193321,2025-11-06 19:34:42,1250,40,1250,176.7766952966369
258,0.0,1.0,1.0,0.0005999215063638,1.0,0.156836986541748,4531.412464206494,d1250_B1250_R8_20251106_193321,2025-11-06 19:34:42,1250,40,1250,176.7766952966369
259,0.0,1.0,1.0,0.0005999215063638,1.0,0.1774897575378418,4537.621896829283,d1250_B1250_R8_20251106_193321,2025-11-06 19:34:42,1250,40,1250,176.7766952966369
260,0.0,1.0,1.0,0.0005999215063638,1.0,0.1756541728973388,4543.915656124374,d1250_B1250_R8_20251106_193321,2025-11-06 19:34:42,1250,40,1250,176.7766952966369
261,0.0,1.0,1.0,0.0005999215063638,1.0,0.1697950363159179,4550.54603190841,d1250_B1250_R8_20251106_193321,2025-11-06 19:34:42,1250,40,1250,176.7766952966369
262,0.0,1.0,1.0,0.0005999215063638,1.0,0.1617090702056884,4557.649449279422,d1250_B1250_R8_20251106_193321,2025-11-06 19:34:42,1250,40,1250,176.7766952966369
263,0.0,1.0,1.0,0.0005999215063638,1.0,0.180433988571167,4563.544853153161,d1250_B1250_R8_20251106_193321,2025-11-06 19:34:42,1250,40,1250,176.7766952966369
264,0.0,1.0,1.0,0.0005999215063638,1.0,0.1877927780151367,4568.9462249790295,d1250_B1250_R8_20251106_193321,2025-11-06 19:34:42,1250,40,1250,176.7766952966369
265,0.0,1.0,1.0,0.0005999215063638,1.0,0.1725640296936035,4575.27588447192,d1250_B1250_R8_20251106_193321,2025-11-06 19:34:42,1250,40,1250,176.7766952966369
266,0.0,1.0,1.0,0.0005999215063638,1.0,0.1751799583435058,4581.416088831854,d1250_B1250_R8_20251106_193321,2025-11-06 19:34:42,1250,40,1250,176.7766952966369
267,0.0,1.0,1.0,0.0005999215063638,1.0,0.1778690814971923,4587.352692143768,d1250_B1250_R8_20251106_193321,2025-11-06 19:34:42,1250,40,1250,176.7766952966369
268,0.0,1.0,1.0,0.0005999215063638,1.0,0.1527061462402343,4594.8374045404325,d1250_B1250_R8_20251106_193321,2025-11-06 19:34:42,1250,40,1250,176.7766952966369
269,0.0,1.0,1.0,0.0005999215063638,1.0,0.1833040714263916,4600.373263996201,d1250_B1250_R8_20251106_193321,2025-11-06 19:34:42,1250,40,1250,176.7766952966369
270,0.0,1.0,1.0,0.0005999215063638,1.0,0.1703870296478271,4606.692680963117,d1250_B1250_R8_20251106_193321,2025-11-06 19:34:42,1250,40,1250,176.7766952966369
271,0.0,1.0,1.0,0.0005999215063638,1.0,0.1599271297454834,4613.641872055303,d1250_B1250_R8_20251106_193321,2025-11-06 19:34:42,1250,40,1250,176.7766952966369
272,0.0,1.0,1.0,0.0005999215063638,1.0,0.1730561256408691,4619.735712182056,d1250_B1250_R8_20251106_193321,2025-11-06 19:34:42,1250,40,1250,176.7766952966369
273,0.0,1.0,1.0,0.0005999215063638,1.0,0.173779010772705,4625.747510854936,d1250_B1250_R8_20251106_193321,2025-11-06 19:34:42,1250,40,1250,176.7766952966369
274,0.0,1.0,1.0,0.0005999215063638,1.0,0.1661651134490966,4632.218924983057,d1250_B1250_R8_20251106_193321,2025-11-06 19:34:42,1250,40,1250,176.7766952966369
275,0.0,1.0,1.0,0.0005999215063638,1.0,0.1676859855651855,4638.563657834275,d1250_B1250_R8_20251106_193321,2025-11-06 19:34:42,1250,40,1250,176.7766952966369
276,0.0,1.0,1.0,0.0005999215063638,1.0,0.1748111248016357,4644.4335680020795,d1250_B1250_R8_20251106_193321,2025-11-06 19:34:42,1250,40,1250,176.7766952966369
277,0.0,1.0,1.0,0.0005999215063638,1.0,0.1737091541290283,4650.346766103403,d1250_B1250_R8_20251106_193321,2025-11-06 19:34:42,1250,40,1250,176.7766952966369
278,0.0,1.0,1.0,0.0005999215063638,1.0,0.1455469131469726,4657.980227622714,d1250_B1250_R8_20251106_193321,2025-11-06 19:34:42,1250,40,1250,176.7766952966369
279,0.0,1.0,1.0,0.0005999215063638,1.0,0.1487171649932861,4665.392011700193,d1250_B1250_R8_20251106_193321,2025-11-06 19:34:42,1250,40,1250,176.7766952966369
280,0.0,1.0,1.0,0.0005999215063638,1.0,0.1735317707061767,4671.226874930635,d1250_B1250_R8_20251106_193321,2025-11-06 19:34:42,1250,40,1250,176.7766952966369
281,0.0,1.0,1.0,0.0005999215063638,1.0,0.1785199642181396,4676.726042992698,d1250_B1250_R8_20251106_193321,2025-11-06 19:34:42,1250,40,1250,176.7766952966369
282,0.0,1.0,1.0,0.0005999215063638,1.0,0.1632318496704101,4683.150483093582,d1250_B1250_R8_20251106_193321,2025-11-06 19:34:42,1250,40,1250,176.7766952966369
283,0.0,1.0,1.0,0.0005999215063638,1.0,0.1675889492034912,4689.279866343527,d1250_B1250_R8_20251106_193321,2025-11-06 19:34:42,1250,40,1250,176.7766952966369
284,0.0,1.0,1.0,0.0005999215063638,1.0,0.1658129692077636,4695.483868109144,d1250_B1250_R8_20251106_193321,2025-11-06 19:34:42,1250,40,1250,176.7766952966369
285,0.0,1.0,1.0,0.0005999215063638,1.0,0.164726972579956,4701.735687377844,d1250_B1250_R8_20251106_193321,2025-11-06 19:34:42,1250,40,1250,176.7766952966369
286,0.0,1.0,1.0,0.0005999215063638,1.0,0.1686153411865234,4707.713140900555,d1250_B1250_R8_20251106_193321,2025-11-06 19:34:42,1250,40,1250,176.7766952966369
287,0.0,1.0,1.0,0.0005999215063638,1.0,0.1640992164611816,4713.948672171374,d1250_B1250_R8_20251106_193321,2025-11-06 19:34:42,1250,40,1250,176.7766952966369
288,0.0,1.0,1.0,0.0005999215063638,1.0,0.1624269485473632,4720.260308223657,d1250_B1250_R8_20251106_193321,2025-11-06 19:34:42,1250,40,1250,176.7766952966369
289,0.0,1.0,1.0,0.0005999215063638,1.0,0.1964509487152099,4724.445146044696,d1250_B1250_R8_20251106_193321,2025-11-06 19:34:42,1250,40,1250,176.7766952966369
290,0.0,1.0,1.0,0.0005999215063638,1.0,0.1738002300262451,4730.001499937671,d1250_B1250_R8_20251106_193321,2025-11-06 19:34:42,1250,40,1250,176.7766952966369
291,0.0,1.0,1.0,0.0005999215063638,1.0,0.1586408615112304,4736.467913283994,d1250_B1250_R8_20251106_193321,2025-11-06 19:34:42,1250,40,1250,176.7766952966369
292,0.0,1.0,1.0,0.0005999215063638,1.0,0.196009874343872,4740.613240623494,d1250_B1250_R8_20251106_193321,2025-11-06 19:34:42,1250,40,1250,176.7766952966369
293,0.0,1.0,1.0,0.0005999215063638,1.0,0.1802191734313964,4745.702454805032,d1250_B1250_R8_20251106_193321,2025-11-06 19:34:42,1250,40,1250,176.7766952966369
294,0.0,1.0,1.0,0.0005999215063638,1.0,0.185220718383789,4750.467125548836,d1250_B1250_R8_20251106_193321,2025-11-06 19:34:42,1250,40,1250,176.7766952966369
295,0.0,1.0,1.0,0.0005999215063638,1.0,0.1633732318878173,4756.5427836530325,d1250_B1250_R8_20251106_193321,2025-11-06 19:34:42,1250,40,1250,176.7766952966369
296,0.0,1.0,1.0,0.0005999215063638,1.0,0.1591901779174804,4762.849465264145,d1250_B1250_R8_20251106_193321,2025-11-06 19:34:42,1250,40,1250,176.7766952966369
297,0.0,1.0,1.0,0.0005999215063638,1.0,0.1723878383636474,4768.3124257439595,d1250_B1250_R8_20251106_193321,2025-11-06 19:34:42,1250,40,1250,176.7766952966369
298,0.0,1.0,1.0,0.0005999215063638,1.0,0.1878747940063476,4772.81344175195,d1250_B1250_R8_20251106_193321,2025-11-06 19:34:42,1250,40,1250,176.7766952966369
299,0.0,1.0,1.0,0.0005999215063638,1.0,0.1664662361145019,4778.5941498412085,d1250_B1250_R8_20251106_193321,2025-11-06 19:34:42,1250,40,1250,176.7766952966369
0,0.6931472420692444,0.4993333220481872,1.0,0.0002563013986218,1.0,0.6076748371124268,2463.722735955527,d1500_B1500_R8_20251106_193325,2025-11-06 19:34:55,1500,40,1500,193.64916731037084
1,0.0,1.0,1.0,0.0002563013986218,1.0,0.4972133636474609,2706.301146771676,d1500_B1500_R8_20251106_193325,2025-11-06 19:34:55,1500,40,1500,193.64916731037084
2,0.0,1.0,1.0,0.0002563013986218,1.0,0.5771200656890869,2668.9963247927303,d1500_B1500_R8_20251106_193325,2025-11-06 19:34:55,1500,40,1500,193.64916731037084
3,0.0,1.0,1.0,0.0002563013986218,1.0,0.4816727638244629,2767.5517410206253,d1500_B1500_R8_20251106_193325,2025-11-06 19:34:55,1500,40,1500,193.64916731037084
4,0.0,1.0,1.0,0.0002563013986218,1.0,0.456974983215332,2856.9295614243015,d1500_B1500_R8_20251106_193325,2025-11-06 19:34:55,1500,40,1500,193.64916731037084
5,0.0,1.0,1.0,0.0002563013986218,1.0,0.5809648036956787,2806.8197221564383,d1500_B1500_R8_20251106_193325,2025-11-06 19:34:55,1500,40,1500,193.64916731037084
6,0.0,1.0,1.0,0.0002563013986218,1.0,0.5170207023620605,2819.378494919379,d1500_B1500_R8_20251106_193325,2025-11-06 19:34:55,1500,40,1500,193.64916731037084
7,0.0,1.0,1.0,0.0002563013986218,1.0,0.5267617702484131,2822.6912720117703,d1500_B1500_R8_20251106_193325,2025-11-06 19:34:55,1500,40,1500,193.64916731037084
8,0.0,1.0,1.0,0.0002563013986218,1.0,0.739084005355835,2705.067667891317,d1500_B1500_R8_20251106_193325,2025-11-06 19:34:55,1500,40,1500,193.64916731037084
9,0.0,1.0,1.0,0.0002563013986218,1.0,0.5127017498016357,2725.483870450692,d1500_B1500_R8_20251106_193325,2025-11-06 19:34:55,1500,40,1500,193.64916731037084
10,0.0,1.0,1.0,0.0002563013986218,1.0,0.5176389217376709,2738.3556503767268,d1500_B1500_R8_20251106_193325,2025-11-06 19:34:55,1500,40,1500,193.64916731037084
11,0.0,1.0,1.0,0.0002563013986218,1.0,0.5157272815704346,2751.608268659262,d1500_B1500_R8_20251106_193325,2025-11-06 19:34:55,1500,40,1500,193.64916731037084
12,0.0,1.0,1.0,0.0002563013986218,1.0,0.4080240726470947,2805.619380412054,d1500_B1500_R8_20251106_193325,2025-11-06 19:34:55,1500,40,1500,193.64916731037084
13,0.0,1.0,1.0,0.0002563013986218,1.0,0.4866092205047607,2823.6061678984306,d1500_B1500_R8_20251106_193325,2025-11-06 19:34:55,1500,40,1500,193.64916731037084
14,0.0,1.0,1.0,0.0002563013986218,1.0,0.4391000270843506,2856.3732049874084,d1500_B1500_R8_20251106_193325,2025-11-06 19:34:55,1500,40,1500,193.64916731037084
15,0.0,1.0,1.0,0.0002563013986218,1.0,0.4587321281433105,2879.033747142511,d1500_B1500_R8_20251106_193325,2025-11-06 19:34:55,1500,40,1500,193.64916731037084
16,0.0,1.0,1.0,0.0002563013986218,1.0,0.4755349159240722,2893.7687467705273,d1500_B1500_R8_20251106_193325,2025-11-06 19:34:55,1500,40,1500,193.64916731037084
17,0.0,1.0,1.0,0.0002563013986218,1.0,0.4729900360107422,2907.818900264326,d1500_B1500_R8_20251106_193325,2025-11-06 19:34:55,1500,40,1500,193.64916731037084
18,0.0,1.0,1.0,0.0002563013986218,1.0,0.5098240375518799,2909.4959904322104,d1500_B1500_R8_20251106_193325,2025-11-06 19:34:55,1500,40,1500,193.64916731037084
19,0.0,1.0,1.0,0.0002563013986218,1.0,0.4600088596343994,2925.184313705069,d1500_B1500_R8_20251106_193325,2025-11-06 19:34:55,1500,40,1500,193.64916731037084
20,0.0,1.0,1.0,0.0002563013986218,1.0,0.7403702735900879,2864.5848230395914,d1500_B1500_R8_20251106_193325,2025-11-06 19:34:55,1500,40,1500,193.64916731037084
21,0.0,1.0,1.0,0.0002563013986218,1.0,0.5212860107421875,2864.982504219997,d1500_B1500_R8_20251106_193325,2025-11-06 19:34:55,1500,40,1500,193.64916731037084
22,0.0,1.0,1.0,0.0002563013986218,1.0,0.3964638710021972,2895.48026425593,d1500_B1500_R8_20251106_193325,2025-11-06 19:34:55,1500,40,1500,193.64916731037084
23,0.0,1.0,1.0,0.0002563013986218,1.0,0.6359140872955322,2868.2334089983447,d1500_B1500_R8_20251106_193325,2025-11-06 19:34:55,1500,40,1500,193.64916731037084
24,0.0,1.0,1.0,0.0002563013986218,1.0,0.4797203540802002,2877.5735402072305,d1500_B1500_R8_20251106_193325,2025-11-06 19:34:55,1500,40,1500,193.64916731037084
25,0.0,1.0,1.0,0.0002563013986218,1.0,0.5139503479003906,2879.0625798625606,d1500_B1500_R8_20251106_193325,2025-11-06 19:34:55,1500,40,1500,193.64916731037084
26,0.0,1.0,1.0,0.0002563013986218,1.0,0.4910731315612793,2885.132813203394,d1500_B1500_R8_20251106_193325,2025-11-06 19:34:55,1500,40,1500,193.64916731037084
27,0.0,1.0,1.0,0.0002563013986218,1.0,0.8389360904693604,2823.140581162814,d1500_B1500_R8_20251106_193325,2025-11-06 19:34:55,1500,40,1500,193.64916731037084
28,0.0,1.0,1.0,0.0002563013986218,1.0,0.4753978252410888,2833.3770952370214,d1500_B1500_R8_20251106_193325,2025-11-06 19:34:55,1500,40,1500,193.64916731037084
29,0.0,1.0,1.0,0.0002563013986218,1.0,0.4201312065124511,2852.917870896541,d1500_B1500_R8_20251106_193325,2025-11-06 19:34:55,1500,40,1500,193.64916731037084
30,0.0,1.0,1.0,0.0002563013986218,1.0,0.4616439342498779,2864.136662199859,d1500_B1500_R8_20251106_193325,2025-11-06 19:34:55,1500,40,1500,193.64916731037084
31,0.0,1.0,1.0,0.0002563013986218,1.0,0.4392483234405517,2878.493930697252,d1500_B1500_R8_20251106_193325,2025-11-06 19:34:55,1500,40,1500,193.64916731037084
32,0.0,1.0,1.0,0.0002563013986218,1.0,0.3686540126800537,2904.145917793014,d1500_B1500_R8_20251106_193325,2025-11-06 19:34:55,1500,40,1500,193.64916731037084
33,0.0,1.0,1.0,0.0002563013986218,1.0,0.4883739948272705,2908.762735028193,d1500_B1500_R8_20251106_193325,2025-11-06 19:34:55,1500,40,1500,193.64916731037084
34,0.0,1.0,1.0,0.0002563013986218,1.0,0.4558420181274414,2918.4002157857303,d1500_B1500_R8_20251106_193325,2025-11-06 19:34:55,1500,40,1500,193.64916731037084
35,0.0,1.0,1.0,0.0002563013986218,1.0,0.4525058269500732,2927.7106205114933,d1500_B1500_R8_20251106_193325,2025-11-06 19:34:55,1500,40,1500,193.64916731037084
36,0.0,1.0,1.0,0.0002563013986218,1.0,0.4739370346069336,2933.620424615023,d1500_B1500_R8_20251106_193325,2025-11-06 19:34:55,1500,40,1500,193.64916731037084
37,0.0,1.0,1.0,0.0002563013986218,1.0,0.4123620986938476,2948.604588282679,d1500_B1500_R8_20251106_193325,2025-11-06 19:34:55,1500,40,1500,193.64916731037084
38,0.0,1.0,1.0,0.0002563013986218,1.0,0.4092822074890136,2963.4066475600503,d1500_B1500_R8_20251106_193325,2025-11-06 19:34:55,1500,40,1500,193.64916731037084
39,0.0,1.0,1.0,0.0002563013986218,1.0,0.4806129932403564,2967.0930152672895,d1500_B1500_R8_20251106_193325,2025-11-06 19:34:55,1500,40,1500,193.64916731037084
40,0.0,1.0,1.0,0.0002563013986218,1.0,0.4257063865661621,2978.507815131059,d1500_B1500_R8_20251106_193325,2025-11-06 19:34:55,1500,40,1500,193.64916731037084
41,0.0,1.0,1.0,0.0002563013986218,1.0,0.9995641708374025,2910.229011689258,d1500_B1500_R8_20251106_193325,2025-11-06 19:34:55,1500,40,1500,193.64916731037084
42,0.0,1.0,1.0,0.0002563013986218,1.0,0.6828548908233643,2888.3715738419814,d1500_B1500_R8_20251106_193325,2025-11-06 19:34:55,1500,40,1500,193.64916731037084
43,0.0,1.0,1.0,0.0002563013986218,1.0,0.5191388130187988,2888.361801726587,d1500_B1500_R8_20251106_193325,2025-11-06 19:34:55,1500,40,1500,193.64916731037084
44,0.0,1.0,1.0,0.0002563013986218,1.0,0.4576289653778076,2895.970317102925,d1500_B1500_R8_20251106_193325,2025-11-06 19:34:55,1500,40,1500,193.64916731037084
45,0.0,1.0,1.0,0.0002563013986218,1.0,0.3696699142456054,2914.0178439921187,d1500_B1500_R8_20251106_193325,2025-11-06 19:34:55,1500,40,1500,193.64916731037084
46,0.0,1.0,1.0,0.0002563013986218,1.0,0.4596929550170898,2920.6026358198296,d1500_B1500_R8_20251106_193325,2025-11-06 19:34:55,1500,40,1500,193.64916731037084
47,0.0,1.0,1.0,0.0002563013986218,1.0,0.4354398250579834,2929.85966336648,d1500_B1500_R8_20251106_193325,2025-11-06 19:34:55,1500,40,1500,193.64916731037084
48,0.0,1.0,1.0,0.0002563013986218,1.0,0.5680539608001709,2923.302558883741,d1500_B1500_R8_20251106_193325,2025-11-06 19:34:55,1500,40,1500,193.64916731037084
49,0.0,1.0,1.0,0.0002563013986218,1.0,0.5091180801391602,2923.7184508636715,d1500_B1500_R8_20251106_193325,2025-11-06 19:34:55,1500,40,1500,193.64916731037084
50,0.0,1.0,1.0,0.0002563013986218,1.0,0.4928247928619385,2925.8902866974254,d1500_B1500_R8_20251106_193325,2025-11-06 19:34:55,1500,40,1500,193.64916731037084
51,0.0,1.0,1.0,0.0002563013986218,1.0,0.4076020717620849,2937.434254563314,d1500_B1500_R8_20251106_193325,2025-11-06 19:34:55,1500,40,1500,193.64916731037084
52,0.0,1.0,1.0,0.0002563013986218,1.0,0.5178968906402588,2936.6137050411257,d1500_B1500_R8_20251106_193325,2025-11-06 19:34:55,1500,40,1500,193.64916731037084
53,0.0,1.0,1.0,0.0002563013986218,1.0,0.4682259559631347,2941.125652834888,d1500_B1500_R8_20251106_193325,2025-11-06 19:34:55,1500,40,1500,193.64916731037084
54,0.0,1.0,1.0,0.0002563013986218,1.0,0.6467158794403076,2926.829689145181,d1500_B1500_R8_20251106_193325,2025-11-06 19:34:55,1500,40,1500,193.64916731037084
55,0.0,1.0,1.0,0.0002563013986218,1.0,0.4865880012512207,2929.439016786372,d1500_B1500_R8_20251106_193325,2025-11-06 19:34:55,1500,40,1500,193.64916731037084
56,0.0,1.0,1.0,0.0002563013986218,1.0,0.4501309394836426,2935.6312091446525,d1500_B1500_R8_20251106_193325,2025-11-06 19:34:55,1500,40,1500,193.64916731037084
57,0.0,1.0,1.0,0.0002563013986218,1.0,0.5388960838317871,2932.8263482228863,d1500_B1500_R8_20251106_193325,2025-11-06 19:34:55,1500,40,1500,193.64916731037084
58,0.0,1.0,1.0,0.0002563013986218,1.0,0.5593631267547607,2928.151411584131,d1500_B1500_R8_20251106_193325,2025-11-06 19:34:55,1500,40,1500,193.64916731037084
59,0.0,1.0,1.0,0.0002563013986218,1.0,0.3632121086120605,2942.36852852601,d1500_B1500_R8_20251106_193325,2025-11-06 19:34:55,1500,40,1500,193.64916731037084
60,0.0,1.0,1.0,0.0002563013986218,1.0,0.3954329490661621,2953.202893775323,d1500_B1500_R8_20251106_193325,2025-11-06 19:34:55,1500,40,1500,193.64916731037084
61,0.0,1.0,1.0,0.0002563013986218,1.0,0.3738718032836914,2965.789621186655,d1500_B1500_R8_20251106_193325,2025-11-06 19:34:55,1500,40,1500,193.64916731037084
62,0.0,1.0,1.0,0.0002563013986218,1.0,0.3757679462432861,2977.920479321394,d1500_B1500_R8_20251106_193325,2025-11-06 19:34:55,1500,40,1500,193.64916731037084
63,0.0,1.0,1.0,0.0002563013986218,1.0,0.4306371212005615,2984.652086345743,d1500_B1500_R8_20251106_193325,2025-11-06 19:34:55,1500,40,1500,193.64916731037084
64,0.0,1.0,1.0,0.0002563013986218,1.0,0.3896780014038086,2994.9792226497834,d1500_B1500_R8_20251106_193325,2025-11-06 19:34:55,1500,40,1500,193.64916731037084
65,0.0,1.0,1.0,0.0002563013986218,1.0,0.3873472213745117,3005.2724484867476,d1500_B1500_R8_20251106_193325,2025-11-06 19:34:55,1500,40,1500,193.64916731037084
66,0.0,1.0,1.0,0.0002563013986218,1.0,0.4279868602752685,3011.660881714515,d1500_B1500_R8_20251106_193325,2025-11-06 19:34:55,1500,40,1500,193.64916731037084
67,0.0,1.0,1.0,0.0002563013986218,1.0,0.3948690891265869,3020.843209803117,d1500_B1500_R8_20251106_193325,2025-11-06 19:34:55,1500,40,1500,193.64916731037084
68,0.0,1.0,1.0,0.0002563013986218,1.0,0.6996238231658936,3003.015914085737,d1500_B1500_R8_20251106_193325,2025-11-06 19:34:55,1500,40,1500,193.64916731037084
69,0.0,1.0,1.0,0.0002563013986218,1.0,0.4140548706054687,3010.267592483506,d1500_B1500_R8_20251106_193325,2025-11-06 19:34:55,1500,40,1500,193.64916731037084
70,0.0,1.0,1.0,0.0002563013986218,1.0,0.3291411399841308,3024.706920038889,d1500_B1500_R8_20251106_193325,2025-11-06 19:34:55,1500,40,1500,193.64916731037084
71,0.0,1.0,1.0,0.0002563013986218,1.0,0.3871550559997558,3033.9256283575855,d1500_B1500_R8_20251106_193325,2025-11-06 19:34:55,1500,40,1500,193.64916731037084
72,0.0,1.0,1.0,0.0002563013986218,1.0,0.3395760059356689,3046.9784139724225,d1500_B1500_R8_20251106_193325,2025-11-06 19:34:55,1500,40,1500,193.64916731037084
73,0.0,1.0,1.0,0.0002563013986218,1.0,0.3428831100463867,3059.507080049256,d1500_B1500_R8_20251106_193325,2025-11-06 19:34:55,1500,40,1500,193.64916731037084
74,0.0,1.0,1.0,0.0002563013986218,1.0,0.3693208694458008,3069.5152713522516,d1500_B1500_R8_20251106_193325,2025-11-06 19:34:55,1500,40,1500,193.64916731037084
75,0.0,1.0,1.0,0.0002563013986218,1.0,0.3212959766387939,3083.393289553615,d1500_B1500_R8_20251106_193325,2025-11-06 19:34:55,1500,40,1500,193.64916731037084
76,0.0,1.0,1.0,0.0002563013986218,1.0,0.4029951095581054,3090.1826097063945,d1500_B1500_R8_20251106_193325,2025-11-06 19:34:55,1500,40,1500,193.64916731037084
77,0.0,1.0,1.0,0.0002563013986218,1.0,0.2933039665222168,3105.9209246497276,d1500_B1500_R8_20251106_193325,2025-11-06 19:34:55,1500,40,1500,193.64916731037084
78,0.0,1.0,1.0,0.0002563013986218,1.0,0.3105990886688232,3119.9893516421075,d1500_B1500_R8_20251106_193325,2025-11-06 19:34:55,1500,40,1500,193.64916731037084
79,0.0,1.0,1.0,0.0002563013986218,1.0,0.3640942573547363,3129.4471490025376,d1500_B1500_R8_20251106_193325,2025-11-06 19:34:55,1500,40,1500,193.64916731037084
80,0.0,1.0,1.0,0.0002563013986218,1.0,0.3473889827728271,3140.1003586572197,d1500_B1500_R8_20251106_193325,2025-11-06 19:34:55,1500,40,1500,193.64916731037084
81,0.0,1.0,1.0,0.0002563013986218,1.0,0.2883930206298828,3155.3035767692563,d1500_B1500_R8_20251106_193325,2025-11-06 19:34:55,1500,40,1500,193.64916731037084
82,0.0,1.0,1.0,0.0002563013986218,1.0,0.3090670108795166,3168.6268454229903,d1500_B1500_R8_20251106_193325,2025-11-06 19:34:55,1500,40,1500,193.64916731037084
83,0.0,1.0,1.0,0.0002563013986218,1.0,0.3163540363311767,3181.178178585272,d1500_B1500_R8_20251106_193325,2025-11-06 19:34:55,1500,40,1500,193.64916731037084
84,0.0,1.0,1.0,0.0002563013986218,1.0,0.3056650161743164,3194.380863310049,d1500_B1500_R8_20251106_193325,2025-11-06 19:34:55,1500,40,1500,193.64916731037084
85,0.0,1.0,1.0,0.0002563013986218,1.0,0.3136301040649414,3206.753184277704,d1500_B1500_R8_20251106_193325,2025-11-06 19:34:55,1500,40,1500,193.64916731037084
86,0.0,1.0,1.0,0.0002563013986218,1.0,0.3828809261322021,3213.4366995089767,d1500_B1500_R8_20251106_193325,2025-11-06 19:34:55,1500,40,1500,193.64916731037084
87,0.0,1.0,1.0,0.0002563013986218,1.0,0.3215749263763428,3224.8161582096136,d1500_B1500_R8_20251106_193325,2025-11-06 19:34:55,1500,40,1500,193.64916731037084
88,0.0,1.0,1.0,0.0002563013986218,1.0,0.346574068069458,3234.03858344777,d1500_B1500_R8_20251106_193325,2025-11-06 19:34:55,1500,40,1500,193.64916731037084
89,0.0,1.0,1.0,0.0002563013986218,1.0,0.3162460327148437,3245.4875994980166,d1500_B1500_R8_20251106_193325,2025-11-06 19:34:55,1500,40,1500,193.64916731037084
90,0.0,1.0,1.0,0.0002563013986218,1.0,0.4114067554473877,3249.3927520865973,d1500_B1500_R8_20251106_193325,2025-11-06 19:34:55,1500,40,1500,193.64916731037084
91,0.0,1.0,1.0,0.0002563013986218,1.0,0.3507261276245117,3257.8799690526876,d1500_B1500_R8_20251106_193325,2025-11-06 19:34:55,1500,40,1500,193.64916731037084
92,0.0,1.0,1.0,0.0002563013986218,1.0,0.3710861206054687,3264.6434448641135,d1500_B1500_R8_20251106_193325,2025-11-06 19:34:55,1500,40,1500,193.64916731037084
93,0.0,1.0,1.0,0.0002563013986218,1.0,0.3073921203613281,3276.14553329423,d1500_B1500_R8_20251106_193325,2025-11-06 19:34:55,1500,40,1500,193.64916731037084
94,0.0,1.0,1.0,0.0002563013986218,1.0,0.3224897384643554,3286.3549870383285,d1500_B1500_R8_20251106_193325,2025-11-06 19:34:55,1500,40,1500,193.64916731037084
95,0.0,1.0,1.0,0.0002563013986218,1.0,0.3112339973449707,3297.2574503153264,d1500_B1500_R8_20251106_193325,2025-11-06 19:34:55,1500,40,1500,193.64916731037084
96,0.0,1.0,1.0,0.0002563013986218,1.0,0.358325719833374,3304.463007597607,d1500_B1500_R8_20251106_193325,2025-11-06 19:34:55,1500,40,1500,193.64916731037084
97,0.0,1.0,1.0,0.0002563013986218,1.0,0.3616881370544433,3311.315572487049,d1500_B1500_R8_20251106_193325,2025-11-06 19:34:55,1500,40,1500,193.64916731037084
98,0.0,1.0,1.0,0.0002563013986218,1.0,0.4042401313781738,3314.9041853238223,d1500_B1500_R8_20251106_193325,2025-11-06 19:34:55,1500,40,1500,193.64916731037084
99,0.0,1.0,1.0,0.0002563013986218,1.0,0.3179059028625488,3324.7625571040485,d1500_B1500_R8_20251106_193325,2025-11-06 19:34:55,1500,40,1500,193.64916731037084
100,0.0,1.0,1.0,0.0002563013986218,1.0,0.4043428897857666,3328.15510489763,d1500_B1500_R8_20251106_193325,2025-11-06 19:34:55,1500,40,1500,193.64916731037084
101,0.0,1.0,1.0,0.0002563013986218,1.0,0.2908029556274414,3339.7384488435277,d1500_B1500_R8_20251106_193325,2025-11-06 19:34:55,1500,40,1500,193.64916731037084
102,0.0,1.0,1.0,0.0002563013986218,1.0,0.3959848880767822,3343.5609677310854,d1500_B1500_R8_20251106_193325,2025-11-06 19:34:55,1500,40,1500,193.64916731037084
103,0.0,1.0,1.0,0.0002563013986218,1.0,0.3793919086456299,3348.516647353966,d1500_B1500_R8_20251106_193325,2025-11-06 19:34:55,1500,40,1500,193.64916731037084
104,0.0,1.0,1.0,0.0002563013986218,1.0,0.3473579883575439,3355.678689812208,d1500_B1500_R8_20251106_193325,2025-11-06 19:34:55,1500,40,1500,193.64916731037084
105,0.0,1.0,1.0,0.0002563013986218,1.0,0.3364119529724121,3363.511786692209,d1500_B1500_R8_20251106_193325,2025-11-06 19:34:55,1500,40,1500,193.64916731037084
106,0.0,1.0,1.0,0.0002563013986218,1.0,0.3659908771514892,3369.104964713661,d1500_B1500_R8_20251106_193325,2025-11-06 19:34:55,1500,40,1500,193.64916731037084
107,0.0,1.0,1.0,0.0002563013986218,1.0,0.4802818298339844,3366.6377776846393,d1500_B1500_R8_20251106_193325,2025-11-06 19:34:55,1500,40,1500,193.64916731037084
108,0.0,1.0,1.0,0.0002563013986218,1.0,0.3873560428619385,3370.620914253492,d1500_B1500_R8_20251106_193325,2025-11-06 19:34:55,1500,40,1500,193.64916731037084
109,0.0,1.0,1.0,0.0002563013986218,1.0,0.3562309741973877,3376.707040505252,d1500_B1500_R8_20251106_193325,2025-11-06 19:34:55,1500,40,1500,193.64916731037084
110,0.0,1.0,1.0,0.0002563013986218,1.0,0.3407337665557861,3383.6516613703325,d1500_B1500_R8_20251106_193325,2025-11-06 19:34:55,1500,40,1500,193.64916731037084
111,0.0,1.0,1.0,0.0002563013986218,1.0,0.4179048538208008,3385.3611681155467,d1500_B1500_R8_20251106_193325,2025-11-06 19:34:55,1500,40,1500,193.64916731037084
112,0.0,1.0,1.0,0.0002563013986218,1.0,0.4216818809509277,3386.788726911639,d1500_B1500_R8_20251106_193325,2025-11-06 19:34:55,1500,40,1500,193.64916731037084
113,0.0,1.0,1.0,0.0002563013986218,1.0,0.3666138648986816,3391.9008900144663,d1500_B1500_R8_20251106_193325,2025-11-06 19:34:55,1500,40,1500,193.64916731037084
114,0.0,1.0,1.0,0.0002563013986218,1.0,0.3334002494812011,3399.1506255876693,d1500_B1500_R8_20251106_193325,2025-11-06 19:34:55,1500,40,1500,193.64916731037084
115,0.0,1.0,1.0,0.0002563013986218,1.0,0.3965981006622314,3402.0966281372653,d1500_B1500_R8_20251106_193325,2025-11-06 19:34:55,1500,40,1500,193.64916731037084
116,0.0,1.0,1.0,0.0002563013986218,1.0,0.3830490112304687,3405.898849266658,d1500_B1500_R8_20251106_193325,2025-11-06 19:34:55,1500,40,1500,193.64916731037084
117,0.0,1.0,1.0,0.0002563013986218,1.0,0.4075911045074463,3408.0308176056224,d1500_B1500_R8_20251106_193325,2025-11-06 19:34:55,1500,40,1500,193.64916731037084
118,0.0,1.0,1.0,0.0002563013986218,1.0,0.4319629669189453,3408.5485777971826,d1500_B1500_R8_20251106_193325,2025-11-06 19:34:55,1500,40,1500,193.64916731037084
119,0.0,1.0,1.0,0.0002563013986218,1.0,0.4931252002716064,3405.108938539776,d1500_B1500_R8_20251106_193325,2025-11-06 19:34:55,1500,40,1500,193.64916731037084
120,0.0,1.0,1.0,0.0002563013986218,1.0,0.425624132156372,3406.0497809604185,d1500_B1500_R8_20251106_193325,2025-11-06 19:34:55,1500,40,1500,193.64916731037084
121,0.0,1.0,1.0,0.0002563013986218,1.0,0.3204269409179687,3413.652792494545,d1500_B1500_R8_20251106_193325,2025-11-06 19:34:55,1500,40,1500,193.64916731037084
122,0.0,1.0,1.0,0.0002563013986218,1.0,0.3269150257110595,3420.7560493778196,d1500_B1500_R8_20251106_193325,2025-11-06 19:34:55,1500,40,1500,193.64916731037084
123,0.0,1.0,1.0,0.0002563013986218,1.0,0.2545328140258789,3432.344743737085,d1500_B1500_R8_20251106_193325,2025-11-06 19:34:55,1500,40,1500,193.64916731037084
124,0.0,1.0,1.0,0.0002563013986218,1.0,0.3407588005065918,3438.386034802606,d1500_B1500_R8_20251106_193325,2025-11-06 19:34:55,1500,40,1500,193.64916731037084
125,0.0,1.0,1.0,0.0002563013986218,1.0,0.3144969940185547,3446.003186460984,d1500_B1500_R8_20251106_193325,2025-11-06 19:34:55,1500,40,1500,193.64916731037084
126,0.0,1.0,1.0,0.0002563013986218,1.0,0.2412221431732177,3458.1304691487503,d1500_B1500_R8_20251106_193325,2025-11-06 19:34:55,1500,40,1500,193.64916731037084
127,0.0,1.0,1.0,0.0002563013986218,1.0,0.2246577739715576,3471.186440677966,d1500_B1500_R8_20251106_193325,2025-11-06 19:34:55,1500,40,1500,193.64916731037084
128,0.0,1.0,1.0,0.0002563013986218,1.0,0.222153902053833,3484.2939533762956,d1500_B1500_R8_20251106_193325,2025-11-06 19:34:55,1500,40,1500,193.64916731037084
129,0.0,1.0,1.0,0.0002563013986218,1.0,0.2106828689575195,3498.023708315042,d1500_B1500_R8_20251106_193325,2025-11-06 19:34:55,1500,40,1500,193.64916731037084
130,0.0,1.0,1.0,0.0002563013986218,1.0,0.2019729614257812,3512.184939430503,d1500_B1500_R8_20251106_193325,2025-11-06 19:34:55,1500,40,1500,193.64916731037084
131,0.0,1.0,1.0,0.0002563013986218,1.0,0.1907477378845214,3526.947753528944,d1500_B1500_R8_20251106_193325,2025-11-06 19:34:55,1500,40,1500,193.64916731037084
132,0.0,1.0,1.0,0.0002563013986218,1.0,0.239495038986206,3538.549077636141,d1500_B1500_R8_20251106_193325,2025-11-06 19:34:55,1500,40,1500,193.64916731037084
133,0.0,1.0,1.0,0.0002563013986218,1.0,0.2428970336914062,3549.8429716120054,d1500_B1500_R8_20251106_193325,2025-11-06 19:34:55,1500,40,1500,193.64916731037084
134,0.0,1.0,1.0,0.0002563013986218,1.0,0.1831312179565429,3564.7893166774643,d1500_B1500_R8_20251106_193325,2025-11-06 19:34:55,1500,40,1500,193.64916731037084
135,0.0,1.0,1.0,0.0002563013986218,1.0,0.2222452163696289,3577.1823233236823,d1500_B1500_R8_20251106_193325,2025-11-06 19:34:55,1500,40,1500,193.64916731037084
136,0.0,1.0,1.0,0.0002563013986218,1.0,0.2390580177307129,3588.4223841639805,d1500_B1500_R8_20251106_193325,2025-11-06 19:34:55,1500,40,1500,193.64916731037084
137,0.0,1.0,1.0,0.0002563013986218,1.0,0.2444369792938232,3599.2352841617926,d1500_B1500_R8_20251106_193325,2025-11-06 19:34:55,1500,40,1500,193.64916731037084
138,0.0,1.0,1.0,0.0002563013986218,1.0,0.2188541889190673,3611.5523784696697,d1500_B1500_R8_20251106_193325,2025-11-06 19:34:55,1500,40,1500,193.64916731037084
139,0.0,1.0,1.0,0.0002563013986218,1.0,0.2358572483062744,3622.718884158751,d1500_B1500_R8_20251106_193325,2025-11-06 19:34:55,1500,40,1500,193.64916731037084
140,0.0,1.0,1.0,0.0002563013986218,1.0,0.254173994064331,3632.649081559805,d1500_B1500_R8_20251106_193325,2025-11-06 19:34:55,1500,40,1500,193.64916731037084
141,0.0,1.0,1.0,0.0002563013986218,1.0,0.2269964218139648,3644.171592805976,d1500_B1500_R8_20251106_193325,2025-11-06 19:34:55,1500,40,1500,193.64916731037084
142,0.0,1.0,1.0,0.0002563013986218,1.0,0.2208449840545654,3656.004335686479,d1500_B1500_R8_20251106_193325,2025-11-06 19:34:55,1500,40,1500,193.64916731037084
143,0.0,1.0,1.0,0.0002563013986218,1.0,0.2129101753234863,3668.247072762287,d1500_B1500_R8_20251106_193325,2025-11-06 19:34:55,1500,40,1500,193.64916731037084
144,0.0,1.0,1.0,0.0002563013986218,1.0,0.2484359741210937,3678.188874375715,d1500_B1500_R8_20251106_193325,2025-11-06 19:34:55,1500,40,1500,193.64916731037084
145,0.0,1.0,1.0,0.0002563013986218,1.0,0.2064442634582519,3690.64931226748,d1500_B1500_R8_20251106_193325,2025-11-06 19:34:55,1500,40,1500,193.64916731037084
146,0.0,1.0,1.0,0.0002563013986218,1.0,0.2817997932434082,3698.344068104355,d1500_B1500_R8_20251106_193325,2025-11-06 19:34:55,1500,40,1500,193.64916731037084
147,0.0,1.0,1.0,0.0002563013986218,1.0,0.2234408855438232,3709.5848908816256,d1500_B1500_R8_20251106_193325,2025-11-06 19:34:55,1500,40,1500,193.64916731037084
148,0.0,1.0,1.0,0.0002563013986218,1.0,0.2407429218292236,3719.666868528384,d1500_B1500_R8_20251106_193325,2025-11-06 19:34:55,1500,40,1500,193.64916731037084
149,0.0,1.0,1.0,0.0002563013986218,1.0,0.2256379127502441,3730.606580454558,d1500_B1500_R8_20251106_193325,2025-11-06 19:34:55,1500,40,1500,193.64916731037084
150,0.0,1.0,1.0,0.0002563013986218,1.0,0.2355420589447021,3740.84613029391,d1500_B1500_R8_20251106_193325,2025-11-06 19:34:55,1500,40,1500,193.64916731037084
151,0.0,1.0,1.0,0.0002563013986218,1.0,0.2452569007873535,3750.4134822250016,d1500_B1500_R8_20251106_193325,2025-11-06 19:34:55,1500,40,1500,193.64916731037084
152,0.0,1.0,1.0,0.0002563013986218,1.0,0.235008955001831,3760.532066232601,d1500_B1500_R8_20251106_193325,2025-11-06 19:34:55,1500,40,1500,193.64916731037084
153,0.0,1.0,1.0,0.0002563013986218,1.0,0.2265658378601074,3771.075230999829,d1500_B1500_R8_20251106_193325,2025-11-06 19:34:55,1500,40,1500,193.64916731037084
154,0.0,1.0,1.0,0.0002563013986218,1.0,0.2483201026916504,3780.216807197948,d1500_B1500_R8_20251106_193325,2025-11-06 19:34:55,1500,40,1500,193.64916731037084
155,0.0,1.0,1.0,0.0002563013986218,1.0,0.2387120723724365,3789.8771112726104,d1500_B1500_R8_20251106_193325,2025-11-06 19:34:55,1500,40,1500,193.64916731037084
156,0.0,1.0,1.0,0.0002563013986218,1.0,0.2705700397491455,3797.515504925822,d1500_B1500_R8_20251106_193325,2025-11-06 19:34:55,1500,40,1500,193.64916731037084
157,0.0,1.0,1.0,0.0002563013986218,1.0,0.2366988658905029,3807.1612721135193,d1500_B1500_R8_20251106_193325,2025-11-06 19:34:55,1500,40,1500,193.64916731037084
158,0.0,1.0,1.0,0.0002563013986218,1.0,0.2216248512268066,3817.656375057716,d1500_B1500_R8_20251106_193325,2025-11-06 19:34:55,1500,40,1500,193.64916731037084
159,0.0,1.0,1.0,0.0002563013986218,1.0,0.2411911487579345,3826.877255064514,d1500_B1500_R8_20251106_193325,2025-11-06 19:34:55,1500,40,1500,193.64916731037084
160,0.0,1.0,1.0,0.0002563013986218,1.0,0.2239217758178711,3837.0799735054297,d1500_B1500_R8_20251106_193325,2025-11-06 19:34:55,1500,40,1500,193.64916731037084
161,0.0,1.0,1.0,0.0002563013986218,1.0,0.2239961624145507,3847.203998952272,d1500_B1500_R8_20251106_193325,2025-11-06 19:34:55,1500,40,1500,193.64916731037084
162,0.0,1.0,1.0,0.0002563013986218,1.0,0.2452249526977539,3855.966950594907,d1500_B1500_R8_20251106_193325,2025-11-06 19:34:55,1500,40,1500,193.64916731037084
163,0.0,1.0,1.0,0.0002563013986218,1.0,0.2167890071868896,3866.386923487793,d1500_B1500_R8_20251106_193325,2025-11-06 19:34:55,1500,40,1500,193.64916731037084
164,0.0,1.0,1.0,0.0002563013986218,1.0,0.2244479656219482,3876.278960507456,d1500_B1500_R8_20251106_193325,2025-11-06 19:34:55,1500,40,1500,193.64916731037084
165,0.0,1.0,1.0,0.0002563013986218,1.0,0.2394440174102783,3885.1864718516304,d1500_B1500_R8_20251106_193325,2025-11-06 19:34:55,1500,40,1500,193.64916731037084
166,0.0,1.0,1.0,0.0002563013986218,1.0,0.2386860847473144,3894.073988948012,d1500_B1500_R8_20251106_193325,2025-11-06 19:34:55,1500,40,1500,193.64916731037084
167,0.0,1.0,1.0,0.0002563013986218,1.0,0.2274620532989502,3903.573555771056,d1500_B1500_R8_20251106_193325,2025-11-06 19:34:55,1500,40,1500,193.64916731037084
168,0.0,1.0,1.0,0.0002563013986218,1.0,0.2270863056182861,3913.028402432764,d1500_B1500_R8_20251106_193325,2025-11-06 19:34:55,1500,40,1500,193.64916731037084
169,0.0,1.0,1.0,0.0002563013986218,1.0,0.2003741264343261,3924.036206337415,d1500_B1500_R8_20251106_193325,2025-11-06 19:34:55,1500,40,1500,193.64916731037084
170,0.0,1.0,1.0,0.0002563013986218,1.0,0.2250168323516845,3933.482949930748,d1500_B1500_R8_20251106_193325,2025-11-06 19:34:55,1500,40,1500,193.64916731037084
171,0.0,1.0,1.0,0.0002563013986218,1.0,0.2386589050292968,3942.0485399517825,d1500_B1500_R8_20251106_193325,2025-11-06 19:34:55,1500,40,1500,193.64916731037084
172,0.0,1.0,1.0,0.0002563013986218,1.0,0.2182471752166748,3951.770561474925,d1500_B1500_R8_20251106_193325,2025-11-06 19:34:55,1500,40,1500,193.64916731037084
173,0.0,1.0,1.0,0.0002563013986218,1.0,0.224971055984497,3961.027008729654,d1500_B1500_R8_20251106_193325,2025-11-06 19:34:55,1500,40,1500,193.64916731037084
174,0.0,1.0,1.0,0.0002563013986218,1.0,0.2223269939422607,3970.3860974489694,d1500_B1500_R8_20251106_193325,2025-11-06 19:34:55,1500,40,1500,193.64916731037084
175,0.0,1.0,1.0,0.0002563013986218,1.0,0.237048864364624,3978.7906350054905,d1500_B1500_R8_20251106_193325,2025-11-06 19:34:55,1500,40,1500,193.64916731037084
176,0.0,1.0,1.0,0.0002563013986218,1.0,0.2368161678314209,3987.150463829301,d1500_B1500_R8_20251106_193325,2025-11-06 19:34:55,1500,40,1500,193.64916731037084
177,0.0,1.0,1.0,0.0002563013986218,1.0,0.2095870971679687,3997.0839554079744,d1500_B1500_R8_20251106_193325,2025-11-06 19:34:55,1500,40,1500,193.64916731037084
178,0.0,1.0,1.0,0.0002563013986218,1.0,0.230771780014038,4005.680702789295,d1500_B1500_R8_20251106_193325,2025-11-06 19:34:55,1500,40,1500,193.64916731037084
179,0.0,1.0,1.0,0.0002563013986218,1.0,0.2071681022644043,4015.6301430375993,d1500_B1500_R8_20251106_193325,2025-11-06 19:34:55,1500,40,1500,193.64916731037084
180,0.0,1.0,1.0,0.0002563013986218,1.0,0.2187387943267822,4024.830143594219,d1500_B1500_R8_20251106_193325,2025-11-06 19:34:55,1500,40,1500,193.64916731037084
181,0.0,1.0,1.0,0.0002563013986218,1.0,0.218674898147583,4033.9755337970328,d1500_B1500_R8_20251106_193325,2025-11-06 19:34:55,1500,40,1500,193.64916731037084
182,0.0,1.0,1.0,0.0002563013986218,1.0,0.2257988452911377,4042.637055673328,d1500_B1500_R8_20251106_193325,2025-11-06 19:34:55,1500,40,1500,193.64916731037084
183,0.0,1.0,1.0,0.0002563013986218,1.0,0.2193570137023925,4051.62974855634,d1500_B1500_R8_20251106_193325,2025-11-06 19:34:55,1500,40,1500,193.64916731037084
184,0.0,1.0,1.0,0.0002563013986218,1.0,0.1999328136444091,4061.713568633582,d1500_B1500_R8_20251106_193325,2025-11-06 19:34:55,1500,40,1500,193.64916731037084
185,0.0,1.0,1.0,0.0002563013986218,1.0,0.2083101272583007,4071.240653406585,d1500_B1500_R8_20251106_193325,2025-11-06 19:34:55,1500,40,1500,193.64916731037084
186,0.0,1.0,1.0,0.0002563013986218,1.0,0.2535200119018554,4078.0277826397432,d1500_B1500_R8_20251106_193325,2025-11-06 19:34:55,1500,40,1500,193.64916731037084
187,0.0,1.0,1.0,0.0002563013986218,1.0,0.2221310138702392,4086.6228924658662,d1500_B1500_R8_20251106_193325,2025-11-06 19:34:55,1500,40,1500,193.64916731037084
188,0.0,1.0,1.0,0.0002563013986218,1.0,0.235159158706665,4094.397184766088,d1500_B1500_R8_20251106_193325,2025-11-06 19:34:55,1500,40,1500,193.64916731037084
189,0.0,1.0,1.0,0.0002563013986218,1.0,0.2158041000366211,4103.257298908522,d1500_B1500_R8_20251106_193325,2025-11-06 19:34:55,1500,40,1500,193.64916731037084
190,0.0,1.0,1.0,0.0002563013986218,1.0,0.2058119773864746,4112.657414841269,d1500_B1500_R8_20251106_193325,2025-11-06 19:34:55,1500,40,1500,193.64916731037084
191,0.0,1.0,1.0,0.0002563013986218,1.0,0.1982591152191162,4122.440725798011,d1500_B1500_R8_20251106_193325,2025-11-06 19:34:55,1500,40,1500,193.64916731037084
192,0.0,1.0,1.0,0.0002563013986218,1.0,0.2066099643707275,4131.674339211587,d1500_B1500_R8_20251106_193325,2025-11-06 19:34:55,1500,40,1500,193.64916731037084
193,0.0,1.0,1.0,0.0002563013986218,1.0,0.2133612632751464,4140.459234261649,d1500_B1500_R8_20251106_193325,2025-11-06 19:34:55,1500,40,1500,193.64916731037084
194,0.0,1.0,1.0,0.0002563013986218,1.0,0.2088351249694824,4149.463366749355,d1500_B1500_R8_20251106_193325,2025-11-06 19:34:55,1500,40,1500,193.64916731037084
195,0.0,1.0,1.0,0.0002563013986218,1.0,0.184974193572998,4159.810343269081,d1500_B1500_R8_20251106_193325,2025-11-06 19:34:55,1500,40,1500,193.64916731037084
196,0.0,1.0,1.0,0.0002563013986218,1.0,0.2038497924804687,4168.990243945215,d1500_B1500_R8_20251106_193325,2025-11-06 19:34:55,1500,40,1500,193.64916731037084
197,0.0,1.0,1.0,0.0002563013986218,1.0,0.2095129489898681,4177.788989126539,d1500_B1500_R8_20251106_193325,2025-11-06 19:34:55,1500,40,1500,193.64916731037084
198,0.0,1.0,1.0,0.0002563013986218,1.0,0.1961150169372558,4187.318850763484,d1500_B1500_R8_20251106_193325,2025-11-06 19:34:55,1500,40,1500,193.64916731037084
199,0.0,1.0,1.0,0.0002563013986218,1.0,0.2000329494476318,4196.567264680072,d1500_B1500_R8_20251106_193325,2025-11-06 19:34:55,1500,40,1500,193.64916731037084
200,0.0,1.0,1.0,0.0002563013986218,1.0,0.2141089439392089,4204.941693573902,d1500_B1500_R8_20251106_193325,2025-11-06 19:34:55,1500,40,1500,193.64916731037084
201,0.0,1.0,1.0,0.0002563013986218,1.0,0.2281410694122314,4212.436900369112,d1500_B1500_R8_20251106_193325,2025-11-06 19:34:55,1500,40,1500,193.64916731037084
202,0.0,1.0,1.0,0.0002563013986218,1.0,0.1983299255371093,4221.635506017132,d1500_B1500_R8_20251106_193325,2025-11-06 19:34:55,1500,40,1500,193.64916731037084
203,0.0,1.0,1.0,0.0002563013986218,1.0,0.2095832824707031,4230.121377732232,d1500_B1500_R8_20251106_193325,2025-11-06 19:34:55,1500,40,1500,193.64916731037084
204,0.0,1.0,1.0,0.0002563013986218,1.0,0.1474568843841552,4242.195462066115,d1500_B1500_R8_20251106_193325,2025-11-06 19:34:55,1500,40,1500,193.64916731037084
205,0.0,1.0,1.0,0.0002563013986218,1.0,0.1277258396148681,4255.384201103602,d1500_B1500_R8_20251106_193325,2025-11-06 19:34:55,1500,40,1500,193.64916731037084
206,0.0,1.0,1.0,0.0002563013986218,1.0,0.1284079551696777,4268.486291326144,d1500_B1500_R8_20251106_193325,2025-11-06 19:34:55,1500,40,1500,193.64916731037084
207,0.0,1.0,1.0,0.0002563013986218,1.0,0.126777172088623,4281.637507133607,d1500_B1500_R8_20251106_193325,2025-11-06 19:34:55,1500,40,1500,193.64916731037084
208,0.0,1.0,1.0,0.0002563013986218,1.0,0.1408708095550537,4293.914109949032,d1500_B1500_R8_20251106_193325,2025-11-06 19:34:55,1500,40,1500,193.64916731037084
209,0.0,1.0,1.0,0.0002563013986218,1.0,0.1410939693450927,4306.129325647671,d1500_B1500_R8_20251106_193325,2025-11-06 19:34:55,1500,40,1500,193.64916731037084
210,0.0,1.0,1.0,0.0002563013986218,1.0,0.1487600803375244,4317.845738423362,d1500_B1500_R8_20251106_193325,2025-11-06 19:34:55,1500,40,1500,193.64916731037084
211,0.0,1.0,1.0,0.0002563013986218,1.0,0.1502230167388916,4329.427853070201,d1500_B1500_R8_20251106_193325,2025-11-06 19:34:55,1500,40,1500,193.64916731037084
212,0.0,1.0,1.0,0.0002563013986218,1.0,0.1513559818267822,4340.895778716697,d1500_B1500_R8_20251106_193325,2025-11-06 19:34:55,1500,40,1500,193.64916731037084
213,0.0,1.0,1.0,0.0002563013986218,1.0,0.137516975402832,4353.132683888746,d1500_B1500_R8_20251106_193325,2025-11-06 19:34:55,1500,40,1500,193.64916731037084
214,0.0,1.0,1.0,0.0002563013986218,1.0,0.1356458663940429,4365.436036728717,d1500_B1500_R8_20251106_193325,2025-11-06 19:34:55,1500,40,1500,193.64916731037084
215,0.0,1.0,1.0,0.0002563013986218,1.0,0.1280319690704345,4378.144574338296,d1500_B1500_R8_20251106_193325,2025-11-06 19:34:55,1500,40,1500,193.64916731037084
216,0.0,1.0,1.0,0.0002563013986218,1.0,0.1271557807922363,4390.862179775305,d1500_B1500_R8_20251106_193325,2025-11-06 19:34:55,1500,40,1500,193.64916731037084
217,0.0,1.0,1.0,0.0002563013986218,1.0,0.1282851696014404,4403.469770189036,d1500_B1500_R8_20251106_193325,2025-11-06 19:34:55,1500,40,1500,193.64916731037084
218,0.0,1.0,1.0,0.0002563013986218,1.0,0.1255810260772705,4416.194602137968,d1500_B1500_R8_20251106_193325,2025-11-06 19:34:55,1500,40,1500,193.64916731037084
219,0.0,1.0,1.0,0.0002563013986218,1.0,0.1263759136199951,4428.828081714989,d1500_B1500_R8_20251106_193325,2025-11-06 19:34:55,1500,40,1500,193.64916731037084
220,0.0,1.0,1.0,0.0002563013986218,1.0,0.1262590885162353,4441.427051007463,d1500_B1500_R8_20251106_193325,2025-11-06 19:34:55,1500,40,1500,193.64916731037084
221,0.0,1.0,1.0,0.0002563013986218,1.0,0.1247637271881103,4454.072376024402,d1500_B1500_R8_20251106_193325,2025-11-06 19:34:55,1500,40,1500,193.64916731037084
222,0.0,1.0,1.0,0.0002563013986218,1.0,0.1251430511474609,4466.652764276688,d1500_B1500_R8_20251106_193325,2025-11-06 19:34:55,1500,40,1500,193.64916731037084
223,0.0,1.0,1.0,0.0002563013986218,1.0,0.1270320415496826,4479.077324264242,d1500_B1500_R8_20251106_193325,2025-11-06 19:34:55,1500,40,1500,193.64916731037084
224,0.0,1.0,1.0,0.0002563013986218,1.0,0.1258249282836914,4491.533284536581,d1500_B1500_R8_20251106_193325,2025-11-06 19:34:55,1500,40,1500,193.64916731037084
225,0.0,1.0,1.0,0.0002563013986218,1.0,0.1249799728393554,4503.998141622405,d1500_B1500_R8_20251106_193325,2025-11-06 19:34:55,1500,40,1500,193.64916731037084
226,0.0,1.0,1.0,0.0002563013986218,1.0,0.1279070377349853,4516.246180726329,d1500_B1500_R8_20251106_193325,2025-11-06 19:34:55,1500,40,1500,193.64916731037084
227,0.0,1.0,1.0,0.0002563013986218,1.0,0.1264009475708007,4528.54257910029,d1500_B1500_R8_20251106_193325,2025-11-06 19:34:55,1500,40,1500,193.64916731037084
228,0.0,1.0,1.0,0.0002563013986218,1.0,0.1246340274810791,4540.9044554735265,d1500_B1500_R8_20251106_193325,2025-11-06 19:34:55,1500,40,1500,193.64916731037084
229,0.0,1.0,1.0,0.0002563013986218,1.0,0.1254100799560547,4553.178881439358,d1500_B1500_R8_20251106_193325,2025-11-06 19:34:55,1500,40,1500,193.64916731037084
230,0.0,1.0,1.0,0.0002563013986218,1.0,0.1243040561676025,4565.480072891926,d1500_B1500_R8_20251106_193325,2025-11-06 19:34:55,1500,40,1500,193.64916731037084
231,0.0,1.0,1.0,0.0002563013986218,1.0,0.1249809265136718,4577.6996442092495,d1500_B1500_R8_20251106_193325,2025-11-06 19:34:55,1500,40,1500,193.64916731037084
232,0.0,1.0,1.0,0.0002563013986218,1.0,0.1254799365997314,4589.849293113031,d1500_B1500_R8_20251106_193325,2025-11-06 19:34:55,1500,40,1500,193.64916731037084
233,0.0,1.0,1.0,0.0002563013986218,1.0,0.125701904296875,4601.9449957116785,d1500_B1500_R8_20251106_193325,2025-11-06 19:34:55,1500,40,1500,193.64916731037084
234,0.0,1.0,1.0,0.0002563013986218,1.0,0.1249599456787109,4614.045686428616,d1500_B1500_R8_20251106_193325,2025-11-06 19:34:55,1500,40,1500,193.64916731037084
235,0.0,1.0,1.0,0.0002563013986218,1.0,0.1267251968383789,4626.0005986449805,d1500_B1500_R8_20251106_193325,2025-11-06 19:34:55,1500,40,1500,193.64916731037084
236,0.0,1.0,1.0,0.0002563013986218,1.0,0.1255850791931152,4637.984086095463,d1500_B1500_R8_20251106_193325,2025-11-06 19:34:55,1500,40,1500,193.64916731037084
237,0.0,1.0,1.0,0.0002563013986218,1.0,0.1344950199127197,4649.389658951821,d1500_B1500_R8_20251106_193325,2025-11-06 19:34:55,1500,40,1500,193.64916731037084
238,0.0,1.0,1.0,0.0002563013986218,1.0,0.1329710483551025,4660.846939011496,d1500_B1500_R8_20251106_193325,2025-11-06 19:34:55,1500,40,1500,193.64916731037084
239,0.0,1.0,1.0,0.0002563013986218,1.0,0.1280009746551513,4672.566359851045,d1500_B1500_R8_20251106_193325,2025-11-06 19:34:55,1500,40,1500,193.64916731037084
240,0.0,1.0,1.0,0.0002563013986218,1.0,0.1273121833801269,4684.289333092248,d1500_B1500_R8_20251106_193325,2025-11-06 19:34:55,1500,40,1500,193.64916731037084
241,0.0,1.0,1.0,0.0002563013986218,1.0,0.1272108554840088,4695.978964459911,d1500_B1500_R8_20251106_193325,2025-11-06 19:34:55,1500,40,1500,193.64916731037084
242,0.0,1.0,1.0,0.0002563013986218,1.0,0.1273651123046875,4707.621759271824,d1500_B1500_R8_20251106_193325,2025-11-06 19:34:55,1500,40,1500,193.64916731037084
243,0.0,1.0,1.0,0.0002563013986218,1.0,0.13478684425354,4718.773484221596,d1500_B1500_R8_20251106_193325,2025-11-06 19:34:55,1500,40,1500,193.64916731037084
244,0.0,1.0,1.0,0.0002563013986218,1.0,0.1325089931488037,4730.025707734146,d1500_B1500_R8_20251106_193325,2025-11-06 19:34:55,1500,40,1500,193.64916731037084
245,0.0,1.0,1.0,0.0002563013986218,1.0,0.1430988311767578,4740.594428421228,d1500_B1500_R8_20251106_193325,2025-11-06 19:34:55,1500,40,1500,193.64916731037084
246,0.0,1.0,1.0,0.0002563013986218,1.0,0.1349501609802246,4751.612324701754,d1500_B1500_R8_20251106_193325,2025-11-06 19:34:55,1500,40,1500,193.64916731037084
247,0.0,1.0,1.0,0.0002563013986218,1.0,0.1329820156097412,4762.7197652998,d1500_B1500_R8_20251106_193325,2025-11-06 19:34:55,1500,40,1500,193.64916731037084
248,0.0,1.0,1.0,0.0002563013986218,1.0,0.133613109588623,4773.750123253953,d1500_B1500_R8_20251106_193325,2025-11-06 19:34:55,1500,40,1500,193.64916731037084
249,0.0,1.0,1.0,0.0002563013986218,1.0,0.1302311420440673,4784.9499975883045,d1500_B1500_R8_20251106_193325,2025-11-06 19:34:55,1500,40,1500,193.64916731037084
250,0.0,1.0,1.0,0.0002563013986218,1.0,0.1292958259582519,4796.169851488297,d1500_B1500_R8_20251106_193325,2025-11-06 19:34:55,1500,40,1500,193.64916731037084
251,0.0,1.0,1.0,0.0002563013986218,1.0,0.1317930221557617,4807.20104807587,d1500_B1500_R8_20251106_193325,2025-11-06 19:34:55,1500,40,1500,193.64916731037084
252,0.0,1.0,1.0,0.0002563013986218,1.0,0.1310949325561523,4818.2374205677825,d1500_B1500_R8_20251106_193325,2025-11-06 19:34:55,1500,40,1500,193.64916731037084
253,0.0,1.0,1.0,0.0002563013986218,1.0,0.1301362514495849,4829.296161413413,d1500_B1500_R8_20251106_193325,2025-11-06 19:34:55,1500,40,1500,193.64916731037084
254,0.0,1.0,1.0,0.0002563013986218,1.0,0.1320328712463379,4840.201785133733,d1500_B1500_R8_20251106_193325,2025-11-06 19:34:55,1500,40,1500,193.64916731037084
255,0.0,1.0,1.0,0.0002563013986218,1.0,0.1303439140319824,4851.175176598578,d1500_B1500_R8_20251106_193325,2025-11-06 19:34:55,1500,40,1500,193.64916731037084
256,0.0,1.0,1.0,0.0002563013986218,1.0,0.1700379848480224,4859.678950946839,d1500_B1500_R8_20251106_193325,2025-11-06 19:34:55,1500,40,1500,193.64916731037084
257,0.0,1.0,1.0,0.0002563013986218,1.0,0.1461420059204101,4869.604201877291,d1500_B1500_R8_20251106_193325,2025-11-06 19:34:55,1500,40,1500,193.64916731037084
258,0.0,1.0,1.0,0.0002563013986218,1.0,0.13360595703125,4880.266027667719,d1500_B1500_R8_20251106_193325,2025-11-06 19:34:55,1500,40,1500,193.64916731037084
259,0.0,1.0,1.0,0.0002563013986218,1.0,0.1314413547515869,4891.02459717984,d1500_B1500_R8_20251106_193325,2025-11-06 19:34:55,1500,40,1500,193.64916731037084
260,0.0,1.0,1.0,0.0002563013986218,1.0,0.1323881149291992,4901.69179544258,d1500_B1500_R8_20251106_193325,2025-11-06 19:34:55,1500,40,1500,193.64916731037084
261,0.0,1.0,1.0,0.0002563013986218,1.0,0.1346349716186523,4912.186056882173,d1500_B1500_R8_20251106_193325,2025-11-06 19:34:55,1500,40,1500,193.64916731037084
262,0.0,1.0,1.0,0.0002563013986218,1.0,0.1334428787231445,4922.71787811406,d1500_B1500_R8_20251106_193325,2025-11-06 19:34:55,1500,40,1500,193.64916731037084
263,0.0,1.0,1.0,0.0002563013986218,1.0,0.1322460174560547,4933.2878168582965,d1500_B1500_R8_20251106_193325,2025-11-06 19:34:55,1500,40,1500,193.64916731037084
264,0.0,1.0,1.0,0.0002563013986218,1.0,0.1316990852355957,4943.8565719828475,d1500_B1500_R8_20251106_193325,2025-11-06 19:34:55,1500,40,1500,193.64916731037084
265,0.0,1.0,1.0,0.0002563013986218,1.0,0.1354029178619384,4954.163738263889,d1500_B1500_R8_20251106_193325,2025-11-06 19:34:55,1500,40,1500,193.64916731037084
266,0.0,1.0,1.0,0.0002563013986218,1.0,0.1364595890045166,4964.370626848497,d1500_B1500_R8_20251106_193325,2025-11-06 19:34:55,1500,40,1500,193.64916731037084
267,0.0,1.0,1.0,0.0002563013986218,1.0,0.1801888942718505,4971.851467619538,d1500_B1500_R8_20251106_193325,2025-11-06 19:34:55,1500,40,1500,193.64916731037084
268,0.0,1.0,1.0,0.0002563013986218,1.0,0.1322691440582275,4982.244072649279,d1500_B1500_R8_20251106_193325,2025-11-06 19:34:55,1500,40,1500,193.64916731037084
269,0.0,1.0,1.0,0.0002563013986218,1.0,0.1316547393798828,4992.642648346101,d1500_B1500_R8_20251106_193325,2025-11-06 19:34:55,1500,40,1500,193.64916731037084
270,0.0,1.0,1.0,0.0002563013986218,1.0,0.1321268081665039,5002.978283776243,d1500_B1500_R8_20251106_193325,2025-11-06 19:34:55,1500,40,1500,193.64916731037084
271,0.0,1.0,1.0,0.0002563013986218,1.0,0.132429838180542,5013.262472372254,d1500_B1500_R8_20251106_193325,2025-11-06 19:34:55,1500,40,1500,193.64916731037084
272,0.0,1.0,1.0,0.0002563013986218,1.0,0.1315689086914062,5023.564646511701,d1500_B1500_R8_20251106_193325,2025-11-06 19:34:55,1500,40,1500,193.64916731037084
273,0.0,1.0,1.0,0.0002563013986218,1.0,0.1325020790100097,5033.776642690906,d1500_B1500_R8_20251106_193325,2025-11-06 19:34:55,1500,40,1500,193.64916731037084
274,0.0,1.0,1.0,0.0002563013986218,1.0,0.1335971355438232,5043.888495779977,d1500_B1500_R8_20251106_193325,2025-11-06 19:34:55,1500,40,1500,193.64916731037084
275,0.0,1.0,1.0,0.0002563013986218,1.0,0.1316590309143066,5054.087403392461,d1500_B1500_R8_20251106_193325,2025-11-06 19:34:55,1500,40,1500,193.64916731037084
276,0.0,1.0,1.0,0.0002563013986218,1.0,0.1365220546722412,5063.953461544555,d1500_B1500_R8_20251106_193325,2025-11-06 19:34:55,1500,40,1500,193.64916731037084
277,0.0,1.0,1.0,0.0002563013986218,1.0,0.1352436542510986,5073.86514140569,d1500_B1500_R8_20251106_193325,2025-11-06 19:34:55,1500,40,1500,193.64916731037084
278,0.0,1.0,1.0,0.0002563013986218,1.0,0.1348791122436523,5083.766196205762,d1500_B1500_R8_20251106_193325,2025-11-06 19:34:55,1500,40,1500,193.64916731037084
279,0.0,1.0,1.0,0.0002563013986218,1.0,0.134894847869873,5093.634213287577,d1500_B1500_R8_20251106_193325,2025-11-06 19:34:55,1500,40,1500,193.64916731037084
280,0.0,1.0,1.0,0.0002563013986218,1.0,0.1397440433502197,5103.170934270858,d1500_B1500_R8_20251106_193325,2025-11-06 19:34:55,1500,40,1500,193.64916731037084
281,0.0,1.0,1.0,0.0002563013986218,1.0,0.132296085357666,5113.134882299792,d1500_B1500_R8_20251106_193325,2025-11-06 19:34:55,1500,40,1500,193.64916731037084
282,0.0,1.0,1.0,0.0002563013986218,1.0,0.133401870727539,5122.998987635704,d1500_B1500_R8_20251106_193325,2025-11-06 19:34:55,1500,40,1500,193.64916731037084
283,0.0,1.0,1.0,0.0002563013986218,1.0,0.1355578899383545,5132.698258121145,d1500_B1500_R8_20251106_193325,2025-11-06 19:34:55,1500,40,1500,193.64916731037084
284,0.0,1.0,1.0,0.0002563013986218,1.0,0.1342389583587646,5142.4472975679055,d1500_B1500_R8_20251106_193325,2025-11-06 19:34:55,1500,40,1500,193.64916731037084
285,0.0,1.0,1.0,0.0002563013986218,1.0,0.1326546669006347,5152.261581931916,d1500_B1500_R8_20251106_193325,2025-11-06 19:34:55,1500,40,1500,193.64916731037084
286,0.0,1.0,1.0,0.0002563013986218,1.0,0.1322910785675048,5162.068890694345,d1500_B1500_R8_20251106_193325,2025-11-06 19:34:55,1500,40,1500,193.64916731037084
287,0.0,1.0,1.0,0.0002563013986218,1.0,0.139456033706665,5171.401180187514,d1500_B1500_R8_20251106_193325,2025-11-06 19:34:55,1500,40,1500,193.64916731037084
288,0.0,1.0,1.0,0.0002563013986218,1.0,0.134347915649414,5181.016910171621,d1500_B1500_R8_20251106_193325,2025-11-06 19:34:55,1500,40,1500,193.64916731037084
289,0.0,1.0,1.0,0.0002563013986218,1.0,0.1325047016143798,5190.7174068371605,d1500_B1500_R8_20251106_193325,2025-11-06 19:34:55,1500,40,1500,193.64916731037084
290,0.0,1.0,1.0,0.0002563013986218,1.0,0.1335978507995605,5200.319465607944,d1500_B1500_R8_20251106_193325,2025-11-06 19:34:55,1500,40,1500,193.64916731037084
291,0.0,1.0,1.0,0.0002563013986218,1.0,0.1322472095489502,5209.974771751294,d1500_B1500_R8_20251106_193325,2025-11-06 19:34:55,1500,40,1500,193.64916731037084
292,0.0,1.0,1.0,0.0002563013986218,1.0,0.1317780017852783,5219.62898749992,d1500_B1500_R8_20251106_193325,2025-11-06 19:34:55,1500,40,1500,193.64916731037084
293,0.0,1.0,1.0,0.0002563013986218,1.0,0.1332120895385742,5229.164707283906,d1500_B1500_R8_20251106_193325,2025-11-06 19:34:55,1500,40,1500,193.64916731037084
294,0.0,1.0,1.0,0.0002563013986218,1.0,0.132587194442749,5238.708227216449,d1500_B1500_R8_20251106_193325,2025-11-06 19:34:55,1500,40,1500,193.64916731037084
295,0.0,1.0,1.0,0.0002563013986218,1.0,0.1313090324401855,5248.300717443434,d1500_B1500_R8_20251106_193325,2025-11-06 19:34:55,1500,40,1500,193.64916731037084
296,0.0,1.0,1.0,0.0002563013986218,1.0,0.1323049068450927,5257.802880838112,d1500_B1500_R8_20251106_193325,2025-11-06 19:34:55,1500,40,1500,193.64916731037084
297,0.0,1.0,1.0,0.0002563013986218,1.0,0.1319868564605713,5267.294957929618,d1500_B1500_R8_20251106_193325,2025-11-06 19:34:55,1500,40,1500,193.64916731037084
298,0.0,1.0,1.0,0.0002563013986218,1.0,0.1340129375457763,5276.631618252941,d1500_B1500_R8_20251106_193325,2025-11-06 19:34:55,1500,40,1500,193.64916731037084
299,0.0,1.0,1.0,0.0002563013986218,1.0,0.13236665725708,5286.0406985046475,d1500_B1500_R8_20251106_193325,2025-11-06 19:34:55,1500,40,1500,193.64916731037084
0,0.6931471824645996,0.0,0.75,0.0392787456512451,1.0,0.0127828121185302,76.73443102817417,d1000_B1_R7_20251106_193334,2025-11-06 19:33:38,1000,40,1,193.64916731037084
1,0.0,1.0,0.75,0.0392787456512451,1.0,0.0104591846466064,83.83661639632616,d1000_B1_R7_20251106_193334,2025-11-06 19:33:38,1000,40,1,193.64916731037084
2,0.0,1.0,0.75,0.0392787456512451,1.0,0.0102519989013671,87.49860577023371,d1000_B1_R7_20251106_193334,2025-11-06 19:33:38,1000,40,1,193.64916731037084
3,0.0,1.0,0.75,0.0392787456512451,1.0,0.009610891342163,90.53838806292327,d1000_B1_R7_20251106_193334,2025-11-06 19:33:38,1000,40,1,193.64916731037084
4,0.0,1.0,0.75,0.0392787456512451,1.0,0.0147061347961425,84.32117727473765,d1000_B1_R7_20251106_193334,2025-11-06 19:33:38,1000,40,1,193.64916731037084
5,0.0,1.0,0.75,0.0392787456512451,1.0,0.0108821392059326,85.23679914376486,d1000_B1_R7_20251106_193334,2025-11-06 19:33:38,1000,40,1,193.64916731037084
6,0.0,1.0,0.75,0.0392787456512451,1.0,0.031689167022705,68.38417015845214,d1000_B1_R7_20251106_193334,2025-11-06 19:33:38,1000,40,1,193.64916731037084
7,0.0,1.0,0.75,0.0392787456512451,1.0,0.035334825515747,57.62979934425779,d1000_B1_R7_20251106_193334,2025-11-06 19:33:38,1000,40,1,193.64916731037084
8,0.0,1.0,0.75,0.0392787456512451,1.0,0.0058860778808593,62.10359061258401,d1000_B1_R7_20251106_193334,2025-11-06 19:33:38,1000,40,1,193.64916731037084
9,0.0,1.0,0.75,0.0392787456512451,1.0,0.0040249824523925,67.04707341713876,d1000_B1_R7_20251106_193334,2025-11-06 19:33:38,1000,40,1,193.64916731037084
10,0.0,1.0,0.75,0.0392787456512451,1.0,0.0066299438476562,70.54122021625324,d1000_B1_R7_20251106_193334,2025-11-06 19:33:38,1000,40,1,193.64916731037084
11,0.0,1.0,0.75,0.0392787456512451,1.0,0.0115289688110351,71.46214745737684,d1000_B1_R7_20251106_193334,2025-11-06 19:33:38,1000,40,1,193.64916731037084
12,0.0,1.0,0.75,0.0392787456512451,1.0,0.0025007724761962,76.21413106225478,d1000_B1_R7_20251106_193334,2025-11-06 19:33:38,1000,40,1,193.64916731037084
13,0.0,1.0,0.75,0.0392787456512451,1.0,0.0160470008850097,74.96818589782055,d1000_B1_R7_20251106_193334,2025-11-06 19:33:38,1000,40,1,193.64916731037084
14,0.0,1.0,0.75,0.0392787456512451,1.0,0.003774881362915,78.67280064124127,d1000_B1_R7_20251106_193334,2025-11-06 19:33:38,1000,40,1,193.64916731037084
15,0.0,1.0,0.75,0.0392787456512451,1.0,0.0026376247406005,82.72279075500771,d1000_B1_R7_20251106_193334,2025-11-06 19:33:38,1000,40,1,193.64916731037084
16,0.0,1.0,0.75,0.0392787456512451,1.0,0.002593994140625,86.66349198246388,d1000_B1_R7_20251106_193334,2025-11-06 19:33:38,1000,40,1,193.64916731037084
17,0.0,1.0,0.75,0.0392787456512451,1.0,0.0306582450866699,79.32623190933602,d1000_B1_R7_20251106_193334,2025-11-06 19:33:38,1000,40,1,193.64916731037084
18,0.0,1.0,0.75,0.0392787456512451,1.0,0.0104608535766601,79.97673310003543,d1000_B1_R7_20251106_193334,2025-11-06 19:33:38,1000,40,1,193.64916731037084
19,0.0,1.0,0.75,0.0392787456512451,1.0,0.0030879974365234,82.90293410445527,d1000_B1_R7_20251106_193334,2025-11-06 19:33:38,1000,40,1,193.64916731037084
20,0.0,1.0,0.75,0.0392787456512451,1.0,0.0055499076843261,85.04438451712322,d1000_B1_R7_20251106_193334,2025-11-06 19:33:38,1000,40,1,193.64916731037084
21,0.0,1.0,0.75,0.0392787456512451,1.0,0.0042788982391357,87.52314403356195,d1000_B1_R7_20251106_193334,2025-11-06 19:33:38,1000,40,1,193.64916731037084
22,0.0,1.0,0.75,0.0392787456512451,1.0,0.0051651000976562,89.5345417420762,d1000_B1_R7_20251106_193334,2025-11-06 19:33:38,1000,40,1,193.64916731037084
23,0.0,1.0,0.75,0.0392787456512451,1.0,0.0058088302612304,91.19919113876573,d1000_B1_R7_20251106_193334,2025-11-06 19:33:38,1000,40,1,193.64916731037084
24,0.0,1.0,0.75,0.0392787456512451,1.0,0.0376839637756347,83.02198715766305,d1000_B1_R7_20251106_193334,2025-11-06 19:33:38,1000,40,1,193.64916731037084
25,0.0,1.0,0.75,0.0392787456512451,1.0,0.0147900581359863,82.24075872845413,d1000_B1_R7_20251106_193334,2025-11-06 19:33:38,1000,40,1,193.64916731037084
26,0.0,1.0,0.75,0.0392787456512451,1.0,0.0169498920440673,79.39519378334096,d1000_B1_R7_20251106_193334,2025-11-06 19:33:38,1000,40,1,193.64916731037084
27,0.0,1.0,0.75,0.0392787456512451,1.0,0.0188972949981689,77.76889019562658,d1000_B1_R7_20251106_193334,2025-11-06 19:33:38,1000,40,1,193.64916731037084
28,0.0,1.0,0.75,0.0392787456512451,1.0,0.0068111419677734,79.01823005653124,d1000_B1_R7_20251106_193334,2025-11-06 19:33:38,1000,40,1,193.64916731037084
29,0.0,1.0,0.75,0.0392787456512451,1.0,0.0044240951538085,80.73913754880604,d1000_B1_R7_20251106_193334,2025-11-06 19:33:38,1000,40,1,193.64916731037084
30,0.0,1.0,0.75,0.0392787456512451,1.0,0.008876085281372,81.41571703993222,d1000_B1_R7_20251106_193334,2025-11-06 19:33:38,1000,40,1,193.64916731037084
31,0.0,1.0,0.75,0.0392787456512451,1.0,0.0061440467834472,82.67193923244747,d1000_B1_R7_20251106_193334,2025-11-06 19:33:38,1000,40,1,193.64916731037084
32,0.0,1.0,0.75,0.0392787456512451,1.0,0.0063729286193847,83.82760389570669,d1000_B1_R7_20251106_193334,2025-11-06 19:33:38,1000,40,1,193.64916731037084
33,0.0,1.0,0.75,0.0392787456512451,1.0,0.0085117816925048,84.50500459542212,d1000_B1_R7_20251106_193334,2025-11-06 19:33:38,1000,40,1,193.64916731037084
34,0.0,1.0,0.75,0.0392787456512451,1.0,0.0074727535247802,85.31424038402864,d1000_B1_R7_20251106_193334,2025-11-06 19:33:38,1000,40,1,193.64916731037084
35,0.0,1.0,0.75,0.0392787456512451,1.0,0.0131731033325195,84.95935262181526,d1000_B1_R7_20251106_193334,2025-11-06 19:33:38,1000,40,1,193.64916731037084
36,0.0,1.0,0.75,0.0392787456512451,1.0,0.0032436847686767,86.59080221446769,d1000_B1_R7_20251106_193334,2025-11-06 19:33:38,1000,40,1,193.64916731037084
37,0.0,1.0,0.75,0.0392787456512451,1.0,0.008984088897705,87.07009592902563,d1000_B1_R7_20251106_193334,2025-11-06 19:33:38,1000,40,1,193.64916731037084
38,0.0,1.0,0.75,0.0392787456512451,1.0,0.0040252208709716,88.51304256073244,d1000_B1_R7_20251106_193334,2025-11-06 19:33:38,1000,40,1,193.64916731037084
39,0.0,1.0,0.75,0.0392787456512451,1.0,0.0022220611572265,90.29956118326048,d1000_B1_R7_20251106_193334,2025-11-06 19:33:38,1000,40,1,193.64916731037084
40,0.0,1.0,0.75,0.0392787456512451,1.0,0.005789041519165,91.34005203149084,d1000_B1_R7_20251106_193334,2025-11-06 19:33:38,1000,40,1,193.64916731037084
41,0.0,1.0,0.75,0.0392787456512451,1.0,0.0184152126312255,89.80596063053542,d1000_B1_R7_20251106_193334,2025-11-06 19:33:38,1000,40,1,193.64916731037084
42,0.0,1.0,0.75,0.0392787456512451,1.0,0.0122549533843994,89.5104148779149,d1000_B1_R7_20251106_193334,2025-11-06 19:33:38,1000,40,1,193.64916731037084
43,0.0,1.0,0.75,0.0392787456512451,1.0,0.0052599906921386,90.55864692018594,d1000_B1_R7_20251106_193334,2025-11-06 19:33:38,1000,40,1,193.64916731037084
44,0.0,1.0,0.75,0.0392787456512451,1.0,0.0058948993682861,91.442214337069,d1000_B1_R7_20251106_193334,2025-11-06 19:33:38,1000,40,1,193.64916731037084
45,0.0,1.0,0.75,0.0392787456512451,1.0,0.0130701065063476,90.96085728698652,d1000_B1_R7_20251106_193334,2025-11-06 19:33:38,1000,40,1,193.64916731037084
46,0.0,1.0,0.75,0.0392787456512451,1.0,0.0357630252838134,86.75058429336698,d1000_B1_R7_20251106_193334,2025-11-06 19:33:38,1000,40,1,193.64916731037084
47,0.0,1.0,0.75,0.0392787456512451,1.0,0.0207738876342773,85.23135032570332,d1000_B1_R7_20251106_193334,2025-11-06 19:33:38,1000,40,1,193.64916731037084
48,0.0,1.0,0.75,0.0392787456512451,1.0,0.0141160488128662,84.81513459886934,d1000_B1_R7_20251106_193334,2025-11-06 19:33:38,1000,40,1,193.64916731037084
49,0.0,1.0,0.75,0.0392787456512451,1.0,0.0072298049926757,85.45520853919673,d1000_B1_R7_20251106_193334,2025-11-06 19:33:38,1000,40,1,193.64916731037084
50,0.0,1.0,0.75,0.0392787456512451,1.0,0.0045559406280517,86.4658828627303,d1000_B1_R7_20251106_193334,2025-11-06 19:33:38,1000,40,1,193.64916731037084
51,0.0,1.0,0.75,0.0392787456512451,1.0,0.0162248611450195,85.7599008489728,d1000_B1_R7_20251106_193334,2025-11-06 19:33:38,1000,40,1,193.64916731037084
52,0.0,1.0,0.75,0.0392787456512451,1.0,0.0413320064544677,81.76160496855847,d1000_B1_R7_20251106_193334,2025-11-06 19:33:38,1000,40,1,193.64916731037084
53,0.0,1.0,0.75,0.0392787456512451,1.0,0.0122179985046386,81.73853619243737,d1000_B1_R7_20251106_193334,2025-11-06 19:33:38,1000,40,1,193.64916731037084
54,0.0,1.0,0.75,0.0392787456512451,1.0,0.006119966506958,82.4663100189644,d1000_B1_R7_20251106_193334,2025-11-06 19:33:38,1000,40,1,193.64916731037084
55,0.0,1.0,0.75,0.0392787456512451,1.0,0.0043730735778808,83.399355404761,d1000_B1_R7_20251106_193334,2025-11-06 19:33:38,1000,40,1,193.64916731037084
56,0.0,1.0,0.75,0.0392787456512451,1.0,0.0041837692260742,84.34634468510271,d1000_B1_R7_20251106_193334,2025-11-06 19:33:38,1000,40,1,193.64916731037084
57,0.0,1.0,0.75,0.0392787456512451,1.0,0.0009872913360595,85.69308113713731,d1000_B1_R7_20251106_193334,2025-11-06 19:33:38,1000,40,1,193.64916731037084
58,0.0,1.0,0.75,0.0392787456512451,1.0,0.001357078552246,86.99137728297761,d1000_B1_R7_20251106_193334,2025-11-06 19:33:38,1000,40,1,193.64916731037084
59,0.0,1.0,0.75,0.0392787456512451,1.0,0.0022811889648437,88.1616249373798,d1000_B1_R7_20251106_193334,2025-11-06 19:33:38,1000,40,1,193.64916731037084
60,0.0,1.0,0.75,0.0392787456512451,1.0,0.0025887489318847,89.27669463521664,d1000_B1_R7_20251106_193334,2025-11-06 19:33:38,1000,40,1,193.64916731037084
61,0.0,1.0,0.75,0.0392787456512451,1.0,0.0033760070800781,90.27492371407445,d1000_B1_R7_20251106_193334,2025-11-06 19:33:38,1000,40,1,193.64916731037084
62,0.0,1.0,0.75,0.0392787456512451,1.0,0.0102648735046386,90.3678039768637,d1000_B1_R7_20251106_193334,2025-11-06 19:33:38,1000,40,1,193.64916731037084
63,0.0,1.0,0.75,0.0392787456512451,1.0,0.0047769546508789,91.15977545871014,d1000_B1_R7_20251106_193334,2025-11-06 19:33:38,1000,40,1,193.64916731037084
64,0.0,1.0,0.75,0.0392787456512451,1.0,0.0136730670928955,90.79822779607863,d1000_B1_R7_20251106_193334,2025-11-06 19:33:38,1000,40,1,193.64916731037084
65,0.0,1.0,0.75,0.0392787456512451,1.0,0.0076451301574707,91.03021394515578,d1000_B1_R7_20251106_193334,2025-11-06 19:33:38,1000,40,1,193.64916731037084
66,0.0,1.0,0.75,0.0392787456512451,1.0,0.0248591899871826,89.30355344531881,d1000_B1_R7_20251106_193334,2025-11-06 19:33:38,1000,40,1,193.64916731037084
67,0.0,1.0,0.75,0.0392787456512451,1.0,0.0049340724945068,90.02652444875407,d1000_B1_R7_20251106_193334,2025-11-06 19:33:38,1000,40,1,193.64916731037084
68,0.0,1.0,0.75,0.0392787456512451,1.0,0.0036919116973876,90.84313708256796,d1000_B1_R7_20251106_193334,2025-11-06 19:33:38,1000,40,1,193.64916731037084
69,0.0,1.0,0.75,0.0392787456512451,1.0,0.009347915649414,91.00515311333284,d1000_B1_R7_20251106_193334,2025-11-06 19:33:38,1000,40,1,193.64916731037084
70,0.0,1.0,0.75,0.0392787456512451,1.0,0.0058498382568359,91.58868872147616,d1000_B1_R7_20251106_193334,2025-11-06 19:33:38,1000,40,1,193.64916731037084
71,0.0,1.0,0.75,0.0392787456512451,1.0,0.0206210613250732,90.4396646912026,d1000_B1_R7_20251106_193334,2025-11-06 19:33:38,1000,40,1,193.64916731037084
72,0.0,1.0,0.75,0.0392787456512451,1.0,0.0133378505706787,90.1449553903696,d1000_B1_R7_20251106_193334,2025-11-06 19:33:38,1000,40,1,193.64916731037084
73,0.0,1.0,0.75,0.0392787456512451,1.0,0.0109879970550537,90.1372702197074,d1000_B1_R7_20251106_193334,2025-11-06 19:33:38,1000,40,1,193.64916731037084
74,0.0,1.0,0.75,0.0392787456512451,1.0,0.0065357685089111,90.60179946239052,d1000_B1_R7_20251106_193334,2025-11-06 19:33:38,1000,40,1,193.64916731037084
75,0.0,1.0,0.75,0.0392787456512451,1.0,0.0022909641265869,91.5430805185526,d1000_B1_R7_20251106_193334,2025-11-06 19:33:38,1000,40,1,193.64916731037084
76,0.0,1.0,0.75,0.0392787456512451,1.0,0.0031177997589111,92.3880613495704,d1000_B1_R7_20251106_193334,2025-11-06 19:33:38,1000,40,1,193.64916731037084
77,0.0,1.0,0.75,0.0392787456512451,1.0,0.0053069591522216,92.98488989945642,d1000_B1_R7_20251106_193334,2025-11-06 19:33:38,1000,40,1,193.64916731037084
78,0.0,1.0,0.75,0.0392787456512451,1.0,0.0033149719238281,93.79514529825497,d1000_B1_R7_20251106_193334,2025-11-06 19:33:38,1000,40,1,193.64916731037084
79,0.0,1.0,0.75,0.0392787456512451,1.0,0.0290970802307128,91.71115049356222,d1000_B1_R7_20251106_193334,2025-11-06 19:33:38,1000,40,1,193.64916731037084
80,0.0,1.0,0.75,0.0392787456512451,1.0,0.0260071754455566,90.02419645249067,d1000_B1_R7_20251106_193334,2025-11-06 19:33:38,1000,40,1,193.64916731037084
81,0.0,1.0,0.75,0.0392787456512451,1.0,0.0053179264068603,90.58280013379373,d1000_B1_R7_20251106_193334,2025-11-06 19:33:38,1000,40,1,193.64916731037084
82,0.0,1.0,0.75,0.0392787456512451,1.0,0.0137968063354492,90.27439662082249,d1000_B1_R7_20251106_193334,2025-11-06 19:33:38,1000,40,1,193.64916731037084
83,0.0,1.0,0.75,0.0392787456512451,1.0,0.0108289718627929,90.2829725395614,d1000_B1_R7_20251106_193334,2025-11-06 19:33:38,1000,40,1,193.64916731037084
84,0.0,1.0,0.75,0.0392787456512451,1.0,0.0155239105224609,89.83974963920801,d1000_B1_R7_20251106_193334,2025-11-06 19:33:38,1000,40,1,193.64916731037084
85,0.0,1.0,0.75,0.0392787456512451,1.0,0.0141680240631103,89.50388500947618,d1000_B1_R7_20251106_193334,2025-11-06 19:33:38,1000,40,1,193.64916731037084
86,0.0,1.0,0.75,0.0392787456512451,1.0,0.0089831352233886,89.59963227521607,d1000_B1_R7_20251106_193334,2025-11-06 19:33:38,1000,40,1,193.64916731037084
87,0.0,1.0,0.75,0.0392787456512451,1.0,0.0221869945526123,88.59249594299722,d1000_B1_R7_20251106_193334,2025-11-06 19:33:38,1000,40,1,193.64916731037084
88,0.0,1.0,0.75,0.0392787456512451,1.0,0.0305111408233642,86.91388636397502,d1000_B1_R7_20251106_193334,2025-11-06 19:33:38,1000,40,1,193.64916731037084
89,0.0,1.0,0.75,0.0392787456512451,1.0,0.0309360027313232,85.22992869572168,d1000_B1_R7_20251106_193334,2025-11-06 19:33:38,1000,40,1,193.64916731037084
90,0.0,1.0,0.75,0.0392787456512451,1.0,0.0070569515228271,85.520288125575,d1000_B1_R7_20251106_193334,2025-11-06 19:33:38,1000,40,1,193.64916731037084
91,0.0,1.0,0.75,0.0392787456512451,1.0,0.0085511207580566,85.45492088449912,d1000_B1_R7_20251106_193334,2025-11-06 19:33:38,1000,40,1,193.64916731037084
92,0.0,1.0,0.75,0.0392787456512451,1.0,0.0085690021514892,85.6755191605136,d1000_B1_R7_20251106_193334,2025-11-06 19:33:38,1000,40,1,193.64916731037084
93,0.0,1.0,0.75,0.0392787456512451,1.0,0.029139757156372,84.31883295500866,d1000_B1_R7_20251106_193334,2025-11-06 19:33:38,1000,40,1,193.64916731037084
94,0.0,1.0,0.75,0.0392787456512451,1.0,0.0105748176574707,84.3960453248238,d1000_B1_R7_20251106_193334,2025-11-06 19:33:38,1000,40,1,193.64916731037084
95,0.0,1.0,0.75,0.0392787456512451,1.0,0.0188190937042236,83.85086263769217,d1000_B1_R7_20251106_193334,2025-11-06 19:33:38,1000,40,1,193.64916731037084
96,0.0,1.0,0.75,0.0392787456512451,1.0,0.0039591789245605,84.42234465860668,d1000_B1_R7_20251106_193334,2025-11-06 19:33:38,1000,40,1,193.64916731037084
97,0.0,1.0,0.75,0.0392787456512451,1.0,0.0028831958770751,85.07224755618078,d1000_B1_R7_20251106_193334,2025-11-06 19:33:38,1000,40,1,193.64916731037084
98,0.0,1.0,0.75,0.0392787456512451,1.0,0.0080671310424804,85.31716776557077,d1000_B1_R7_20251106_193334,2025-11-06 19:33:38,1000,40,1,193.64916731037084
99,0.0,1.0,0.75,0.0392787456512451,1.0,0.0135281085968017,84.809211303193,d1000_B1_R7_20251106_193334,2025-11-06 19:33:38,1000,40,1,193.64916731037084
100,0.0,1.0,0.75,0.0392787456512451,1.0,0.0025012493133544,85.47001712730557,d1000_B1_R7_20251106_193334,2025-11-06 19:33:38,1000,40,1,193.64916731037084
101,0.0,1.0,0.75,0.0392787456512451,1.0,0.0028388500213623,86.09606469113352,d1000_B1_R7_20251106_193334,2025-11-06 19:33:38,1000,40,1,193.64916731037084
102,0.0,1.0,0.75,0.0392787456512451,1.0,0.0023951530456542,86.75678625011572,d1000_B1_R7_20251106_193334,2025-11-06 19:33:38,1000,40,1,193.64916731037084
103,0.0,1.0,0.75,0.0392787456512451,1.0,0.0102059841156005,86.84128906694825,d1000_B1_R7_20251106_193334,2025-11-06 19:33:38,1000,40,1,193.64916731037084
104,0.0,1.0,0.75,0.0392787456512451,1.0,0.0021171569824218,87.51150669954892,d1000_B1_R7_20251106_193334,2025-11-06 19:33:38,1000,40,1,193.64916731037084
105,0.0,1.0,0.75,0.0392787456512451,1.0,0.0038681030273437,88.05543855882563,d1000_B1_R7_20251106_193334,2025-11-06 19:33:38,1000,40,1,193.64916731037084
106,0.0,1.0,0.75,0.0392787456512451,1.0,0.0061519145965576,88.42478365714734,d1000_B1_R7_20251106_193334,2025-11-06 19:33:38,1000,40,1,193.64916731037084
107,0.0,1.0,0.75,0.0392787456512451,1.0,0.0332159996032714,86.84401946751522,d1000_B1_R7_20251106_193334,2025-11-06 19:33:38,1000,40,1,193.64916731037084
108,0.0,1.0,0.75,0.0392787456512451,1.0,0.0136620998382568,86.6698520365122,d1000_B1_R7_20251106_193334,2025-11-06 19:33:38,1000,40,1,193.64916731037084
109,0.0,1.0,0.75,0.0392787456512451,1.0,0.0115511417388916,86.5810976990884,d1000_B1_R7_20251106_193334,2025-11-06 19:33:38,1000,40,1,193.64916731037084
110,0.0,1.0,0.75,0.0392787456512451,1.0,0.0192451477050781,86.0442400793229,d1000_B1_R7_20251106_193334,2025-11-06 19:33:38,1000,40,1,193.64916731037084
111,0.0,1.0,0.75,0.0392787456512451,1.0,0.0026700496673583,86.62750005440012,d1000_B1_R7_20251106_193334,2025-11-06 19:33:38,1000,40,1,193.64916731037084
112,0.0,1.0,0.75,0.0392787456512451,1.0,0.0023951530456542,87.23166926361225,d1000_B1_R7_20251106_193334,2025-11-06 19:33:38,1000,40,1,193.64916731037084
113,0.0,1.0,0.75,0.0392787456512451,1.0,0.0029709339141845,87.79436152205083,d1000_B1_R7_20251106_193334,2025-11-06 19:33:38,1000,40,1,193.64916731037084
114,0.0,1.0,0.75,0.0392787456512451,1.0,0.0023150444030761,88.39679147540707,d1000_B1_R7_20251106_193334,2025-11-06 19:33:38,1000,40,1,193.64916731037084
115,0.0,1.0,0.75,0.0392787456512451,1.0,0.0021681785583496,89.01091407105991,d1000_B1_R7_20251106_193334,2025-11-06 19:33:38,1000,40,1,193.64916731037084
116,0.0,1.0,0.75,0.0392787456512451,1.0,0.0126662254333496,88.9071935438987,d1000_B1_R7_20251106_193334,2025-11-06 19:33:38,1000,40,1,193.64916731037084
117,0.0,1.0,0.75,0.0392787456512451,1.0,0.0412061214447021,86.90771391149258,d1000_B1_R7_20251106_193334,2025-11-06 19:33:38,1000,40,1,193.64916731037084
118,0.0,1.0,0.75,0.0392787456512451,1.0,0.0053651332855224,87.2874290526036,d1000_B1_R7_20251106_193334,2025-11-06 19:33:38,1000,40,1,193.64916731037084
119,0.0,1.0,0.75,0.0392787456512451,1.0,0.0115120410919189,87.27958291679059,d1000_B1_R7_20251106_193334,2025-11-06 19:33:38,1000,40,1,193.64916731037084
120,0.0,1.0,0.75,0.0392787456512451,1.0,0.038057804107666,85.61122399182064,d1000_B1_R7_20251106_193334,2025-11-06 19:33:38,1000,40,1,193.64916731037084
121,0.0,1.0,0.75,0.0392787456512451,1.0,0.0258669853210449,84.1947711568727,d1000_B1_R7_20251106_193334,2025-11-06 19:33:38,1000,40,1,193.64916731037084
122,0.0,1.0,0.75,0.0392787456512451,1.0,0.0022759437561035,84.7407350951236,d1000_B1_R7_20251106_193334,2025-11-06 19:33:38,1000,40,1,193.64916731037084
123,0.0,1.0,0.75,0.0392787456512451,1.0,0.0162651538848876,84.47816291797382,d1000_B1_R7_20251106_193334,2025-11-06 19:33:38,1000,40,1,193.64916731037084
124,0.0,1.0,0.75,0.0392787456512451,1.0,0.0124528408050537,84.42174610967542,d1000_B1_R7_20251106_193334,2025-11-06 19:33:38,1000,40,1,193.64916731037084
125,0.0,1.0,0.75,0.0392787456512451,1.0,0.0051562786102294,84.77831116911842,d1000_B1_R7_20251106_193334,2025-11-06 19:33:38,1000,40,1,193.64916731037084
126,0.0,1.0,0.75,0.0392787456512451,1.0,0.0032310485839843,85.23764023943755,d1000_B1_R7_20251106_193334,2025-11-06 19:33:38,1000,40,1,193.64916731037084
127,0.0,1.0,0.75,0.0392787456512451,1.0,0.0030877590179443,85.72463226148052,d1000_B1_R7_20251106_193334,2025-11-06 19:33:38,1000,40,1,193.64916731037084
128,0.0,1.0,0.75,0.0392787456512451,1.0,0.0103797912597656,85.78512322792231,d1000_B1_R7_20251106_193334,2025-11-06 19:33:38,1000,40,1,193.64916731037084
129,0.0,1.0,0.75,0.0392787456512451,1.0,0.0033059120178222,86.2495021264224,d1000_B1_R7_20251106_193334,2025-11-06 19:33:38,1000,40,1,193.64916731037084
130,0.0,1.0,0.75,0.0392787456512451,1.0,0.0035009384155273,86.70276834671145,d1000_B1_R7_20251106_193334,2025-11-06 19:33:38,1000,40,1,193.64916731037084
131,0.0,1.0,0.75,0.0392787456512451,1.0,0.0034229755401611,87.16011776298193,d1000_B1_R7_20251106_193334,2025-11-06 19:33:38,1000,40,1,193.64916731037084
132,0.0,1.0,0.75,0.0392787456512451,1.0,0.0073139667510986,87.39162758520428,d1000_B1_R7_20251106_193334,2025-11-06 19:33:38,1000,40,1,193.64916731037084
133,0.0,1.0,0.75,0.0392787456512451,1.0,0.0022389888763427,87.91058732477883,d1000_B1_R7_20251106_193334,2025-11-06 19:33:38,1000,40,1,193.64916731037084
134,0.0,1.0,0.75,0.0392787456512451,1.0,0.0023238658905029,88.4259467046587,d1000_B1_R7_20251106_193334,2025-11-06 19:33:38,1000,40,1,193.64916731037084
135,0.0,1.0,0.75,0.0392787456512451,1.0,0.0214500427246093,87.84043686664415,d1000_B1_R7_20251106_193334,2025-11-06 19:33:38,1000,40,1,193.64916731037084
136,0.0,1.0,0.75,0.0392787456512451,1.0,0.0058329105377197,88.14439355785609,d1000_B1_R7_20251106_193334,2025-11-06 19:33:38,1000,40,1,193.64916731037084
137,0.0,1.0,0.75,0.0392787456512451,1.0,0.0040979385375976,88.5455929206843,d1000_B1_R7_20251106_193334,2025-11-06 19:33:38,1000,40,1,193.64916731037084
138,0.0,1.0,0.75,0.0392787456512451,1.0,0.0250098705291748,87.76798868275664,d1000_B1_R7_20251106_193334,2025-11-06 19:33:38,1000,40,1,193.64916731037084
139,0.0,1.0,0.75,0.0392787456512451,1.0,0.0233631134033203,87.10150678126477,d1000_B1_R7_20251106_193334,2025-11-06 19:33:38,1000,40,1,193.64916731037084
140,0.0,1.0,0.75,0.0392787456512451,1.0,0.0028791427612304,87.5585980956126,d1000_B1_R7_20251106_193334,2025-11-06 19:33:38,1000,40,1,193.64916731037084
141,0.0,1.0,0.75,0.0392787456512451,1.0,0.0034301280975341,87.97085161655484,d1000_B1_R7_20251106_193334,2025-11-06 19:33:38,1000,40,1,193.64916731037084
142,0.0,1.0,0.75,0.0392787456512451,1.0,0.0063228607177734,88.23696450428396,d1000_B1_R7_20251106_193334,2025-11-06 19:33:38,1000,40,1,193.64916731037084
143,0.0,1.0,0.75,0.0392787456512451,1.0,0.0196130275726318,87.06667397051743,d1000_B1_R7_20251106_193334,2025-11-06 19:33:38,1000,40,1,193.64916731037084
144,0.0,1.0,0.75,0.0392787456512451,1.0,0.0026478767395019,87.52159423305683,d1000_B1_R7_20251106_193334,2025-11-06 19:33:38,1000,40,1,193.64916731037084
145,0.0,1.0,0.75,0.0392787456512451,1.0,0.00455904006958,87.87831984165012,d1000_B1_R7_20251106_193334,2025-11-06 19:33:38,1000,40,1,193.64916731037084
146,0.0,1.0,0.75,0.0392787456512451,1.0,0.002774953842163,88.3231844340091,d1000_B1_R7_20251106_193334,2025-11-06 19:33:38,1000,40,1,193.64916731037084
147,0.0,1.0,0.75,0.0392787456512451,1.0,0.0024623870849609,88.78655808821058,d1000_B1_R7_20251106_193334,2025-11-06 19:33:38,1000,40,1,193.64916731037084
148,0.0,1.0,0.75,0.0392787456512451,1.0,0.0042810440063476,89.15146102101356,d1000_B1_R7_20251106_193334,2025-11-06 19:33:38,1000,40,1,193.64916731037084
149,0.0,1.0,0.75,0.0392787456512451,1.0,0.0027680397033691,89.58128802319064,d1000_B1_R7_20251106_193334,2025-11-06 19:33:38,1000,40,1,193.64916731037084
150,0.0,1.0,0.75,0.0392787456512451,1.0,0.0038897991180419,89.9617639008304,d1000_B1_R7_20251106_193334,2025-11-06 19:33:38,1000,40,1,193.64916731037084
151,0.0,1.0,0.75,0.0392787456512451,1.0,0.0092079639434814,90.05427657878218,d1000_B1_R7_20251106_193334,2025-11-06 19:33:38,1000,40,1,193.64916731037084
152,0.0,1.0,0.75,0.0392787456512451,1.0,0.0036318302154541,90.42995822538565,d1000_B1_R7_20251106_193334,2025-11-06 19:33:38,1000,40,1,193.64916731037084
153,0.0,1.0,0.75,0.0392787456512451,1.0,0.0361430644989013,89.09985645760092,d1000_B1_R7_20251106_193334,2025-11-06 19:33:38,1000,40,1,193.64916731037084
154,0.0,1.0,0.75,0.0392787456512451,1.0,0.0192091464996337,88.68311564868607,d1000_B1_R7_20251106_193334,2025-11-06 19:33:38,1000,40,1,193.64916731037084
155,0.0,1.0,0.75,0.0392787456512451,1.0,0.0241672992706298,88.02289658479008,d1000_B1_R7_20251106_193334,2025-11-06 19:33:38,1000,40,1,193.64916731037084
156,0.0,1.0,0.75,0.0392787456512451,1.0,0.0086841583251953,87.99956060738279,d1000_B1_R7_20251106_193334,2025-11-06 19:33:38,1000,40,1,193.64916731037084
157,0.0,1.0,0.75,0.0392787456512451,1.0,0.0047590732574462,88.30426661358017,d1000_B1_R7_20251106_193334,2025-11-06 19:33:38,1000,40,1,193.64916731037084
158,0.0,1.0,0.75,0.0392787456512451,1.0,0.020496129989624,87.84899802683863,d1000_B1_R7_20251106_193334,2025-11-06 19:33:38,1000,40,1,193.64916731037084
159,0.0,1.0,0.75,0.0392787456512451,1.0,0.0160129070281982,87.61644887955191,d1000_B1_R7_20251106_193334,2025-11-06 19:33:38,1000,40,1,193.64916731037084
160,0.0,1.0,0.75,0.0392787456512451,1.0,0.0225348472595214,87.08191038783313,d1000_B1_R7_20251106_193334,2025-11-06 19:33:38,1000,40,1,193.64916731037084
161,0.0,1.0,0.75,0.0392787456512451,1.0,0.0240099430084228,86.47928411336993,d1000_B1_R7_20251106_193334,2025-11-06 19:33:38,1000,40,1,193.64916731037084
162,0.0,1.0,0.75,0.0392787456512451,1.0,0.0080161094665527,86.48536309994049,d1000_B1_R7_20251106_193334,2025-11-06 19:33:38,1000,40,1,193.64916731037084
163,0.0,1.0,0.75,0.0392787456512451,1.0,0.0046830177307128,86.79256178961796,d1000_B1_R7_20251106_193334,2025-11-06 19:33:38,1000,40,1,193.64916731037084
164,0.0,1.0,0.75,0.0392787456512451,1.0,0.0084373950958251,86.91579608764721,d1000_B1_R7_20251106_193334,2025-11-06 19:33:38,1000,40,1,193.64916731037084
165,0.0,1.0,0.75,0.0392787456512451,1.0,0.010167121887207,86.95970753249212,d1000_B1_R7_20251106_193334,2025-11-06 19:33:38,1000,40,1,193.64916731037084
166,0.0,1.0,0.75,0.0392787456512451,1.0,0.0028469562530517,87.34450393920727,d1000_B1_R7_20251106_193334,2025-11-06 19:33:38,1000,40,1,193.64916731037084
167,0.0,1.0,0.75,0.0392787456512451,1.0,0.00636887550354,87.5679146713645,d1000_B1_R7_20251106_193334,2025-11-06 19:33:38,1000,40,1,193.64916731037084
168,0.0,1.0,0.75,0.0392787456512451,1.0,0.0040280818939208,87.89585782850646,d1000_B1_R7_20251106_193334,2025-11-06 19:33:38,1000,40,1,193.64916731037084
169,0.0,1.0,0.75,0.0392787456512451,1.0,0.0025560855865478,88.2917882998147,d1000_B1_R7_20251106_193334,2025-11-06 19:33:38,1000,40,1,193.64916731037084
170,0.0,1.0,0.75,0.0392787456512451,1.0,0.0020790100097656,88.70955574597433,d1000_B1_R7_20251106_193334,2025-11-06 19:33:38,1000,40,1,193.64916731037084
171,0.0,1.0,0.75,0.0392787456512451,1.0,0.0025529861450195,89.10568373040694,d1000_B1_R7_20251106_193334,2025-11-06 19:33:38,1000,40,1,193.64916731037084
172,0.0,1.0,0.75,0.0392787456512451,1.0,0.003450870513916,89.45792276617667,d1000_B1_R7_20251106_193334,2025-11-06 19:33:38,1000,40,1,193.64916731037084
173,0.0,1.0,0.75,0.0392787456512451,1.0,0.0022180080413818,89.86498326411302,d1000_B1_R7_20251106_193334,2025-11-06 19:33:38,1000,40,1,193.64916731037084
174,0.0,1.0,0.75,0.0392787456512451,1.0,0.0043959617614746,90.1708213653793,d1000_B1_R7_20251106_193334,2025-11-06 19:33:38,1000,40,1,193.64916731037084
175,0.0,1.0,0.75,0.0392787456512451,1.0,0.0040650367736816,90.49191803429608,d1000_B1_R7_20251106_193334,2025-11-06 19:33:38,1000,40,1,193.64916731037084
176,0.0,1.0,0.75,0.0392787456512451,1.0,0.0051681995391845,90.75685598351492,d1000_B1_R7_20251106_193334,2025-11-06 19:33:38,1000,40,1,193.64916731037084
177,0.0,1.0,0.75,0.0392787456512451,1.0,0.0044808387756347,91.0541823929938,d1000_B1_R7_20251106_193334,2025-11-06 19:33:38,1000,40,1,193.64916731037084
178,0.0,1.0,0.75,0.0392787456512451,1.0,0.0073678493499755,91.21781092440752,d1000_B1_R7_20251106_193334,2025-11-06 19:33:38,1000,40,1,193.64916731037084
179,0.0,1.0,0.75,0.0392787456512451,1.0,0.0091018676757812,91.27169422499216,d1000_B1_R7_20251106_193334,2025-11-06 19:33:38,1000,40,1,193.64916731037084
180,0.0,1.0,0.75,0.0392787456512451,1.0,0.0184922218322753,90.9137533140505,d1000_B1_R7_20251106_193334,2025-11-06 19:33:38,1000,40,1,193.64916731037084
181,0.0,1.0,0.75,0.0392787456512451,1.0,0.0094752311706542,90.96465994992532,d1000_B1_R7_20251106_193334,2025-11-06 19:33:38,1000,40,1,193.64916731037084
182,0.0,1.0,0.75,0.0392787456512451,1.0,0.0150470733642578,90.75624867496958,d1000_B1_R7_20251106_193334,2025-11-06 19:33:38,1000,40,1,193.64916731037084
183,0.0,1.0,0.75,0.0392787456512451,1.0,0.0270497798919677,90.03670244948216,d1000_B1_R7_20251106_193334,2025-11-06 19:33:38,1000,40,1,193.64916731037084
184,0.0,1.0,0.75,0.0392787456512451,1.0,0.0165410041809082,89.79074875976615,d1000_B1_R7_20251106_193334,2025-11-06 19:33:38,1000,40,1,193.64916731037084
185,0.0,1.0,0.75,0.0392787456512451,1.0,0.0019960403442382,90.18173478399584,d1000_B1_R7_20251106_193334,2025-11-06 19:33:38,1000,40,1,193.64916731037084
186,0.0,1.0,0.75,0.0392787456512451,1.0,0.003443956375122,90.50978969381286,d1000_B1_R7_20251106_193334,2025-11-06 19:33:38,1000,40,1,193.64916731037084
187,0.0,1.0,0.75,0.0392787456512451,1.0,0.0045380592346191,90.78740011884248,d1000_B1_R7_20251106_193334,2025-11-06 19:33:38,1000,40,1,193.64916731037084
188,0.0,1.0,0.75,0.0392787456512451,1.0,0.0030748844146728,91.12943307375184,d1000_B1_R7_20251106_193334,2025-11-06 19:33:38,1000,40,1,193.64916731037084
189,0.0,1.0,0.75,0.0392787456512451,1.0,0.0176448822021484,90.83072989624168,d1000_B1_R7_20251106_193334,2025-11-06 19:33:38,1000,40,1,193.64916731037084
190,0.0,1.0,0.75,0.0392787456512451,1.0,0.0116679668426513,90.78987520575026,d1000_B1_R7_20251106_193334,2025-11-06 19:33:38,1000,40,1,193.64916731037084
191,0.0,1.0,0.75,0.0392787456512451,1.0,0.0038831233978271,91.08716564499338,d1000_B1_R7_20251106_193334,2025-11-06 19:33:38,1000,40,1,193.64916731037084
192,0.0,1.0,0.75,0.0392787456512451,1.0,0.0110821723937988,91.07751325629572,d1000_B1_R7_20251106_193334,2025-11-06 19:33:38,1000,40,1,193.64916731037084
193,0.0,1.0,0.75,0.0392787456512451,1.0,0.0046577453613281,91.3396394032006,d1000_B1_R7_20251106_193334,2025-11-06 19:33:38,1000,40,1,193.64916731037084
194,0.0,1.0,0.75,0.0392787456512451,1.0,0.0031039714813232,91.67031921841482,d1000_B1_R7_20251106_193334,2025-11-06 19:33:38,1000,40,1,193.64916731037084
195,0.0,1.0,0.75,0.0392787456512451,1.0,0.0136628150939941,91.5375751378046,d1000_B1_R7_20251106_193334,2025-11-06 19:33:38,1000,40,1,193.64916731037084
196,0.0,1.0,0.75,0.0392787456512451,1.0,0.0328998565673828,90.59495362846172,d1000_B1_R7_20251106_193334,2025-11-06 19:33:38,1000,40,1,193.64916731037084
197,0.0,1.0,0.75,0.0392787456512451,1.0,0.0330018997192382,89.67582286936393,d1000_B1_R7_20251106_193334,2025-11-06 19:33:38,1000,40,1,193.64916731037084
198,0.0,1.0,0.75,0.0392787456512451,1.0,0.0406868457794189,88.49198557184529,d1000_B1_R7_20251106_193334,2025-11-06 19:33:38,1000,40,1,193.64916731037084
199,0.0,1.0,0.75,0.0392787456512451,1.0,0.0177180767059326,88.1774748949447,d1000_B1_R7_20251106_193334,2025-11-06 19:33:38,1000,40,1,193.64916731037084
200,0.0,1.0,0.75,0.0392787456512451,1.0,0.0177958011627197,87.9163216463367,d1000_B1_R7_20251106_193334,2025-11-06 19:33:38,1000,40,1,193.64916731037084
201,0.0,1.0,0.75,0.0392787456512451,1.0,0.048969030380249,86.49152147701591,d1000_B1_R7_20251106_193334,2025-11-06 19:33:38,1000,40,1,193.64916731037084
202,0.0,1.0,0.75,0.0392787456512451,1.0,0.0213191509246826,86.12573955189806,d1000_B1_R7_20251106_193334,2025-11-06 19:33:38,1000,40,1,193.64916731037084
203,0.0,1.0,0.75,0.0392787456512451,1.0,0.0019538402557373,86.46855669613433,d1000_B1_R7_20251106_193334,2025-11-06 19:33:38,1000,40,1,193.64916731037084
204,0.0,1.0,0.75,0.0392787456512451,1.0,0.0019869804382324,86.81710157895571,d1000_B1_R7_20251106_193334,2025-11-06 19:33:38,1000,40,1,193.64916731037084
205,0.0,1.0,0.75,0.0392787456512451,1.0,0.0029311180114746,87.1303401487866,d1000_B1_R7_20251106_193334,2025-11-06 19:33:38,1000,40,1,193.64916731037084
206,0.0,1.0,0.75,0.0392787456512451,1.0,0.0147180557250976,87.00696519965624,d1000_B1_R7_20251106_193334,2025-11-06 19:33:38,1000,40,1,193.64916731037084
207,0.0,1.0,0.75,0.0392787456512451,1.0,0.0103580951690673,87.02637659178978,d1000_B1_R7_20251106_193334,2025-11-06 19:33:38,1000,40,1,193.64916731037084
208,0.0,1.0,0.75,0.0392787456512451,1.0,0.0069470405578613,87.18384870633943,d1000_B1_R7_20251106_193334,2025-11-06 19:33:38,1000,40,1,193.64916731037084
209,0.0,1.0,0.75,0.0392787456512451,1.0,0.0030808448791503,87.48406635848069,d1000_B1_R7_20251106_193334,2025-11-06 19:33:38,1000,40,1,193.64916731037084
210,0.0,1.0,0.75,0.0392787456512451,1.0,0.0119490623474121,87.46106556263229,d1000_B1_R7_20251106_193334,2025-11-06 19:33:38,1000,40,1,193.64916731037084
211,0.0,1.0,0.75,0.0392787456512451,1.0,0.0116260051727294,87.44738291913487,d1000_B1_R7_20251106_193334,2025-11-06 19:33:38,1000,40,1,193.64916731037084
212,0.0,1.0,0.75,0.0392787456512451,1.0,0.0146832466125488,87.31823600082413,d1000_B1_R7_20251106_193334,2025-11-06 19:33:38,1000,40,1,193.64916731037084
213,0.0,1.0,0.75,0.0392787456512451,1.0,0.0043942928314208,87.56204940102236,d1000_B1_R7_20251106_193334,2025-11-06 19:33:38,1000,40,1,193.64916731037084
214,0.0,1.0,0.75,0.0392787456512451,1.0,0.0086216926574707,87.64545017976167,d1000_B1_R7_20251106_193334,2025-11-06 19:33:38,1000,40,1,193.64916731037084
215,0.0,1.0,0.75,0.0392787456512451,1.0,0.0035431385040283,87.91698417955617,d1000_B1_R7_20251106_193334,2025-11-06 19:33:38,1000,40,1,193.64916731037084
216,0.0,1.0,0.75,0.0392787456512451,1.0,0.0064868927001953,88.07500858334711,d1000_B1_R7_20251106_193334,2025-11-06 19:33:38,1000,40,1,193.64916731037084
217,0.0,1.0,0.75,0.0392787456512451,1.0,0.0105788707733154,88.09685932503588,d1000_B1_R7_20251106_193334,2025-11-06 19:33:38,1000,40,1,193.64916731037084
218,0.0,1.0,0.75,0.0392787456512451,1.0,0.0077309608459472,88.17969003421099,d1000_B1_R7_20251106_193334,2025-11-06 19:33:38,1000,40,1,193.64916731037084
219,0.0,1.0,0.75,0.0392787456512451,1.0,0.0022318363189697,88.49873885873598,d1000_B1_R7_20251106_193334,2025-11-06 19:33:38,1000,40,1,193.64916731037084
220,0.0,1.0,0.75,0.0392787456512451,1.0,0.0054740905761718,88.70161438569278,d1000_B1_R7_20251106_193334,2025-11-06 19:33:38,1000,40,1,193.64916731037084
221,0.0,1.0,0.75,0.0392787456512451,1.0,0.0596270561218261,87.01503888894132,d1000_B1_R7_20251106_193334,2025-11-06 19:33:38,1000,40,1,193.64916731037084
222,0.0,1.0,0.75,0.0392787456512451,1.0,0.0093498229980468,87.082775439734,d1000_B1_R7_20251106_193334,2025-11-06 19:33:38,1000,40,1,193.64916731037084
223,0.0,1.0,0.75,0.0392787456512451,1.0,0.0132431983947753,87.01800564291968,d1000_B1_R7_20251106_193334,2025-11-06 19:33:38,1000,40,1,193.64916731037084
224,0.0,1.0,0.75,0.0392787456512451,1.0,0.0114192962646484,87.01001808117194,d1000_B1_R7_20251106_193334,2025-11-06 19:33:38,1000,40,1,193.64916731037084
225,0.0,1.0,0.75,0.0392787456512451,1.0,0.0071549415588378,87.15057070492917,d1000_B1_R7_20251106_193334,2025-11-06 19:33:38,1000,40,1,193.64916731037084
226,0.0,1.0,0.75,0.0392787456512451,1.0,0.0143830776214599,87.0409422183493,d1000_B1_R7_20251106_193334,2025-11-06 19:33:38,1000,40,1,193.64916731037084
227,0.0,1.0,0.75,0.0392787456512451,1.0,0.0059418678283691,87.21216850210502,d1000_B1_R7_20251106_193334,2025-11-06 19:33:38,1000,40,1,193.64916731037084
228,0.0,1.0,0.75,0.0392787456512451,1.0,0.0191600322723388,86.94654523725833,d1000_B1_R7_20251106_193334,2025-11-06 19:33:38,1000,40,1,193.64916731037084
229,0.0,1.0,0.75,0.0392787456512451,1.0,0.0045101642608642,87.17057635651196,d1000_B1_R7_20251106_193334,2025-11-06 19:33:38,1000,40,1,193.64916731037084
230,0.0,1.0,0.75,0.0392787456512451,1.0,0.0055282115936279,87.35566551603074,d1000_B1_R7_20251106_193334,2025-11-06 19:33:38,1000,40,1,193.64916731037084
231,0.0,1.0,0.75,0.0392787456512451,1.0,0.0121400356292724,87.32648765672852,d1000_B1_R7_20251106_193334,2025-11-06 19:33:38,1000,40,1,193.64916731037084
232,0.0,1.0,0.75,0.0392787456512451,1.0,0.0117650032043457,87.31094746938626,d1000_B1_R7_20251106_193334,2025-11-06 19:33:38,1000,40,1,193.64916731037084
233,0.0,1.0,0.75,0.0392787456512451,1.0,0.0054779052734375,87.50103961669784,d1000_B1_R7_20251106_193334,2025-11-06 19:33:38,1000,40,1,193.64916731037084
234,0.0,1.0,0.75,0.0392787456512451,1.0,0.0022971630096435,87.79414482690373,d1000_B1_R7_20251106_193334,2025-11-06 19:33:38,1000,40,1,193.64916731037084
235,0.0,1.0,0.75,0.0392787456512451,1.0,0.0019209384918212,88.10184277172121,d1000_B1_R7_20251106_193334,2025-11-06 19:33:38,1000,40,1,193.64916731037084
236,0.0,1.0,0.75,0.0392787456512451,1.0,0.0077261924743652,88.21778934865536,d1000_B1_R7_20251106_193334,2025-11-06 19:33:38,1000,40,1,193.64916731037084
237,0.0,1.0,0.75,0.0392787456512451,1.0,0.0063579082489013,88.36969859587656,d1000_B1_R7_20251106_193334,2025-11-06 19:33:38,1000,40,1,193.64916731037084
238,0.0,1.0,0.75,0.0392787456512451,1.0,0.0308642387390136,87.71270262655464,d1000_B1_R7_20251106_193334,2025-11-06 19:33:38,1000,40,1,193.64916731037084
239,0.0,1.0,0.75,0.0392787456512451,1.0,0.0088860988616943,87.78343786743287,d1000_B1_R7_20251106_193334,2025-11-06 19:33:38,1000,40,1,193.64916731037084
240,0.0,1.0,0.75,0.0392787456512451,1.0,0.0108013153076171,87.79327412918899,d1000_B1_R7_20251106_193334,2025-11-06 19:33:38,1000,40,1,193.64916731037084
241,0.0,1.0,0.75,0.0392787456512451,1.0,0.0079338550567626,87.8986763693197,d1000_B1_R7_20251106_193334,2025-11-06 19:33:38,1000,40,1,193.64916731037084
242,0.0,1.0,0.75,0.0392787456512451,1.0,0.0129718780517578,87.84220366042553,d1000_B1_R7_20251106_193334,2025-11-06 19:33:38,1000,40,1,193.64916731037084
243,0.0,1.0,0.75,0.0392787456512451,1.0,0.0078771114349365,87.9473215047625,d1000_B1_R7_20251106_193334,2025-11-06 19:33:38,1000,40,1,193.64916731037084
244,0.0,1.0,0.75,0.0392787456512451,1.0,0.0427629947662353,86.96263339579056,d1000_B1_R7_20251106_193334,2025-11-06 19:33:38,1000,40,1,193.64916731037084
245,0.0,1.0,0.75,0.0392787456512451,1.0,0.0051519870758056,87.14387218568373,d1000_B1_R7_20251106_193334,2025-11-06 19:33:38,1000,40,1,193.64916731037084
246,0.0,1.0,0.75,0.0392787456512451,1.0,0.0062229633331298,87.30173382737232,d1000_B1_R7_20251106_193334,2025-11-06 19:33:38,1000,40,1,193.64916731037084
247,0.0,1.0,0.75,0.0392787456512451,1.0,0.0060319900512695,87.45830016402203,d1000_B1_R7_20251106_193334,2025-11-06 19:33:38,1000,40,1,193.64916731037084
248,0.0,1.0,0.75,0.0392787456512451,1.0,0.0111398696899414,87.45455603599835,d1000_B1_R7_20251106_193334,2025-11-06 19:33:38,1000,40,1,193.64916731037084
249,0.0,1.0,0.75,0.0392787456512451,1.0,0.013077974319458,87.39879852657222,d1000_B1_R7_20251106_193334,2025-11-06 19:33:38,1000,40,1,193.64916731037084
250,0.0,1.0,0.75,0.0392787456512451,1.0,0.0059981346130371,87.55946830408378,d1000_B1_R7_20251106_193334,2025-11-06 19:33:38,1000,40,1,193.64916731037084
251,0.0,1.0,0.75,0.0392787456512451,1.0,0.0172779560089111,87.37109814433941,d1000_B1_R7_20251106_193334,2025-11-06 19:33:38,1000,40,1,193.64916731037084
252,0.0,1.0,0.75,0.0392787456512451,1.0,0.0292181968688964,86.82774923319096,d1000_B1_R7_20251106_193334,2025-11-06 19:33:38,1000,40,1,193.64916731037084
253,0.0,1.0,0.75,0.0392787456512451,1.0,0.0351898670196533,86.11918435552957,d1000_B1_R7_20251106_193334,2025-11-06 19:33:38,1000,40,1,193.64916731037084
254,0.0,1.0,0.75,0.0392787456512451,1.0,0.012444257736206,86.08951930215129,d1000_B1_R7_20251106_193334,2025-11-06 19:33:38,1000,40,1,193.64916731037084
255,0.0,1.0,0.75,0.0392787456512451,1.0,0.0117139816284179,86.07121981742903,d1000_B1_R7_20251106_193334,2025-11-06 19:33:38,1000,40,1,193.64916731037084
256,0.0,1.0,0.75,0.0392787456512451,1.0,0.0125718116760253,86.03716994050313,d1000_B1_R7_20251106_193334,2025-11-06 19:33:38,1000,40,1,193.64916731037084
257,0.0,1.0,0.75,0.0392787456512451,1.0,0.0092940330505371,86.09892927165107,d1000_B1_R7_20251106_193334,2025-11-06 19:33:38,1000,40,1,193.64916731037084
258,0.0,1.0,0.75,0.0392787456512451,1.0,0.016200304031372,85.96345492893003,d1000_B1_R7_20251106_193334,2025-11-06 19:33:38,1000,40,1,193.64916731037084
259,0.0,1.0,0.75,0.0392787456512451,1.0,0.0028910636901855,86.20783607247593,d1000_B1_R7_20251106_193334,2025-11-06 19:33:38,1000,40,1,193.64916731037084
260,0.0,1.0,0.75,0.0392787456512451,1.0,0.0023560523986816,86.46924431446175,d1000_B1_R7_20251106_193334,2025-11-06 19:33:38,1000,40,1,193.64916731037084
261,0.0,1.0,0.75,0.0392787456512451,1.0,0.0062758922576904,86.61750004985457,d1000_B1_R7_20251106_193334,2025-11-06 19:33:38,1000,40,1,193.64916731037084
262,0.0,1.0,0.75,0.0392787456512451,1.0,0.0251710414886474,86.2256069354312,d1000_B1_R7_20251106_193334,2025-11-06 19:33:38,1000,40,1,193.64916731037084
263,0.0,1.0,0.75,0.0392787456512451,1.0,0.0410890579223632,85.35407964280203,d1000_B1_R7_20251106_193334,2025-11-06 19:33:38,1000,40,1,193.64916731037084
264,0.0,1.0,0.75,0.0392787456512451,1.0,0.0092899799346923,85.41716167158387,d1000_B1_R7_20251106_193334,2025-11-06 19:33:38,1000,40,1,193.64916731037084
265,0.0,1.0,0.75,0.0392787456512451,1.0,0.019428014755249,85.20146896442651,d1000_B1_R7_20251106_193334,2025-11-06 19:33:38,1000,40,1,193.64916731037084
266,0.0,1.0,0.75,0.0392787456512451,1.0,0.01310396194458,85.15975092343662,d1000_B1_R7_20251106_193334,2025-11-06 19:33:38,1000,40,1,193.64916731037084
267,0.0,1.0,0.75,0.0392787456512451,1.0,0.0263769626617431,84.75166008904073,d1000_B1_R7_20251106_193334,2025-11-06 19:33:38,1000,40,1,193.64916731037084
268,0.0,1.0,0.75,0.0392787456512451,1.0,0.032754898071289,84.1932068028681,d1000_B1_R7_20251106_193334,2025-11-06 19:33:38,1000,40,1,193.64916731037084
269,0.0,1.0,0.75,0.0392787456512451,1.0,0.0026800632476806,84.42887637319872,d1000_B1_R7_20251106_193334,2025-11-06 19:33:38,1000,40,1,193.64916731037084
270,0.0,1.0,0.75,0.0392787456512451,1.0,0.0082437992095947,84.52046377913399,d1000_B1_R7_20251106_193334,2025-11-06 19:33:38,1000,40,1,193.64916731037084
271,0.0,1.0,0.75,0.0392787456512451,1.0,0.0109021663665771,84.53970870369066,d1000_B1_R7_20251106_193334,2025-11-06 19:33:38,1000,40,1,193.64916731037084
272,0.0,1.0,0.75,0.0392787456512451,1.0,0.0205297470092773,84.29971678616755,d1000_B1_R7_20251106_193334,2025-11-06 19:33:38,1000,40,1,193.64916731037084
273,0.0,1.0,0.75,0.0392787456512451,1.0,0.0197837352752685,84.08838929924762,d1000_B1_R7_20251106_193334,2025-11-06 19:33:38,1000,40,1,193.64916731037084
274,0.0,1.0,0.75,0.0392787456512451,1.0,0.0041489601135253,84.2795397977233,d1000_B1_R7_20251106_193334,2025-11-06 19:33:38,1000,40,1,193.64916731037084
275,0.0,1.0,0.75,0.0392787456512451,1.0,0.0074801445007324,84.38274583554289,d1000_B1_R7_20251106_193334,2025-11-06 19:33:38,1000,40,1,193.64916731037084
276,0.0,1.0,0.75,0.0392787456512451,1.0,0.0042669773101806,84.56742478188711,d1000_B1_R7_20251106_193334,2025-11-06 19:33:38,1000,40,1,193.64916731037084
277,0.0,1.0,0.75,0.0392787456512451,1.0,0.0044617652893066,84.75051082174559,d1000_B1_R7_20251106_193334,2025-11-06 19:33:38,1000,40,1,193.64916731037084
278,0.0,1.0,0.75,0.0392787456512451,1.0,0.0044789314270019,84.93512930785768,d1000_B1_R7_20251106_193334,2025-11-06 19:33:38,1000,40,1,193.64916731037084
279,0.0,1.0,0.75,0.0392787456512451,1.0,0.0061402320861816,85.07700616305752,d1000_B1_R7_20251106_193334,2025-11-06 19:33:38,1000,40,1,193.64916731037084
280,0.0,1.0,0.75,0.0392787456512451,1.0,0.0078222751617431,85.17280773316863,d1000_B1_R7_20251106_193334,2025-11-06 19:33:38,1000,40,1,193.64916731037084
281,0.0,1.0,0.75,0.0392787456512451,1.0,0.0164101123809814,85.04736864433286,d1000_B1_R7_20251106_193334,2025-11-06 19:33:38,1000,40,1,193.64916731037084
282,0.0,1.0,0.75,0.0392787456512451,1.0,0.008624792098999,85.11810288121588,d1000_B1_R7_20251106_193334,2025-11-06 19:33:38,1000,40,1,193.64916731037084
283,0.0,1.0,0.75,0.0392787456512451,1.0,0.0075299739837646,85.2157517844101,d1000_B1_R7_20251106_193334,2025-11-06 19:33:38,1000,40,1,193.64916731037084
284,0.0,1.0,0.75,0.0392787456512451,1.0,0.0092179775238037,85.27131095040136,d1000_B1_R7_20251106_193334,2025-11-06 19:33:38,1000,40,1,193.64916731037084
285,0.0,1.0,0.75,0.0392787456512451,1.0,0.0047330856323242,85.43821757715249,d1000_B1_R7_20251106_193334,2025-11-06 19:33:38,1000,40,1,193.64916731037084
286,0.0,1.0,0.75,0.0392787456512451,1.0,0.0038478374481201,85.63401648079133,d1000_B1_R7_20251106_193334,2025-11-06 19:33:38,1000,40,1,193.64916731037084
287,0.0,1.0,0.75,0.0392787456512451,1.0,0.0058770179748535,85.77797884834521,d1000_B1_R7_20251106_193334,2025-11-06 19:33:38,1000,40,1,193.64916731037084
288,0.0,1.0,0.75,0.0392787456512451,1.0,0.0055410861968994,85.92071219513095,d1000_B1_R7_20251106_193334,2025-11-06 19:33:38,1000,40,1,193.64916731037084
289,0.0,1.0,0.75,0.0392787456512451,1.0,0.0153760910034179,85.812826516588,d1000_B1_R7_20251106_193334,2025-11-06 19:33:38,1000,40,1,193.64916731037084
290,0.0,1.0,0.75,0.0392787456512451,1.0,0.0092871189117431,85.8651990712389,d1000_B1_R7_20251106_193334,2025-11-06 19:33:38,1000,40,1,193.64916731037084
291,0.0,1.0,0.75,0.0392787456512451,1.0,0.0052831172943115,86.02236289530767,d1000_B1_R7_20251106_193334,2025-11-06 19:33:38,1000,40,1,193.64916731037084
292,0.0,1.0,0.75,0.0392787456512451,1.0,0.0052697658538818,86.17373079625698,d1000_B1_R7_20251106_193334,2025-11-06 19:33:38,1000,40,1,193.64916731037084
293,0.0,1.0,0.75,0.0392787456512451,1.0,0.0127990245819091,86.12487563624133,d1000_B1_R7_20251106_193334,2025-11-06 19:33:38,1000,40,1,193.64916731037084
294,0.0,1.0,0.75,0.0392787456512451,1.0,0.0140910148620605,86.05897279368105,d1000_B1_R7_20251106_193334,2025-11-06 19:33:38,1000,40,1,193.64916731037084
295,0.0,1.0,0.75,0.0392787456512451,1.0,0.0055320262908935,86.20741861510713,d1000_B1_R7_20251106_193334,2025-11-06 19:33:38,1000,40,1,193.64916731037084
296,0.0,1.0,0.75,0.0392787456512451,1.0,0.0448677539825439,85.36953227785669,d1000_B1_R7_20251106_193334,2025-11-06 19:33:38,1000,40,1,193.64916731037084
297,0.0,1.0,0.75,0.0392787456512451,1.0,0.009836196899414,85.4116349826307,d1000_B1_R7_20251106_193334,2025-11-06 19:33:38,1000,40,1,193.64916731037084
298,0.0,1.0,0.75,0.0392787456512451,1.0,0.0030968189239501,85.61930684988238,d1000_B1_R7_20251106_193334,2025-11-06 19:33:38,1000,40,1,193.64916731037084
299,0.0,1.0,0.75,0.0392787456512451,1.0,0.003800630569458,85.80943557141383,d1000_B1_R7_20251106_193334,2025-11-06 19:33:38,1000,40,1,193.64916731037084
0,0.6931471824645996,0.5714285969734192,0.7535714507102966,5.039456844329834,0.5714285969734192,0.0165760517120361,402.60165098867344,d1000_B7_R7_20251106_193338,2025-11-06 19:33:42,1000,40,7,193.64916731037084
1,0.0,1.0,0.7535714507102966,5.039456844329834,0.5714285969734192,0.0134558677673339,436.61429102535504,d1000_B7_R7_20251106_193338,2025-11-06 19:33:42,1000,40,7,193.64916731037084
2,0.0,1.0,0.7535714507102966,5.039456844329834,0.5714285969734192,0.0063512325286865,544.082229689662,d1000_B7_R7_20251106_193338,2025-11-06 19:33:42,1000,40,7,193.64916731037084
3,0.0,1.0,0.7535714507102966,5.039456844329834,0.5714285969734192,0.0079739093780517,598.3955487391661,d1000_B7_R7_20251106_193338,2025-11-06 19:33:42,1000,40,7,193.64916731037084
4,0.0,1.0,0.7535714507102966,5.039456844329834,0.5714285969734192,0.0134937763214111,577.6323472704236,d1000_B7_R7_20251106_193338,2025-11-06 19:33:42,1000,40,7,193.64916731037084
5,0.0,1.0,0.7535714507102966,5.039456844329834,0.5714285969734192,0.0033967494964599,654.5515509118202,d1000_B7_R7_20251106_193338,2025-11-06 19:33:42,1000,40,7,193.64916731037084
6,0.0,1.0,0.7535714507102966,5.039456844329834,0.5714285969734192,0.0118615627288818,643.1391261081678,d1000_B7_R7_20251106_193338,2025-11-06 19:33:42,1000,40,7,193.64916731037084
7,0.0,1.0,0.7535714507102966,5.039456844329834,0.5714285969734192,0.0299901962280273,526.4596460399147,d1000_B7_R7_20251106_193338,2025-11-06 19:33:42,1000,40,7,193.64916731037084
8,0.0,1.0,0.7535714507102966,5.039456844329834,0.5714285969734192,0.0300660133361816,461.12648115120567,d1000_B7_R7_20251106_193338,2025-11-06 19:33:42,1000,40,7,193.64916731037084
9,0.0,1.0,0.7535714507102966,5.039456844329834,0.5714285969734192,0.015312910079956,459.49580884056064,d1000_B7_R7_20251106_193338,2025-11-06 19:33:42,1000,40,7,193.64916731037084
10,0.0,1.0,0.7535714507102966,5.039456844329834,0.5714285969734192,0.019230842590332,448.2586719964468,d1000_B7_R7_20251106_193338,2025-11-06 19:33:42,1000,40,7,193.64916731037084
11,0.0,1.0,0.7535714507102966,5.039456844329834,0.5714285969734192,0.0461869239807128,384.72289851274326,d1000_B7_R7_20251106_193338,2025-11-06 19:33:42,1000,40,7,193.64916731037084
12,0.0,1.0,0.7535714507102966,5.039456844329834,0.5714285969734192,0.0119831562042236,394.573158225545,d1000_B7_R7_20251106_193338,2025-11-06 19:33:42,1000,40,7,193.64916731037084
13,0.0,1.0,0.7535714507102966,5.039456844329834,0.5714285969734192,0.0213689804077148,388.6530447066299,d1000_B7_R7_20251106_193338,2025-11-06 19:33:42,1000,40,7,193.64916731037084
14,0.0,1.0,0.7535714507102966,5.039456844329834,0.5714285969734192,0.0095820426940917,400.8781414045056,d1000_B7_R7_20251106_193338,2025-11-06 19:33:42,1000,40,7,193.64916731037084
15,0.0,1.0,0.7535714507102966,5.039456844329834,0.5714285969734192,0.0444252490997314,365.37908848519544,d1000_B7_R7_20251106_193338,2025-11-06 19:33:42,1000,40,7,193.64916731037084
16,0.0,1.0,0.7535714507102966,5.039456844329834,0.5714285969734192,0.0497410297393798,333.852501407991,d1000_B7_R7_20251106_193338,2025-11-06 19:33:42,1000,40,7,193.64916731037084
17,0.0,1.0,0.7535714507102966,5.039456844329834,0.5714285969734192,0.0049479007720947,348.2732082275628,d1000_B7_R7_20251106_193338,2025-11-06 19:33:42,1000,40,7,193.64916731037084
18,0.0,1.0,0.7535714507102966,5.039456844329834,0.5714285969734192,0.0152461528778076,352.5999786357606,d1000_B7_R7_20251106_193338,2025-11-06 19:33:42,1000,40,7,193.64916731037084
19,0.0,1.0,0.7535714507102966,5.039456844329834,0.5714285969734192,0.0083730220794677,362.93984941028714,d1000_B7_R7_20251106_193338,2025-11-06 19:33:42,1000,40,7,193.64916731037084
20,0.0,1.0,0.7535714507102966,5.039456844329834,0.5714285969734192,0.006716251373291,374.42593132396667,d1000_B7_R7_20251106_193338,2025-11-06 19:33:42,1000,40,7,193.64916731037084
21,0.0,1.0,0.7535714507102966,5.039456844329834,0.5714285969734192,0.012204885482788,380.2731323178945,d1000_B7_R7_20251106_193338,2025-11-06 19:33:42,1000,40,7,193.64916731037084
22,0.0,1.0,0.7535714507102966,5.039456844329834,0.5714285969734192,0.0109498500823974,386.5158173273127,d1000_B7_R7_20251106_193338,2025-11-06 19:33:42,1000,40,7,193.64916731037084
23,0.0,1.0,0.7535714507102966,5.039456844329834,0.5714285969734192,0.008401870727539,395.18907850748127,d1000_B7_R7_20251106_193338,2025-11-06 19:33:42,1000,40,7,193.64916731037084
24,0.0,1.0,0.7535714507102966,5.039456844329834,0.5714285969734192,0.0219159126281738,391.2056917515119,d1000_B7_R7_20251106_193338,2025-11-06 19:33:42,1000,40,7,193.64916731037084
25,0.0,1.0,0.7535714507102966,5.039456844329834,0.5714285969734192,0.0243299007415771,385.2129107528715,d1000_B7_R7_20251106_193338,2025-11-06 19:33:42,1000,40,7,193.64916731037084
26,0.0,1.0,0.7535714507102966,5.039456844329834,0.5714285969734192,0.0366430282592773,370.89149627622294,d1000_B7_R7_20251106_193338,2025-11-06 19:33:42,1000,40,7,193.64916731037084
27,0.0,1.0,0.7535714507102966,5.039456844329834,0.5714285969734192,0.0292069911956787,363.4980628672748,d1000_B7_R7_20251106_193338,2025-11-06 19:33:42,1000,40,7,193.64916731037084
28,0.0,1.0,0.7535714507102966,5.039456844329834,0.5714285969734192,0.0188641548156738,363.5210427061928,d1000_B7_R7_20251106_193338,2025-11-06 19:33:42,1000,40,7,193.64916731037084
29,0.0,1.0,0.7535714507102966,5.039456844329834,0.5714285969734192,0.011523962020874,368.2459644883334,d1000_B7_R7_20251106_193338,2025-11-06 19:33:42,1000,40,7,193.64916731037084
30,0.0,1.0,0.7535714507102966,5.039456844329834,0.5714285969734192,0.0251128673553466,364.3127369607542,d1000_B7_R7_20251106_193338,2025-11-06 19:33:42,1000,40,7,193.64916731037084
31,0.0,1.0,0.7535714507102966,5.039456844329834,0.5714285969734192,0.0467638969421386,348.29283280296806,d1000_B7_R7_20251106_193338,2025-11-06 19:33:42,1000,40,7,193.64916731037084
32,0.0,1.0,0.7535714507102966,5.039456844329834,0.5714285969734192,0.0143299102783203,351.0910575952353,d1000_B7_R7_20251106_193338,2025-11-06 19:33:42,1000,40,7,193.64916731037084
33,0.0,1.0,0.7535714507102966,5.039456844329834,0.5714285969734192,0.0026469230651855,360.1906854684923,d1000_B7_R7_20251106_193338,2025-11-06 19:33:42,1000,40,7,193.64916731037084
34,0.0,1.0,0.7535714507102966,5.039456844329834,0.5714285969734192,0.0133061408996582,363.3942630211879,d1000_B7_R7_20251106_193338,2025-11-06 19:33:42,1000,40,7,193.64916731037084
35,0.0,1.0,0.7535714507102966,5.039456844329834,0.5714285969734192,0.0067410469055175,369.8821859544347,d1000_B7_R7_20251106_193338,2025-11-06 19:33:42,1000,40,7,193.64916731037084
36,0.0,1.0,0.7535714507102966,5.039456844329834,0.5714285969734192,0.0029389858245849,378.4446935688511,d1000_B7_R7_20251106_193338,2025-11-06 19:33:42,1000,40,7,193.64916731037084
37,0.0,1.0,0.7535714507102966,5.039456844329834,0.5714285969734192,0.0062241554260253,385.1037567886805,d1000_B7_R7_20251106_193338,2025-11-06 19:33:42,1000,40,7,193.64916731037084
38,0.0,1.0,0.7535714507102966,5.039456844329834,0.5714285969734192,0.0106110572814941,389.15724495653336,d1000_B7_R7_20251106_193338,2025-11-06 19:33:42,1000,40,7,193.64916731037084
39,0.0,1.0,0.7535714507102966,5.039456844329834,0.5714285969734192,0.019139289855957,388.2800762009553,d1000_B7_R7_20251106_193338,2025-11-06 19:33:42,1000,40,7,193.64916731037084
40,0.0,1.0,0.7535714507102966,5.039456844329834,0.5714285969734192,0.0079200267791748,393.41472069787864,d1000_B7_R7_20251106_193338,2025-11-06 19:33:42,1000,40,7,193.64916731037084
41,0.0,1.0,0.7535714507102966,5.039456844329834,0.5714285969734192,0.0388829708099365,382.288829682686,d1000_B7_R7_20251106_193338,2025-11-06 19:33:42,1000,40,7,193.64916731037084
42,0.0,1.0,0.7535714507102966,5.039456844329834,0.5714285969734192,0.0232248306274414,379.8208861465924,d1000_B7_R7_20251106_193338,2025-11-06 19:33:42,1000,40,7,193.64916731037084
43,0.0,1.0,0.7535714507102966,5.039456844329834,0.5714285969734192,0.0143117904663085,381.65768895790274,d1000_B7_R7_20251106_193338,2025-11-06 19:33:42,1000,40,7,193.64916731037084
44,0.0,1.0,0.7535714507102966,5.039456844329834,0.5714285969734192,0.0150060653686523,383.14454392600226,d1000_B7_R7_20251106_193338,2025-11-06 19:33:42,1000,40,7,193.64916731037084
45,0.0,1.0,0.7535714507102966,5.039456844329834,0.5714285969734192,0.0116322040557861,386.1165737849786,d1000_B7_R7_20251106_193338,2025-11-06 19:33:42,1000,40,7,193.64916731037084
46,0.0,1.0,0.7535714507102966,5.039456844329834,0.5714285969734192,0.0287389755249023,381.29014392264145,d1000_B7_R7_20251106_193338,2025-11-06 19:33:42,1000,40,7,193.64916731037084
47,0.0,1.0,0.7535714507102966,5.039456844329834,0.5714285969734192,0.0463180541992187,369.3582789564353,d1000_B7_R7_20251106_193338,2025-11-06 19:33:42,1000,40,7,193.64916731037084
48,0.0,1.0,0.7535714507102966,5.039456844329834,0.5714285969734192,0.0361816883087158,362.4811274498688,d1000_B7_R7_20251106_193338,2025-11-06 19:33:42,1000,40,7,193.64916731037084
49,0.0,1.0,0.7535714507102966,5.039456844329834,0.5714285969734192,0.0064449310302734,367.3074753000561,d1000_B7_R7_20251106_193338,2025-11-06 19:33:42,1000,40,7,193.64916731037084
50,0.0,1.0,0.7535714507102966,5.039456844329834,0.5714285969734192,0.0148069858551025,368.8340180258293,d1000_B7_R7_20251106_193338,2025-11-06 19:33:42,1000,40,7,193.64916731037084
51,0.0,1.0,0.7535714507102966,5.039456844329834,0.5714285969734192,0.0057740211486816,373.715817912246,d1000_B7_R7_20251106_193338,2025-11-06 19:33:42,1000,40,7,193.64916731037084
52,0.0,1.0,0.7535714507102966,5.039456844329834,0.5714285969734192,0.0083279609680175,377.59821713695567,d1000_B7_R7_20251106_193338,2025-11-06 19:33:42,1000,40,7,193.64916731037084
53,0.0,1.0,0.7535714507102966,5.039456844329834,0.5714285969734192,0.0198447704315185,376.95576262332906,d1000_B7_R7_20251106_193338,2025-11-06 19:33:42,1000,40,7,193.64916731037084
54,0.0,1.0,0.7535714507102966,5.039456844329834,0.5714285969734192,0.0077061653137207,380.28755058252176,d1000_B7_R7_20251106_193338,2025-11-06 19:33:42,1000,40,7,193.64916731037084
55,0.0,1.0,0.7535714507102966,5.039456844329834,0.5714285969734192,0.006178855895996,384.7384730009615,d1000_B7_R7_20251106_193338,2025-11-06 19:33:42,1000,40,7,193.64916731037084
56,0.0,1.0,0.7535714507102966,5.039456844329834,0.5714285969734192,0.0090167522430419,388.049993287204,d1000_B7_R7_20251106_193338,2025-11-06 19:33:42,1000,40,7,193.64916731037084
57,0.0,1.0,0.7535714507102966,5.039456844329834,0.5714285969734192,0.0106518268585205,390.6524037378478,d1000_B7_R7_20251106_193338,2025-11-06 19:33:42,1000,40,7,193.64916731037084
58,0.0,1.0,0.7535714507102966,5.039456844329834,0.5714285969734192,0.0073139667510986,394.47997161607555,d1000_B7_R7_20251106_193338,2025-11-06 19:33:42,1000,40,7,193.64916731037084
59,0.0,1.0,0.7535714507102966,5.039456844329834,0.5714285969734192,0.0075280666351318,398.2065592580587,d1000_B7_R7_20251106_193338,2025-11-06 19:33:42,1000,40,7,193.64916731037084
60,0.0,1.0,0.7535714507102966,5.039456844329834,0.5714285969734192,0.0348181724548339,391.8524315416465,d1000_B7_R7_20251106_193338,2025-11-06 19:33:42,1000,40,7,193.64916731037084
61,0.0,1.0,0.7535714507102966,5.039456844329834,0.5714285969734192,0.0179889202117919,391.7433518925973,d1000_B7_R7_20251106_193338,2025-11-06 19:33:42,1000,40,7,193.64916731037084
62,0.0,1.0,0.7535714507102966,5.039456844329834,0.5714285969734192,0.0067260265350341,395.5986746706567,d1000_B7_R7_20251106_193338,2025-11-06 19:33:42,1000,40,7,193.64916731037084
63,0.0,1.0,0.7535714507102966,5.039456844329834,0.5714285969734192,0.0249111652374267,393.0545120622177,d1000_B7_R7_20251106_193338,2025-11-06 19:33:42,1000,40,7,193.64916731037084
64,0.0,1.0,0.7535714507102966,5.039456844329834,0.5714285969734192,0.0099520683288574,395.68249334450184,d1000_B7_R7_20251106_193338,2025-11-06 19:33:42,1000,40,7,193.64916731037084
65,0.0,1.0,0.7535714507102966,5.039456844329834,0.5714285969734192,0.0077128410339355,399.034716462046,d1000_B7_R7_20251106_193338,2025-11-06 19:33:42,1000,40,7,193.64916731037084
66,0.0,1.0,0.7535714507102966,5.039456844329834,0.5714285969734192,0.0070967674255371,402.5561722541304,d1000_B7_R7_20251106_193338,2025-11-06 19:33:42,1000,40,7,193.64916731037084
67,0.0,1.0,0.7535714507102966,5.039456844329834,0.5714285969734192,0.0103077888488769,404.8730861197202,d1000_B7_R7_20251106_193338,2025-11-06 19:33:42,1000,40,7,193.64916731037084
68,0.0,1.0,0.7535714507102966,5.039456844329834,0.5714285969734192,0.0244770050048828,402.2013594864462,d1000_B7_R7_20251106_193338,2025-11-06 19:33:42,1000,40,7,193.64916731037084
69,0.0,1.0,0.7535714507102966,5.039456844329834,0.5714285969734192,0.0160481929779052,402.5880863280491,d1000_B7_R7_20251106_193338,2025-11-06 19:33:42,1000,40,7,193.64916731037084
70,0.0,1.0,0.7535714507102966,5.039456844329834,0.5714285969734192,0.0228190422058105,400.6623901290208,d1000_B7_R7_20251106_193338,2025-11-06 19:33:42,1000,40,7,193.64916731037084
71,0.0,1.0,0.7535714507102966,5.039456844329834,0.5714285969734192,0.0248332023620605,398.2565080099526,d1000_B7_R7_20251106_193338,2025-11-06 19:33:42,1000,40,7,193.64916731037084
72,0.0,1.0,0.7535714507102966,5.039456844329834,0.5714285969734192,0.0178298950195312,397.9800539196672,d1000_B7_R7_20251106_193338,2025-11-06 19:33:42,1000,40,7,193.64916731037084
73,0.0,1.0,0.7535714507102966,5.039456844329834,0.5714285969734192,0.0064260959625244,401.3795555292811,d1000_B7_R7_20251106_193338,2025-11-06 19:33:42,1000,40,7,193.64916731037084
74,0.0,1.0,0.7535714507102966,5.039456844329834,0.5714285969734192,0.0076360702514648,404.3655867655136,d1000_B7_R7_20251106_193338,2025-11-06 19:33:42,1000,40,7,193.64916731037084
75,0.0,1.0,0.7535714507102966,5.039456844329834,0.5714285969734192,0.007120132446289,407.48176323626063,d1000_B7_R7_20251106_193338,2025-11-06 19:33:42,1000,40,7,193.64916731037084
76,0.0,1.0,0.7535714507102966,5.039456844329834,0.5714285969734192,0.0165450572967529,407.6135397956604,d1000_B7_R7_20251106_193338,2025-11-06 19:33:42,1000,40,7,193.64916731037084
77,0.0,1.0,0.7535714507102966,5.039456844329834,0.5714285969734192,0.0222296714782714,405.19721695299774,d1000_B7_R7_20251106_193338,2025-11-06 19:33:42,1000,40,7,193.64916731037084
78,0.0,1.0,0.7535714507102966,5.039456844329834,0.5714285969734192,0.0039386749267578,409.1407686190836,d1000_B7_R7_20251106_193338,2025-11-06 19:33:42,1000,40,7,193.64916731037084
79,0.0,1.0,0.7535714507102966,5.039456844329834,0.5714285969734192,0.0211200714111328,407.88797161189893,d1000_B7_R7_20251106_193338,2025-11-06 19:33:42,1000,40,7,193.64916731037084
80,0.0,1.0,0.7535714507102966,5.039456844329834,0.5714285969734192,0.0147759914398193,408.4872639428805,d1000_B7_R7_20251106_193338,2025-11-06 19:33:42,1000,40,7,193.64916731037084
81,0.0,1.0,0.7535714507102966,5.039456844329834,0.5714285969734192,0.0097589492797851,410.5448924940214,d1000_B7_R7_20251106_193338,2025-11-06 19:33:42,1000,40,7,193.64916731037084
82,0.0,1.0,0.7535714507102966,5.039456844329834,0.5714285969734192,0.0162098407745361,410.68811531197264,d1000_B7_R7_20251106_193338,2025-11-06 19:33:42,1000,40,7,193.64916731037084
83,0.0,1.0,0.7535714507102966,5.039456844329834,0.5714285969734192,0.0068471431732177,413.547198779271,d1000_B7_R7_20251106_193338,2025-11-06 19:33:42,1000,40,7,193.64916731037084
84,0.0,1.0,0.7535714507102966,5.039456844329834,0.5714285969734192,0.0079329013824462,416.013842618562,d1000_B7_R7_20251106_193338,2025-11-06 19:33:42,1000,40,7,193.64916731037084
85,0.0,1.0,0.7535714507102966,5.039456844329834,0.5714285969734192,0.0141711235046386,416.7186140027314,d1000_B7_R7_20251106_193338,2025-11-06 19:33:42,1000,40,7,193.64916731037084
86,0.0,1.0,0.7535714507102966,5.039456844329834,0.5714285969734192,0.0094058513641357,418.79388830375376,d1000_B7_R7_20251106_193338,2025-11-06 19:33:42,1000,40,7,193.64916731037084
87,0.0,1.0,0.7535714507102966,5.039456844329834,0.5714285969734192,0.0080163478851318,421.2352151026305,d1000_B7_R7_20251106_193338,2025-11-06 19:33:42,1000,40,7,193.64916731037084
88,0.0,1.0,0.7535714507102966,5.039456844329834,0.5714285969734192,0.0233008861541748,419.2598695811367,d1000_B7_R7_20251106_193338,2025-11-06 19:33:42,1000,40,7,193.64916731037084
89,0.0,1.0,0.7535714507102966,5.039456844329834,0.5714285969734192,0.014585256576538,419.7638123995631,d1000_B7_R7_20251106_193338,2025-11-06 19:33:42,1000,40,7,193.64916731037084
90,0.0,1.0,0.7535714507102966,5.039456844329834,0.5714285969734192,0.0024569034576416,423.68426988457423,d1000_B7_R7_20251106_193338,2025-11-06 19:33:42,1000,40,7,193.64916731037084
91,0.0,1.0,0.7535714507102966,5.039456844329834,0.5714285969734192,0.0285089015960693,420.3424909889876,d1000_B7_R7_20251106_193338,2025-11-06 19:33:42,1000,40,7,193.64916731037084
92,0.0,1.0,0.7535714507102966,5.039456844329834,0.5714285969734192,0.017319917678833,419.8878261848391,d1000_B7_R7_20251106_193338,2025-11-06 19:33:42,1000,40,7,193.64916731037084
93,0.0,1.0,0.7535714507102966,5.039456844329834,0.5714285969734192,0.0060939788818359,422.69064247521305,d1000_B7_R7_20251106_193338,2025-11-06 19:33:42,1000,40,7,193.64916731037084
94,0.0,1.0,0.7535714507102966,5.039456844329834,0.5714285969734192,0.0124678611755371,423.7412825546876,d1000_B7_R7_20251106_193338,2025-11-06 19:33:42,1000,40,7,193.64916731037084
95,0.0,1.0,0.7535714507102966,5.039456844329834,0.5714285969734192,0.0314931869506835,419.6687118756723,d1000_B7_R7_20251106_193338,2025-11-06 19:33:42,1000,40,7,193.64916731037084
96,0.0,1.0,0.7535714507102966,5.039456844329834,0.5714285969734192,0.0378050804138183,414.21332521564545,d1000_B7_R7_20251106_193338,2025-11-06 19:33:42,1000,40,7,193.64916731037084
97,0.0,1.0,0.7535714507102966,5.039456844329834,0.5714285969734192,0.0147130489349365,414.51674509077384,d1000_B7_R7_20251106_193338,2025-11-06 19:33:42,1000,40,7,193.64916731037084
98,0.0,1.0,0.7535714507102966,5.039456844329834,0.5714285969734192,0.0223901271820068,413.085689922745,d1000_B7_R7_20251106_193338,2025-11-06 19:33:42,1000,40,7,193.64916731037084
99,0.0,1.0,0.7535714507102966,5.039456844329834,0.5714285969734192,0.006645917892456,415.5723450832033,d1000_B7_R7_20251106_193338,2025-11-06 19:33:42,1000,40,7,193.64916731037084
100,0.0,1.0,0.7535714507102966,5.039456844329834,0.5714285969734192,0.0305607318878173,412.19008010355026,d1000_B7_R7_20251106_193338,2025-11-06 19:33:42,1000,40,7,193.64916731037084
101,0.0,1.0,0.7535714507102966,5.039456844329834,0.5714285969734192,0.0360481739044189,407.5642856938717,d1000_B7_R7_20251106_193338,2025-11-06 19:33:42,1000,40,7,193.64916731037084
102,0.0,1.0,0.7535714507102966,5.039456844329834,0.5714285969734192,0.003019094467163,410.8168637843082,d1000_B7_R7_20251106_193338,2025-11-06 19:33:42,1000,40,7,193.64916731037084
103,0.0,1.0,0.7535714507102966,5.039456844329834,0.5714285969734192,0.0058948993682861,413.384089850646,d1000_B7_R7_20251106_193338,2025-11-06 19:33:42,1000,40,7,193.64916731037084
104,0.0,1.0,0.7535714507102966,5.039456844329834,0.5714285969734192,0.0048377513885498,416.1792192637165,d1000_B7_R7_20251106_193338,2025-11-06 19:33:42,1000,40,7,193.64916731037084
105,0.0,1.0,0.7535714507102966,5.039456844329834,0.5714285969734192,0.0035078525543212,419.27399158912147,d1000_B7_R7_20251106_193338,2025-11-06 19:33:42,1000,40,7,193.64916731037084
106,0.0,1.0,0.7535714507102966,5.039456844329834,0.5714285969734192,0.0075328350067138,421.4032875408421,d1000_B7_R7_20251106_193338,2025-11-06 19:33:42,1000,40,7,193.64916731037084
107,0.0,1.0,0.7535714507102966,5.039456844329834,0.5714285969734192,0.0031938552856445,424.5447604455098,d1000_B7_R7_20251106_193338,2025-11-06 19:33:42,1000,40,7,193.64916731037084
108,0.0,1.0,0.7535714507102966,5.039456844329834,0.5714285969734192,0.0248448848724365,422.5425951193337,d1000_B7_R7_20251106_193338,2025-11-06 19:33:42,1000,40,7,193.64916731037084
109,0.0,1.0,0.7535714507102966,5.039456844329834,0.5714285969734192,0.0308310985565185,419.20892702400863,d1000_B7_R7_20251106_193338,2025-11-06 19:33:42,1000,40,7,193.64916731037084
110,0.0,1.0,0.7535714507102966,5.039456844329834,0.5714285969734192,0.0163850784301757,419.236968271396,d1000_B7_R7_20251106_193338,2025-11-06 19:33:42,1000,40,7,193.64916731037084
111,0.0,1.0,0.7535714507102966,5.039456844329834,0.5714285969734192,0.0266828536987304,416.97847085651074,d1000_B7_R7_20251106_193338,2025-11-06 19:33:42,1000,40,7,193.64916731037084
112,0.0,1.0,0.7535714507102966,5.039456844329834,0.5714285969734192,0.0153059959411621,417.2614318214661,d1000_B7_R7_20251106_193338,2025-11-06 19:33:42,1000,40,7,193.64916731037084
113,0.0,1.0,0.7535714507102966,5.039456844329834,0.5714285969734192,0.009963035583496,418.7172164904088,d1000_B7_R7_20251106_193338,2025-11-06 19:33:42,1000,40,7,193.64916731037084
114,0.0,1.0,0.7535714507102966,5.039456844329834,0.5714285969734192,0.0126919746398925,419.55689249417185,d1000_B7_R7_20251106_193338,2025-11-06 19:33:42,1000,40,7,193.64916731037084
115,0.0,1.0,0.7535714507102966,5.039456844329834,0.5714285969734192,0.0159130096435546,419.6527849672061,d1000_B7_R7_20251106_193338,2025-11-06 19:33:42,1000,40,7,193.64916731037084
116,0.0,1.0,0.7535714507102966,5.039456844329834,0.5714285969734192,0.0122990608215332,420.5659280056151,d1000_B7_R7_20251106_193338,2025-11-06 19:33:42,1000,40,7,193.64916731037084
117,0.0,1.0,0.7535714507102966,5.039456844329834,0.5714285969734192,0.0083491802215576,422.32192471310225,d1000_B7_R7_20251106_193338,2025-11-06 19:33:42,1000,40,7,193.64916731037084
118,0.0,1.0,0.7535714507102966,5.039456844329834,0.5714285969734192,0.0093128681182861,423.8517384282407,d1000_B7_R7_20251106_193338,2025-11-06 19:33:42,1000,40,7,193.64916731037084
119,0.0,1.0,0.7535714507102966,5.039456844329834,0.5714285969734192,0.0151669979095458,423.7987051533683,d1000_B7_R7_20251106_193338,2025-11-06 19:33:42,1000,40,7,193.64916731037084
120,0.0,1.0,0.7535714507102966,5.039456844329834,0.5714285969734192,0.0470092296600341,417.3986982841959,d1000_B7_R7_20251106_193338,2025-11-06 19:33:42,1000,40,7,193.64916731037084
121,0.0,1.0,0.7535714507102966,5.039456844329834,0.5714285969734192,0.0322928428649902,414.1961537345219,d1000_B7_R7_20251106_193338,2025-11-06 19:33:42,1000,40,7,193.64916731037084
122,0.0,1.0,0.7535714507102966,5.039456844329834,0.5714285969734192,0.0163609981536865,413.70664128648906,d1000_B7_R7_20251106_193338,2025-11-06 19:33:42,1000,40,7,193.64916731037084
123,0.0,1.0,0.7535714507102966,5.039456844329834,0.5714285969734192,0.0090818405151367,415.2223984445195,d1000_B7_R7_20251106_193338,2025-11-06 19:33:42,1000,40,7,193.64916731037084
124,0.0,1.0,0.7535714507102966,5.039456844329834,0.5714285969734192,0.0170087814331054,415.16417295867666,d1000_B7_R7_20251106_193338,2025-11-06 19:33:42,1000,40,7,193.64916731037084
125,0.0,1.0,0.7535714507102966,5.039456844329834,0.5714285969734192,0.0132620334625244,415.36061941835214,d1000_B7_R7_20251106_193338,2025-11-06 19:33:42,1000,40,7,193.64916731037084
126,0.0,1.0,0.7535714507102966,5.039456844329834,0.5714285969734192,0.0091168880462646,416.8307639061851,d1000_B7_R7_20251106_193338,2025-11-06 19:33:42,1000,40,7,193.64916731037084
127,0.0,1.0,0.7535714507102966,5.039456844329834,0.5714285969734192,0.00630784034729,418.83659628542256,d1000_B7_R7_20251106_193338,2025-11-06 19:33:42,1000,40,7,193.64916731037084
128,0.0,1.0,0.7535714507102966,5.039456844329834,0.5714285969734192,0.0113918781280517,419.80124768025973,d1000_B7_R7_20251106_193338,2025-11-06 19:33:42,1000,40,7,193.64916731037084
129,0.0,1.0,0.7535714507102966,5.039456844329834,0.5714285969734192,0.0055811405181884,421.8939826870356,d1000_B7_R7_20251106_193338,2025-11-06 19:33:42,1000,40,7,193.64916731037084
130,0.0,1.0,0.7535714507102966,5.039456844329834,0.5714285969734192,0.0115730762481689,422.8334019517383,d1000_B7_R7_20251106_193338,2025-11-06 19:33:42,1000,40,7,193.64916731037084
131,0.0,1.0,0.7535714507102966,5.039456844329834,0.5714285969734192,0.0115976333618164,423.7031528221663,d1000_B7_R7_20251106_193338,2025-11-06 19:33:42,1000,40,7,193.64916731037084
132,0.0,1.0,0.7535714507102966,5.039456844329834,0.5714285969734192,0.0074739456176757,425.3818160110312,d1000_B7_R7_20251106_193338,2025-11-06 19:33:42,1000,40,7,193.64916731037084
133,0.0,1.0,0.7535714507102966,5.039456844329834,0.5714285969734192,0.0127439498901367,426.06091623100434,d1000_B7_R7_20251106_193338,2025-11-06 19:33:42,1000,40,7,193.64916731037084
134,0.0,1.0,0.7535714507102966,5.039456844329834,0.5714285969734192,0.0083191394805908,427.516340003225,d1000_B7_R7_20251106_193338,2025-11-06 19:33:42,1000,40,7,193.64916731037084
135,0.0,1.0,0.7535714507102966,5.039456844329834,0.5714285969734192,0.0073621273040771,429.18899459893817,d1000_B7_R7_20251106_193338,2025-11-06 19:33:42,1000,40,7,193.64916731037084
136,0.0,1.0,0.7535714507102966,5.039456844329834,0.5714285969734192,0.0072638988494873,430.853037350067,d1000_B7_R7_20251106_193338,2025-11-06 19:33:42,1000,40,7,193.64916731037084
137,0.0,1.0,0.7535714507102966,5.039456844329834,0.5714285969734192,0.0136859416961669,431.3137639383716,d1000_B7_R7_20251106_193338,2025-11-06 19:33:42,1000,40,7,193.64916731037084
138,0.0,1.0,0.7535714507102966,5.039456844329834,0.5714285969734192,0.0216529369354248,430.1805364457682,d1000_B7_R7_20251106_193338,2025-11-06 19:33:42,1000,40,7,193.64916731037084
139,0.0,1.0,0.7535714507102966,5.039456844329834,0.5714285969734192,0.0048818588256835,432.29505986414904,d1000_B7_R7_20251106_193338,2025-11-06 19:33:42,1000,40,7,193.64916731037084
140,0.0,1.0,0.7535714507102966,5.039456844329834,0.5714285969734192,0.0115859508514404,433.0938302057714,d1000_B7_R7_20251106_193338,2025-11-06 19:33:42,1000,40,7,193.64916731037084
141,0.0,1.0,0.7535714507102966,5.039456844329834,0.5714285969734192,0.0085730552673339,434.4366006697125,d1000_B7_R7_20251106_193338,2025-11-06 19:33:42,1000,40,7,193.64916731037084
142,0.0,1.0,0.7535714507102966,5.039456844329834,0.5714285969734192,0.0110721588134765,435.3417269588674,d1000_B7_R7_20251106_193338,2025-11-06 19:33:42,1000,40,7,193.64916731037084
143,0.0,1.0,0.7535714507102966,5.039456844329834,0.5714285969734192,0.0090241432189941,436.6369722239808,d1000_B7_R7_20251106_193338,2025-11-06 19:33:42,1000,40,7,193.64916731037084
144,0.0,1.0,0.7535714507102966,5.039456844329834,0.5714285969734192,0.0203809738159179,435.7532442860605,d1000_B7_R7_20251106_193338,2025-11-06 19:33:42,1000,40,7,193.64916731037084
145,0.0,1.0,0.7535714507102966,5.039456844329834,0.5714285969734192,0.0338120460510253,432.37992490758194,d1000_B7_R7_20251106_193338,2025-11-06 19:33:42,1000,40,7,193.64916731037084
146,0.0,1.0,0.7535714507102966,5.039456844329834,0.5714285969734192,0.0048620700836181,434.40911329964973,d1000_B7_R7_20251106_193338,2025-11-06 19:33:42,1000,40,7,193.64916731037084
147,0.0,1.0,0.7535714507102966,5.039456844329834,0.5714285969734192,0.0384261608123779,430.3557023011007,d1000_B7_R7_20251106_193338,2025-11-06 19:33:42,1000,40,7,193.64916731037084
148,0.0,1.0,0.7535714507102966,5.039456844329834,0.5714285969734192,0.0162489414215087,430.3244153329013,d1000_B7_R7_20251106_193338,2025-11-06 19:33:42,1000,40,7,193.64916731037084
149,0.0,1.0,0.7535714507102966,5.039456844329834,0.5714285969734192,0.0052728652954101,432.2408666450482,d1000_B7_R7_20251106_193338,2025-11-06 19:33:42,1000,40,7,193.64916731037084
150,0.0,1.0,0.7535714507102966,5.039456844329834,0.5714285969734192,0.0154142379760742,432.3495527422786,d1000_B7_R7_20251106_193338,2025-11-06 19:33:42,1000,40,7,193.64916731037084
151,0.0,1.0,0.7535714507102966,5.039456844329834,0.5714285969734192,0.0152280330657958,432.4751344743798,d1000_B7_R7_20251106_193338,2025-11-06 19:33:42,1000,40,7,193.64916731037084
152,0.0,1.0,0.7535714507102966,5.039456844329834,0.5714285969734192,0.0099477767944335,433.49372992047904,d1000_B7_R7_20251106_193338,2025-11-06 19:33:42,1000,40,7,193.64916731037084
153,0.0,1.0,0.7535714507102966,5.039456844329834,0.5714285969734192,0.0068490505218505,435.0839370659887,d1000_B7_R7_20251106_193338,2025-11-06 19:33:42,1000,40,7,193.64916731037084
154,0.0,1.0,0.7535714507102966,5.039456844329834,0.5714285969734192,0.0053138732910156,436.9201736075174,d1000_B7_R7_20251106_193338,2025-11-06 19:33:42,1000,40,7,193.64916731037084
155,0.0,1.0,0.7535714507102966,5.039456844329834,0.5714285969734192,0.0119738578796386,437.602024431756,d1000_B7_R7_20251106_193338,2025-11-06 19:33:42,1000,40,7,193.64916731037084
156,0.0,1.0,0.7535714507102966,5.039456844329834,0.5714285969734192,0.0148460865020751,437.4898953004057,d1000_B7_R7_20251106_193338,2025-11-06 19:33:42,1000,40,7,193.64916731037084
157,0.0,1.0,0.7535714507102966,5.039456844329834,0.5714285969734192,0.0303869247436523,434.60478725736465,d1000_B7_R7_20251106_193338,2025-11-06 19:33:42,1000,40,7,193.64916731037084
158,0.0,1.0,0.7535714507102966,5.039456844329834,0.5714285969734192,0.0043940544128417,436.5067152644468,d1000_B7_R7_20251106_193338,2025-11-06 19:33:42,1000,40,7,193.64916731037084
159,0.0,1.0,0.7535714507102966,5.039456844329834,0.5714285969734192,0.0136730670928955,436.8818807712732,d1000_B7_R7_20251106_193338,2025-11-06 19:33:42,1000,40,7,193.64916731037084
160,0.0,1.0,0.7535714507102966,5.039456844329834,0.5714285969734192,0.0042340755462646,438.8350879381963,d1000_B7_R7_20251106_193338,2025-11-06 19:33:42,1000,40,7,193.64916731037084
161,0.0,1.0,0.7535714507102966,5.039456844329834,0.5714285969734192,0.0166301727294921,438.69847008873694,d1000_B7_R7_20251106_193338,2025-11-06 19:33:42,1000,40,7,193.64916731037084
162,0.0,1.0,0.7535714507102966,5.039456844329834,0.5714285969734192,0.0292651653289794,436.35687835249206,d1000_B7_R7_20251106_193338,2025-11-06 19:33:42,1000,40,7,193.64916731037084
163,0.0,1.0,0.7535714507102966,5.039456844329834,0.5714285969734192,0.0043749809265136,438.2689797873635,d1000_B7_R7_20251106_193338,2025-11-06 19:33:42,1000,40,7,193.64916731037084
164,0.0,1.0,0.7535714507102966,5.039456844329834,0.5714285969734192,0.0096440315246582,439.29613176432525,d1000_B7_R7_20251106_193338,2025-11-06 19:33:42,1000,40,7,193.64916731037084
165,0.0,1.0,0.7535714507102966,5.039456844329834,0.5714285969734192,0.0048317909240722,441.11595652468657,d1000_B7_R7_20251106_193338,2025-11-06 19:33:42,1000,40,7,193.64916731037084
166,0.0,1.0,0.7535714507102966,5.039456844329834,0.5714285969734192,0.0029759407043457,443.2417326229255,d1000_B7_R7_20251106_193338,2025-11-06 19:33:42,1000,40,7,193.64916731037084
167,0.0,1.0,0.7535714507102966,5.039456844329834,0.5714285969734192,0.008030891418457,444.5176774240062,d1000_B7_R7_20251106_193338,2025-11-06 19:33:42,1000,40,7,193.64916731037084
168,0.0,1.0,0.7535714507102966,5.039456844329834,0.5714285969734192,0.0015478134155273,446.87832394160193,d1000_B7_R7_20251106_193338,2025-11-06 19:33:42,1000,40,7,193.64916731037084
169,0.0,1.0,0.7535714507102966,5.039456844329834,0.5714285969734192,0.0015177726745605,449.25411558702103,d1000_B7_R7_20251106_193338,2025-11-06 19:33:42,1000,40,7,193.64916731037084
170,0.0,1.0,0.7535714507102966,5.039456844329834,0.5714285969734192,0.0012331008911132,451.6757872709664,d1000_B7_R7_20251106_193338,2025-11-06 19:33:42,1000,40,7,193.64916731037084
171,0.0,1.0,0.7535714507102966,5.039456844329834,0.5714285969734192,0.0120189189910888,452.2507314008184,d1000_B7_R7_20251106_193338,2025-11-06 19:33:42,1000,40,7,193.64916731037084
172,0.0,1.0,0.7535714507102966,5.039456844329834,0.5714285969734192,0.056819200515747,444.91292558527226,d1000_B7_R7_20251106_193338,2025-11-06 19:33:42,1000,40,7,193.64916731037084
173,0.0,1.0,0.7535714507102966,5.039456844329834,0.5714285969734192,0.0038869380950927,446.8072094909559,d1000_B7_R7_20251106_193338,2025-11-06 19:33:42,1000,40,7,193.64916731037084
174,0.0,1.0,0.7535714507102966,5.039456844329834,0.5714285969734192,0.0151989459991455,446.8586573443092,d1000_B7_R7_20251106_193338,2025-11-06 19:33:42,1000,40,7,193.64916731037084
175,0.0,1.0,0.7535714507102966,5.039456844329834,0.5714285969734192,0.0228652954101562,445.64442018941463,d1000_B7_R7_20251106_193338,2025-11-06 19:33:42,1000,40,7,193.64916731037084
176,0.0,1.0,0.7535714507102966,5.039456844329834,0.5714285969734192,0.0418601036071777,441.46052737989334,d1000_B7_R7_20251106_193338,2025-11-06 19:33:42,1000,40,7,193.64916731037084
177,0.0,1.0,0.7535714507102966,5.039456844329834,0.5714285969734192,0.0064351558685302,442.86604658730374,d1000_B7_R7_20251106_193338,2025-11-06 19:33:42,1000,40,7,193.64916731037084
178,0.0,1.0,0.7535714507102966,5.039456844329834,0.5714285969734192,0.0078949928283691,444.05961923741864,d1000_B7_R7_20251106_193338,2025-11-06 19:33:42,1000,40,7,193.64916731037084
179,0.0,1.0,0.7535714507102966,5.039456844329834,0.5714285969734192,0.0055921077728271,445.6028479064818,d1000_B7_R7_20251106_193338,2025-11-06 19:33:42,1000,40,7,193.64916731037084
180,0.0,1.0,0.7535714507102966,5.039456844329834,0.5714285969734192,0.0132131576538085,445.9496569226305,d1000_B7_R7_20251106_193338,2025-11-06 19:33:42,1000,40,7,193.64916731037084
181,0.0,1.0,0.7535714507102966,5.039456844329834,0.5714285969734192,0.0090680122375488,446.90981084330656,d1000_B7_R7_20251106_193338,2025-11-06 19:33:42,1000,40,7,193.64916731037084
182,0.0,1.0,0.7535714507102966,5.039456844329834,0.5714285969734192,0.0055899620056152,448.4589257074748,d1000_B7_R7_20251106_193338,2025-11-06 19:33:42,1000,40,7,193.64916731037084
183,0.0,1.0,0.7535714507102966,5.039456844329834,0.5714285969734192,0.0144822597503662,448.5605787128949,d1000_B7_R7_20251106_193338,2025-11-06 19:33:42,1000,40,7,193.64916731037084
184,0.0,1.0,0.7535714507102966,5.039456844329834,0.5714285969734192,0.012632131576538,448.9621972766804,d1000_B7_R7_20251106_193338,2025-11-06 19:33:42,1000,40,7,193.64916731037084
185,0.0,1.0,0.7535714507102966,5.039456844329834,0.5714285969734192,0.0383698940277099,445.4327597231016,d1000_B7_R7_20251106_193338,2025-11-06 19:33:42,1000,40,7,193.64916731037084
186,0.0,1.0,0.7535714507102966,5.039456844329834,0.5714285969734192,0.006711721420288,446.7573418220048,d1000_B7_R7_20251106_193338,2025-11-06 19:33:42,1000,40,7,193.64916731037084
187,0.0,1.0,0.7535714507102966,5.039456844329834,0.5714285969734192,0.00978684425354,447.6237578991177,d1000_B7_R7_20251106_193338,2025-11-06 19:33:42,1000,40,7,193.64916731037084
188,0.0,1.0,0.7535714507102966,5.039456844329834,0.5714285969734192,0.0039811134338378,449.3692255528032,d1000_B7_R7_20251106_193338,2025-11-06 19:33:42,1000,40,7,193.64916731037084
189,0.0,1.0,0.7535714507102966,5.039456844329834,0.5714285969734192,0.0058119297027587,450.827447080294,d1000_B7_R7_20251106_193338,2025-11-06 19:33:42,1000,40,7,193.64916731037084
190,0.0,1.0,0.7535714507102966,5.039456844329834,0.5714285969734192,0.0278880596160888,448.89133650445734,d1000_B7_R7_20251106_193338,2025-11-06 19:33:42,1000,40,7,193.64916731037084
191,0.0,1.0,0.7535714507102966,5.039456844329834,0.5714285969734192,0.0418059825897216,444.32261581944994,d1000_B7_R7_20251106_193338,2025-11-06 19:33:42,1000,40,7,193.64916731037084
192,0.0,1.0,0.7535714507102966,5.039456844329834,0.5714285969734192,0.0082418918609619,445.39995365612026,d1000_B7_R7_20251106_193338,2025-11-06 19:33:42,1000,40,7,193.64916731037084
193,0.0,1.0,0.7535714507102966,5.039456844329834,0.5714285969734192,0.0102949142456054,445.69611207770447,d1000_B7_R7_20251106_193338,2025-11-06 19:33:42,1000,40,7,193.64916731037084
194,0.0,1.0,0.7535714507102966,5.039456844329834,0.5714285969734192,0.0075929164886474,446.8336783378159,d1000_B7_R7_20251106_193338,2025-11-06 19:33:42,1000,40,7,193.64916731037084
195,0.0,1.0,0.7535714507102966,5.039456844329834,0.5714285969734192,0.0065798759460449,448.1178113858787,d1000_B7_R7_20251106_193338,2025-11-06 19:33:42,1000,40,7,193.64916731037084
196,0.0,1.0,0.7535714507102966,5.039456844329834,0.5714285969734192,0.0103800296783447,448.8131802098206,d1000_B7_R7_20251106_193338,2025-11-06 19:33:42,1000,40,7,193.64916731037084
197,0.0,1.0,0.7535714507102966,5.039456844329834,0.5714285969734192,0.0101139545440673,449.5580552891018,d1000_B7_R7_20251106_193338,2025-11-06 19:33:42,1000,40,7,193.64916731037084
198,0.0,1.0,0.7535714507102966,5.039456844329834,0.5714285969734192,0.0072607994079589,450.7449074404093,d1000_B7_R7_20251106_193338,2025-11-06 19:33:42,1000,40,7,193.64916731037084
199,0.0,1.0,0.7535714507102966,5.039456844329834,0.5714285969734192,0.0237741470336914,449.5281391369266,d1000_B7_R7_20251106_193338,2025-11-06 19:33:42,1000,40,7,193.64916731037084
200,0.0,1.0,0.7535714507102966,5.039456844329834,0.5714285969734192,0.0120871067047119,449.5217775676101,d1000_B7_R7_20251106_193338,2025-11-06 19:33:42,1000,40,7,193.64916731037084
201,0.0,1.0,0.7535714507102966,5.039456844329834,0.5714285969734192,0.0031259059906005,451.2733519618069,d1000_B7_R7_20251106_193338,2025-11-06 19:33:42,1000,40,7,193.64916731037084
202,0.0,1.0,0.7535714507102966,5.039456844329834,0.5714285969734192,0.005129337310791,452.7435646039525,d1000_B7_R7_20251106_193338,2025-11-06 19:33:42,1000,40,7,193.64916731037084
203,0.0,1.0,0.7535714507102966,5.039456844329834,0.5714285969734192,0.0071480274200439,453.912595014686,d1000_B7_R7_20251106_193338,2025-11-06 19:33:42,1000,40,7,193.64916731037084
204,0.0,1.0,0.7535714507102966,5.039456844329834,0.5714285969734192,0.0132629871368408,454.1787111637316,d1000_B7_R7_20251106_193338,2025-11-06 19:33:42,1000,40,7,193.64916731037084
205,0.0,1.0,0.7535714507102966,5.039456844329834,0.5714285969734192,0.0139927864074707,454.35942238633817,d1000_B7_R7_20251106_193338,2025-11-06 19:33:42,1000,40,7,193.64916731037084
206,0.0,1.0,0.7535714507102966,5.039456844329834,0.5714285969734192,0.0144619941711425,454.47874031646137,d1000_B7_R7_20251106_193338,2025-11-06 19:33:42,1000,40,7,193.64916731037084
207,0.0,1.0,0.7535714507102966,5.039456844329834,0.5714285969734192,0.0159599781036376,454.3732643784515,d1000_B7_R7_20251106_193338,2025-11-06 19:33:42,1000,40,7,193.64916731037084
208,0.0,1.0,0.7535714507102966,5.039456844329834,0.5714285969734192,0.0154829025268554,454.305807961378,d1000_B7_R7_20251106_193338,2025-11-06 19:33:42,1000,40,7,193.64916731037084
209,0.0,1.0,0.7535714507102966,5.039456844329834,0.5714285969734192,0.005173921585083,455.7188587003481,d1000_B7_R7_20251106_193338,2025-11-06 19:33:42,1000,40,7,193.64916731037084
210,0.0,1.0,0.7535714507102966,5.039456844329834,0.5714285969734192,0.0054600238800048,457.0952666007277,d1000_B7_R7_20251106_193338,2025-11-06 19:33:42,1000,40,7,193.64916731037084
211,0.0,1.0,0.7535714507102966,5.039456844329834,0.5714285969734192,0.0033211708068847,458.7670803447696,d1000_B7_R7_20251106_193338,2025-11-06 19:33:42,1000,40,7,193.64916731037084
212,0.0,1.0,0.7535714507102966,5.039456844329834,0.5714285969734192,0.0050189495086669,460.189755405128,d1000_B7_R7_20251106_193338,2025-11-06 19:33:42,1000,40,7,193.64916731037084
213,0.0,1.0,0.7535714507102966,5.039456844329834,0.5714285969734192,0.0086677074432373,461.0648312721151,d1000_B7_R7_20251106_193338,2025-11-06 19:33:42,1000,40,7,193.64916731037084
214,0.0,1.0,0.7535714507102966,5.039456844329834,0.5714285969734192,0.0046560764312744,462.4902048029051,d1000_B7_R7_20251106_193338,2025-11-06 19:33:42,1000,40,7,193.64916731037084
215,0.0,1.0,0.7535714507102966,5.039456844329834,0.5714285969734192,0.0031731128692626,464.1454072364609,d1000_B7_R7_20251106_193338,2025-11-06 19:33:42,1000,40,7,193.64916731037084
216,0.0,1.0,0.7535714507102966,5.039456844329834,0.5714285969734192,0.0262620449066162,462.5455529647023,d1000_B7_R7_20251106_193338,2025-11-06 19:33:42,1000,40,7,193.64916731037084
217,0.0,1.0,0.7535714507102966,5.039456844329834,0.5714285969734192,0.0062248706817626,463.77665708923104,d1000_B7_R7_20251106_193338,2025-11-06 19:33:42,1000,40,7,193.64916731037084
218,0.0,1.0,0.7535714507102966,5.039456844329834,0.5714285969734192,0.0029249191284179,465.4684817076543,d1000_B7_R7_20251106_193338,2025-11-06 19:33:42,1000,40,7,193.64916731037084
219,0.0,1.0,0.7535714507102966,5.039456844329834,0.5714285969734192,0.0380740165710449,462.232201397024,d1000_B7_R7_20251106_193338,2025-11-06 19:33:42,1000,40,7,193.64916731037084
220,0.0,1.0,0.7535714507102966,5.039456844329834,0.5714285969734192,0.0141639709472656,462.31892254116974,d1000_B7_R7_20251106_193338,2025-11-06 19:33:42,1000,40,7,193.64916731037084
221,0.0,1.0,0.7535714507102966,5.039456844329834,0.5714285969734192,0.0080780982971191,463.2649531887601,d1000_B7_R7_20251106_193338,2025-11-06 19:33:42,1000,40,7,193.64916731037084
222,0.0,1.0,0.7535714507102966,5.039456844329834,0.5714285969734192,0.0058701038360595,464.4927753032877,d1000_B7_R7_20251106_193338,2025-11-06 19:33:42,1000,40,7,193.64916731037084
223,0.0,1.0,0.7535714507102966,5.039456844329834,0.5714285969734192,0.0657989978790283,457.593524875013,d1000_B7_R7_20251106_193338,2025-11-06 19:33:42,1000,40,7,193.64916731037084
224,0.0,1.0,0.7535714507102966,5.039456844329834,0.5714285969734192,0.0044710636138916,459.01236201200794,d1000_B7_R7_20251106_193338,2025-11-06 19:33:42,1000,40,7,193.64916731037084
225,0.0,1.0,0.7535714507102966,5.039456844329834,0.5714285969734192,0.0224299430847167,458.0431794465188,d1000_B7_R7_20251106_193338,2025-11-06 19:33:42,1000,40,7,193.64916731037084
226,0.0,1.0,0.7535714507102966,5.039456844329834,0.5714285969734192,0.0175390243530273,457.7169069891093,d1000_B7_R7_20251106_193338,2025-11-06 19:33:42,1000,40,7,193.64916731037084
227,0.0,1.0,0.7535714507102966,5.039456844329834,0.5714285969734192,0.0094411373138427,458.4623191760688,d1000_B7_R7_20251106_193338,2025-11-06 19:33:42,1000,40,7,193.64916731037084
228,0.0,1.0,0.7535714507102966,5.039456844329834,0.5714285969734192,0.0105960369110107,459.05319101288075,d1000_B7_R7_20251106_193338,2025-11-06 19:33:42,1000,40,7,193.64916731037084
229,0.0,1.0,0.7535714507102966,5.039456844329834,0.5714285969734192,0.0235788822174072,457.9404623030138,d1000_B7_R7_20251106_193338,2025-11-06 19:33:42,1000,40,7,193.64916731037084
230,0.0,1.0,0.7535714507102966,5.039456844329834,0.5714285969734192,0.0284841060638427,456.1872734303497,d1000_B7_R7_20251106_193338,2025-11-06 19:33:42,1000,40,7,193.64916731037084
231,0.0,1.0,0.7535714507102966,5.039456844329834,0.5714285969734192,0.0108420848846435,456.7161557459455,d1000_B7_R7_20251106_193338,2025-11-06 19:33:42,1000,40,7,193.64916731037084
232,0.0,1.0,0.7535714507102966,5.039456844329834,0.5714285969734192,0.0259480476379394,455.310333857159,d1000_B7_R7_20251106_193338,2025-11-06 19:33:42,1000,40,7,193.64916731037084
233,0.0,1.0,0.7535714507102966,5.039456844329834,0.5714285969734192,0.0071747303009033,456.2977845720158,d1000_B7_R7_20251106_193338,2025-11-06 19:33:42,1000,40,7,193.64916731037084
234,0.0,1.0,0.7535714507102966,5.039456844329834,0.5714285969734192,0.0043399333953857,457.6758227744403,d1000_B7_R7_20251106_193338,2025-11-06 19:33:42,1000,40,7,193.64916731037084
235,0.0,1.0,0.7535714507102966,5.039456844329834,0.5714285969734192,0.0059831142425537,458.83842712693166,d1000_B7_R7_20251106_193338,2025-11-06 19:33:42,1000,40,7,193.64916731037084
236,0.0,1.0,0.7535714507102966,5.039456844329834,0.5714285969734192,0.0049247741699218,460.1330361597556,d1000_B7_R7_20251106_193338,2025-11-06 19:33:42,1000,40,7,193.64916731037084
237,0.0,1.0,0.7535714507102966,5.039456844329834,0.5714285969734192,0.0071322917938232,461.1268091216879,d1000_B7_R7_20251106_193338,2025-11-06 19:33:42,1000,40,7,193.64916731037084
238,0.0,1.0,0.7535714507102966,5.039456844329834,0.5714285969734192,0.0082213878631591,461.9404339168172,d1000_B7_R7_20251106_193338,2025-11-06 19:33:42,1000,40,7,193.64916731037084
239,0.0,1.0,0.7535714507102966,5.039456844329834,0.5714285969734192,0.0086021423339843,462.7506354715887,d1000_B7_R7_20251106_193338,2025-11-06 19:33:42,1000,40,7,193.64916731037084
240,0.0,1.0,0.7535714507102966,5.039456844329834,0.5714285969734192,0.0138580799102783,462.8135005301975,d1000_B7_R7_20251106_193338,2025-11-06 19:33:42,1000,40,7,193.64916731037084
241,0.0,1.0,0.7535714507102966,5.039456844329834,0.5714285969734192,0.0089099407196044,463.56816434169826,d1000_B7_R7_20251106_193338,2025-11-06 19:33:42,1000,40,7,193.64916731037084
242,0.0,1.0,0.7535714507102966,5.039456844329834,0.5714285969734192,0.012880802154541,463.82656443623074,d1000_B7_R7_20251106_193338,2025-11-06 19:33:42,1000,40,7,193.64916731037084
243,0.0,1.0,0.7535714507102966,5.039456844329834,0.5714285969734192,0.0092828273773193,464.5198576406493,d1000_B7_R7_20251106_193338,2025-11-06 19:33:42,1000,40,7,193.64916731037084
244,0.0,1.0,0.7535714507102966,5.039456844329834,0.5714285969734192,0.0034008026123046,465.9734895329707,d1000_B7_R7_20251106_193338,2025-11-06 19:33:42,1000,40,7,193.64916731037084
245,0.0,1.0,0.7535714507102966,5.039456844329834,0.5714285969734192,0.005817174911499,467.1207422459424,d1000_B7_R7_20251106_193338,2025-11-06 19:33:42,1000,40,7,193.64916731037084
246,0.0,1.0,0.7535714507102966,5.039456844329834,0.5714285969734192,0.0426352024078369,463.6406993323709,d1000_B7_R7_20251106_193338,2025-11-06 19:33:42,1000,40,7,193.64916731037084
247,0.0,1.0,0.7535714507102966,5.039456844329834,0.5714285969734192,0.0221469402313232,462.7520706490028,d1000_B7_R7_20251106_193338,2025-11-06 19:33:42,1000,40,7,193.64916731037084
248,0.0,1.0,0.7535714507102966,5.039456844329834,0.5714285969734192,0.0061850547790527,463.76882861618265,d1000_B7_R7_20251106_193338,2025-11-06 19:33:42,1000,40,7,193.64916731037084
249,0.0,1.0,0.7535714507102966,5.039456844329834,0.5714285969734192,0.0147008895874023,463.8023437207755,d1000_B7_R7_20251106_193338,2025-11-06 19:33:42,1000,40,7,193.64916731037084
250,0.0,1.0,0.7535714507102966,5.039456844329834,0.5714285969734192,0.0136530399322509,463.9571054218269,d1000_B7_R7_20251106_193338,2025-11-06 19:33:42,1000,40,7,193.64916731037084
251,0.0,1.0,0.7535714507102966,5.039456844329834,0.5714285969734192,0.0291900634765625,462.2232022451343,d1000_B7_R7_20251106_193338,2025-11-06 19:33:42,1000,40,7,193.64916731037084
252,0.0,1.0,0.7535714507102966,5.039456844329834,0.5714285969734192,0.0038938522338867,463.5642561918872,d1000_B7_R7_20251106_193338,2025-11-06 19:33:42,1000,40,7,193.64916731037084
253,0.0,1.0,0.7535714507102966,5.039456844329834,0.5714285969734192,0.0024020671844482,465.09060472354184,d1000_B7_R7_20251106_193338,2025-11-06 19:33:42,1000,40,7,193.64916731037084
254,0.0,1.0,0.7535714507102966,5.039456844329834,0.5714285969734192,0.0024709701538085,466.6063980789372,d1000_B7_R7_20251106_193338,2025-11-06 19:33:42,1000,40,7,193.64916731037084
255,0.0,1.0,0.7535714507102966,5.039456844329834,0.5714285969734192,0.0451691150665283,462.957698294461,d1000_B7_R7_20251106_193338,2025-11-06 19:33:42,1000,40,7,193.64916731037084
256,0.0,1.0,0.7535714507102966,5.039456844329834,0.5714285969734192,0.0073108673095703,463.8527445222359,d1000_B7_R7_20251106_193338,2025-11-06 19:33:42,1000,40,7,193.64916731037084
257,0.0,1.0,0.7535714507102966,5.039456844329834,0.5714285969734192,0.0109891891479492,464.28466940774496,d1000_B7_R7_20251106_193338,2025-11-06 19:33:42,1000,40,7,193.64916731037084
258,0.0,1.0,0.7535714507102966,5.039456844329834,0.5714285969734192,0.0034170150756835,465.6598401124598,d1000_B7_R7_20251106_193338,2025-11-06 19:33:42,1000,40,7,193.64916731037084
259,0.0,1.0,0.7535714507102966,5.039456844329834,0.5714285969734192,0.002943992614746,467.08586159117255,d1000_B7_R7_20251106_193338,2025-11-06 19:33:42,1000,40,7,193.64916731037084
260,0.0,1.0,0.7535714507102966,5.039456844329834,0.5714285969734192,0.0033628940582275,468.45697353793526,d1000_B7_R7_20251106_193338,2025-11-06 19:33:42,1000,40,7,193.64916731037084
261,0.0,1.0,0.7535714507102966,5.039456844329834,0.5714285969734192,0.0041379928588867,469.7357141138592,d1000_B7_R7_20251106_193338,2025-11-06 19:33:42,1000,40,7,193.64916731037084
262,0.0,1.0,0.7535714507102966,5.039456844329834,0.5714285969734192,0.0060889720916748,470.7743955320988,d1000_B7_R7_20251106_193338,2025-11-06 19:33:42,1000,40,7,193.64916731037084
263,0.0,1.0,0.7535714507102966,5.039456844329834,0.5714285969734192,0.0085229873657226,471.5024062453066,d1000_B7_R7_20251106_193338,2025-11-06 19:33:42,1000,40,7,193.64916731037084
264,0.0,1.0,0.7535714507102966,5.039456844329834,0.5714285969734192,0.0056779384613037,472.5777697844917,d1000_B7_R7_20251106_193338,2025-11-06 19:33:42,1000,40,7,193.64916731037084
265,0.0,1.0,0.7535714507102966,5.039456844329834,0.5714285969734192,0.0066590309143066,473.5141025434259,d1000_B7_R7_20251106_193338,2025-11-06 19:33:42,1000,40,7,193.64916731037084
266,0.0,1.0,0.7535714507102966,5.039456844329834,0.5714285969734192,0.0174610614776611,473.1779747378996,d1000_B7_R7_20251106_193338,2025-11-06 19:33:42,1000,40,7,193.64916731037084
267,0.0,1.0,0.7535714507102966,5.039456844329834,0.5714285969734192,0.0391252040863037,470.26808453466583,d1000_B7_R7_20251106_193338,2025-11-06 19:33:42,1000,40,7,193.64916731037084
268,0.0,1.0,0.7535714507102966,5.039456844329834,0.5714285969734192,0.0177440643310546,469.8679412121489,d1000_B7_R7_20251106_193338,2025-11-06 19:33:42,1000,40,7,193.64916731037084
269,0.0,1.0,0.7535714507102966,5.039456844329834,0.5714285969734192,0.0013298988342285,471.4498524406219,d1000_B7_R7_20251106_193338,2025-11-06 19:33:42,1000,40,7,193.64916731037084
270,0.0,1.0,0.7535714507102966,5.039456844329834,0.5714285969734192,0.0037159919738769,472.7507819323117,d1000_B7_R7_20251106_193338,2025-11-06 19:33:42,1000,40,7,193.64916731037084
271,0.0,1.0,0.7535714507102966,5.039456844329834,0.5714285969734192,0.0052497386932373,473.85602468384945,d1000_B7_R7_20251106_193338,2025-11-06 19:33:42,1000,40,7,193.64916731037084
272,0.0,1.0,0.7535714507102966,5.039456844329834,0.5714285969734192,0.0028800964355468,475.23590216062865,d1000_B7_R7_20251106_193338,2025-11-06 19:33:42,1000,40,7,193.64916731037084
273,0.0,1.0,0.7535714507102966,5.039456844329834,0.5714285969734192,0.0044350624084472,476.4403083241126,d1000_B7_R7_20251106_193338,2025-11-06 19:33:42,1000,40,7,193.64916731037084
274,0.0,1.0,0.7535714507102966,5.039456844329834,0.5714285969734192,0.0066909790039062,477.3702818133772,d1000_B7_R7_20251106_193338,2025-11-06 19:33:42,1000,40,7,193.64916731037084
275,0.0,1.0,0.7535714507102966,5.039456844329834,0.5714285969734192,0.0031580924987792,478.7209568706044,d1000_B7_R7_20251106_193338,2025-11-06 19:33:42,1000,40,7,193.64916731037084
276,0.0,1.0,0.7535714507102966,5.039456844329834,0.5714285969734192,0.0054378509521484,479.78647449931657,d1000_B7_R7_20251106_193338,2025-11-06 19:33:42,1000,40,7,193.64916731037084
277,0.0,1.0,0.7535714507102966,5.039456844329834,0.5714285969734192,0.0256640911102294,478.4398313280216,d1000_B7_R7_20251106_193338,2025-11-06 19:33:42,1000,40,7,193.64916731037084
278,0.0,1.0,0.7535714507102966,5.039456844329834,0.5714285969734192,0.0175139904022216,478.0833160188239,d1000_B7_R7_20251106_193338,2025-11-06 19:33:42,1000,40,7,193.64916731037084
279,0.0,1.0,0.7535714507102966,5.039456844329834,0.5714285969734192,0.0055088996887207,479.1335162714567,d1000_B7_R7_20251106_193338,2025-11-06 19:33:42,1000,40,7,193.64916731037084
280,0.0,1.0,0.7535714507102966,5.039456844329834,0.5714285969734192,0.0032918453216552,480.4394995744571,d1000_B7_R7_20251106_193338,2025-11-06 19:33:42,1000,40,7,193.64916731037084
281,0.0,1.0,0.7535714507102966,5.039456844329834,0.5714285969734192,0.0201499462127685,479.7747357707583,d1000_B7_R7_20251106_193338,2025-11-06 19:33:42,1000,40,7,193.64916731037084
282,0.0,1.0,0.7535714507102966,5.039456844329834,0.5714285969734192,0.0169551372528076,479.46296282938744,d1000_B7_R7_20251106_193338,2025-11-06 19:33:42,1000,40,7,193.64916731037084
283,0.0,1.0,0.7535714507102966,5.039456844329834,0.5714285969734192,0.0064911842346191,480.37760830116616,d1000_B7_R7_20251106_193338,2025-11-06 19:33:42,1000,40,7,193.64916731037084
284,0.0,1.0,0.7535714507102966,5.039456844329834,0.5714285969734192,0.0137207508087158,480.45522124149903,d1000_B7_R7_20251106_193338,2025-11-06 19:33:42,1000,40,7,193.64916731037084
285,0.0,1.0,0.7535714507102966,5.039456844329834,0.5714285969734192,0.0221779346466064,479.5563458374213,d1000_B7_R7_20251106_193338,2025-11-06 19:33:42,1000,40,7,193.64916731037084
286,0.0,1.0,0.7535714507102966,5.039456844329834,0.5714285969734192,0.0299680233001709,477.5058823502744,d1000_B7_R7_20251106_193338,2025-11-06 19:33:42,1000,40,7,193.64916731037084
287,0.0,1.0,0.7535714507102966,5.039456844329834,0.5714285969734192,0.0075299739837646,478.29239282605266,d1000_B7_R7_20251106_193338,2025-11-06 19:33:42,1000,40,7,193.64916731037084
288,0.0,1.0,0.7535714507102966,5.039456844329834,0.5714285969734192,0.0045938491821289,479.3987796092447,d1000_B7_R7_20251106_193338,2025-11-06 19:33:42,1000,40,7,193.64916731037084
289,0.0,1.0,0.7535714507102966,5.039456844329834,0.5714285969734192,0.0137431621551513,479.4659899301544,d1000_B7_R7_20251106_193338,2025-11-06 19:33:42,1000,40,7,193.64916731037084
290,0.0,1.0,0.7535714507102966,5.039456844329834,0.5714285969734192,0.008692979812622,480.0848421751057,d1000_B7_R7_20251106_193338,2025-11-06 19:33:42,1000,40,7,193.64916731037084
291,0.0,1.0,0.7535714507102966,5.039456844329834,0.5714285969734192,0.0119211673736572,480.3375274831728,d1000_B7_R7_20251106_193338,2025-11-06 19:33:42,1000,40,7,193.64916731037084
292,0.0,1.0,0.7535714507102966,5.039456844329834,0.5714285969734192,0.0071501731872558,481.1574324898762,d1000_B7_R7_20251106_193338,2025-11-06 19:33:42,1000,40,7,193.64916731037084
293,0.0,1.0,0.7535714507102966,5.039456844329834,0.5714285969734192,0.0131349563598632,481.2963175235771,d1000_B7_R7_20251106_193338,2025-11-06 19:33:42,1000,40,7,193.64916731037084
294,0.0,1.0,0.7535714507102966,5.039456844329834,0.5714285969734192,0.0068340301513671,482.12078784200565,d1000_B7_R7_20251106_193338,2025-11-06 19:33:42,1000,40,7,193.64916731037084
295,0.0,1.0,0.7535714507102966,5.039456844329834,0.5714285969734192,0.0366361141204834,479.62953115934266,d1000_B7_R7_20251106_193338,2025-11-06 19:33:42,1000,40,7,193.64916731037084
296,0.0,1.0,0.7535714507102966,5.039456844329834,0.5714285969734192,0.0072047710418701,480.4292731152743,d1000_B7_R7_20251106_193338,2025-11-06 19:33:42,1000,40,7,193.64916731037084
297,0.0,1.0,0.7535714507102966,5.039456844329834,0.5714285969734192,0.0148553848266601,480.3719886495998,d1000_B7_R7_20251106_193338,2025-11-06 19:33:42,1000,40,7,193.64916731037084
298,0.0,1.0,0.7535714507102966,5.039456844329834,0.5714285969734192,0.0066609382629394,481.1976473237381,d1000_B7_R7_20251106_193338,2025-11-06 19:33:42,1000,40,7,193.64916731037084
299,0.0,1.0,0.7535714507102966,5.039456844329834,0.5714285969734192,0.0119502544403076,481.4503003940518,d1000_B7_R7_20251106_193338,2025-11-06 19:33:42,1000,40,7,193.64916731037084
0,0.6931471824645996,0.4838709533214569,0.9419354796409608,1.161784052848816,0.7419354915618896,0.0335290431976318,919.1143030834264,d1000_B31_R7_20251106_193342,2025-11-06 19:33:49,1000,40,31,193.64916731037084
1,0.0,1.0,0.9419354796409608,1.161784052848816,0.7419354915618896,0.0324182510375976,917.0496351857926,d1000_B31_R7_20251106_193342,2025-11-06 19:33:49,1000,40,31,193.64916731037084
2,0.0,1.0,0.9419354796409608,1.161784052848816,0.7419354915618896,0.07578706741333,647.7582005529862,d1000_B31_R7_20251106_193342,2025-11-06 19:33:49,1000,40,31,193.64916731037084
3,0.0,1.0,0.9419354796409608,1.161784052848816,0.7419354915618896,0.0173161029815673,769.8602156108407,d1000_B31_R7_20251106_193342,2025-11-06 19:33:49,1000,40,31,193.64916731037084
4,0.0,1.0,0.9419354796409608,1.161784052848816,0.7419354915618896,0.0282042026519775,817.820134626682,d1000_B31_R7_20251106_193342,2025-11-06 19:33:49,1000,40,31,193.64916731037084
5,0.0,1.0,0.9419354796409608,1.161784052848816,0.7419354915618896,0.0124318599700927,920.1137716217268,d1000_B31_R7_20251106_193342,2025-11-06 19:33:49,1000,40,31,193.64916731037084
6,0.0,1.0,0.9419354796409608,1.161784052848816,0.7419354915618896,0.0746669769287109,783.3902706685246,d1000_B31_R7_20251106_193342,2025-11-06 19:33:49,1000,40,31,193.64916731037084
7,0.0,1.0,0.9419354796409608,1.161784052848816,0.7419354915618896,0.0125398635864257,856.0783302237501,d1000_B31_R7_20251106_193342,2025-11-06 19:33:49,1000,40,31,193.64916731037084
8,0.0,1.0,0.9419354796409608,1.161784052848816,0.7419354915618896,0.0131227970123291,920.8189689157618,d1000_B31_R7_20251106_193342,2025-11-06 19:33:49,1000,40,31,193.64916731037084
9,0.0,1.0,0.9419354796409608,1.161784052848816,0.7419354915618896,0.0162210464477539,970.4819440774692,d1000_B31_R7_20251106_193342,2025-11-06 19:33:49,1000,40,31,193.64916731037084
10,0.0,1.0,0.9419354796409608,1.161784052848816,0.7419354915618896,0.0179760456085205,1009.8528803511678,d1000_B31_R7_20251106_193342,2025-11-06 19:33:49,1000,40,31,193.64916731037084
11,0.0,1.0,0.9419354796409608,1.161784052848816,0.7419354915618896,0.0215499401092529,1034.9718239883148,d1000_B31_R7_20251106_193342,2025-11-06 19:33:49,1000,40,31,193.64916731037084
12,0.0,1.0,0.9419354796409608,1.161784052848816,0.7419354915618896,0.0107309818267822,1087.692443122003,d1000_B31_R7_20251106_193342,2025-11-06 19:33:49,1000,40,31,193.64916731037084
13,0.0,1.0,0.9419354796409608,1.161784052848816,0.7419354915618896,0.017812967300415,1117.165865561649,d1000_B31_R7_20251106_193342,2025-11-06 19:33:49,1000,40,31,193.64916731037084
14,0.0,1.0,0.9419354796409608,1.161784052848816,0.7419354915618896,0.0164978504180908,1147.1082845704088,d1000_B31_R7_20251106_193342,2025-11-06 19:33:49,1000,40,31,193.64916731037084
15,0.0,1.0,0.9419354796409608,1.161784052848816,0.7419354915618896,0.0132579803466796,1183.8977842905715,d1000_B31_R7_20251106_193342,2025-11-06 19:33:49,1000,40,31,193.64916731037084
16,0.0,1.0,0.9419354796409608,1.161784052848816,0.7419354915618896,0.0164458751678466,1209.7446300572308,d1000_B31_R7_20251106_193342,2025-11-06 19:33:49,1000,40,31,193.64916731037084
17,0.0,1.0,0.9419354796409608,1.161784052848816,0.7419354915618896,0.0315539836883544,1193.0773362261095,d1000_B31_R7_20251106_193342,2025-11-06 19:33:49,1000,40,31,193.64916731037084
18,0.0,1.0,0.9419354796409608,1.161784052848816,0.7419354915618896,0.0090711116790771,1234.8755279766383,d1000_B31_R7_20251106_193342,2025-11-06 19:33:49,1000,40,31,193.64916731037084
19,0.0,1.0,0.9419354796409608,1.161784052848816,0.7419354915618896,0.0224215984344482,1239.32808111752,d1000_B31_R7_20251106_193342,2025-11-06 19:33:49,1000,40,31,193.64916731037084
20,0.0,1.0,0.9419354796409608,1.161784052848816,0.7419354915618896,0.0147671699523925,1262.9863663675053,d1000_B31_R7_20251106_193342,2025-11-06 19:33:49,1000,40,31,193.64916731037084
21,0.0,1.0,0.9419354796409608,1.161784052848816,0.7419354915618896,0.0221738815307617,1267.565617051447,d1000_B31_R7_20251106_193342,2025-11-06 19:33:49,1000,40,31,193.64916731037084
22,0.0,1.0,0.9419354796409608,1.161784052848816,0.7419354915618896,0.0314729213714599,1251.4698992015888,d1000_B31_R7_20251106_193342,2025-11-06 19:33:49,1000,40,31,193.64916731037084
23,0.0,1.0,0.9419354796409608,1.161784052848816,0.7419354915618896,0.0247559547424316,1251.1686199289688,d1000_B31_R7_20251106_193342,2025-11-06 19:33:49,1000,40,31,193.64916731037084
24,0.0,1.0,0.9419354796409608,1.161784052848816,0.7419354915618896,0.033696174621582,1233.0357637337336,d1000_B31_R7_20251106_193342,2025-11-06 19:33:49,1000,40,31,193.64916731037084
25,0.0,1.0,0.9419354796409608,1.161784052848816,0.7419354915618896,0.014672040939331,1252.7200152670907,d1000_B31_R7_20251106_193342,2025-11-06 19:33:49,1000,40,31,193.64916731037084
26,0.0,1.0,0.9419354796409608,1.161784052848816,0.7419354915618896,0.0376849174499511,1228.601752419402,d1000_B31_R7_20251106_193342,2025-11-06 19:33:49,1000,40,31,193.64916731037084
27,0.0,1.0,0.9419354796409608,1.161784052848816,0.7419354915618896,0.0225501060485839,1232.637708736168,d1000_B31_R7_20251106_193342,2025-11-06 19:33:49,1000,40,31,193.64916731037084
28,0.0,1.0,0.9419354796409608,1.161784052848816,0.7419354915618896,0.026944875717163,1229.3463161954642,d1000_B31_R7_20251106_193342,2025-11-06 19:33:49,1000,40,31,193.64916731037084
29,0.0,1.0,0.9419354796409608,1.161784052848816,0.7419354915618896,0.0181078910827636,1240.68468367604,d1000_B31_R7_20251106_193342,2025-11-06 19:33:49,1000,40,31,193.64916731037084
30,0.0,1.0,0.9419354796409608,1.161784052848816,0.7419354915618896,0.0160388946533203,1254.590224114109,d1000_B31_R7_20251106_193342,2025-11-06 19:33:49,1000,40,31,193.64916731037084
31,0.0,1.0,0.9419354796409608,1.161784052848816,0.7419354915618896,0.0132570266723632,1272.427718024545,d1000_B31_R7_20251106_193342,2025-11-06 19:33:49,1000,40,31,193.64916731037084
32,0.0,1.0,0.9419354796409608,1.161784052848816,0.7419354915618896,0.0442328453063964,1241.5211976871935,d1000_B31_R7_20251106_193342,2025-11-06 19:33:49,1000,40,31,193.64916731037084
33,0.0,1.0,0.9419354796409608,1.161784052848816,0.7419354915618896,0.0202991962432861,1247.7593534045277,d1000_B31_R7_20251106_193342,2025-11-06 19:33:49,1000,40,31,193.64916731037084
34,0.0,1.0,0.9419354796409608,1.161784052848816,0.7419354915618896,0.0114140510559082,1267.0791236064988,d1000_B31_R7_20251106_193342,2025-11-06 19:33:49,1000,40,31,193.64916731037084
35,0.0,1.0,0.9419354796409608,1.161784052848816,0.7419354915618896,0.0094189643859863,1288.8100132409631,d1000_B31_R7_20251106_193342,2025-11-06 19:33:49,1000,40,31,193.64916731037084
36,0.0,1.0,0.9419354796409608,1.161784052848816,0.7419354915618896,0.0237712860107421,1288.935155736135,d1000_B31_R7_20251106_193342,2025-11-06 19:33:49,1000,40,31,193.64916731037084
37,0.0,1.0,0.9419354796409608,1.161784052848816,0.7419354915618896,0.0266628265380859,1284.65308837107,d1000_B31_R7_20251106_193342,2025-11-06 19:33:49,1000,40,31,193.64916731037084
38,0.0,1.0,0.9419354796409608,1.161784052848816,0.7419354915618896,0.0451171398162841,1256.3988077511044,d1000_B31_R7_20251106_193342,2025-11-06 19:33:49,1000,40,31,193.64916731037084
39,0.0,1.0,0.9419354796409608,1.161784052848816,0.7419354915618896,0.0216531753540039,1259.9690927119316,d1000_B31_R7_20251106_193342,2025-11-06 19:33:49,1000,40,31,193.64916731037084
40,0.0,1.0,0.9419354796409608,1.161784052848816,0.7419354915618896,0.0145878791809082,1272.102773113976,d1000_B31_R7_20251106_193342,2025-11-06 19:33:49,1000,40,31,193.64916731037084
41,0.0,1.0,0.9419354796409608,1.161784052848816,0.7419354915618896,0.0337920188903808,1260.2698817913656,d1000_B31_R7_20251106_193342,2025-11-06 19:33:49,1000,40,31,193.64916731037084
42,0.0,1.0,0.9419354796409608,1.161784052848816,0.7419354915618896,0.0302720069885253,1253.296535943068,d1000_B31_R7_20251106_193342,2025-11-06 19:33:49,1000,40,31,193.64916731037084
43,0.0,1.0,0.9419354796409608,1.161784052848816,0.7419354915618896,0.0276141166687011,1249.7696766126332,d1000_B31_R7_20251106_193342,2025-11-06 19:33:49,1000,40,31,193.64916731037084
44,0.0,1.0,0.9419354796409608,1.161784052848816,0.7419354915618896,0.0340783596038818,1239.3026842272816,d1000_B31_R7_20251106_193342,2025-11-06 19:33:49,1000,40,31,193.64916731037084
45,0.0,1.0,0.9419354796409608,1.161784052848816,0.7419354915618896,0.0155351161956787,1249.422664747331,d1000_B31_R7_20251106_193342,2025-11-06 19:33:49,1000,40,31,193.64916731037084
46,0.0,1.0,0.9419354796409608,1.161784052848816,0.7419354915618896,0.0106801986694335,1264.500007862904,d1000_B31_R7_20251106_193342,2025-11-06 19:33:49,1000,40,31,193.64916731037084
47,0.0,1.0,0.9419354796409608,1.161784052848816,0.7419354915618896,0.0382289886474609,1249.7648306242952,d1000_B31_R7_20251106_193342,2025-11-06 19:33:49,1000,40,31,193.64916731037084
48,0.0,1.0,0.9419354796409608,1.161784052848816,0.7419354915618896,0.0144209861755371,1260.3498266985,d1000_B31_R7_20251106_193342,2025-11-06 19:33:49,1000,40,31,193.64916731037084
49,0.0,1.0,0.9419354796409608,1.161784052848816,0.7419354915618896,0.0119786262512207,1272.9772510994585,d1000_B31_R7_20251106_193342,2025-11-06 19:33:49,1000,40,31,193.64916731037084
50,0.0,1.0,0.9419354796409608,1.161784052848816,0.7419354915618896,0.0318148136138916,1263.8283027861537,d1000_B31_R7_20251106_193342,2025-11-06 19:33:49,1000,40,31,193.64916731037084
51,0.0,1.0,0.9419354796409608,1.161784052848816,0.7419354915618896,0.0141241550445556,1274.0524619077949,d1000_B31_R7_20251106_193342,2025-11-06 19:33:49,1000,40,31,193.64916731037084
52,0.0,1.0,0.9419354796409608,1.161784052848816,0.7419354915618896,0.0134742259979248,1284.709854596671,d1000_B31_R7_20251106_193342,2025-11-06 19:33:49,1000,40,31,193.64916731037084
53,0.0,1.0,0.9419354796409608,1.161784052848816,0.7419354915618896,0.0115859508514404,1296.9996669417214,d1000_B31_R7_20251106_193342,2025-11-06 19:33:49,1000,40,31,193.64916731037084
54,0.0,1.0,0.9419354796409608,1.161784052848816,0.7419354915618896,0.0239121913909912,1296.564255938826,d1000_B31_R7_20251106_193342,2025-11-06 19:33:49,1000,40,31,193.64916731037084
55,0.0,1.0,0.9419354796409608,1.161784052848816,0.7419354915618896,0.0168256759643554,1303.2456683837297,d1000_B31_R7_20251106_193342,2025-11-06 19:33:49,1000,40,31,193.64916731037084
56,0.0,1.0,0.9419354796409608,1.161784052848816,0.7419354915618896,0.0256719589233398,1301.2517275350217,d1000_B31_R7_20251106_193342,2025-11-06 19:33:49,1000,40,31,193.64916731037084
57,0.0,1.0,0.9419354796409608,1.161784052848816,0.7419354915618896,0.0129637718200683,1311.3882755881575,d1000_B31_R7_20251106_193342,2025-11-06 19:33:49,1000,40,31,193.64916731037084
58,0.0,1.0,0.9419354796409608,1.161784052848816,0.7419354915618896,0.0519540309906005,1285.1367152529472,d1000_B31_R7_20251106_193342,2025-11-06 19:33:49,1000,40,31,193.64916731037084
59,0.0,1.0,0.9419354796409608,1.161784052848816,0.7419354915618896,0.0130538940429687,1294.9003297251406,d1000_B31_R7_20251106_193342,2025-11-06 19:33:49,1000,40,31,193.64916731037084
60,0.0,1.0,0.9419354796409608,1.161784052848816,0.7419354915618896,0.0216708183288574,1296.792849402275,d1000_B31_R7_20251106_193342,2025-11-06 19:33:49,1000,40,31,193.64916731037084
61,0.0,1.0,0.9419354796409608,1.161784052848816,0.7419354915618896,0.0122649669647216,1306.893494723436,d1000_B31_R7_20251106_193342,2025-11-06 19:33:49,1000,40,31,193.64916731037084
62,0.0,1.0,0.9419354796409608,1.161784052848816,0.7419354915618896,0.0220892429351806,1308.192828338369,d1000_B31_R7_20251106_193342,2025-11-06 19:33:49,1000,40,31,193.64916731037084
63,0.0,1.0,0.9419354796409608,1.161784052848816,0.7419354915618896,0.0136933326721191,1316.7308197799366,d1000_B31_R7_20251106_193342,2025-11-06 19:33:49,1000,40,31,193.64916731037084
64,0.0,1.0,0.9419354796409608,1.161784052848816,0.7419354915618896,0.0276181697845459,1313.0893850799323,d1000_B31_R7_20251106_193342,2025-11-06 19:33:49,1000,40,31,193.64916731037084
65,0.0,1.0,0.9419354796409608,1.161784052848816,0.7419354915618896,0.0344588756561279,1302.642945227812,d1000_B31_R7_20251106_193342,2025-11-06 19:33:49,1000,40,31,193.64916731037084
66,0.0,1.0,0.9419354796409608,1.161784052848816,0.7419354915618896,0.0128099918365478,1311.523126372824,d1000_B31_R7_20251106_193342,2025-11-06 19:33:49,1000,40,31,193.64916731037084
67,0.0,1.0,0.9419354796409608,1.161784052848816,0.7419354915618896,0.0384771823883056,1299.3713045865422,d1000_B31_R7_20251106_193342,2025-11-06 19:33:49,1000,40,31,193.64916731037084
68,0.0,1.0,0.9419354796409608,1.161784052848816,0.7419354915618896,0.0186309814453125,1303.336937468821,d1000_B31_R7_20251106_193342,2025-11-06 19:33:49,1000,40,31,193.64916731037084
69,0.0,1.0,0.9419354796409608,1.161784052848816,0.7419354915618896,0.0123450756072998,1312.247869242919,d1000_B31_R7_20251106_193342,2025-11-06 19:33:49,1000,40,31,193.64916731037084
70,0.0,1.0,0.9419354796409608,1.161784052848816,0.7419354915618896,0.0283613204956054,1308.3899320029088,d1000_B31_R7_20251106_193342,2025-11-06 19:33:49,1000,40,31,193.64916731037084
71,0.0,1.0,0.9419354796409608,1.161784052848816,0.7419354915618896,0.0117461681365966,1317.4904369677508,d1000_B31_R7_20251106_193342,2025-11-06 19:33:49,1000,40,31,193.64916731037084
72,0.0,1.0,0.9419354796409608,1.161784052848816,0.7419354915618896,0.0141091346740722,1324.6341831096163,d1000_B31_R7_20251106_193342,2025-11-06 19:33:49,1000,40,31,193.64916731037084
73,0.0,1.0,0.9419354796409608,1.161784052848816,0.7419354915618896,0.0117387771606445,1333.5000198187263,d1000_B31_R7_20251106_193342,2025-11-06 19:33:49,1000,40,31,193.64916731037084
74,0.0,1.0,0.9419354796409608,1.161784052848816,0.7419354915618896,0.011174201965332,1342.691949705625,d1000_B31_R7_20251106_193342,2025-11-06 19:33:49,1000,40,31,193.64916731037084
75,0.0,1.0,0.9419354796409608,1.161784052848816,0.7419354915618896,0.0642232894897461,1311.8257741928846,d1000_B31_R7_20251106_193342,2025-11-06 19:33:49,1000,40,31,193.64916731037084
76,0.0,1.0,0.9419354796409608,1.161784052848816,0.7419354915618896,0.1160602569580078,1248.3016490572718,d1000_B31_R7_20251106_193342,2025-11-06 19:33:49,1000,40,31,193.64916731037084
77,0.0,1.0,0.9419354796409608,1.161784052848816,0.7419354915618896,0.0308880805969238,1244.2559618752098,d1000_B31_R7_20251106_193342,2025-11-06 19:33:49,1000,40,31,193.64916731037084
78,0.0,1.0,0.9419354796409608,1.161784052848816,0.7419354915618896,0.0506551265716552,1227.9006342332968,d1000_B31_R7_20251106_193342,2025-11-06 19:33:49,1000,40,31,193.64916731037084
79,0.0,1.0,0.9419354796409608,1.161784052848816,0.7419354915618896,0.0443439483642578,1216.266400414672,d1000_B31_R7_20251106_193342,2025-11-06 19:33:49,1000,40,31,193.64916731037084
80,0.0,1.0,0.9419354796409608,1.161784052848816,0.7419354915618896,0.0209956169128417,1218.6515375905942,d1000_B31_R7_20251106_193342,2025-11-06 19:33:49,1000,40,31,193.64916731037084
81,0.0,1.0,0.9419354796409608,1.161784052848816,0.7419354915618896,0.0119900703430175,1226.4522205196345,d1000_B31_R7_20251106_193342,2025-11-06 19:33:49,1000,40,31,193.64916731037084
82,0.0,1.0,0.9419354796409608,1.161784052848816,0.7419354915618896,0.0121028423309326,1234.0775716447945,d1000_B31_R7_20251106_193342,2025-11-06 19:33:49,1000,40,31,193.64916731037084
83,0.0,1.0,0.9419354796409608,1.161784052848816,0.7419354915618896,0.0104591846466064,1242.6095533316245,d1000_B31_R7_20251106_193342,2025-11-06 19:33:49,1000,40,31,193.64916731037084
84,0.0,1.0,0.9419354796409608,1.161784052848816,0.7419354915618896,0.0123190879821777,1249.756854699138,d1000_B31_R7_20251106_193342,2025-11-06 19:33:49,1000,40,31,193.64916731037084
85,0.0,1.0,0.9419354796409608,1.161784052848816,0.7419354915618896,0.0291967391967773,1247.0280482809558,d1000_B31_R7_20251106_193342,2025-11-06 19:33:49,1000,40,31,193.64916731037084
86,0.0,1.0,0.9419354796409608,1.161784052848816,0.7419354915618896,0.0114691257476806,1254.676503510465,d1000_B31_R7_20251106_193342,2025-11-06 19:33:49,1000,40,31,193.64916731037084
87,0.0,1.0,0.9419354796409608,1.161784052848816,0.7419354915618896,0.0205171108245849,1256.9979389606742,d1000_B31_R7_20251106_193342,2025-11-06 19:33:49,1000,40,31,193.64916731037084
88,0.0,1.0,0.9419354796409608,1.161784052848816,0.7419354915618896,0.0170950889587402,1261.255905663283,d1000_B31_R7_20251106_193342,2025-11-06 19:33:49,1000,40,31,193.64916731037084
89,0.0,1.0,0.9419354796409608,1.161784052848816,0.7419354915618896,0.0411200523376464,1251.7969313608282,d1000_B31_R7_20251106_193342,2025-11-06 19:33:49,1000,40,31,193.64916731037084
90,0.0,1.0,0.9419354796409608,1.161784052848816,0.7419354915618896,0.0475807189941406,1237.0566684213743,d1000_B31_R7_20251106_193342,2025-11-06 19:33:49,1000,40,31,193.64916731037084
91,0.0,1.0,0.9419354796409608,1.161784052848816,0.7419354915618896,0.0106959342956542,1244.6169099648594,d1000_B31_R7_20251106_193342,2025-11-06 19:33:49,1000,40,31,193.64916731037084
92,0.0,1.0,0.9419354796409608,1.161784052848816,0.7419354915618896,0.011038064956665,1251.998766242379,d1000_B31_R7_20251106_193342,2025-11-06 19:33:49,1000,40,31,193.64916731037084
93,0.0,1.0,0.9419354796409608,1.161784052848816,0.7419354915618896,0.0135600566864013,1257.7954196914695,d1000_B31_R7_20251106_193342,2025-11-06 19:33:49,1000,40,31,193.64916731037084
94,0.0,1.0,0.9419354796409608,1.161784052848816,0.7419354915618896,0.0188488960266113,1260.71661328213,d1000_B31_R7_20251106_193342,2025-11-06 19:33:49,1000,40,31,193.64916731037084
95,0.0,1.0,0.9419354796409608,1.161784052848816,0.7419354915618896,0.0120148658752441,1267.3548311635143,d1000_B31_R7_20251106_193342,2025-11-06 19:33:49,1000,40,31,193.64916731037084
96,0.0,1.0,0.9419354796409608,1.161784052848816,0.7419354915618896,0.0153038501739501,1272.1736308062725,d1000_B31_R7_20251106_193342,2025-11-06 19:33:49,1000,40,31,193.64916731037084
97,0.0,1.0,0.9419354796409608,1.161784052848816,0.7419354915618896,0.0176067352294921,1275.701459544022,d1000_B31_R7_20251106_193342,2025-11-06 19:33:49,1000,40,31,193.64916731037084
98,0.0,1.0,0.9419354796409608,1.161784052848816,0.7419354915618896,0.0266411304473876,1274.381417698355,d1000_B31_R7_20251106_193342,2025-11-06 19:33:49,1000,40,31,193.64916731037084
99,0.0,1.0,0.9419354796409608,1.161784052848816,0.7419354915618896,0.0141751766204833,1279.544642896682,d1000_B31_R7_20251106_193342,2025-11-06 19:33:49,1000,40,31,193.64916731037084
100,0.0,1.0,0.9419354796409608,1.161784052848816,0.7419354915618896,0.0217010974884033,1280.7732081256029,d1000_B31_R7_20251106_193342,2025-11-06 19:33:49,1000,40,31,193.64916731037084
101,0.0,1.0,0.9419354796409608,1.161784052848816,0.7419354915618896,0.025270938873291,1280.1054601429985,d1000_B31_R7_20251106_193342,2025-11-06 19:33:49,1000,40,31,193.64916731037084
102,0.0,1.0,0.9419354796409608,1.161784052848816,0.7419354915618896,0.0304210186004638,1276.8230083433311,d1000_B31_R7_20251106_193342,2025-11-06 19:33:49,1000,40,31,193.64916731037084
103,0.0,1.0,0.9419354796409608,1.161784052848816,0.7419354915618896,0.0303351879119873,1273.4927294499116,d1000_B31_R7_20251106_193342,2025-11-06 19:33:49,1000,40,31,193.64916731037084
104,0.0,1.0,0.9419354796409608,1.161784052848816,0.7419354915618896,0.0850088596343994,1243.8542367062769,d1000_B31_R7_20251106_193342,2025-11-06 19:33:49,1000,40,31,193.64916731037084
105,0.0,1.0,0.9419354796409608,1.161784052848816,0.7419354915618896,0.0254683494567871,1243.4920551743949,d1000_B31_R7_20251106_193342,2025-11-06 19:33:49,1000,40,31,193.64916731037084
106,0.0,1.0,0.9419354796409608,1.161784052848816,0.7419354915618896,0.0417690277099609,1235.4470502954814,d1000_B31_R7_20251106_193342,2025-11-06 19:33:49,1000,40,31,193.64916731037084
107,0.0,1.0,0.9419354796409608,1.161784052848816,0.7419354915618896,0.0489051342010498,1224.5994621628129,d1000_B31_R7_20251106_193342,2025-11-06 19:33:49,1000,40,31,193.64916731037084
108,0.0,1.0,0.9419354796409608,1.161784052848816,0.7419354915618896,0.0123460292816162,1230.300249080067,d1000_B31_R7_20251106_193342,2025-11-06 19:33:49,1000,40,31,193.64916731037084
109,0.0,1.0,0.9419354796409608,1.161784052848816,0.7419354915618896,0.0260229110717773,1229.780241748436,d1000_B31_R7_20251106_193342,2025-11-06 19:33:49,1000,40,31,193.64916731037084
110,0.0,1.0,0.9419354796409608,1.161784052848816,0.7419354915618896,0.0218627452850341,1231.1631059506929,d1000_B31_R7_20251106_193342,2025-11-06 19:33:49,1000,40,31,193.64916731037084
111,0.0,1.0,0.9419354796409608,1.161784052848816,0.7419354915618896,0.007638931274414,1238.7802329354952,d1000_B31_R7_20251106_193342,2025-11-06 19:33:49,1000,40,31,193.64916731037084
112,0.0,1.0,0.9419354796409608,1.161784052848816,0.7419354915618896,0.0113778114318847,1244.704344226756,d1000_B31_R7_20251106_193342,2025-11-06 19:33:49,1000,40,31,193.64916731037084
113,0.0,1.0,0.9419354796409608,1.161784052848816,0.7419354915618896,0.0062849521636962,1252.852564888734,d1000_B31_R7_20251106_193342,2025-11-06 19:33:49,1000,40,31,193.64916731037084
114,0.0,1.0,0.9419354796409608,1.161784052848816,0.7419354915618896,0.0190329551696777,1255.2939524116905,d1000_B31_R7_20251106_193342,2025-11-06 19:33:49,1000,40,31,193.64916731037084
115,0.0,1.0,0.9419354796409608,1.161784052848816,0.7419354915618896,0.0179312229156494,1258.1560776759736,d1000_B31_R7_20251106_193342,2025-11-06 19:33:49,1000,40,31,193.64916731037084
116,0.0,1.0,0.9419354796409608,1.161784052848816,0.7419354915618896,0.0252816677093505,1257.7284991354984,d1000_B31_R7_20251106_193342,2025-11-06 19:33:49,1000,40,31,193.64916731037084
117,0.0,1.0,0.9419354796409608,1.161784052848816,0.7419354915618896,0.0280051231384277,1256.129921674678,d1000_B31_R7_20251106_193342,2025-11-06 19:33:49,1000,40,31,193.64916731037084
118,0.0,1.0,0.9419354796409608,1.161784052848816,0.7419354915618896,0.0369679927825927,1250.8150624357122,d1000_B31_R7_20251106_193342,2025-11-06 19:33:49,1000,40,31,193.64916731037084
119,0.0,1.0,0.9419354796409608,1.161784052848816,0.7419354915618896,0.0340838432312011,1246.6696251092835,d1000_B31_R7_20251106_193342,2025-11-06 19:33:49,1000,40,31,193.64916731037084
120,0.0,1.0,0.9419354796409608,1.161784052848816,0.7419354915618896,0.0601043701171875,1232.1735552704934,d1000_B31_R7_20251106_193342,2025-11-06 19:33:49,1000,40,31,193.64916731037084
121,0.0,1.0,0.9419354796409608,1.161784052848816,0.7419354915618896,0.0112688541412353,1237.5893923524357,d1000_B31_R7_20251106_193342,2025-11-06 19:33:49,1000,40,31,193.64916731037084
122,0.0,1.0,0.9419354796409608,1.161784052848816,0.7419354915618896,0.0355677604675293,1233.2047493656385,d1000_B31_R7_20251106_193342,2025-11-06 19:33:49,1000,40,31,193.64916731037084
123,0.0,1.0,0.9419354796409608,1.161784052848816,0.7419354915618896,0.015071153640747,1237.1258561064412,d1000_B31_R7_20251106_193342,2025-11-06 19:33:49,1000,40,31,193.64916731037084
124,0.0,1.0,0.9419354796409608,1.161784052848816,0.7419354915618896,0.016312837600708,1240.4358068001034,d1000_B31_R7_20251106_193342,2025-11-06 19:33:49,1000,40,31,193.64916731037084
125,0.0,1.0,0.9419354796409608,1.161784052848816,0.7419354915618896,0.0418312549591064,1233.750927518669,d1000_B31_R7_20251106_193342,2025-11-06 19:33:49,1000,40,31,193.64916731037084
126,0.0,1.0,0.9419354796409608,1.161784052848816,0.7419354915618896,0.0124650001525878,1238.5044477625283,d1000_B31_R7_20251106_193342,2025-11-06 19:33:49,1000,40,31,193.64916731037084
127,0.0,1.0,0.9419354796409608,1.161784052848816,0.7419354915618896,0.0213849544525146,1239.8562437082485,d1000_B31_R7_20251106_193342,2025-11-06 19:33:49,1000,40,31,193.64916731037084
128,0.0,1.0,0.9419354796409608,1.161784052848816,0.7419354915618896,0.0117669105529785,1244.8845498545447,d1000_B31_R7_20251106_193342,2025-11-06 19:33:49,1000,40,31,193.64916731037084
129,0.0,1.0,0.9419354796409608,1.161784052848816,0.7419354915618896,0.0178229808807373,1247.4895194702092,d1000_B31_R7_20251106_193342,2025-11-06 19:33:49,1000,40,31,193.64916731037084
130,0.0,1.0,0.9419354796409608,1.161784052848816,0.7419354915618896,0.0673720836639404,1231.26195305277,d1000_B31_R7_20251106_193342,2025-11-06 19:33:49,1000,40,31,193.64916731037084
131,0.0,1.0,0.9419354796409608,1.161784052848816,0.7419354915618896,0.0133187770843505,1235.6083654334454,d1000_B31_R7_20251106_193342,2025-11-06 19:33:49,1000,40,31,193.64916731037084
132,0.0,1.0,0.9419354796409608,1.161784052848816,0.7419354915618896,0.026108980178833,1235.1511539083206,d1000_B31_R7_20251106_193342,2025-11-06 19:33:49,1000,40,31,193.64916731037084
133,0.0,1.0,0.9419354796409608,1.161784052848816,0.7419354915618896,0.0133099555969238,1239.4379582408842,d1000_B31_R7_20251106_193342,2025-11-06 19:33:49,1000,40,31,193.64916731037084
134,0.0,1.0,0.9419354796409608,1.161784052848816,0.7419354915618896,0.0120139122009277,1244.15942189543,d1000_B31_R7_20251106_193342,2025-11-06 19:33:49,1000,40,31,193.64916731037084
135,0.0,1.0,0.9419354796409608,1.161784052848816,0.7419354915618896,0.0341172218322753,1240.7170434268155,d1000_B31_R7_20251106_193342,2025-11-06 19:33:49,1000,40,31,193.64916731037084
136,0.0,1.0,0.9419354796409608,1.161784052848816,0.7419354915618896,0.0317738056182861,1238.201432774021,d1000_B31_R7_20251106_193342,2025-11-06 19:33:49,1000,40,31,193.64916731037084
137,0.0,1.0,0.9419354796409608,1.161784052848816,0.7419354915618896,0.0104162693023681,1243.4155552783668,d1000_B31_R7_20251106_193342,2025-11-06 19:33:49,1000,40,31,193.64916731037084
138,0.0,1.0,0.9419354796409608,1.161784052848816,0.7419354915618896,0.0266969203948974,1242.7192272682828,d1000_B31_R7_20251106_193342,2025-11-06 19:33:49,1000,40,31,193.64916731037084
139,0.0,1.0,0.9419354796409608,1.161784052848816,0.7419354915618896,0.0200140476226806,1244.299936005289,d1000_B31_R7_20251106_193342,2025-11-06 19:33:49,1000,40,31,193.64916731037084
140,0.0,1.0,0.9419354796409608,1.161784052848816,0.7419354915618896,0.0108320713043212,1249.2368479330523,d1000_B31_R7_20251106_193342,2025-11-06 19:33:49,1000,40,31,193.64916731037084
141,0.0,1.0,0.9419354796409608,1.161784052848816,0.7419354915618896,0.0371718406677246,1244.764467257569,d1000_B31_R7_20251106_193342,2025-11-06 19:33:49,1000,40,31,193.64916731037084
142,0.0,1.0,0.9419354796409608,1.161784052848816,0.7419354915618896,0.0155811309814453,1247.9709615444506,d1000_B31_R7_20251106_193342,2025-11-06 19:33:49,1000,40,31,193.64916731037084
143,0.0,1.0,0.9419354796409608,1.161784052848816,0.7419354915618896,0.0121920108795166,1252.3379657254309,d1000_B31_R7_20251106_193342,2025-11-06 19:33:49,1000,40,31,193.64916731037084
144,0.0,1.0,0.9419354796409608,1.161784052848816,0.7419354915618896,0.0607440471649169,1239.7752735102558,d1000_B31_R7_20251106_193342,2025-11-06 19:33:49,1000,40,31,193.64916731037084
145,0.0,1.0,0.9419354796409608,1.161784052848816,0.7419354915618896,0.0256037712097167,1239.5028454459089,d1000_B31_R7_20251106_193342,2025-11-06 19:33:49,1000,40,31,193.64916731037084
146,0.0,1.0,0.9419354796409608,1.161784052848816,0.7419354915618896,0.0245833396911621,1239.5250839933378,d1000_B31_R7_20251106_193342,2025-11-06 19:33:49,1000,40,31,193.64916731037084
147,0.0,1.0,0.9419354796409608,1.161784052848816,0.7419354915618896,0.0208442211151123,1240.8537697394167,d1000_B31_R7_20251106_193342,2025-11-06 19:33:49,1000,40,31,193.64916731037084
148,0.0,1.0,0.9419354796409608,1.161784052848816,0.7419354915618896,0.0091598033905029,1246.085149848995,d1000_B31_R7_20251106_193342,2025-11-06 19:33:49,1000,40,31,193.64916731037084
149,0.0,1.0,0.9419354796409608,1.161784052848816,0.7419354915618896,0.0212087631225585,1247.2624228459358,d1000_B31_R7_20251106_193342,2025-11-06 19:33:49,1000,40,31,193.64916731037084
150,0.0,1.0,0.9419354796409608,1.161784052848816,0.7419354915618896,0.0285899639129638,1245.7936356426449,d1000_B31_R7_20251106_193342,2025-11-06 19:33:49,1000,40,31,193.64916731037084
151,0.0,1.0,0.9419354796409608,1.161784052848816,0.7419354915618896,0.0216960906982421,1245.9715243404853,d1000_B31_R7_20251106_193342,2025-11-06 19:33:49,1000,40,31,193.64916731037084
152,0.0,1.0,0.9419354796409608,1.161784052848816,0.7419354915618896,0.0143632888793945,1249.3766879168982,d1000_B31_R7_20251106_193342,2025-11-06 19:33:49,1000,40,31,193.64916731037084
153,0.0,1.0,0.9419354796409608,1.161784052848816,0.7419354915618896,0.0165839195251464,1251.9786731779504,d1000_B31_R7_20251106_193342,2025-11-06 19:33:49,1000,40,31,193.64916731037084
154,0.0,1.0,0.9419354796409608,1.161784052848816,0.7419354915618896,0.0246901512145996,1251.9577787921398,d1000_B31_R7_20251106_193342,2025-11-06 19:33:49,1000,40,31,193.64916731037084
155,0.0,1.0,0.9419354796409608,1.161784052848816,0.7419354915618896,0.0139329433441162,1255.402450428428,d1000_B31_R7_20251106_193342,2025-11-06 19:33:49,1000,40,31,193.64916731037084
156,0.0,1.0,0.9419354796409608,1.161784052848816,0.7419354915618896,0.0136349201202392,1258.92948526769,d1000_B31_R7_20251106_193342,2025-11-06 19:33:49,1000,40,31,193.64916731037084
157,0.0,1.0,0.9419354796409608,1.161784052848816,0.7419354915618896,0.0329432487487793,1256.1154889780744,d1000_B31_R7_20251106_193342,2025-11-06 19:33:49,1000,40,31,193.64916731037084
158,0.0,1.0,0.9419354796409608,1.161784052848816,0.7419354915618896,0.0165231227874755,1258.6160807546246,d1000_B31_R7_20251106_193342,2025-11-06 19:33:49,1000,40,31,193.64916731037084
159,0.0,1.0,0.9419354796409608,1.161784052848816,0.7419354915618896,0.019136905670166,1260.221498546554,d1000_B31_R7_20251106_193342,2025-11-06 19:33:49,1000,40,31,193.64916731037084
160,0.0,1.0,0.9419354796409608,1.161784052848816,0.7419354915618896,0.0106081962585449,1264.625450687073,d1000_B31_R7_20251106_193342,2025-11-06 19:33:49,1000,40,31,193.64916731037084
161,0.0,1.0,0.9419354796409608,1.161784052848816,0.7419354915618896,0.0200469493865966,1265.9909813491097,d1000_B31_R7_20251106_193342,2025-11-06 19:33:49,1000,40,31,193.64916731037084
162,0.0,1.0,0.9419354796409608,1.161784052848816,0.7419354915618896,0.036086082458496,1262.2616912379203,d1000_B31_R7_20251106_193342,2025-11-06 19:33:49,1000,40,31,193.64916731037084
163,0.0,1.0,0.9419354796409608,1.161784052848816,0.7419354915618896,0.0308327674865722,1260.243188791199,d1000_B31_R7_20251106_193342,2025-11-06 19:33:49,1000,40,31,193.64916731037084
164,0.0,1.0,0.9419354796409608,1.161784052848816,0.7419354915618896,0.025439977645874,1259.929181832522,d1000_B31_R7_20251106_193342,2025-11-06 19:33:49,1000,40,31,193.64916731037084
165,0.0,1.0,0.9419354796409608,1.161784052848816,0.7419354915618896,0.0077180862426757,1265.1061295541258,d1000_B31_R7_20251106_193342,2025-11-06 19:33:49,1000,40,31,193.64916731037084
166,0.0,1.0,0.9419354796409608,1.161784052848816,0.7419354915618896,0.0107531547546386,1269.3033690630568,d1000_B31_R7_20251106_193342,2025-11-06 19:33:49,1000,40,31,193.64916731037084
167,0.0,1.0,0.9419354796409608,1.161784052848816,0.7419354915618896,0.012470006942749,1272.9514800902025,d1000_B31_R7_20251106_193342,2025-11-06 19:33:49,1000,40,31,193.64916731037084
168,0.0,1.0,0.9419354796409608,1.161784052848816,0.7419354915618896,0.0110511779785156,1277.0112241675556,d1000_B31_R7_20251106_193342,2025-11-06 19:33:49,1000,40,31,193.64916731037084
169,0.0,1.0,0.9419354796409608,1.161784052848816,0.7419354915618896,0.0244653224945068,1276.910198317532,d1000_B31_R7_20251106_193342,2025-11-06 19:33:49,1000,40,31,193.64916731037084
170,0.0,1.0,0.9419354796409608,1.161784052848816,0.7419354915618896,0.0070300102233886,1282.184013371064,d1000_B31_R7_20251106_193342,2025-11-06 19:33:49,1000,40,31,193.64916731037084
171,0.0,1.0,0.9419354796409608,1.161784052848816,0.7419354915618896,0.0481739044189453,1274.7807229509026,d1000_B31_R7_20251106_193342,2025-11-06 19:33:49,1000,40,31,193.64916731037084
172,0.0,1.0,0.9419354796409608,1.161784052848816,0.7419354915618896,0.0289220809936523,1273.3245497126393,d1000_B31_R7_20251106_193342,2025-11-06 19:33:49,1000,40,31,193.64916731037084
173,0.0,1.0,0.9419354796409608,1.161784052848816,0.7419354915618896,0.0155551433563232,1275.913927306198,d1000_B31_R7_20251106_193342,2025-11-06 19:33:49,1000,40,31,193.64916731037084
174,0.0,1.0,0.9419354796409608,1.161784052848816,0.7419354915618896,0.0268118381500244,1275.053035452417,d1000_B31_R7_20251106_193342,2025-11-06 19:33:49,1000,40,31,193.64916731037084
175,0.0,1.0,0.9419354796409608,1.161784052848816,0.7419354915618896,0.0257539749145507,1274.5733844058532,d1000_B31_R7_20251106_193342,2025-11-06 19:33:49,1000,40,31,193.64916731037084
176,0.0,1.0,0.9419354796409608,1.161784052848816,0.7419354915618896,0.0222558975219726,1275.1250820287958,d1000_B31_R7_20251106_193342,2025-11-06 19:33:49,1000,40,31,193.64916731037084
177,0.0,1.0,0.9419354796409608,1.161784052848816,0.7419354915618896,0.016733169555664,1277.260344745186,d1000_B31_R7_20251106_193342,2025-11-06 19:33:49,1000,40,31,193.64916731037084
178,0.0,1.0,0.9419354796409608,1.161784052848816,0.7419354915618896,0.0240201950073242,1277.274131467375,d1000_B31_R7_20251106_193342,2025-11-06 19:33:49,1000,40,31,193.64916731037084
179,0.0,1.0,0.9419354796409608,1.161784052848816,0.7419354915618896,0.013948917388916,1280.2470234695927,d1000_B31_R7_20251106_193342,2025-11-06 19:33:49,1000,40,31,193.64916731037084
180,0.0,1.0,0.9419354796409608,1.161784052848816,0.7419354915618896,0.0107090473175048,1284.0989338660866,d1000_B31_R7_20251106_193342,2025-11-06 19:33:49,1000,40,31,193.64916731037084
181,0.0,1.0,0.9419354796409608,1.161784052848816,0.7419354915618896,0.0453581809997558,1277.8704538673862,d1000_B31_R7_20251106_193342,2025-11-06 19:33:49,1000,40,31,193.64916731037084
182,0.0,1.0,0.9419354796409608,1.161784052848816,0.7419354915618896,0.0316290855407714,1275.6131633072368,d1000_B31_R7_20251106_193342,2025-11-06 19:33:49,1000,40,31,193.64916731037084
183,0.0,1.0,0.9419354796409608,1.161784052848816,0.7419354915618896,0.0283699035644531,1274.4030596356863,d1000_B31_R7_20251106_193342,2025-11-06 19:33:49,1000,40,31,193.64916731037084
184,0.0,1.0,0.9419354796409608,1.161784052848816,0.7419354915618896,0.016747236251831,1276.502472041672,d1000_B31_R7_20251106_193342,2025-11-06 19:33:49,1000,40,31,193.64916731037084
185,0.0,1.0,0.9419354796409608,1.161784052848816,0.7419354915618896,0.0198657512664794,1277.7102687843462,d1000_B31_R7_20251106_193342,2025-11-06 19:33:49,1000,40,31,193.64916731037084
186,0.0,1.0,0.9419354796409608,1.161784052848816,0.7419354915618896,0.0195391178131103,1278.9430526295191,d1000_B31_R7_20251106_193342,2025-11-06 19:33:49,1000,40,31,193.64916731037084
187,0.0,1.0,0.9419354796409608,1.161784052848816,0.7419354915618896,0.0428888797760009,1273.682366350622,d1000_B31_R7_20251106_193342,2025-11-06 19:33:49,1000,40,31,193.64916731037084
188,0.0,1.0,0.9419354796409608,1.161784052848816,0.7419354915618896,0.0283379554748535,1272.4727228045529,d1000_B31_R7_20251106_193342,2025-11-06 19:33:49,1000,40,31,193.64916731037084
189,0.0,1.0,0.9419354796409608,1.161784052848816,0.7419354915618896,0.0114402770996093,1275.99569441948,d1000_B31_R7_20251106_193342,2025-11-06 19:33:49,1000,40,31,193.64916731037084
190,0.0,1.0,0.9419354796409608,1.161784052848816,0.7419354915618896,0.0161583423614501,1278.1846184426158,d1000_B31_R7_20251106_193342,2025-11-06 19:33:49,1000,40,31,193.64916731037084
191,0.0,1.0,0.9419354796409608,1.161784052848816,0.7419354915618896,0.0402848720550537,1273.7550615371545,d1000_B31_R7_20251106_193342,2025-11-06 19:33:49,1000,40,31,193.64916731037084
192,0.0,1.0,0.9419354796409608,1.161784052848816,0.7419354915618896,0.0173630714416503,1275.498815306075,d1000_B31_R7_20251106_193342,2025-11-06 19:33:49,1000,40,31,193.64916731037084
193,0.0,1.0,0.9419354796409608,1.161784052848816,0.7419354915618896,0.0203540325164794,1276.5243788679452,d1000_B31_R7_20251106_193342,2025-11-06 19:33:49,1000,40,31,193.64916731037084
194,0.0,1.0,0.9419354796409608,1.161784052848816,0.7419354915618896,0.0524983406066894,1268.7150637050431,d1000_B31_R7_20251106_193342,2025-11-06 19:33:49,1000,40,31,193.64916731037084
195,0.0,1.0,0.9419354796409608,1.161784052848816,0.7419354915618896,0.0258388519287109,1268.3028394464088,d1000_B31_R7_20251106_193342,2025-11-06 19:33:49,1000,40,31,193.64916731037084
196,0.0,1.0,0.9419354796409608,1.161784052848816,0.7419354915618896,0.0151979923248291,1270.69087076103,d1000_B31_R7_20251106_193342,2025-11-06 19:33:49,1000,40,31,193.64916731037084
197,0.0,1.0,0.9419354796409608,1.161784052848816,0.7419354915618896,0.0181138515472412,1272.303892415099,d1000_B31_R7_20251106_193342,2025-11-06 19:33:49,1000,40,31,193.64916731037084
198,0.0,1.0,0.9419354796409608,1.161784052848816,0.7419354915618896,0.0211131572723388,1273.114783907402,d1000_B31_R7_20251106_193342,2025-11-06 19:33:49,1000,40,31,193.64916731037084
199,0.0,1.0,0.9419354796409608,1.161784052848816,0.7419354915618896,0.0255360603332519,1272.7482861983324,d1000_B31_R7_20251106_193342,2025-11-06 19:33:49,1000,40,31,193.64916731037084
200,0.0,1.0,0.9419354796409608,1.161784052848816,0.7419354915618896,0.0536971092224121,1265.084404798613,d1000_B31_R7_20251106_193342,2025-11-06 19:33:49,1000,40,31,193.64916731037084
201,0.0,1.0,0.9419354796409608,1.161784052848816,0.7419354915618896,0.0251071453094482,1264.8521915178671,d1000_B31_R7_20251106_193342,2025-11-06 19:33:49,1000,40,31,193.64916731037084
202,0.0,1.0,0.9419354796409608,1.161784052848816,0.7419354915618896,0.0159952640533447,1266.878514462564,d1000_B31_R7_20251106_193342,2025-11-06 19:33:49,1000,40,31,193.64916731037084
203,0.0,1.0,0.9419354796409608,1.161784052848816,0.7419354915618896,0.0173690319061279,1268.6319951230555,d1000_B31_R7_20251106_193342,2025-11-06 19:33:49,1000,40,31,193.64916731037084
204,0.0,1.0,0.9419354796409608,1.161784052848816,0.7419354915618896,0.0243868827819824,1268.5825484768234,d1000_B31_R7_20251106_193342,2025-11-06 19:33:49,1000,40,31,193.64916731037084
205,0.0,1.0,0.9419354796409608,1.161784052848816,0.7419354915618896,0.0250561237335205,1268.3867121075818,d1000_B31_R7_20251106_193342,2025-11-06 19:33:49,1000,40,31,193.64916731037084
206,0.0,1.0,0.9419354796409608,1.161784052848816,0.7419354915618896,0.0460720062255859,1262.878714680195,d1000_B31_R7_20251106_193342,2025-11-06 19:33:49,1000,40,31,193.64916731037084
207,0.0,1.0,0.9419354796409608,1.161784052848816,0.7419354915618896,0.0161027908325195,1264.930279164346,d1000_B31_R7_20251106_193342,2025-11-06 19:33:49,1000,40,31,193.64916731037084
208,0.0,1.0,0.9419354796409608,1.161784052848816,0.7419354915618896,0.0156118869781494,1267.0835748689103,d1000_B31_R7_20251106_193342,2025-11-06 19:33:49,1000,40,31,193.64916731037084
209,0.0,1.0,0.9419354796409608,1.161784052848816,0.7419354915618896,0.0094127655029296,1270.7536627063992,d1000_B31_R7_20251106_193342,2025-11-06 19:33:49,1000,40,31,193.64916731037084
210,0.0,1.0,0.9419354796409608,1.161784052848816,0.7419354915618896,0.0284430980682373,1269.6984143615664,d1000_B31_R7_20251106_193342,2025-11-06 19:33:49,1000,40,31,193.64916731037084
211,0.0,1.0,0.9419354796409608,1.161784052848816,0.7419354915618896,0.0171642303466796,1271.3938108574168,d1000_B31_R7_20251106_193342,2025-11-06 19:33:49,1000,40,31,193.64916731037084
212,0.0,1.0,0.9419354796409608,1.161784052848816,0.7419354915618896,0.0469410419464111,1265.692481989411,d1000_B31_R7_20251106_193342,2025-11-06 19:33:49,1000,40,31,193.64916731037084
213,0.0,1.0,0.9419354796409608,1.161784052848816,0.7419354915618896,0.0250768661499023,1265.516336841954,d1000_B31_R7_20251106_193342,2025-11-06 19:33:49,1000,40,31,193.64916731037084
214,0.0,1.0,0.9419354796409608,1.161784052848816,0.7419354915618896,0.0264959335327148,1264.9943795949316,d1000_B31_R7_20251106_193342,2025-11-06 19:33:49,1000,40,31,193.64916731037084
215,0.0,1.0,0.9419354796409608,1.161784052848816,0.7419354915618896,0.0155587196350097,1267.0460225238212,d1000_B31_R7_20251106_193342,2025-11-06 19:33:49,1000,40,31,193.64916731037084
216,0.0,1.0,0.9419354796409608,1.161784052848816,0.7419354915618896,0.0393111705780029,1263.1772756083983,d1000_B31_R7_20251106_193342,2025-11-06 19:33:49,1000,40,31,193.64916731037084
217,0.0,1.0,0.9419354796409608,1.161784052848816,0.7419354915618896,0.023216962814331,1263.4493750952486,d1000_B31_R7_20251106_193342,2025-11-06 19:33:49,1000,40,31,193.64916731037084
218,0.0,1.0,0.9419354796409608,1.161784052848816,0.7419354915618896,0.0145511627197265,1265.755747016075,d1000_B31_R7_20251106_193342,2025-11-06 19:33:49,1000,40,31,193.64916731037084
219,0.0,1.0,0.9419354796409608,1.161784052848816,0.7419354915618896,0.0179600715637207,1267.24317674831,d1000_B31_R7_20251106_193342,2025-11-06 19:33:49,1000,40,31,193.64916731037084
220,0.0,1.0,0.9419354796409608,1.161784052848816,0.7419354915618896,0.0243721008300781,1267.1777021136006,d1000_B31_R7_20251106_193342,2025-11-06 19:33:49,1000,40,31,193.64916731037084
221,0.0,1.0,0.9419354796409608,1.161784052848816,0.7419354915618896,0.0205960273742675,1268.0515486507568,d1000_B31_R7_20251106_193342,2025-11-06 19:33:49,1000,40,31,193.64916731037084
222,0.0,1.0,0.9419354796409608,1.161784052848816,0.7419354915618896,0.015528917312622,1270.0438176850496,d1000_B31_R7_20251106_193342,2025-11-06 19:33:49,1000,40,31,193.64916731037084
223,0.0,1.0,0.9419354796409608,1.161784052848816,0.7419354915618896,0.0213220119476318,1270.705927372955,d1000_B31_R7_20251106_193342,2025-11-06 19:33:49,1000,40,31,193.64916731037084
224,0.0,1.0,0.9419354796409608,1.161784052848816,0.7419354915618896,0.0133948326110839,1273.2105442531995,d1000_B31_R7_20251106_193342,2025-11-06 19:33:49,1000,40,31,193.64916731037084
225,0.0,1.0,0.9419354796409608,1.161784052848816,0.7419354915618896,0.0279681682586669,1272.337838797425,d1000_B31_R7_20251106_193342,2025-11-06 19:33:49,1000,40,31,193.64916731037084
226,0.0,1.0,0.9419354796409608,1.161784052848816,0.7419354915618896,0.0227320194244384,1272.6682457960574,d1000_B31_R7_20251106_193342,2025-11-06 19:33:49,1000,40,31,193.64916731037084
227,0.0,1.0,0.9419354796409608,1.161784052848816,0.7419354915618896,0.0203180313110351,1273.5561981091955,d1000_B31_R7_20251106_193342,2025-11-06 19:33:49,1000,40,31,193.64916731037084
228,0.0,1.0,0.9419354796409608,1.161784052848816,0.7419354915618896,0.0138990879058837,1275.9058905037168,d1000_B31_R7_20251106_193342,2025-11-06 19:33:49,1000,40,31,193.64916731037084
229,0.0,1.0,0.9419354796409608,1.161784052848816,0.7419354915618896,0.0110201835632324,1278.908660504977,d1000_B31_R7_20251106_193342,2025-11-06 19:33:49,1000,40,31,193.64916731037084
230,0.0,1.0,0.9419354796409608,1.161784052848816,0.7419354915618896,0.0129179954528808,1281.464611197394,d1000_B31_R7_20251106_193342,2025-11-06 19:33:49,1000,40,31,193.64916731037084
231,0.0,1.0,0.9419354796409608,1.161784052848816,0.7419354915618896,0.0190460681915283,1282.5620278924844,d1000_B31_R7_20251106_193342,2025-11-06 19:33:49,1000,40,31,193.64916731037084
232,0.0,1.0,0.9419354796409608,1.161784052848816,0.7419354915618896,0.014348030090332,1284.756726094938,d1000_B31_R7_20251106_193342,2025-11-06 19:33:49,1000,40,31,193.64916731037084
233,0.0,1.0,0.9419354796409608,1.161784052848816,0.7419354915618896,0.0248897075653076,1284.5287895606973,d1000_B31_R7_20251106_193342,2025-11-06 19:33:49,1000,40,31,193.64916731037084
234,0.0,1.0,0.9419354796409608,1.161784052848816,0.7419354915618896,0.0251028537750244,1284.2664362268536,d1000_B31_R7_20251106_193342,2025-11-06 19:33:49,1000,40,31,193.64916731037084
235,0.0,1.0,0.9419354796409608,1.161784052848816,0.7419354915618896,0.0235869884490966,1284.339074581084,d1000_B31_R7_20251106_193342,2025-11-06 19:33:49,1000,40,31,193.64916731037084
236,0.0,1.0,0.9419354796409608,1.161784052848816,0.7419354915618896,0.0267651081085205,1283.6622684403646,d1000_B31_R7_20251106_193342,2025-11-06 19:33:49,1000,40,31,193.64916731037084
237,0.0,1.0,0.9419354796409608,1.161784052848816,0.7419354915618896,0.0122919082641601,1286.2823996026295,d1000_B31_R7_20251106_193342,2025-11-06 19:33:49,1000,40,31,193.64916731037084
238,0.0,1.0,0.9419354796409608,1.161784052848816,0.7419354915618896,0.0162832736968994,1287.98768661888,d1000_B31_R7_20251106_193342,2025-11-06 19:33:49,1000,40,31,193.64916731037084
239,0.0,1.0,0.9419354796409608,1.161784052848816,0.7419354915618896,0.0180788040161132,1289.2834957482794,d1000_B31_R7_20251106_193342,2025-11-06 19:33:49,1000,40,31,193.64916731037084
240,0.0,1.0,0.9419354796409608,1.161784052848816,0.7419354915618896,0.0106661319732666,1292.22517847784,d1000_B31_R7_20251106_193342,2025-11-06 19:33:49,1000,40,31,193.64916731037084
241,0.0,1.0,0.9419354796409608,1.161784052848816,0.7419354915618896,0.0343210697174072,1289.901700961513,d1000_B31_R7_20251106_193342,2025-11-06 19:33:49,1000,40,31,193.64916731037084
242,0.0,1.0,0.9419354796409608,1.161784052848816,0.7419354915618896,0.0277891159057617,1289.03312565103,d1000_B31_R7_20251106_193342,2025-11-06 19:33:49,1000,40,31,193.64916731037084
243,0.0,1.0,0.9419354796409608,1.161784052848816,0.7419354915618896,0.0226261615753173,1289.307360122958,d1000_B31_R7_20251106_193342,2025-11-06 19:33:49,1000,40,31,193.64916731037084
244,0.0,1.0,0.9419354796409608,1.161784052848816,0.7419354915618896,0.0160109996795654,1291.0294634013492,d1000_B31_R7_20251106_193342,2025-11-06 19:33:49,1000,40,31,193.64916731037084
245,0.0,1.0,0.9419354796409608,1.161784052848816,0.7419354915618896,0.0299749374389648,1289.6866998467976,d1000_B31_R7_20251106_193342,2025-11-06 19:33:49,1000,40,31,193.64916731037084
246,0.0,1.0,0.9419354796409608,1.161784052848816,0.7419354915618896,0.0582923889160156,1282.2447101063965,d1000_B31_R7_20251106_193342,2025-11-06 19:33:49,1000,40,31,193.64916731037084
247,0.0,1.0,0.9419354796409608,1.161784052848816,0.7419354915618896,0.0325522422790527,1280.3839011200746,d1000_B31_R7_20251106_193342,2025-11-06 19:33:49,1000,40,31,193.64916731037084
248,0.0,1.0,0.9419354796409608,1.161784052848816,0.7419354915618896,0.0321621894836425,1278.6586469678916,d1000_B31_R7_20251106_193342,2025-11-06 19:33:49,1000,40,31,193.64916731037084
249,0.0,1.0,0.9419354796409608,1.161784052848816,0.7419354915618896,0.0397212505340576,1275.1959711380596,d1000_B31_R7_20251106_193342,2025-11-06 19:33:49,1000,40,31,193.64916731037084
250,0.0,1.0,0.9419354796409608,1.161784052848816,0.7419354915618896,0.0326306819915771,1273.4194260546806,d1000_B31_R7_20251106_193342,2025-11-06 19:33:49,1000,40,31,193.64916731037084
251,0.0,1.0,0.9419354796409608,1.161784052848816,0.7419354915618896,0.0277981758117675,1272.6650821552298,d1000_B31_R7_20251106_193342,2025-11-06 19:33:49,1000,40,31,193.64916731037084
252,0.0,1.0,0.9419354796409608,1.161784052848816,0.7419354915618896,0.0133230686187744,1274.8854852939055,d1000_B31_R7_20251106_193342,2025-11-06 19:33:49,1000,40,31,193.64916731037084
253,0.0,1.0,0.9419354796409608,1.161784052848816,0.7419354915618896,0.0123469829559326,1277.3314853137597,d1000_B31_R7_20251106_193342,2025-11-06 19:33:49,1000,40,31,193.64916731037084
254,0.0,1.0,0.9419354796409608,1.161784052848816,0.7419354915618896,0.0119979381561279,1279.8270217189786,d1000_B31_R7_20251106_193342,2025-11-06 19:33:49,1000,40,31,193.64916731037084
255,0.0,1.0,0.9419354796409608,1.161784052848816,0.7419354915618896,0.0148210525512695,1281.7359365701218,d1000_B31_R7_20251106_193342,2025-11-06 19:33:49,1000,40,31,193.64916731037084
256,0.0,1.0,0.9419354796409608,1.161784052848816,0.7419354915618896,0.010545015335083,1284.5211970088233,d1000_B31_R7_20251106_193342,2025-11-06 19:33:49,1000,40,31,193.64916731037084
257,0.0,1.0,0.9419354796409608,1.161784052848816,0.7419354915618896,0.0090630054473876,1287.6066615077,d1000_B31_R7_20251106_193342,2025-11-06 19:33:49,1000,40,31,193.64916731037084
258,0.0,1.0,0.9419354796409608,1.161784052848816,0.7419354915618896,0.0103869438171386,1290.4032604114138,d1000_B31_R7_20251106_193342,2025-11-06 19:33:49,1000,40,31,193.64916731037084
259,0.0,1.0,0.9419354796409608,1.161784052848816,0.7419354915618896,0.0323679447174072,1288.574474744164,d1000_B31_R7_20251106_193342,2025-11-06 19:33:49,1000,40,31,193.64916731037084
260,0.0,1.0,0.9419354796409608,1.161784052848816,0.7419354915618896,0.0384559631347656,1285.590867456124,d1000_B31_R7_20251106_193342,2025-11-06 19:33:49,1000,40,31,193.64916731037084
261,0.0,1.0,0.9419354796409608,1.161784052848816,0.7419354915618896,0.0154650211334228,1287.3209369705778,d1000_B31_R7_20251106_193342,2025-11-06 19:33:49,1000,40,31,193.64916731037084
262,0.0,1.0,0.9419354796409608,1.161784052848816,0.7419354915618896,0.0157980918884277,1288.9705002189237,d1000_B31_R7_20251106_193342,2025-11-06 19:33:49,1000,40,31,193.64916731037084
263,0.0,1.0,0.9419354796409608,1.161784052848816,0.7419354915618896,0.0131008625030517,1291.1559950395742,d1000_B31_R7_20251106_193342,2025-11-06 19:33:49,1000,40,31,193.64916731037084
264,0.0,1.0,0.9419354796409608,1.161784052848816,0.7419354915618896,0.028865098953247,1290.1331304838095,d1000_B31_R7_20251106_193342,2025-11-06 19:33:49,1000,40,31,193.64916731037084
265,0.0,1.0,0.9419354796409608,1.161784052848816,0.7419354915618896,0.0154991149902343,1291.8184314360158,d1000_B31_R7_20251106_193342,2025-11-06 19:33:49,1000,40,31,193.64916731037084
266,0.0,1.0,0.9419354796409608,1.161784052848816,0.7419354915618896,0.0216989517211914,1292.2482426579948,d1000_B31_R7_20251106_193342,2025-11-06 19:33:49,1000,40,31,193.64916731037084
267,0.0,1.0,0.9419354796409608,1.161784052848816,0.7419354915618896,0.0102639198303222,1294.974132386136,d1000_B31_R7_20251106_193342,2025-11-06 19:33:49,1000,40,31,193.64916731037084
268,0.0,1.0,0.9419354796409608,1.161784052848816,0.7419354915618896,0.0081429481506347,1298.1273648096571,d1000_B31_R7_20251106_193342,2025-11-06 19:33:49,1000,40,31,193.64916731037084
269,0.0,1.0,0.9419354796409608,1.161784052848816,0.7419354915618896,0.0544607639312744,1291.960334615591,d1000_B31_R7_20251106_193342,2025-11-06 19:33:49,1000,40,31,193.64916731037084
270,0.0,1.0,0.9419354796409608,1.161784052848816,0.7419354915618896,0.0125150680541992,1294.1637999412058,d1000_B31_R7_20251106_193342,2025-11-06 19:33:49,1000,40,31,193.64916731037084
271,0.0,1.0,0.9419354796409608,1.161784052848816,0.7419354915618896,0.0090601444244384,1297.0950791591586,d1000_B31_R7_20251106_193342,2025-11-06 19:33:49,1000,40,31,193.64916731037084
272,0.0,1.0,0.9419354796409608,1.161784052848816,0.7419354915618896,0.0161890983581542,1298.5958211551697,d1000_B31_R7_20251106_193342,2025-11-06 19:33:49,1000,40,31,193.64916731037084
273,0.0,1.0,0.9419354796409608,1.161784052848816,0.7419354915618896,0.0322260856628418,1296.834262406051,d1000_B31_R7_20251106_193342,2025-11-06 19:33:49,1000,40,31,193.64916731037084
274,0.0,1.0,0.9419354796409608,1.161784052848816,0.7419354915618896,0.0404989719390869,1293.5289153646554,d1000_B31_R7_20251106_193342,2025-11-06 19:33:49,1000,40,31,193.64916731037084
275,0.0,1.0,0.9419354796409608,1.161784052848816,0.7419354915618896,0.0327811241149902,1291.772335545305,d1000_B31_R7_20251106_193342,2025-11-06 19:33:49,1000,40,31,193.64916731037084
276,0.0,1.0,0.9419354796409608,1.161784052848816,0.7419354915618896,0.0263381004333496,1291.1075082282073,d1000_B31_R7_20251106_193342,2025-11-06 19:33:49,1000,40,31,193.64916731037084
277,0.0,1.0,0.9419354796409608,1.161784052848816,0.7419354915618896,0.0194401741027832,1291.9104331959595,d1000_B31_R7_20251106_193342,2025-11-06 19:33:49,1000,40,31,193.64916731037084
278,0.0,1.0,0.9419354796409608,1.161784052848816,0.7419354915618896,0.024338960647583,1291.8113521749265,d1000_B31_R7_20251106_193342,2025-11-06 19:33:49,1000,40,31,193.64916731037084
279,0.0,1.0,0.9419354796409608,1.161784052848816,0.7419354915618896,0.0194897651672363,1292.644982808256,d1000_B31_R7_20251106_193342,2025-11-06 19:33:49,1000,40,31,193.64916731037084
280,0.0,1.0,0.9419354796409608,1.161784052848816,0.7419354915618896,0.0375711917877197,1290.0093777696395,d1000_B31_R7_20251106_193342,2025-11-06 19:33:49,1000,40,31,193.64916731037084
281,0.0,1.0,0.9419354796409608,1.161784052848816,0.7419354915618896,0.0141270160675048,1291.8628769359743,d1000_B31_R7_20251106_193342,2025-11-06 19:33:49,1000,40,31,193.64916731037084
282,0.0,1.0,0.9419354796409608,1.161784052848816,0.7419354915618896,0.0135498046875,1293.8146335261315,d1000_B31_R7_20251106_193342,2025-11-06 19:33:49,1000,40,31,193.64916731037084
283,0.0,1.0,0.9419354796409608,1.161784052848816,0.7419354915618896,0.0111489295959472,1296.1794802329978,d1000_B31_R7_20251106_193342,2025-11-06 19:33:49,1000,40,31,193.64916731037084
284,0.0,1.0,0.9419354796409608,1.161784052848816,0.7419354915618896,0.0279459953308105,1295.377392909679,d1000_B31_R7_20251106_193342,2025-11-06 19:33:49,1000,40,31,193.64916731037084
285,0.0,1.0,0.9419354796409608,1.161784052848816,0.7419354915618896,0.0156610012054443,1296.9176225874676,d1000_B31_R7_20251106_193342,2025-11-06 19:33:49,1000,40,31,193.64916731037084
286,0.0,1.0,0.9419354796409608,1.161784052848816,0.7419354915618896,0.0180647373199462,1297.9907963257235,d1000_B31_R7_20251106_193342,2025-11-06 19:33:49,1000,40,31,193.64916731037084
287,0.0,1.0,0.9419354796409608,1.161784052848816,0.7419354915618896,0.0208158493041992,1298.5348726614372,d1000_B31_R7_20251106_193342,2025-11-06 19:33:49,1000,40,31,193.64916731037084
288,0.0,1.0,0.9419354796409608,1.161784052848816,0.7419354915618896,0.011913776397705,1300.7461668824262,d1000_B31_R7_20251106_193342,2025-11-06 19:33:49,1000,40,31,193.64916731037084
289,0.0,1.0,0.9419354796409608,1.161784052848816,0.7419354915618896,0.0145099163055419,1302.4713468201762,d1000_B31_R7_20251106_193342,2025-11-06 19:33:49,1000,40,31,193.64916731037084
290,0.0,1.0,0.9419354796409608,1.161784052848816,0.7419354915618896,0.0137040615081787,1304.2997108237305,d1000_B31_R7_20251106_193342,2025-11-06 19:33:49,1000,40,31,193.64916731037084
291,0.0,1.0,0.9419354796409608,1.161784052848816,0.7419354915618896,0.0548491477966308,1298.4492280509444,d1000_B31_R7_20251106_193342,2025-11-06 19:33:49,1000,40,31,193.64916731037084
292,0.0,1.0,0.9419354796409608,1.161784052848816,0.7419354915618896,0.0277881622314453,1297.6900588484475,d1000_B31_R7_20251106_193342,2025-11-06 19:33:49,1000,40,31,193.64916731037084
293,0.0,1.0,0.9419354796409608,1.161784052848816,0.7419354915618896,0.0302577018737792,1296.479212859408,d1000_B31_R7_20251106_193342,2025-11-06 19:33:49,1000,40,31,193.64916731037084
294,0.0,1.0,0.9419354796409608,1.161784052848816,0.7419354915618896,0.019150972366333,1297.3171234998945,d1000_B31_R7_20251106_193342,2025-11-06 19:33:49,1000,40,31,193.64916731037084
295,0.0,1.0,0.9419354796409608,1.161784052848816,0.7419354915618896,0.0306410789489746,1296.0546825768456,d1000_B31_R7_20251106_193342,2025-11-06 19:33:49,1000,40,31,193.64916731037084
296,0.0,1.0,0.9419354796409608,1.161784052848816,0.7419354915618896,0.0203802585601806,1296.6692291389036,d1000_B31_R7_20251106_193342,2025-11-06 19:33:49,1000,40,31,193.64916731037084
297,0.0,1.0,0.9419354796409608,1.161784052848816,0.7419354915618896,0.0594339370727539,1290.2041582375084,d1000_B31_R7_20251106_193342,2025-11-06 19:33:49,1000,40,31,193.64916731037084
298,0.0,1.0,0.9419354796409608,1.161784052848816,0.7419354915618896,0.0229609012603759,1290.3606506056385,d1000_B31_R7_20251106_193342,2025-11-06 19:33:49,1000,40,31,193.64916731037084
299,0.0,1.0,0.9419354796409608,1.161784052848816,0.7419354915618896,0.0137851238250732,1292.1661269918795,d1000_B31_R7_20251106_193342,2025-11-06 19:33:49,1000,40,31,193.64916731037084
0,0.6931472420692444,0.4639999866485595,0.9994000196456908,0.0104939909651875,1.0,0.0767560005187988,1584.0569463831432,d1000_B125_R7_20251106_193347,2025-11-06 19:34:04,1000,40,125,193.64916731037084
1,0.0,1.0,0.9994000196456908,0.0104939909651875,1.0,0.0374007225036621,2142.5001583516714,d1000_B125_R7_20251106_193347,2025-11-06 19:34:04,1000,40,125,193.64916731037084
2,0.0,1.0,0.9994000196456908,0.0104939909651875,1.0,0.0450901985168457,2314.7134613771454,d1000_B125_R7_20251106_193347,2025-11-06 19:34:04,1000,40,125,193.64916731037084
3,0.0,1.0,0.9994000196456908,0.0104939909651875,1.0,0.0446829795837402,2417.3826841723053,d1000_B125_R7_20251106_193347,2025-11-06 19:34:04,1000,40,125,193.64916731037084
4,0.0,1.0,0.9994000196456908,0.0104939909651875,1.0,0.0334060192108154,2599.595598188422,d1000_B125_R7_20251106_193347,2025-11-06 19:34:04,1000,40,125,193.64916731037084
5,0.0,1.0,0.9994000196456908,0.0104939909651875,1.0,0.0524730682373046,2559.1752657834877,d1000_B125_R7_20251106_193347,2025-11-06 19:34:04,1000,40,125,193.64916731037084
6,0.0,1.0,0.9994000196456908,0.0104939909651875,1.0,0.0618002414703369,2464.086928847954,d1000_B125_R7_20251106_193347,2025-11-06 19:34:04,1000,40,125,193.64916731037084
7,0.0,1.0,0.9994000196456908,0.0104939909651875,1.0,0.0418272018432617,2518.200091738933,d1000_B125_R7_20251106_193347,2025-11-06 19:34:04,1000,40,125,193.64916731037084
8,0.0,1.0,0.9994000196456908,0.0104939909651875,1.0,0.0269248485565185,2649.957964292393,d1000_B125_R7_20251106_193347,2025-11-06 19:34:04,1000,40,125,193.64916731037084
9,0.0,1.0,0.9994000196456908,0.0104939909651875,1.0,0.0511767864227294,2626.4802155336088,d1000_B125_R7_20251106_193347,2025-11-06 19:34:04,1000,40,125,193.64916731037084
10,0.0,1.0,0.9994000196456908,0.0104939909651875,1.0,0.0524840354919433,2600.8859080015836,d1000_B125_R7_20251106_193347,2025-11-06 19:34:04,1000,40,125,193.64916731037084
11,0.0,1.0,0.9994000196456908,0.0104939909651875,1.0,0.046116828918457,2608.7765637633984,d1000_B125_R7_20251106_193347,2025-11-06 19:34:04,1000,40,125,193.64916731037084
12,0.0,1.0,0.9994000196456908,0.0104939909651875,1.0,0.0370562076568603,2653.58098943044,d1000_B125_R7_20251106_193347,2025-11-06 19:34:04,1000,40,125,193.64916731037084
13,0.0,1.0,0.9994000196456908,0.0104939909651875,1.0,0.0609920024871826,2598.1880725988635,d1000_B125_R7_20251106_193347,2025-11-06 19:34:04,1000,40,125,193.64916731037084
14,0.0,1.0,0.9994000196456908,0.0104939909651875,1.0,0.0458009243011474,2605.809486099215,d1000_B125_R7_20251106_193347,2025-11-06 19:34:04,1000,40,125,193.64916731037084
15,0.0,1.0,0.9994000196456908,0.0104939909651875,1.0,0.0526759624481201,2589.368246731499,d1000_B125_R7_20251106_193347,2025-11-06 19:34:04,1000,40,125,193.64916731037084
16,0.0,1.0,0.9994000196456908,0.0104939909651875,1.0,0.0633668899536132,2541.2059079378755,d1000_B125_R7_20251106_193347,2025-11-06 19:34:04,1000,40,125,193.64916731037084
17,0.0,1.0,0.9994000196456908,0.0104939909651875,1.0,0.0645952224731445,2497.102998925978,d1000_B125_R7_20251106_193347,2025-11-06 19:34:04,1000,40,125,193.64916731037084
18,0.0,1.0,0.9994000196456908,0.0104939909651875,1.0,0.0771949291229248,2427.3278679416862,d1000_B125_R7_20251106_193347,2025-11-06 19:34:04,1000,40,125,193.64916731037084
19,0.0,1.0,0.9994000196456908,0.0104939909651875,1.0,0.0335171222686767,2470.0360526101927,d1000_B125_R7_20251106_193347,2025-11-06 19:34:04,1000,40,125,193.64916731037084
20,0.0,1.0,0.9994000196456908,0.0104939909651875,1.0,0.0349769592285156,2506.450039907246,d1000_B125_R7_20251106_193347,2025-11-06 19:34:04,1000,40,125,193.64916731037084
21,0.0,1.0,0.9994000196456908,0.0104939909651875,1.0,0.0600388050079345,2483.087981076209,d1000_B125_R7_20251106_193347,2025-11-06 19:34:04,1000,40,125,193.64916731037084
22,0.0,1.0,0.9994000196456908,0.0104939909651875,1.0,0.0437090396881103,2496.949170932775,d1000_B125_R7_20251106_193347,2025-11-06 19:34:04,1000,40,125,193.64916731037084
23,0.0,1.0,0.9994000196456908,0.0104939909651875,1.0,0.0647060871124267,2466.4986647137875,d1000_B125_R7_20251106_193347,2025-11-06 19:34:04,1000,40,125,193.64916731037084
24,0.0,1.0,0.9994000196456908,0.0104939909651875,1.0,0.0311009883880615,2504.853114688684,d1000_B125_R7_20251106_193347,2025-11-06 19:34:04,1000,40,125,193.64916731037084
25,0.0,1.0,0.9994000196456908,0.0104939909651875,1.0,0.0252211093902587,2553.020522883186,d1000_B125_R7_20251106_193347,2025-11-06 19:34:04,1000,40,125,193.64916731037084
26,0.0,1.0,0.9994000196456908,0.0104939909651875,1.0,0.05820894241333,2534.870419800237,d1000_B125_R7_20251106_193347,2025-11-06 19:34:04,1000,40,125,193.64916731037084
27,0.0,1.0,0.9994000196456908,0.0104939909651875,1.0,0.0576460361480712,2519.337547541992,d1000_B125_R7_20251106_193347,2025-11-06 19:34:04,1000,40,125,193.64916731037084
28,0.0,1.0,0.9994000196456908,0.0104939909651875,1.0,0.0594768524169921,2501.5456607891138,d1000_B125_R7_20251106_193347,2025-11-06 19:34:04,1000,40,125,193.64916731037084
29,0.0,1.0,0.9994000196456908,0.0104939909651875,1.0,0.0435659885406494,2511.9435436191275,d1000_B125_R7_20251106_193347,2025-11-06 19:34:04,1000,40,125,193.64916731037084
30,0.0,1.0,0.9994000196456908,0.0104939909651875,1.0,0.0570800304412841,2499.704780373978,d1000_B125_R7_20251106_193347,2025-11-06 19:34:04,1000,40,125,193.64916731037084
31,0.0,1.0,0.9994000196456908,0.0104939909651875,1.0,0.0630631446838378,2479.219569401295,d1000_B125_R7_20251106_193347,2025-11-06 19:34:04,1000,40,125,193.64916731037084
32,0.0,1.0,0.9994000196456908,0.0104939909651875,1.0,0.0349411964416503,2502.182204927974,d1000_B125_R7_20251106_193347,2025-11-06 19:34:04,1000,40,125,193.64916731037084
33,0.0,1.0,0.9994000196456908,0.0104939909651875,1.0,0.0419609546661376,2513.711209483455,d1000_B125_R7_20251106_193347,2025-11-06 19:34:04,1000,40,125,193.64916731037084
34,0.0,1.0,0.9994000196456908,0.0104939909651875,1.0,0.0308601856231689,2540.939761435183,d1000_B125_R7_20251106_193347,2025-11-06 19:34:04,1000,40,125,193.64916731037084
35,0.0,1.0,0.9994000196456908,0.0104939909651875,1.0,0.0686469078063964,2513.1082791149515,d1000_B125_R7_20251106_193347,2025-11-06 19:34:04,1000,40,125,193.64916731037084
36,0.0,1.0,0.9994000196456908,0.0104939909651875,1.0,0.0748798847198486,2478.9436208272273,d1000_B125_R7_20251106_193347,2025-11-06 19:34:04,1000,40,125,193.64916731037084
37,0.0,1.0,0.9994000196456908,0.0104939909651875,1.0,0.0373260974884033,2495.7294507926654,d1000_B125_R7_20251106_193347,2025-11-06 19:34:04,1000,40,125,193.64916731037084
38,0.0,1.0,0.9994000196456908,0.0104939909651875,1.0,0.0617368221282959,2480.62569242483,d1000_B125_R7_20251106_193347,2025-11-06 19:34:04,1000,40,125,193.64916731037084
39,0.0,1.0,0.9994000196456908,0.0104939909651875,1.0,0.0317819118499755,2503.482477310626,d1000_B125_R7_20251106_193347,2025-11-06 19:34:04,1000,40,125,193.64916731037084
40,0.0,1.0,0.9994000196456908,0.0104939909651875,1.0,0.0315561294555664,2525.943027349077,d1000_B125_R7_20251106_193347,2025-11-06 19:34:04,1000,40,125,193.64916731037084
41,0.0,1.0,0.9994000196456908,0.0104939909651875,1.0,0.0357539653778076,2542.4984499140382,d1000_B125_R7_20251106_193347,2025-11-06 19:34:04,1000,40,125,193.64916731037084
42,0.0,1.0,0.9994000196456908,0.0104939909651875,1.0,0.0265758037567138,2569.616219126719,d1000_B125_R7_20251106_193347,2025-11-06 19:34:04,1000,40,125,193.64916731037084
43,0.0,1.0,0.9994000196456908,0.0104939909651875,1.0,0.0613331794738769,2554.2094344220736,d1000_B125_R7_20251106_193347,2025-11-06 19:34:04,1000,40,125,193.64916731037084
44,0.0,1.0,0.9994000196456908,0.0104939909651875,1.0,0.0541832447052001,2547.8969366220226,d1000_B125_R7_20251106_193347,2025-11-06 19:34:04,1000,40,125,193.64916731037084
45,0.0,1.0,0.9994000196456908,0.0104939909651875,1.0,0.0641899108886718,2530.715234241168,d1000_B125_R7_20251106_193347,2025-11-06 19:34:04,1000,40,125,193.64916731037084
46,0.0,1.0,0.9994000196456908,0.0104939909651875,1.0,0.0399219989776611,2540.875592606307,d1000_B125_R7_20251106_193347,2025-11-06 19:34:04,1000,40,125,193.64916731037084
47,0.0,1.0,0.9994000196456908,0.0104939909651875,1.0,0.0424089431762695,2547.959760057176,d1000_B125_R7_20251106_193347,2025-11-06 19:34:04,1000,40,125,193.64916731037084
48,0.0,1.0,0.9994000196456908,0.0104939909651875,1.0,0.0355188846588134,2562.1449078614223,d1000_B125_R7_20251106_193347,2025-11-06 19:34:04,1000,40,125,193.64916731037084
49,0.0,1.0,0.9994000196456908,0.0104939909651875,1.0,0.0812361240386962,2528.306054040343,d1000_B125_R7_20251106_193347,2025-11-06 19:34:04,1000,40,125,193.64916731037084
50,0.0,1.0,0.9994000196456908,0.0104939909651875,1.0,0.0443971157073974,2533.133236935653,d1000_B125_R7_20251106_193347,2025-11-06 19:34:04,1000,40,125,193.64916731037084
51,0.0,1.0,0.9994000196456908,0.0104939909651875,1.0,0.0346820354461669,2547.530029960579,d1000_B125_R7_20251106_193347,2025-11-06 19:34:04,1000,40,125,193.64916731037084
52,0.0,1.0,0.9994000196456908,0.0104939909651875,1.0,0.0804300308227539,2516.778803719475,d1000_B125_R7_20251106_193347,2025-11-06 19:34:04,1000,40,125,193.64916731037084
53,0.0,1.0,0.9994000196456908,0.0104939909651875,1.0,0.0692601203918457,2498.161512156362,d1000_B125_R7_20251106_193347,2025-11-06 19:34:04,1000,40,125,193.64916731037084
54,0.0,1.0,0.9994000196456908,0.0104939909651875,1.0,0.0562911033630371,2492.2604753350324,d1000_B125_R7_20251106_193347,2025-11-06 19:34:04,1000,40,125,193.64916731037084
55,0.0,1.0,0.9994000196456908,0.0104939909651875,1.0,0.0430860519409179,2498.3082034349204,d1000_B125_R7_20251106_193347,2025-11-06 19:34:04,1000,40,125,193.64916731037084
56,0.0,1.0,0.9994000196456908,0.0104939909651875,1.0,0.0409531593322753,2506.1412352444227,d1000_B125_R7_20251106_193347,2025-11-06 19:34:04,1000,40,125,193.64916731037084
57,0.0,1.0,0.9994000196456908,0.0104939909651875,1.0,0.0410058498382568,2513.71703995013,d1000_B125_R7_20251106_193347,2025-11-06 19:34:04,1000,40,125,193.64916731037084
58,0.0,1.0,0.9994000196456908,0.0104939909651875,1.0,0.0459730625152587,2516.6294225809397,d1000_B125_R7_20251106_193347,2025-11-06 19:34:04,1000,40,125,193.64916731037084
59,0.0,1.0,0.9994000196456908,0.0104939909651875,1.0,0.0155611038208007,2545.6562380687333,d1000_B125_R7_20251106_193347,2025-11-06 19:34:04,1000,40,125,193.64916731037084
60,0.0,1.0,0.9994000196456908,0.0104939909651875,1.0,0.0783338546752929,2520.8961243871186,d1000_B125_R7_20251106_193347,2025-11-06 19:34:04,1000,40,125,193.64916731037084
61,0.0,1.0,0.9994000196456908,0.0104939909651875,1.0,0.0768060684204101,2498.6335705275233,d1000_B125_R7_20251106_193347,2025-11-06 19:34:04,1000,40,125,193.64916731037084
62,0.0,1.0,0.9994000196456908,0.0104939909651875,1.0,0.033229112625122,2511.867170792078,d1000_B125_R7_20251106_193347,2025-11-06 19:34:04,1000,40,125,193.64916731037084
63,0.0,1.0,0.9994000196456908,0.0104939909651875,1.0,0.0173380374908447,2537.546147178958,d1000_B125_R7_20251106_193347,2025-11-06 19:34:04,1000,40,125,193.64916731037084
64,0.0,1.0,0.9994000196456908,0.0104939909651875,1.0,0.0441980361938476,2541.4274573815765,d1000_B125_R7_20251106_193347,2025-11-06 19:34:04,1000,40,125,193.64916731037084
65,0.0,1.0,0.9994000196456908,0.0104939909651875,1.0,0.021306037902832,2563.346414153065,d1000_B125_R7_20251106_193347,2025-11-06 19:34:04,1000,40,125,193.64916731037084
66,0.0,1.0,0.9994000196456908,0.0104939909651875,1.0,0.1792421340942382,2464.8186190999345,d1000_B125_R7_20251106_193347,2025-11-06 19:34:04,1000,40,125,193.64916731037084
67,0.0,1.0,0.9994000196456908,0.0104939909651875,1.0,0.0244770050048828,2483.6045148739704,d1000_B125_R7_20251106_193347,2025-11-06 19:34:04,1000,40,125,193.64916731037084
68,0.0,1.0,0.9994000196456908,0.0104939909651875,1.0,0.0256099700927734,2501.175852726572,d1000_B125_R7_20251106_193347,2025-11-06 19:34:04,1000,40,125,193.64916731037084
69,0.0,1.0,0.9994000196456908,0.0104939909651875,1.0,0.0393180847167968,2508.528961284886,d1000_B125_R7_20251106_193347,2025-11-06 19:34:04,1000,40,125,193.64916731037084
70,0.0,1.0,0.9994000196456908,0.0104939909651875,1.0,0.0591638088226318,2501.804081203615,d1000_B125_R7_20251106_193347,2025-11-06 19:34:04,1000,40,125,193.64916731037084
71,0.0,1.0,0.9994000196456908,0.0104939909651875,1.0,0.0574550628662109,2496.326870925726,d1000_B125_R7_20251106_193347,2025-11-06 19:34:04,1000,40,125,193.64916731037084
72,0.0,1.0,0.9994000196456908,0.0104939909651875,1.0,0.055229902267456,2492.495848827711,d1000_B125_R7_20251106_193347,2025-11-06 19:34:04,1000,40,125,193.64916731037084
73,0.0,1.0,0.9994000196456908,0.0104939909651875,1.0,0.0315220355987548,2504.895343645092,d1000_B125_R7_20251106_193347,2025-11-06 19:34:04,1000,40,125,193.64916731037084
74,0.0,1.0,0.9994000196456908,0.0104939909651875,1.0,0.068972110748291,2492.054680755878,d1000_B125_R7_20251106_193347,2025-11-06 19:34:04,1000,40,125,193.64916731037084
75,0.0,1.0,0.9994000196456908,0.0104939909651875,1.0,0.0960838794708252,2462.243333305732,d1000_B125_R7_20251106_193347,2025-11-06 19:34:04,1000,40,125,193.64916731037084
76,0.0,1.0,0.9994000196456908,0.0104939909651875,1.0,0.1028239727020263,2429.7689394306444,d1000_B125_R7_20251106_193347,2025-11-06 19:34:04,1000,40,125,193.64916731037084
77,0.0,1.0,0.9994000196456908,0.0104939909651875,1.0,0.0433669090270996,2434.5474400066246,d1000_B125_R7_20251106_193347,2025-11-06 19:34:04,1000,40,125,193.64916731037084
78,0.0,1.0,0.9994000196456908,0.0104939909651875,1.0,0.0659248828887939,2425.701118731691,d1000_B125_R7_20251106_193347,2025-11-06 19:34:04,1000,40,125,193.64916731037084
79,0.0,1.0,0.9994000196456908,0.0104939909651875,1.0,0.0440077781677246,2430.0255226884724,d1000_B125_R7_20251106_193347,2025-11-06 19:34:04,1000,40,125,193.64916731037084
80,0.0,1.0,0.9994000196456908,0.0104939909651875,1.0,0.0390851497650146,2437.120990785588,d1000_B125_R7_20251106_193347,2025-11-06 19:34:04,1000,40,125,193.64916731037084
81,0.0,1.0,0.9994000196456908,0.0104939909651875,1.0,0.040665864944458,2443.157160988742,d1000_B125_R7_20251106_193347,2025-11-06 19:34:04,1000,40,125,193.64916731037084
82,0.0,1.0,0.9994000196456908,0.0104939909651875,1.0,0.0617990493774414,2436.763970755856,d1000_B125_R7_20251106_193347,2025-11-06 19:34:04,1000,40,125,193.64916731037084
83,0.0,1.0,0.9994000196456908,0.0104939909651875,1.0,0.0439159870147705,2440.8618443856485,d1000_B125_R7_20251106_193347,2025-11-06 19:34:04,1000,40,125,193.64916731037084
84,0.0,1.0,0.9994000196456908,0.0104939909651875,1.0,0.1062090396881103,2410.282390606166,d1000_B125_R7_20251106_193347,2025-11-06 19:34:04,1000,40,125,193.64916731037084
85,0.0,1.0,0.9994000196456908,0.0104939909651875,1.0,0.0615270137786865,2404.949648557863,d1000_B125_R7_20251106_193347,2025-11-06 19:34:04,1000,40,125,193.64916731037084
86,0.0,1.0,0.9994000196456908,0.0104939909651875,1.0,0.0361888408660888,2413.283226186363,d1000_B125_R7_20251106_193347,2025-11-06 19:34:04,1000,40,125,193.64916731037084
87,0.0,1.0,0.9994000196456908,0.0104939909651875,1.0,0.0453770160675048,2416.4362740849,d1000_B125_R7_20251106_193347,2025-11-06 19:34:04,1000,40,125,193.64916731037084
88,0.0,1.0,0.9994000196456908,0.0104939909651875,1.0,0.055737018585205,2414.224406572214,d1000_B125_R7_20251106_193347,2025-11-06 19:34:04,1000,40,125,193.64916731037084
89,0.0,1.0,0.9994000196456908,0.0104939909651875,1.0,0.0756049156188964,2401.5323498193607,d1000_B125_R7_20251106_193347,2025-11-06 19:34:04,1000,40,125,193.64916731037084
90,0.0,1.0,0.9994000196456908,0.0104939909651875,1.0,0.0655062198638916,2394.630950633224,d1000_B125_R7_20251106_193347,2025-11-06 19:34:04,1000,40,125,193.64916731037084
91,0.0,1.0,0.9994000196456908,0.0104939909651875,1.0,0.0868740081787109,2377.3769335396064,d1000_B125_R7_20251106_193347,2025-11-06 19:34:04,1000,40,125,193.64916731037084
92,0.0,1.0,0.9994000196456908,0.0104939909651875,1.0,0.0610079765319824,2373.0382645902423,d1000_B125_R7_20251106_193347,2025-11-06 19:34:04,1000,40,125,193.64916731037084
93,0.0,1.0,0.9994000196456908,0.0104939909651875,1.0,0.0631911754608154,2367.778731033307,d1000_B125_R7_20251106_193347,2025-11-06 19:34:04,1000,40,125,193.64916731037084
94,0.0,1.0,0.9994000196456908,0.0104939909651875,1.0,0.071526288986206,2358.860690882082,d1000_B125_R7_20251106_193347,2025-11-06 19:34:04,1000,40,125,193.64916731037084
95,0.0,1.0,0.9994000196456908,0.0104939909651875,1.0,0.0541639328002929,2358.0187275745498,d1000_B125_R7_20251106_193347,2025-11-06 19:34:04,1000,40,125,193.64916731037084
96,0.0,1.0,0.9994000196456908,0.0104939909651875,1.0,0.0496168136596679,2359.500753583436,d1000_B125_R7_20251106_193347,2025-11-06 19:34:04,1000,40,125,193.64916731037084
97,0.0,1.0,0.9994000196456908,0.0104939909651875,1.0,0.0291860103607177,2370.268347067959,d1000_B125_R7_20251106_193347,2025-11-06 19:34:04,1000,40,125,193.64916731037084
98,0.0,1.0,0.9994000196456908,0.0104939909651875,1.0,0.0558500289916992,2368.7583281543116,d1000_B125_R7_20251106_193347,2025-11-06 19:34:04,1000,40,125,193.64916731037084
99,0.0,1.0,0.9994000196456908,0.0104939909651875,1.0,0.0550510883331298,2367.6327307992356,d1000_B125_R7_20251106_193347,2025-11-06 19:34:04,1000,40,125,193.64916731037084
100,0.0,1.0,0.9994000196456908,0.0104939909651875,1.0,0.0471119880676269,2370.060156183003,d1000_B125_R7_20251106_193347,2025-11-06 19:34:04,1000,40,125,193.64916731037084
101,0.0,1.0,0.9994000196456908,0.0104939909651875,1.0,0.0719428062438964,2361.392256523015,d1000_B125_R7_20251106_193347,2025-11-06 19:34:04,1000,40,125,193.64916731037084
102,0.0,1.0,0.9994000196456908,0.0104939909651875,1.0,0.0528109073638916,2361.3137770105204,d1000_B125_R7_20251106_193347,2025-11-06 19:34:04,1000,40,125,193.64916731037084
103,0.0,1.0,0.9994000196456908,0.0104939909651875,1.0,0.0846877098083496,2347.7001895608323,d1000_B125_R7_20251106_193347,2025-11-06 19:34:04,1000,40,125,193.64916731037084
104,0.0,1.0,0.9994000196456908,0.0104939909651875,1.0,0.0410208702087402,2352.7695181895215,d1000_B125_R7_20251106_193347,2025-11-06 19:34:04,1000,40,125,193.64916731037084
105,0.0,1.0,0.9994000196456908,0.0104939909651875,1.0,0.09322190284729,2336.0609537388746,d1000_B125_R7_20251106_193347,2025-11-06 19:34:04,1000,40,125,193.64916731037084
106,0.0,1.0,0.9994000196456908,0.0104939909651875,1.0,0.0600509643554687,2333.292059672812,d1000_B125_R7_20251106_193347,2025-11-06 19:34:04,1000,40,125,193.64916731037084
107,0.0,1.0,0.9994000196456908,0.0104939909651875,1.0,0.0493941307067871,2334.8955630674245,d1000_B125_R7_20251106_193347,2025-11-06 19:34:04,1000,40,125,193.64916731037084
108,0.0,1.0,0.9994000196456908,0.0104939909651875,1.0,0.0481188297271728,2337.002369579093,d1000_B125_R7_20251106_193347,2025-11-06 19:34:04,1000,40,125,193.64916731037084
109,0.0,1.0,0.9994000196456908,0.0104939909651875,1.0,0.0802938938140869,2326.260113965274,d1000_B125_R7_20251106_193347,2025-11-06 19:34:04,1000,40,125,193.64916731037084
110,0.0,1.0,0.9994000196456908,0.0104939909651875,1.0,0.0551052093505859,2325.6425692090447,d1000_B125_R7_20251106_193347,2025-11-06 19:34:04,1000,40,125,193.64916731037084
111,0.0,1.0,0.9994000196456908,0.0104939909651875,1.0,0.0738091468811035,2317.835520524498,d1000_B125_R7_20251106_193347,2025-11-06 19:34:04,1000,40,125,193.64916731037084
112,0.0,1.0,0.9994000196456908,0.0104939909651875,1.0,0.0730938911437988,2310.48537101876,d1000_B125_R7_20251106_193347,2025-11-06 19:34:04,1000,40,125,193.64916731037084
113,0.0,1.0,0.9994000196456908,0.0104939909651875,1.0,0.0498538017272949,2312.0092952558552,d1000_B125_R7_20251106_193347,2025-11-06 19:34:04,1000,40,125,193.64916731037084
114,0.0,1.0,0.9994000196456908,0.0104939909651875,1.0,0.0394239425659179,2317.3863202874195,d1000_B125_R7_20251106_193347,2025-11-06 19:34:04,1000,40,125,193.64916731037084
115,0.0,1.0,0.9994000196456908,0.0104939909651875,1.0,0.0385200977325439,2323.062720133611,d1000_B125_R7_20251106_193347,2025-11-06 19:34:04,1000,40,125,193.64916731037084
116,0.0,1.0,0.9994000196456908,0.0104939909651875,1.0,0.0704400539398193,2316.861785301516,d1000_B125_R7_20251106_193347,2025-11-06 19:34:04,1000,40,125,193.64916731037084
117,0.0,1.0,0.9994000196456908,0.0104939909651875,1.0,0.0746603012084961,2309.2775377852863,d1000_B125_R7_20251106_193347,2025-11-06 19:34:04,1000,40,125,193.64916731037084
118,0.0,1.0,0.9994000196456908,0.0104939909651875,1.0,0.0778157711029052,2300.7614200094495,d1000_B125_R7_20251106_193347,2025-11-06 19:34:04,1000,40,125,193.64916731037084
119,0.0,1.0,0.9994000196456908,0.0104939909651875,1.0,0.0321660041809082,2308.5339923229103,d1000_B125_R7_20251106_193347,2025-11-06 19:34:04,1000,40,125,193.64916731037084
120,0.0,1.0,0.9994000196456908,0.0104939909651875,1.0,0.0419809818267822,2312.762895172373,d1000_B125_R7_20251106_193347,2025-11-06 19:34:04,1000,40,125,193.64916731037084
121,0.0,1.0,0.9994000196456908,0.0104939909651875,1.0,0.1639018058776855,2274.795234900391,d1000_B125_R7_20251106_193347,2025-11-06 19:34:04,1000,40,125,193.64916731037084
122,0.0,1.0,0.9994000196456908,0.0104939909651875,1.0,0.0735349655151367,2268.48375404911,d1000_B125_R7_20251106_193347,2025-11-06 19:34:04,1000,40,125,193.64916731037084
123,0.0,1.0,0.9994000196456908,0.0104939909651875,1.0,0.0581629276275634,2267.218787268324,d1000_B125_R7_20251106_193347,2025-11-06 19:34:04,1000,40,125,193.64916731037084
124,0.0,1.0,0.9994000196456908,0.0104939909651875,1.0,0.0450079441070556,2270.1496827987494,d1000_B125_R7_20251106_193347,2025-11-06 19:34:04,1000,40,125,193.64916731037084
125,0.0,1.0,0.9994000196456908,0.0104939909651875,1.0,0.0478730201721191,2272.444236350095,d1000_B125_R7_20251106_193347,2025-11-06 19:34:04,1000,40,125,193.64916731037084
126,0.0,1.0,0.9994000196456908,0.0104939909651875,1.0,0.0654981136322021,2268.9682833118936,d1000_B125_R7_20251106_193347,2025-11-06 19:34:04,1000,40,125,193.64916731037084
127,0.0,1.0,0.9994000196456908,0.0104939909651875,1.0,0.0591728687286376,2267.5990595336093,d1000_B125_R7_20251106_193347,2025-11-06 19:34:04,1000,40,125,193.64916731037084
128,0.0,1.0,0.9994000196456908,0.0104939909651875,1.0,0.0754761695861816,2261.0564368220303,d1000_B125_R7_20251106_193347,2025-11-06 19:34:04,1000,40,125,193.64916731037084
129,0.0,1.0,0.9994000196456908,0.0104939909651875,1.0,0.0601792335510253,2259.454977508363,d1000_B125_R7_20251106_193347,2025-11-06 19:34:04,1000,40,125,193.64916731037084
130,0.0,1.0,0.9994000196456908,0.0104939909651875,1.0,0.0430090427398681,2263.2236173107735,d1000_B125_R7_20251106_193347,2025-11-06 19:34:04,1000,40,125,193.64916731037084
131,0.0,1.0,0.9994000196456908,0.0104939909651875,1.0,0.0472919940948486,2265.632017590252,d1000_B125_R7_20251106_193347,2025-11-06 19:34:04,1000,40,125,193.64916731037084
132,0.0,1.0,0.9994000196456908,0.0104939909651875,1.0,0.0538496971130371,2265.958772923519,d1000_B125_R7_20251106_193347,2025-11-06 19:34:04,1000,40,125,193.64916731037084
133,0.0,1.0,0.9994000196456908,0.0104939909651875,1.0,0.0488247871398925,2267.798707913739,d1000_B125_R7_20251106_193347,2025-11-06 19:34:04,1000,40,125,193.64916731037084
134,0.0,1.0,0.9994000196456908,0.0104939909651875,1.0,0.0559988021850585,2267.464009926511,d1000_B125_R7_20251106_193347,2025-11-06 19:34:04,1000,40,125,193.64916731037084
135,0.0,1.0,0.9994000196456908,0.0104939909651875,1.0,0.0450308322906494,2270.441367246807,d1000_B125_R7_20251106_193347,2025-11-06 19:34:04,1000,40,125,193.64916731037084
136,0.0,1.0,0.9994000196456908,0.0104939909651875,1.0,0.0490081310272216,2272.2070792623754,d1000_B125_R7_20251106_193347,2025-11-06 19:34:04,1000,40,125,193.64916731037084
137,0.0,1.0,0.9994000196456908,0.0104939909651875,1.0,0.0419831275939941,2276.0580103655507,d1000_B125_R7_20251106_193347,2025-11-06 19:34:04,1000,40,125,193.64916731037084
138,0.0,1.0,0.9994000196456908,0.0104939909651875,1.0,0.0948438644409179,2264.1619968112973,d1000_B125_R7_20251106_193347,2025-11-06 19:34:04,1000,40,125,193.64916731037084
139,0.0,1.0,0.9994000196456908,0.0104939909651875,1.0,0.0411591529846191,2268.234634191127,d1000_B125_R7_20251106_193347,2025-11-06 19:34:04,1000,40,125,193.64916731037084
140,0.0,1.0,0.9994000196456908,0.0104939909651875,1.0,0.0344078540802001,2274.226431275112,d1000_B125_R7_20251106_193347,2025-11-06 19:34:04,1000,40,125,193.64916731037084
141,0.0,1.0,0.9994000196456908,0.0104939909651875,1.0,0.0569050312042236,2273.6026511852133,d1000_B125_R7_20251106_193347,2025-11-06 19:34:04,1000,40,125,193.64916731037084
142,0.0,1.0,0.9994000196456908,0.0104939909651875,1.0,0.0579190254211425,2272.6850380253136,d1000_B125_R7_20251106_193347,2025-11-06 19:34:04,1000,40,125,193.64916731037084
143,0.0,1.0,0.9994000196456908,0.0104939909651875,1.0,0.0441639423370361,2275.735405159877,d1000_B125_R7_20251106_193347,2025-11-06 19:34:04,1000,40,125,193.64916731037084
144,0.0,1.0,0.9994000196456908,0.0104939909651875,1.0,0.0465369224548339,2278.0940675242973,d1000_B125_R7_20251106_193347,2025-11-06 19:34:04,1000,40,125,193.64916731037084
145,0.0,1.0,0.9994000196456908,0.0104939909651875,1.0,0.0634040832519531,2275.6163723339614,d1000_B125_R7_20251106_193347,2025-11-06 19:34:04,1000,40,125,193.64916731037084
146,0.0,1.0,0.9994000196456908,0.0104939909651875,1.0,0.0411832332611084,2279.448051229773,d1000_B125_R7_20251106_193347,2025-11-06 19:34:04,1000,40,125,193.64916731037084
147,0.0,1.0,0.9994000196456908,0.0104939909651875,1.0,0.0945279598236084,2268.2987583331774,d1000_B125_R7_20251106_193347,2025-11-06 19:34:04,1000,40,125,193.64916731037084
148,0.0,1.0,0.9994000196456908,0.0104939909651875,1.0,0.0386700630187988,2272.8021425153493,d1000_B125_R7_20251106_193347,2025-11-06 19:34:04,1000,40,125,193.64916731037084
149,0.0,1.0,0.9994000196456908,0.0104939909651875,1.0,0.0393588542938232,2276.8424063287853,d1000_B125_R7_20251106_193347,2025-11-06 19:34:04,1000,40,125,193.64916731037084
150,0.0,1.0,0.9994000196456908,0.0104939909651875,1.0,0.0376482009887695,2281.517862428033,d1000_B125_R7_20251106_193347,2025-11-06 19:34:04,1000,40,125,193.64916731037084
151,0.0,1.0,0.9994000196456908,0.0104939909651875,1.0,0.0373408794403076,2286.1944729833863,d1000_B125_R7_20251106_193347,2025-11-06 19:34:04,1000,40,125,193.64916731037084
152,0.0,1.0,0.9994000196456908,0.0104939909651875,1.0,0.08805513381958,2276.937496531701,d1000_B125_R7_20251106_193347,2025-11-06 19:34:04,1000,40,125,193.64916731037084
153,0.0,1.0,0.9994000196456908,0.0104939909651875,1.0,0.1091539859771728,2262.3753268227047,d1000_B125_R7_20251106_193347,2025-11-06 19:34:04,1000,40,125,193.64916731037084
154,0.0,1.0,0.9994000196456908,0.0104939909651875,1.0,0.0644910335540771,2259.890537553212,d1000_B125_R7_20251106_193347,2025-11-06 19:34:04,1000,40,125,193.64916731037084
155,0.0,1.0,0.9994000196456908,0.0104939909651875,1.0,0.078679084777832,2253.726592239165,d1000_B125_R7_20251106_193347,2025-11-06 19:34:04,1000,40,125,193.64916731037084
156,0.0,1.0,0.9994000196456908,0.0104939909651875,1.0,0.043903112411499,2256.6837903097107,d1000_B125_R7_20251106_193347,2025-11-06 19:34:04,1000,40,125,193.64916731037084
157,0.0,1.0,0.9994000196456908,0.0104939909651875,1.0,0.0851750373840332,2248.965910117331,d1000_B125_R7_20251106_193347,2025-11-06 19:34:04,1000,40,125,193.64916731037084
158,0.0,1.0,0.9994000196456908,0.0104939909651875,1.0,0.0553288459777832,2248.97477039624,d1000_B125_R7_20251106_193347,2025-11-06 19:34:04,1000,40,125,193.64916731037084
159,0.0,1.0,0.9994000196456908,0.0104939909651875,1.0,0.0442900657653808,2251.784399056853,d1000_B125_R7_20251106_193347,2025-11-06 19:34:04,1000,40,125,193.64916731037084
160,0.0,1.0,0.9994000196456908,0.0104939909651875,1.0,0.0438687801361084,2254.668520431853,d1000_B125_R7_20251106_193347,2025-11-06 19:34:04,1000,40,125,193.64916731037084
161,0.0,1.0,0.9994000196456908,0.0104939909651875,1.0,0.0580520629882812,2253.952400557266,d1000_B125_R7_20251106_193347,2025-11-06 19:34:04,1000,40,125,193.64916731037084
162,0.0,1.0,0.9994000196456908,0.0104939909651875,1.0,0.0453028678894043,2256.425102012349,d1000_B125_R7_20251106_193347,2025-11-06 19:34:04,1000,40,125,193.64916731037084
163,0.0,1.0,0.9994000196456908,0.0104939909651875,1.0,0.0899689197540283,2247.674660407502,d1000_B125_R7_20251106_193347,2025-11-06 19:34:04,1000,40,125,193.64916731037084
164,0.0,1.0,0.9994000196456908,0.0104939909651875,1.0,0.0496559143066406,2249.0893539861345,d1000_B125_R7_20251106_193347,2025-11-06 19:34:04,1000,40,125,193.64916731037084
165,0.0,1.0,0.9994000196456908,0.0104939909651875,1.0,0.0385420322418212,2253.209449344189,d1000_B125_R7_20251106_193347,2025-11-06 19:34:04,1000,40,125,193.64916731037084
166,0.0,1.0,0.9994000196456908,0.0104939909651875,1.0,0.0310437679290771,2259.117698313631,d1000_B125_R7_20251106_193347,2025-11-06 19:34:04,1000,40,125,193.64916731037084
167,0.0,1.0,0.9994000196456908,0.0104939909651875,1.0,0.0637640953063964,2257.014105841047,d1000_B125_R7_20251106_193347,2025-11-06 19:34:04,1000,40,125,193.64916731037084
168,0.0,1.0,0.9994000196456908,0.0104939909651875,1.0,0.0556929111480712,2256.860481364486,d1000_B125_R7_20251106_193347,2025-11-06 19:34:04,1000,40,125,193.64916731037084
169,0.0,1.0,0.9994000196456908,0.0104939909651875,1.0,0.0631210803985595,2254.95531136469,d1000_B125_R7_20251106_193347,2025-11-06 19:34:04,1000,40,125,193.64916731037084
170,0.0,1.0,0.9994000196456908,0.0104939909651875,1.0,0.0473289489746093,2256.8394105354055,d1000_B125_R7_20251106_193347,2025-11-06 19:34:04,1000,40,125,193.64916731037084
171,0.0,1.0,0.9994000196456908,0.0104939909651875,1.0,0.0667569637298584,2254.058591127395,d1000_B125_R7_20251106_193347,2025-11-06 19:34:04,1000,40,125,193.64916731037084
172,0.0,1.0,0.9994000196456908,0.0104939909651875,1.0,0.055211067199707,2254.0575450561387,d1000_B125_R7_20251106_193347,2025-11-06 19:34:04,1000,40,125,193.64916731037084
173,0.0,1.0,0.9994000196456908,0.0104939909651875,1.0,0.0364291667938232,2258.4719517294734,d1000_B125_R7_20251106_193347,2025-11-06 19:34:04,1000,40,125,193.64916731037084
174,0.0,1.0,0.9994000196456908,0.0104939909651875,1.0,0.0576529502868652,2257.890418989546,d1000_B125_R7_20251106_193347,2025-11-06 19:34:04,1000,40,125,193.64916731037084
175,0.0,1.0,0.9994000196456908,0.0104939909651875,1.0,0.0834028720855712,2251.366952168532,d1000_B125_R7_20251106_193347,2025-11-06 19:34:04,1000,40,125,193.64916731037084
176,0.0,1.0,0.9994000196456908,0.0104939909651875,1.0,0.0486598014831543,2252.8996631659343,d1000_B125_R7_20251106_193347,2025-11-06 19:34:04,1000,40,125,193.64916731037084
177,0.0,1.0,0.9994000196456908,0.0104939909651875,1.0,0.0457026958465576,2255.095819976188,d1000_B125_R7_20251106_193347,2025-11-06 19:34:04,1000,40,125,193.64916731037084
178,0.0,1.0,0.9994000196456908,0.0104939909651875,1.0,0.0650961399078369,2252.865210379169,d1000_B125_R7_20251106_193347,2025-11-06 19:34:04,1000,40,125,193.64916731037084
179,0.0,1.0,0.9994000196456908,0.0104939909651875,1.0,0.0631563663482666,2251.0859065329287,d1000_B125_R7_20251106_193347,2025-11-06 19:34:04,1000,40,125,193.64916731037084
180,0.0,1.0,0.9994000196456908,0.0104939909651875,1.0,0.0532269477844238,2251.559897602755,d1000_B125_R7_20251106_193347,2025-11-06 19:34:04,1000,40,125,193.64916731037084
181,0.0,1.0,0.9994000196456908,0.0104939909651875,1.0,0.084195852279663,2244.9803545077207,d1000_B125_R7_20251106_193347,2025-11-06 19:34:04,1000,40,125,193.64916731037084
182,0.0,1.0,0.9994000196456908,0.0104939909651875,1.0,0.0344431400299072,2249.630584172095,d1000_B125_R7_20251106_193347,2025-11-06 19:34:04,1000,40,125,193.64916731037084
183,0.0,1.0,0.9994000196456908,0.0104939909651875,1.0,0.0761251449584961,2245.046225931274,d1000_B125_R7_20251106_193347,2025-11-06 19:34:04,1000,40,125,193.64916731037084
184,0.0,1.0,0.9994000196456908,0.0104939909651875,1.0,0.0384535789489746,2248.727410315929,d1000_B125_R7_20251106_193347,2025-11-06 19:34:04,1000,40,125,193.64916731037084
185,0.0,1.0,0.9994000196456908,0.0104939909651875,1.0,0.0307109355926513,2254.104574383839,d1000_B125_R7_20251106_193347,2025-11-06 19:34:04,1000,40,125,193.64916731037084
186,0.0,1.0,0.9994000196456908,0.0104939909651875,1.0,0.100766897201538,2244.2550196400643,d1000_B125_R7_20251106_193347,2025-11-06 19:34:04,1000,40,125,193.64916731037084
187,0.0,1.0,0.9994000196456908,0.0104939909651875,1.0,0.0602061748504638,2243.24443961655,d1000_B125_R7_20251106_193347,2025-11-06 19:34:04,1000,40,125,193.64916731037084
188,0.0,1.0,0.9994000196456908,0.0104939909651875,1.0,0.0501320362091064,2244.3926611375286,d1000_B125_R7_20251106_193347,2025-11-06 19:34:04,1000,40,125,193.64916731037084
189,0.0,1.0,0.9994000196456908,0.0104939909651875,1.0,0.0402958393096923,2247.624193741666,d1000_B125_R7_20251106_193347,2025-11-06 19:34:04,1000,40,125,193.64916731037084
190,0.0,1.0,0.9994000196456908,0.0104939909651875,1.0,0.0289797782897949,2253.2363479559713,d1000_B125_R7_20251106_193347,2025-11-06 19:34:04,1000,40,125,193.64916731037084
191,0.0,1.0,0.9994000196456908,0.0104939909651875,1.0,0.0527622699737548,2253.7697968868233,d1000_B125_R7_20251106_193347,2025-11-06 19:34:04,1000,40,125,193.64916731037084
192,0.0,1.0,0.9994000196456908,0.0104939909651875,1.0,0.1180830001831054,2240.62544680996,d1000_B125_R7_20251106_193347,2025-11-06 19:34:04,1000,40,125,193.64916731037084
193,0.0,1.0,0.9994000196456908,0.0104939909651875,1.0,0.0513076782226562,2241.433934218001,d1000_B125_R7_20251106_193347,2025-11-06 19:34:04,1000,40,125,193.64916731037084
194,0.0,1.0,0.9994000196456908,0.0104939909651875,1.0,0.0769028663635253,2237.0323723258375,d1000_B125_R7_20251106_193347,2025-11-06 19:34:04,1000,40,125,193.64916731037084
195,0.0,1.0,0.9994000196456908,0.0104939909651875,1.0,0.0329432487487793,2241.6828551341023,d1000_B125_R7_20251106_193347,2025-11-06 19:34:04,1000,40,125,193.64916731037084
196,0.0,1.0,0.9994000196456908,0.0104939909651875,1.0,0.0468780994415283,2243.4225586516345,d1000_B125_R7_20251106_193347,2025-11-06 19:34:04,1000,40,125,193.64916731037084
197,0.0,1.0,0.9994000196456908,0.0104939909651875,1.0,0.0689001083374023,2240.6949953959665,d1000_B125_R7_20251106_193347,2025-11-06 19:34:04,1000,40,125,193.64916731037084
198,0.0,1.0,0.9994000196456908,0.0104939909651875,1.0,0.0973548889160156,2232.2814884995796,d1000_B125_R7_20251106_193347,2025-11-06 19:34:04,1000,40,125,193.64916731037084
199,0.0,1.0,0.9994000196456908,0.0104939909651875,1.0,0.0717279911041259,2229.0991080869744,d1000_B125_R7_20251106_193347,2025-11-06 19:34:04,1000,40,125,193.64916731037084
200,0.0,1.0,0.9994000196456908,0.0104939909651875,1.0,0.0358729362487793,2233.04593217752,d1000_B125_R7_20251106_193347,2025-11-06 19:34:04,1000,40,125,193.64916731037084
201,0.0,1.0,0.9994000196456908,0.0104939909651875,1.0,0.0431430339813232,2234.8900435968067,d1000_B125_R7_20251106_193347,2025-11-06 19:34:04,1000,40,125,193.64916731037084
202,0.0,1.0,0.9994000196456908,0.0104939909651875,1.0,0.0329558849334716,2239.3846047282477,d1000_B125_R7_20251106_193347,2025-11-06 19:34:04,1000,40,125,193.64916731037084
203,0.0,1.0,0.9994000196456908,0.0104939909651875,1.0,0.0673358440399169,2237.0864042141616,d1000_B125_R7_20251106_193347,2025-11-06 19:34:04,1000,40,125,193.64916731037084
204,0.0,1.0,0.9994000196456908,0.0104939909651875,1.0,0.0586979389190673,2236.487855354626,d1000_B125_R7_20251106_193347,2025-11-06 19:34:04,1000,40,125,193.64916731037084
205,0.0,1.0,0.9994000196456908,0.0104939909651875,1.0,0.0936229228973388,2229.133635312467,d1000_B125_R7_20251106_193347,2025-11-06 19:34:04,1000,40,125,193.64916731037084
206,0.0,1.0,0.9994000196456908,0.0104939909651875,1.0,0.0379798412322998,2232.5722850497687,d1000_B125_R7_20251106_193347,2025-11-06 19:34:04,1000,40,125,193.64916731037084
207,0.0,1.0,0.9994000196456908,0.0104939909651875,1.0,0.0820260047912597,2227.5601843876966,d1000_B125_R7_20251106_193347,2025-11-06 19:34:04,1000,40,125,193.64916731037084
208,0.0,1.0,0.9994000196456908,0.0104939909651875,1.0,0.0741510391235351,2224.1015904563687,d1000_B125_R7_20251106_193347,2025-11-06 19:34:04,1000,40,125,193.64916731037084
209,0.0,1.0,0.9994000196456908,0.0104939909651875,1.0,0.0418710708618164,2226.7683244335126,d1000_B125_R7_20251106_193347,2025-11-06 19:34:04,1000,40,125,193.64916731037084
210,0.0,1.0,0.9994000196456908,0.0104939909651875,1.0,0.050065279006958,2227.8670186257523,d1000_B125_R7_20251106_193347,2025-11-06 19:34:04,1000,40,125,193.64916731037084
211,0.0,1.0,0.9994000196456908,0.0104939909651875,1.0,0.0541319847106933,2228.1928631068067,d1000_B125_R7_20251106_193347,2025-11-06 19:34:04,1000,40,125,193.64916731037084
212,0.0,1.0,0.9994000196456908,0.0104939909651875,1.0,0.0533037185668945,2228.614206282672,d1000_B125_R7_20251106_193347,2025-11-06 19:34:04,1000,40,125,193.64916731037084
213,0.0,1.0,0.9994000196456908,0.0104939909651875,1.0,0.0717530250549316,2225.651419964828,d1000_B125_R7_20251106_193347,2025-11-06 19:34:04,1000,40,125,193.64916731037084
214,0.0,1.0,0.9994000196456908,0.0104939909651875,1.0,0.0252418518066406,2231.3003950415223,d1000_B125_R7_20251106_193347,2025-11-06 19:34:04,1000,40,125,193.64916731037084
215,0.0,1.0,0.9994000196456908,0.0104939909651875,1.0,0.1192567348480224,2219.6664050149325,d1000_B125_R7_20251106_193347,2025-11-06 19:34:04,1000,40,125,193.64916731037084
216,0.0,1.0,0.9994000196456908,0.0104939909651875,1.0,0.0507030487060546,2220.6483757502583,d1000_B125_R7_20251106_193347,2025-11-06 19:34:04,1000,40,125,193.64916731037084
217,0.0,1.0,0.9994000196456908,0.0104939909651875,1.0,0.0483419895172119,2222.0469820493377,d1000_B125_R7_20251106_193347,2025-11-06 19:34:04,1000,40,125,193.64916731037084
218,0.0,1.0,0.9994000196456908,0.0104939909651875,1.0,0.0455241203308105,2223.947040114077,d1000_B125_R7_20251106_193347,2025-11-06 19:34:04,1000,40,125,193.64916731037084
219,0.0,1.0,0.9994000196456908,0.0104939909651875,1.0,0.0396280288696289,2226.8905202425767,d1000_B125_R7_20251106_193347,2025-11-06 19:34:04,1000,40,125,193.64916731037084
220,0.0,1.0,0.9994000196456908,0.0104939909651875,1.0,0.0304470062255859,2231.481834739383,d1000_B125_R7_20251106_193347,2025-11-06 19:34:04,1000,40,125,193.64916731037084
221,0.0,1.0,0.9994000196456908,0.0104939909651875,1.0,0.0272190570831298,2236.624347980753,d1000_B125_R7_20251106_193347,2025-11-06 19:34:04,1000,40,125,193.64916731037084
222,0.0,1.0,0.9994000196456908,0.0104939909651875,1.0,0.0479040145874023,2238.007923324582,d1000_B125_R7_20251106_193347,2025-11-06 19:34:04,1000,40,125,193.64916731037084
223,0.0,1.0,0.9994000196456908,0.0104939909651875,1.0,0.0425899028778076,2240.3424901019703,d1000_B125_R7_20251106_193347,2025-11-06 19:34:04,1000,40,125,193.64916731037084
224,0.0,1.0,0.9994000196456908,0.0104939909651875,1.0,0.0682549476623535,2238.0527168600206,d1000_B125_R7_20251106_193347,2025-11-06 19:34:04,1000,40,125,193.64916731037084
225,0.0,1.0,0.9994000196456908,0.0104939909651875,1.0,0.0316278934478759,2242.319231088833,d1000_B125_R7_20251106_193347,2025-11-06 19:34:04,1000,40,125,193.64916731037084
226,0.0,1.0,0.9994000196456908,0.0104939909651875,1.0,0.0850040912628173,2237.0669581519255,d1000_B125_R7_20251106_193347,2025-11-06 19:34:04,1000,40,125,193.64916731037084
227,0.0,1.0,0.9994000196456908,0.0104939909651875,1.0,0.0433442592620849,2239.2372612465424,d1000_B125_R7_20251106_193347,2025-11-06 19:34:04,1000,40,125,193.64916731037084
228,0.0,1.0,0.9994000196456908,0.0104939909651875,1.0,0.0662860870361328,2237.223529618711,d1000_B125_R7_20251106_193347,2025-11-06 19:34:04,1000,40,125,193.64916731037084
229,0.0,1.0,0.9994000196456908,0.0104939909651875,1.0,0.0294950008392334,2241.79840857653,d1000_B125_R7_20251106_193347,2025-11-06 19:34:04,1000,40,125,193.64916731037084
230,0.0,1.0,0.9994000196456908,0.0104939909651875,1.0,0.0404169559478759,2244.4447454897672,d1000_B125_R7_20251106_193347,2025-11-06 19:34:04,1000,40,125,193.64916731037084
231,0.0,1.0,0.9994000196456908,0.0104939909651875,1.0,0.0353658199310302,2247.953810970814,d1000_B125_R7_20251106_193347,2025-11-06 19:34:04,1000,40,125,193.64916731037084
232,0.0,1.0,0.9994000196456908,0.0104939909651875,1.0,0.04618501663208,2249.5572440740184,d1000_B125_R7_20251106_193347,2025-11-06 19:34:04,1000,40,125,193.64916731037084
233,0.0,1.0,0.9994000196456908,0.0104939909651875,1.0,0.0356700420379638,2252.9687432368505,d1000_B125_R7_20251106_193347,2025-11-06 19:34:04,1000,40,125,193.64916731037084
234,0.0,1.0,0.9994000196456908,0.0104939909651875,1.0,0.1067211627960205,2244.117681772766,d1000_B125_R7_20251106_193347,2025-11-06 19:34:04,1000,40,125,193.64916731037084
235,0.0,1.0,0.9994000196456908,0.0104939909651875,1.0,0.0197839736938476,2250.236873082894,d1000_B125_R7_20251106_193347,2025-11-06 19:34:04,1000,40,125,193.64916731037084
236,0.0,1.0,0.9994000196456908,0.0104939909651875,1.0,0.0458147525787353,2251.8694559228124,d1000_B125_R7_20251106_193347,2025-11-06 19:34:04,1000,40,125,193.64916731037084
237,0.0,1.0,0.9994000196456908,0.0104939909651875,1.0,0.0694301128387451,2249.4625821522127,d1000_B125_R7_20251106_193347,2025-11-06 19:34:04,1000,40,125,193.64916731037084
238,0.0,1.0,0.9994000196456908,0.0104939909651875,1.0,0.0158021450042724,2256.185960460038,d1000_B125_R7_20251106_193347,2025-11-06 19:34:04,1000,40,125,193.64916731037084
239,0.0,1.0,0.9994000196456908,0.0104939909651875,1.0,0.0607500076293945,2255.250955643063,d1000_B125_R7_20251106_193347,2025-11-06 19:34:04,1000,40,125,193.64916731037084
240,0.0,1.0,0.9994000196456908,0.0104939909651875,1.0,0.0530440807342529,2255.620596961248,d1000_B125_R7_20251106_193347,2025-11-06 19:34:04,1000,40,125,193.64916731037084
241,0.0,1.0,0.9994000196456908,0.0104939909651875,1.0,0.0971808433532714,2248.5563688742186,d1000_B125_R7_20251106_193347,2025-11-06 19:34:04,1000,40,125,193.64916731037084
242,0.0,1.0,0.9994000196456908,0.0104939909651875,1.0,0.0396990776062011,2251.165914387267,d1000_B125_R7_20251106_193347,2025-11-06 19:34:04,1000,40,125,193.64916731037084
243,0.0,1.0,0.9994000196456908,0.0104939909651875,1.0,0.0289351940155029,2255.5611305117905,d1000_B125_R7_20251106_193347,2025-11-06 19:34:04,1000,40,125,193.64916731037084
244,0.0,1.0,0.9994000196456908,0.0104939909651875,1.0,0.0787220001220703,2251.6585685025175,d1000_B125_R7_20251106_193347,2025-11-06 19:34:04,1000,40,125,193.64916731037084
245,0.0,1.0,0.9994000196456908,0.0104939909651875,1.0,0.035362958908081,2254.88367994653,d1000_B125_R7_20251106_193347,2025-11-06 19:34:04,1000,40,125,193.64916731037084
246,0.0,1.0,0.9994000196456908,0.0104939909651875,1.0,0.0427677631378173,2256.9373532229342,d1000_B125_R7_20251106_193347,2025-11-06 19:34:04,1000,40,125,193.64916731037084
247,0.0,1.0,0.9994000196456908,0.0104939909651875,1.0,0.0625820159912109,2255.7261267377976,d1000_B125_R7_20251106_193347,2025-11-06 19:34:04,1000,40,125,193.64916731037084
248,0.0,1.0,0.9994000196456908,0.0104939909651875,1.0,0.0751209259033203,2252.4760157568076,d1000_B125_R7_20251106_193347,2025-11-06 19:34:04,1000,40,125,193.64916731037084
249,0.0,1.0,0.9994000196456908,0.0104939909651875,1.0,0.0338001251220703,2255.963918897381,d1000_B125_R7_20251106_193347,2025-11-06 19:34:04,1000,40,125,193.64916731037084
250,0.0,1.0,0.9994000196456908,0.0104939909651875,1.0,0.0532169342041015,2256.2747037758654,d1000_B125_R7_20251106_193347,2025-11-06 19:34:04,1000,40,125,193.64916731037084
251,0.0,1.0,0.9994000196456908,0.0104939909651875,1.0,0.0572757720947265,2255.887872411964,d1000_B125_R7_20251106_193347,2025-11-06 19:34:04,1000,40,125,193.64916731037084
252,0.0,1.0,0.9994000196456908,0.0104939909651875,1.0,0.0439701080322265,2257.5512866072754,d1000_B125_R7_20251106_193347,2025-11-06 19:34:04,1000,40,125,193.64916731037084
253,0.0,1.0,0.9994000196456908,0.0104939909651875,1.0,0.0320167541503906,2261.276978766649,d1000_B125_R7_20251106_193347,2025-11-06 19:34:04,1000,40,125,193.64916731037084
254,0.0,1.0,0.9994000196456908,0.0104939909651875,1.0,0.0513720512390136,2261.8782987167483,d1000_B125_R7_20251106_193347,2025-11-06 19:34:04,1000,40,125,193.64916731037084
255,0.0,1.0,0.9994000196456908,0.0104939909651875,1.0,0.0327820777893066,2265.450933978423,d1000_B125_R7_20251106_193347,2025-11-06 19:34:04,1000,40,125,193.64916731037084
256,0.0,1.0,0.9994000196456908,0.0104939909651875,1.0,0.069138765335083,2263.181381414228,d1000_B125_R7_20251106_193347,2025-11-06 19:34:04,1000,40,125,193.64916731037084
257,0.0,1.0,0.9994000196456908,0.0104939909651875,1.0,0.0558819770812988,2263.0430554576137,d1000_B125_R7_20251106_193347,2025-11-06 19:34:04,1000,40,125,193.64916731037084
258,0.0,1.0,0.9994000196456908,0.0104939909651875,1.0,0.0360472202301025,2266.0522291471952,d1000_B125_R7_20251106_193347,2025-11-06 19:34:04,1000,40,125,193.64916731037084
259,0.0,1.0,0.9994000196456908,0.0104939909651875,1.0,0.0324249267578125,2269.6237462842296,d1000_B125_R7_20251106_193347,2025-11-06 19:34:04,1000,40,125,193.64916731037084
260,0.0,1.0,0.9994000196456908,0.0104939909651875,1.0,0.0649001598358154,2268.0451903956287,d1000_B125_R7_20251106_193347,2025-11-06 19:34:04,1000,40,125,193.64916731037084
261,0.0,1.0,0.9994000196456908,0.0104939909651875,1.0,0.0633711814880371,2266.7194322439723,d1000_B125_R7_20251106_193347,2025-11-06 19:34:04,1000,40,125,193.64916731037084
262,0.0,1.0,0.9994000196456908,0.0104939909651875,1.0,0.0674841403961181,2264.7442080752717,d1000_B125_R7_20251106_193347,2025-11-06 19:34:04,1000,40,125,193.64916731037084
263,0.0,1.0,0.9994000196456908,0.0104939909651875,1.0,0.0344700813293457,2267.938823866913,d1000_B125_R7_20251106_193347,2025-11-06 19:34:04,1000,40,125,193.64916731037084
264,0.0,1.0,0.9994000196456908,0.0104939909651875,1.0,0.051501989364624,2268.477634853334,d1000_B125_R7_20251106_193347,2025-11-06 19:34:04,1000,40,125,193.64916731037084
265,0.0,1.0,0.9994000196456908,0.0104939909651875,1.0,0.0630452632904052,2267.212470843256,d1000_B125_R7_20251106_193347,2025-11-06 19:34:04,1000,40,125,193.64916731037084
266,0.0,1.0,0.9994000196456908,0.0104939909651875,1.0,0.0685417652130127,2265.1223790778363,d1000_B125_R7_20251106_193347,2025-11-06 19:34:04,1000,40,125,193.64916731037084
267,0.0,1.0,0.9994000196456908,0.0104939909651875,1.0,0.0745120048522949,2262.1293282512324,d1000_B125_R7_20251106_193347,2025-11-06 19:34:04,1000,40,125,193.64916731037084
268,0.0,1.0,0.9994000196456908,0.0104939909651875,1.0,0.031675100326538,2265.7024390634947,d1000_B125_R7_20251106_193347,2025-11-06 19:34:04,1000,40,125,193.64916731037084
269,0.0,1.0,0.9994000196456908,0.0104939909651875,1.0,0.0408709049224853,2267.848414459541,d1000_B125_R7_20251106_193347,2025-11-06 19:34:04,1000,40,125,193.64916731037084
270,0.0,1.0,0.9994000196456908,0.0104939909651875,1.0,0.0503699779510498,2268.4763039287823,d1000_B125_R7_20251106_193347,2025-11-06 19:34:04,1000,40,125,193.64916731037084
271,0.0,1.0,0.9994000196456908,0.0104939909651875,1.0,0.033452033996582,2271.732794411773,d1000_B125_R7_20251106_193347,2025-11-06 19:34:04,1000,40,125,193.64916731037084
272,0.0,1.0,0.9994000196456908,0.0104939909651875,1.0,0.05647873878479,2271.4808498795915,d1000_B125_R7_20251106_193347,2025-11-06 19:34:04,1000,40,125,193.64916731037084
273,0.0,1.0,0.9994000196456908,0.0104939909651875,1.0,0.0440711975097656,2273.1017926952363,d1000_B125_R7_20251106_193347,2025-11-06 19:34:04,1000,40,125,193.64916731037084
274,0.0,1.0,0.9994000196456908,0.0104939909651875,1.0,0.0365300178527832,2275.814565953837,d1000_B125_R7_20251106_193347,2025-11-06 19:34:04,1000,40,125,193.64916731037084
275,0.0,1.0,0.9994000196456908,0.0104939909651875,1.0,0.0771100521087646,2272.4561507018902,d1000_B125_R7_20251106_193347,2025-11-06 19:34:04,1000,40,125,193.64916731037084
276,0.0,1.0,0.9994000196456908,0.0104939909651875,1.0,0.0495080947875976,2273.24444080461,d1000_B125_R7_20251106_193347,2025-11-06 19:34:04,1000,40,125,193.64916731037084
277,0.0,1.0,0.9994000196456908,0.0104939909651875,1.0,0.0474739074707031,2274.3364204470854,d1000_B125_R7_20251106_193347,2025-11-06 19:34:04,1000,40,125,193.64916731037084
278,0.0,1.0,0.9994000196456908,0.0104939909651875,1.0,0.0431029796600341,2276.0705267096723,d1000_B125_R7_20251106_193347,2025-11-06 19:34:04,1000,40,125,193.64916731037084
279,0.0,1.0,0.9994000196456908,0.0104939909651875,1.0,0.0580358505249023,2275.576472855413,d1000_B125_R7_20251106_193347,2025-11-06 19:34:04,1000,40,125,193.64916731037084
280,0.0,1.0,0.9994000196456908,0.0104939909651875,1.0,0.0518238544464111,2276.007048835511,d1000_B125_R7_20251106_193347,2025-11-06 19:34:04,1000,40,125,193.64916731037084
281,0.0,1.0,0.9994000196456908,0.0104939909651875,1.0,0.0404708385467529,2278.0696338317616,d1000_B125_R7_20251106_193347,2025-11-06 19:34:04,1000,40,125,193.64916731037084
282,0.0,1.0,0.9994000196456908,0.0104939909651875,1.0,0.0548319816589355,2278.056438302263,d1000_B125_R7_20251106_193347,2025-11-06 19:34:04,1000,40,125,193.64916731037084
283,0.0,1.0,0.9994000196456908,0.0104939909651875,1.0,0.0737490653991699,2275.2728920105396,d1000_B125_R7_20251106_193347,2025-11-06 19:34:04,1000,40,125,193.64916731037084
284,0.0,1.0,0.9994000196456908,0.0104939909651875,1.0,0.0505657196044921,2275.890991609052,d1000_B125_R7_20251106_193347,2025-11-06 19:34:04,1000,40,125,193.64916731037084
285,0.0,1.0,0.9994000196456908,0.0104939909651875,1.0,0.061169147491455,2274.9569735211653,d1000_B125_R7_20251106_193347,2025-11-06 19:34:04,1000,40,125,193.64916731037084
286,0.0,1.0,0.9994000196456908,0.0104939909651875,1.0,0.0393722057342529,2277.1769104196833,d1000_B125_R7_20251106_193347,2025-11-06 19:34:04,1000,40,125,193.64916731037084
287,0.0,1.0,0.9994000196456908,0.0104939909651875,1.0,0.0246031284332275,2281.523084604036,d1000_B125_R7_20251106_193347,2025-11-06 19:34:04,1000,40,125,193.64916731037084
288,0.0,1.0,0.9994000196456908,0.0104939909651875,1.0,0.0487291812896728,2282.3648836378898,d1000_B125_R7_20251106_193347,2025-11-06 19:34:04,1000,40,125,193.64916731037084
289,0.0,1.0,0.9994000196456908,0.0104939909651875,1.0,0.0698671340942382,2280.168036275488,d1000_B125_R7_20251106_193347,2025-11-06 19:34:04,1000,40,125,193.64916731037084
290,0.0,1.0,0.9994000196456908,0.0104939909651875,1.0,0.0422198772430419,2281.937700306215,d1000_B125_R7_20251106_193347,2025-11-06 19:34:04,1000,40,125,193.64916731037084
291,0.0,1.0,0.9994000196456908,0.0104939909651875,1.0,0.0881128311157226,2277.1570878039165,d1000_B125_R7_20251106_193347,2025-11-06 19:34:04,1000,40,125,193.64916731037084
292,0.0,1.0,0.9994000196456908,0.0104939909651875,1.0,0.0320489406585693,2280.3771098011393,d1000_B125_R7_20251106_193347,2025-11-06 19:34:04,1000,40,125,193.64916731037084
293,0.0,1.0,0.9994000196456908,0.0104939909651875,1.0,0.0290729999542236,2284.003193797211,d1000_B125_R7_20251106_193347,2025-11-06 19:34:04,1000,40,125,193.64916731037084
294,0.0,1.0,0.9994000196456908,0.0104939909651875,1.0,0.0591011047363281,2283.3641381746797,d1000_B125_R7_20251106_193347,2025-11-06 19:34:04,1000,40,125,193.64916731037084
295,0.0,1.0,0.9994000196456908,0.0104939909651875,1.0,0.0349690914154052,2286.1299255223903,d1000_B125_R7_20251106_193347,2025-11-06 19:34:04,1000,40,125,193.64916731037084
296,0.0,1.0,0.9994000196456908,0.0104939909651875,1.0,0.0506660938262939,2286.6622523383385,d1000_B125_R7_20251106_193347,2025-11-06 19:34:04,1000,40,125,193.64916731037084
297,0.0,1.0,0.9994000196456908,0.0104939909651875,1.0,0.0367267131805419,2289.1515940842833,d1000_B125_R7_20251106_193347,2025-11-06 19:34:04,1000,40,125,193.64916731037084
298,0.0,1.0,0.9994000196456908,0.0104939909651875,1.0,0.017266035079956,2294.3720803443853,d1000_B125_R7_20251106_193347,2025-11-06 19:34:04,1000,40,125,193.64916731037084
299,0.0,1.0,0.9994000196456908,0.0104939909651875,1.0,0.0772080421447753,2291.1639108122076,d1000_B125_R7_20251106_193347,2025-11-06 19:34:04,1000,40,125,193.64916731037084
0,0.6931473016738892,0.4950099885463714,1.0,0.0002987587067764,1.0,0.1397938728332519,3577.240691088674,d1000_B501_R7_20251106_193349,2025-11-06 19:34:23,1000,40,501,193.64916731037084
1,0.0,1.0,1.0,0.0002987587067764,1.0,0.3973388671875,1862.7396055915528,d1000_B501_R7_20251106_193349,2025-11-06 19:34:23,1000,40,501,193.64916731037084
2,0.0,1.0,1.0,0.0002987587067764,1.0,0.1387169361114502,2220.0618937039235,d1000_B501_R7_20251106_193349,2025-11-06 19:34:23,1000,40,501,193.64916731037084
3,0.0,1.0,1.0,0.0002987587067764,1.0,0.0974862575531005,2586.008999083478,d1000_B501_R7_20251106_193349,2025-11-06 19:34:23,1000,40,501,193.64916731037084
4,0.0,1.0,1.0,0.0002987587067764,1.0,0.1493608951568603,2709.422548428265,d1000_B501_R7_20251106_193349,2025-11-06 19:34:23,1000,40,501,193.64916731037084
5,0.0,1.0,1.0,0.0002987587067764,1.0,0.1121931076049804,2898.7538801172186,d1000_B501_R7_20251106_193349,2025-11-06 19:34:23,1000,40,501,193.64916731037084
6,0.0,1.0,1.0,0.0002987587067764,1.0,0.1048707962036132,3070.645593127497,d1000_B501_R7_20251106_193349,2025-11-06 19:34:23,1000,40,501,193.64916731037084
7,0.0,1.0,1.0,0.0002987587067764,1.0,0.1062908172607421,3209.824789404283,d1000_B501_R7_20251106_193349,2025-11-06 19:34:23,1000,40,501,193.64916731037084
8,0.0,1.0,1.0,0.0002987587067764,1.0,0.126579999923706,3277.068001513763,d1000_B501_R7_20251106_193349,2025-11-06 19:34:23,1000,40,501,193.64916731037084
9,0.0,1.0,1.0,0.0002987587067764,1.0,0.0955579280853271,3404.2005934418135,d1000_B501_R7_20251106_193349,2025-11-06 19:34:23,1000,40,501,193.64916731037084
10,0.0,1.0,1.0,0.0002987587067764,1.0,0.1165709495544433,3469.3038512367048,d1000_B501_R7_20251106_193349,2025-11-06 19:34:23,1000,40,501,193.64916731037084
11,0.0,1.0,1.0,0.0002987587067764,1.0,0.1436519622802734,3470.127807144874,d1000_B501_R7_20251106_193349,2025-11-06 19:34:23,1000,40,501,193.64916731037084
12,0.0,1.0,1.0,0.0002987587067764,1.0,0.1531288623809814,3453.7007476454023,d1000_B501_R7_20251106_193349,2025-11-06 19:34:23,1000,40,501,193.64916731037084
13,0.0,1.0,1.0,0.0002987587067764,1.0,0.148223876953125,3447.6773682058497,d1000_B501_R7_20251106_193349,2025-11-06 19:34:23,1000,40,501,193.64916731037084
14,0.0,1.0,1.0,0.0002987587067764,1.0,0.1184070110321044,3490.481305830607,d1000_B501_R7_20251106_193349,2025-11-06 19:34:23,1000,40,501,193.64916731037084
15,0.0,1.0,1.0,0.0002987587067764,1.0,0.204888105392456,3399.3264004542475,d1000_B501_R7_20251106_193349,2025-11-06 19:34:23,1000,40,501,193.64916731037084
16,0.0,1.0,1.0,0.0002987587067764,1.0,0.1215898990631103,3434.320720210758,d1000_B501_R7_20251106_193349,2025-11-06 19:34:23,1000,40,501,193.64916731037084
17,0.0,1.0,1.0,0.0002987587067764,1.0,0.1216969490051269,3465.872714997504,d1000_B501_R7_20251106_193349,2025-11-06 19:34:23,1000,40,501,193.64916731037084
18,0.0,1.0,1.0,0.0002987587067764,1.0,0.1406521797180175,3470.471068513188,d1000_B501_R7_20251106_193349,2025-11-06 19:34:23,1000,40,501,193.64916731037084
19,0.0,1.0,1.0,0.0002987587067764,1.0,0.1311900615692138,3486.1034714358743,d1000_B501_R7_20251106_193349,2025-11-06 19:34:23,1000,40,501,193.64916731037084
20,0.0,1.0,1.0,0.0002987587067764,1.0,0.1219010353088378,3511.186218233581,d1000_B501_R7_20251106_193349,2025-11-06 19:34:23,1000,40,501,193.64916731037084
21,0.0,1.0,1.0,0.0002987587067764,1.0,0.175286054611206,3474.8096910032127,d1000_B501_R7_20251106_193349,2025-11-06 19:34:23,1000,40,501,193.64916731037084
22,0.0,1.0,1.0,0.0002987587067764,1.0,0.1073861122131347,3513.5339959068474,d1000_B501_R7_20251106_193349,2025-11-06 19:34:23,1000,40,501,193.64916731037084
23,0.0,1.0,1.0,0.0002987587067764,1.0,0.1815171241760254,3473.7889252308605,d1000_B501_R7_20251106_193349,2025-11-06 19:34:23,1000,40,501,193.64916731037084
24,0.0,1.0,1.0,0.0002987587067764,1.0,0.1152620315551757,3501.680302916584,d1000_B501_R7_20251106_193349,2025-11-06 19:34:23,1000,40,501,193.64916731037084
25,0.0,1.0,1.0,0.0002987587067764,1.0,0.1161956787109375,3526.894572230034,d1000_B501_R7_20251106_193349,2025-11-06 19:34:23,1000,40,501,193.64916731037084
26,0.0,1.0,1.0,0.0002987587067764,1.0,0.1557390689849853,3514.162708519729,d1000_B501_R7_20251106_193349,2025-11-06 19:34:23,1000,40,501,193.64916731037084
27,0.0,1.0,1.0,0.0002987587067764,1.0,0.1106131076812744,3542.325676737725,d1000_B501_R7_20251106_193349,2025-11-06 19:34:23,1000,40,501,193.64916731037084
28,0.0,1.0,1.0,0.0002987587067764,1.0,0.1006338596343994,3577.752722443107,d1000_B501_R7_20251106_193349,2025-11-06 19:34:23,1000,40,501,193.64916731037084
29,0.0,1.0,1.0,0.0002987587067764,1.0,0.1209127902984619,3593.9008913833964,d1000_B501_R7_20251106_193349,2025-11-06 19:34:23,1000,40,501,193.64916731037084
30,0.0,1.0,1.0,0.0002987587067764,1.0,0.1350679397583007,3597.3246107438413,d1000_B501_R7_20251106_193349,2025-11-06 19:34:23,1000,40,501,193.64916731037084
31,0.0,1.0,1.0,0.0002987587067764,1.0,0.1400723457336425,3596.326552236629,d1000_B501_R7_20251106_193349,2025-11-06 19:34:23,1000,40,501,193.64916731037084
32,0.0,1.0,1.0,0.0002987587067764,1.0,0.1042027473449707,3623.7869349344983,d1000_B501_R7_20251106_193349,2025-11-06 19:34:23,1000,40,501,193.64916731037084
33,0.0,1.0,1.0,0.0002987587067764,1.0,0.1320891380310058,3628.346672896247,d1000_B501_R7_20251106_193349,2025-11-06 19:34:23,1000,40,501,193.64916731037084
34,0.0,1.0,1.0,0.0002987587067764,1.0,0.1665370464324951,3606.957420885734,d1000_B501_R7_20251106_193349,2025-11-06 19:34:23,1000,40,501,193.64916731037084
35,0.0,1.0,1.0,0.0002987587067764,1.0,0.1098079681396484,3627.96039385917,d1000_B501_R7_20251106_193349,2025-11-06 19:34:23,1000,40,501,193.64916731037084
36,0.0,1.0,1.0,0.0002987587067764,1.0,0.11368989944458,3645.18535017352,d1000_B501_R7_20251106_193349,2025-11-06 19:34:23,1000,40,501,193.64916731037084
37,0.0,1.0,1.0,0.0002987587067764,1.0,0.1301138401031494,3650.135149125397,d1000_B501_R7_20251106_193349,2025-11-06 19:34:23,1000,40,501,193.64916731037084
38,0.0,1.0,1.0,0.0002987587067764,1.0,0.1395740509033203,3648.369456028053,d1000_B501_R7_20251106_193349,2025-11-06 19:34:23,1000,40,501,193.64916731037084
39,0.0,1.0,1.0,0.0002987587067764,1.0,0.1137762069702148,3663.904305036284,d1000_B501_R7_20251106_193349,2025-11-06 19:34:23,1000,40,501,193.64916731037084
40,0.0,1.0,1.0,0.0002987587067764,1.0,0.1296279430389404,3668.3992103305086,d1000_B501_R7_20251106_193349,2025-11-06 19:34:23,1000,40,501,193.64916731037084
41,0.0,1.0,1.0,0.0002987587067764,1.0,0.1247251033782959,3675.836533073141,d1000_B501_R7_20251106_193349,2025-11-06 19:34:23,1000,40,501,193.64916731037084
42,0.0,1.0,1.0,0.0002987587067764,1.0,0.1264100074768066,3681.8805065792535,d1000_B501_R7_20251106_193349,2025-11-06 19:34:23,1000,40,501,193.64916731037084
43,0.0,1.0,1.0,0.0002987587067764,1.0,0.1594710350036621,3667.4039894989055,d1000_B501_R7_20251106_193349,2025-11-06 19:34:23,1000,40,501,193.64916731037084
44,0.0,1.0,1.0,0.0002987587067764,1.0,0.1287672519683838,3671.702711335357,d1000_B501_R7_20251106_193349,2025-11-06 19:34:23,1000,40,501,193.64916731037084
45,0.0,1.0,1.0,0.0002987587067764,1.0,0.1355960369110107,3671.767063737086,d1000_B501_R7_20251106_193349,2025-11-06 19:34:23,1000,40,501,193.64916731037084
46,0.0,1.0,1.0,0.0002987587067764,1.0,0.1081519126892089,3687.777081942668,d1000_B501_R7_20251106_193349,2025-11-06 19:34:23,1000,40,501,193.64916731037084
47,0.0,1.0,1.0,0.0002987587067764,1.0,0.1271619796752929,3692.5615388467786,d1000_B501_R7_20251106_193349,2025-11-06 19:34:23,1000,40,501,193.64916731037084
48,0.0,1.0,1.0,0.0002987587067764,1.0,0.1638517379760742,3676.80805628504,d1000_B501_R7_20251106_193349,2025-11-06 19:34:23,1000,40,501,193.64916731037084
49,0.0,1.0,1.0,0.0002987587067764,1.0,0.183683156967163,3650.6200045259534,d1000_B501_R7_20251106_193349,2025-11-06 19:34:23,1000,40,501,193.64916731037084
50,0.0,1.0,1.0,0.0002987587067764,1.0,0.1249091625213623,3656.910603337388,d1000_B501_R7_20251106_193349,2025-11-06 19:34:23,1000,40,501,193.64916731037084
51,0.0,1.0,1.0,0.0002987587067764,1.0,0.110414981842041,3670.486839406051,d1000_B501_R7_20251106_193349,2025-11-06 19:34:23,1000,40,501,193.64916731037084
52,0.0,1.0,1.0,0.0002987587067764,1.0,0.1392130851745605,3668.8467476746,d1000_B501_R7_20251106_193349,2025-11-06 19:34:23,1000,40,501,193.64916731037084
53,0.0,1.0,1.0,0.0002987587067764,1.0,0.1415841579437255,3666.0243845719583,d1000_B501_R7_20251106_193349,2025-11-06 19:34:23,1000,40,501,193.64916731037084
54,0.0,1.0,1.0,0.0002987587067764,1.0,0.1428329944610595,3662.9135468258273,d1000_B501_R7_20251106_193349,2025-11-06 19:34:23,1000,40,501,193.64916731037084
55,0.0,1.0,1.0,0.0002987587067764,1.0,0.184830904006958,3639.9721529991416,d1000_B501_R7_20251106_193349,2025-11-06 19:34:23,1000,40,501,193.64916731037084
56,0.0,1.0,1.0,0.0002987587067764,1.0,0.1085851192474365,3653.108014834621,d1000_B501_R7_20251106_193349,2025-11-06 19:34:23,1000,40,501,193.64916731037084
57,0.0,1.0,1.0,0.0002987587067764,1.0,0.0990908145904541,3670.552046748895,d1000_B501_R7_20251106_193349,2025-11-06 19:34:23,1000,40,501,193.64916731037084
58,0.0,1.0,1.0,0.0002987587067764,1.0,0.1024489402770996,3686.0306835067327,d1000_B501_R7_20251106_193349,2025-11-06 19:34:23,1000,40,501,193.64916731037084
59,0.0,1.0,1.0,0.0002987587067764,1.0,0.2137439250946045,3651.059715568335,d1000_B501_R7_20251106_193349,2025-11-06 19:34:23,1000,40,501,193.64916731037084
60,0.0,1.0,1.0,0.0002987587067764,1.0,0.1351110935211181,3651.6942148498993,d1000_B501_R7_20251106_193349,2025-11-06 19:34:23,1000,40,501,193.64916731037084
61,0.0,1.0,1.0,0.0002987587067764,1.0,0.1111068725585937,3662.813922258086,d1000_B501_R7_20251106_193349,2025-11-06 19:34:23,1000,40,501,193.64916731037084
62,0.0,1.0,1.0,0.0002987587067764,1.0,0.0987970829010009,3678.926422620456,d1000_B501_R7_20251106_193349,2025-11-06 19:34:23,1000,40,501,193.64916731037084
63,0.0,1.0,1.0,0.0002987587067764,1.0,0.1559376716613769,3670.5044475943378,d1000_B501_R7_20251106_193349,2025-11-06 19:34:23,1000,40,501,193.64916731037084
64,0.0,1.0,1.0,0.0002987587067764,1.0,0.1491200923919677,3665.197289770779,d1000_B501_R7_20251106_193349,2025-11-06 19:34:23,1000,40,501,193.64916731037084
65,0.0,1.0,1.0,0.0002987587067764,1.0,0.0942499637603759,3682.367008183424,d1000_B501_R7_20251106_193349,2025-11-06 19:34:23,1000,40,501,193.64916731037084
66,0.0,1.0,1.0,0.0002987587067764,1.0,0.1365079879760742,3681.990559012137,d1000_B501_R7_20251106_193349,2025-11-06 19:34:23,1000,40,501,193.64916731037084
67,0.0,1.0,1.0,0.0002987587067764,1.0,0.2039558887481689,3655.058054707561,d1000_B501_R7_20251106_193349,2025-11-06 19:34:23,1000,40,501,193.64916731037084
68,0.0,1.0,1.0,0.0002987587067764,1.0,0.1460940837860107,3651.152202111502,d1000_B501_R7_20251106_193349,2025-11-06 19:34:23,1000,40,501,193.64916731037084
69,0.0,1.0,1.0,0.0002987587067764,1.0,0.0855879783630371,3670.77946351317,d1000_B501_R7_20251106_193349,2025-11-06 19:34:23,1000,40,501,193.64916731037084
70,0.0,1.0,1.0,0.0002987587067764,1.0,0.1172740459442138,3677.982325046617,d1000_B501_R7_20251106_193349,2025-11-06 19:34:23,1000,40,501,193.64916731037084
71,0.0,1.0,1.0,0.0002987587067764,1.0,0.1240682601928711,3682.462891996748,d1000_B501_R7_20251106_193349,2025-11-06 19:34:23,1000,40,501,193.64916731037084
72,0.0,1.0,1.0,0.0002987587067764,1.0,0.1249380111694336,3686.522228644469,d1000_B501_R7_20251106_193349,2025-11-06 19:34:23,1000,40,501,193.64916731037084
73,0.0,1.0,1.0,0.0002987587067764,1.0,0.1257359981536865,3690.169810062114,d1000_B501_R7_20251106_193349,2025-11-06 19:34:23,1000,40,501,193.64916731037084
74,0.0,1.0,1.0,0.0002987587067764,1.0,0.0972771644592285,3704.0771084441553,d1000_B501_R7_20251106_193349,2025-11-06 19:34:23,1000,40,501,193.64916731037084
75,0.0,1.0,1.0,0.0002987587067764,1.0,0.1245050430297851,3707.834394129271,d1000_B501_R7_20251106_193349,2025-11-06 19:34:23,1000,40,501,193.64916731037084
76,0.0,1.0,1.0,0.0002987587067764,1.0,0.1017117500305175,3719.690848002254,d1000_B501_R7_20251106_193349,2025-11-06 19:34:23,1000,40,501,193.64916731037084
77,0.0,1.0,1.0,0.0002987587067764,1.0,0.1148700714111328,3726.631657984343,d1000_B501_R7_20251106_193349,2025-11-06 19:34:23,1000,40,501,193.64916731037084
78,0.0,1.0,1.0,0.0002987587067764,1.0,0.1179378032684326,3732.352757769174,d1000_B501_R7_20251106_193349,2025-11-06 19:34:23,1000,40,501,193.64916731037084
79,0.0,1.0,1.0,0.0002987587067764,1.0,0.1004350185394287,3744.056289495784,d1000_B501_R7_20251106_193349,2025-11-06 19:34:23,1000,40,501,193.64916731037084
80,0.0,1.0,1.0,0.0002987587067764,1.0,0.1276910305023193,3746.0830121307654,d1000_B501_R7_20251106_193349,2025-11-06 19:34:23,1000,40,501,193.64916731037084
81,0.0,1.0,1.0,0.0002987587067764,1.0,0.112239122390747,3753.3441667957823,d1000_B501_R7_20251106_193349,2025-11-06 19:34:23,1000,40,501,193.64916731037084
82,0.0,1.0,1.0,0.0002987587067764,1.0,0.0937840938568115,3766.785487328104,d1000_B501_R7_20251106_193349,2025-11-06 19:34:23,1000,40,501,193.64916731037084
83,0.0,1.0,1.0,0.0002987587067764,1.0,0.1484811305999755,3761.491186105208,d1000_B501_R7_20251106_193349,2025-11-06 19:34:23,1000,40,501,193.64916731037084
84,0.0,1.0,1.0,0.0002987587067764,1.0,0.0897269248962402,3775.913938105807,d1000_B501_R7_20251106_193349,2025-11-06 19:34:23,1000,40,501,193.64916731037084
85,0.0,1.0,1.0,0.0002987587067764,1.0,0.1055219173431396,3784.8520691688223,d1000_B501_R7_20251106_193349,2025-11-06 19:34:23,1000,40,501,193.64916731037084
86,0.0,1.0,1.0,0.0002987587067764,1.0,0.1037740707397461,3794.2036692530623,d1000_B501_R7_20251106_193349,2025-11-06 19:34:23,1000,40,501,193.64916731037084
87,0.0,1.0,1.0,0.0002987587067764,1.0,0.142859935760498,3790.5339008986543,d1000_B501_R7_20251106_193349,2025-11-06 19:34:23,1000,40,501,193.64916731037084
88,0.0,1.0,1.0,0.0002987587067764,1.0,0.1283791065216064,3791.5435857835023,d1000_B501_R7_20251106_193349,2025-11-06 19:34:23,1000,40,501,193.64916731037084
89,0.0,1.0,1.0,0.0002987587067764,1.0,0.0909221172332763,3804.6365656028097,d1000_B501_R7_20251106_193349,2025-11-06 19:34:23,1000,40,501,193.64916731037084
90,0.0,1.0,1.0,0.0002987587067764,1.0,0.1051409244537353,3812.8557601988114,d1000_B501_R7_20251106_193349,2025-11-06 19:34:23,1000,40,501,193.64916731037084
91,0.0,1.0,1.0,0.0002987587067764,1.0,0.1340780258178711,3811.916250961759,d1000_B501_R7_20251106_193349,2025-11-06 19:34:23,1000,40,501,193.64916731037084
92,0.0,1.0,1.0,0.0002987587067764,1.0,0.1082398891448974,3819.1011072166775,d1000_B501_R7_20251106_193349,2025-11-06 19:34:23,1000,40,501,193.64916731037084
93,0.0,1.0,1.0,0.0002987587067764,1.0,0.1078732013702392,3826.2626126881414,d1000_B501_R7_20251106_193349,2025-11-06 19:34:23,1000,40,501,193.64916731037084
94,0.0,1.0,1.0,0.0002987587067764,1.0,0.1159188747406005,3830.8276367330864,d1000_B501_R7_20251106_193349,2025-11-06 19:34:23,1000,40,501,193.64916731037084
95,0.0,1.0,1.0,0.0002987587067764,1.0,0.0903460979461669,3843.112726521223,d1000_B501_R7_20251106_193349,2025-11-06 19:34:23,1000,40,501,193.64916731037084
96,0.0,1.0,1.0,0.0002987587067764,1.0,0.1217942237854003,3845.6549458520417,d1000_B501_R7_20251106_193349,2025-11-06 19:34:23,1000,40,501,193.64916731037084
97,0.0,1.0,1.0,0.0002987587067764,1.0,0.1098277568817138,3851.699495526194,d1000_B501_R7_20251106_193349,2025-11-06 19:34:23,1000,40,501,193.64916731037084
98,0.0,1.0,1.0,0.0002987587067764,1.0,0.1600887775421142,3842.6305205886974,d1000_B501_R7_20251106_193349,2025-11-06 19:34:23,1000,40,501,193.64916731037084
99,0.0,1.0,1.0,0.0002987587067764,1.0,0.1220588684082031,3845.009380020584,d1000_B501_R7_20251106_193349,2025-11-06 19:34:23,1000,40,501,193.64916731037084
100,0.0,1.0,1.0,0.0002987587067764,1.0,0.1146259307861328,3849.5254079297374,d1000_B501_R7_20251106_193349,2025-11-06 19:34:23,1000,40,501,193.64916731037084
101,0.0,1.0,1.0,0.0002987587067764,1.0,0.1134288311004638,3854.244287477923,d1000_B501_R7_20251106_193349,2025-11-06 19:34:23,1000,40,501,193.64916731037084
102,0.0,1.0,1.0,0.0002987587067764,1.0,0.1472330093383789,3849.2169934549393,d1000_B501_R7_20251106_193349,2025-11-06 19:34:23,1000,40,501,193.64916731037084
103,0.0,1.0,1.0,0.0002987587067764,1.0,0.0910482406616211,3860.3112815319305,d1000_B501_R7_20251106_193349,2025-11-06 19:34:23,1000,40,501,193.64916731037084
104,0.0,1.0,1.0,0.0002987587067764,1.0,0.0819182395935058,3873.775495694568,d1000_B501_R7_20251106_193349,2025-11-06 19:34:23,1000,40,501,193.64916731037084
105,0.0,1.0,1.0,0.0002987587067764,1.0,0.0901036262512207,3884.804481357176,d1000_B501_R7_20251106_193349,2025-11-06 19:34:23,1000,40,501,193.64916731037084
106,0.0,1.0,1.0,0.0002987587067764,1.0,0.0838737487792968,3897.487568670658,d1000_B501_R7_20251106_193349,2025-11-06 19:34:23,1000,40,501,193.64916731037084
107,0.0,1.0,1.0,0.0002987587067764,1.0,0.0964069366455078,3906.4910953866374,d1000_B501_R7_20251106_193349,2025-11-06 19:34:23,1000,40,501,193.64916731037084
108,0.0,1.0,1.0,0.0002987587067764,1.0,0.1002240180969238,3914.272023604156,d1000_B501_R7_20251106_193349,2025-11-06 19:34:23,1000,40,501,193.64916731037084
109,0.0,1.0,1.0,0.0002987587067764,1.0,0.1074769496917724,3919.844537157677,d1000_B501_R7_20251106_193349,2025-11-06 19:34:23,1000,40,501,193.64916731037084
110,0.0,1.0,1.0,0.0002987587067764,1.0,0.0893120765686035,3930.433994660562,d1000_B501_R7_20251106_193349,2025-11-06 19:34:23,1000,40,501,193.64916731037084
111,0.0,1.0,1.0,0.0002987587067764,1.0,0.108889102935791,3935.4576737715306,d1000_B501_R7_20251106_193349,2025-11-06 19:34:23,1000,40,501,193.64916731037084
112,0.0,1.0,1.0,0.0002987587067764,1.0,0.1064858436584472,3941.109651026132,d1000_B501_R7_20251106_193349,2025-11-06 19:34:23,1000,40,501,193.64916731037084
113,0.0,1.0,1.0,0.0002987587067764,1.0,0.0950729846954345,3949.77005278864,d1000_B501_R7_20251106_193349,2025-11-06 19:34:23,1000,40,501,193.64916731037084
114,0.0,1.0,1.0,0.0002987587067764,1.0,0.0936560630798339,3958.7182481587297,d1000_B501_R7_20251106_193349,2025-11-06 19:34:23,1000,40,501,193.64916731037084
115,0.0,1.0,1.0,0.0002987587067764,1.0,0.1146550178527832,3961.8628508833535,d1000_B501_R7_20251106_193349,2025-11-06 19:34:23,1000,40,501,193.64916731037084
116,0.0,1.0,1.0,0.0002987587067764,1.0,0.1208081245422363,3963.2797531489823,d1000_B501_R7_20251106_193349,2025-11-06 19:34:23,1000,40,501,193.64916731037084
117,0.0,1.0,1.0,0.0002987587067764,1.0,0.0880429744720459,3973.459996716544,d1000_B501_R7_20251106_193349,2025-11-06 19:34:23,1000,40,501,193.64916731037084
118,0.0,1.0,1.0,0.0002987587067764,1.0,0.1115520000457763,3977.2572550369614,d1000_B501_R7_20251106_193349,2025-11-06 19:34:23,1000,40,501,193.64916731037084
119,0.0,1.0,1.0,0.0002987587067764,1.0,0.0749199390411377,3990.6565228821655,d1000_B501_R7_20251106_193349,2025-11-06 19:34:23,1000,40,501,193.64916731037084
120,0.0,1.0,1.0,0.0002987587067764,1.0,0.0780081748962402,4003.0930300106847,d1000_B501_R7_20251106_193349,2025-11-06 19:34:23,1000,40,501,193.64916731037084
121,0.0,1.0,1.0,0.0002987587067764,1.0,0.0860347747802734,4013.334913759972,d1000_B501_R7_20251106_193349,2025-11-06 19:34:23,1000,40,501,193.64916731037084
122,0.0,1.0,1.0,0.0002987587067764,1.0,0.1036047935485839,4018.83239807242,d1000_B501_R7_20251106_193349,2025-11-06 19:34:23,1000,40,501,193.64916731037084
123,0.0,1.0,1.0,0.0002987587067764,1.0,0.0876438617706298,4028.434549708508,d1000_B501_R7_20251106_193349,2025-11-06 19:34:23,1000,40,501,193.64916731037084
124,0.0,1.0,1.0,0.0002987587067764,1.0,0.0830388069152832,4039.118332545377,d1000_B501_R7_20251106_193349,2025-11-06 19:34:23,1000,40,501,193.64916731037084
125,0.0,1.0,1.0,0.0002987587067764,1.0,0.1003308296203613,4045.211744278707,d1000_B501_R7_20251106_193349,2025-11-06 19:34:23,1000,40,501,193.64916731037084
126,0.0,1.0,1.0,0.0002987587067764,1.0,0.1007139682769775,4051.093357920836,d1000_B501_R7_20251106_193349,2025-11-06 19:34:23,1000,40,501,193.64916731037084
127,0.0,1.0,1.0,0.0002987587067764,1.0,0.1057887077331543,4055.566906293406,d1000_B501_R7_20251106_193349,2025-11-06 19:34:23,1000,40,501,193.64916731037084
128,0.0,1.0,1.0,0.0002987587067764,1.0,0.0824179649353027,4065.9638873141935,d1000_B501_R7_20251106_193349,2025-11-06 19:34:23,1000,40,501,193.64916731037084
129,0.0,1.0,1.0,0.0002987587067764,1.0,0.1062719821929931,4070.228099038003,d1000_B501_R7_20251106_193349,2025-11-06 19:34:23,1000,40,501,193.64916731037084
130,0.0,1.0,1.0,0.0002987587067764,1.0,0.1056320667266845,4074.492948486809,d1000_B501_R7_20251106_193349,2025-11-06 19:34:23,1000,40,501,193.64916731037084
131,0.0,1.0,1.0,0.0002987587067764,1.0,0.1011281013488769,4079.899381773505,d1000_B501_R7_20251106_193349,2025-11-06 19:34:23,1000,40,501,193.64916731037084
132,0.0,1.0,1.0,0.0002987587067764,1.0,0.0858287811279296,4089.093890318919,d1000_B501_R7_20251106_193349,2025-11-06 19:34:23,1000,40,501,193.64916731037084
133,0.0,1.0,1.0,0.0002987587067764,1.0,0.1000759601593017,4094.632089241504,d1000_B501_R7_20251106_193349,2025-11-06 19:34:23,1000,40,501,193.64916731037084
134,0.0,1.0,1.0,0.0002987587067764,1.0,0.0868158340454101,4103.374293438689,d1000_B501_R7_20251106_193349,2025-11-06 19:34:23,1000,40,501,193.64916731037084
135,0.0,1.0,1.0,0.0002987587067764,1.0,0.1065998077392578,4107.136808598146,d1000_B501_R7_20251106_193349,2025-11-06 19:34:23,1000,40,501,193.64916731037084
136,0.0,1.0,1.0,0.0002987587067764,1.0,0.0795099735260009,4117.515518043981,d1000_B501_R7_20251106_193349,2025-11-06 19:34:23,1000,40,501,193.64916731037084
137,0.0,1.0,1.0,0.0002987587067764,1.0,0.1075997352600097,4120.87273948041,d1000_B501_R7_20251106_193349,2025-11-06 19:34:23,1000,40,501,193.64916731037084
138,0.0,1.0,1.0,0.0002987587067764,1.0,0.127277135848999,4119.4493828677405,d1000_B501_R7_20251106_193349,2025-11-06 19:34:23,1000,40,501,193.64916731037084
139,0.0,1.0,1.0,0.0002987587067764,1.0,0.0914738178253173,4126.716630321756,d1000_B501_R7_20251106_193349,2025-11-06 19:34:23,1000,40,501,193.64916731037084
140,0.0,1.0,1.0,0.0002987587067764,1.0,0.0850570201873779,4135.436854589573,d1000_B501_R7_20251106_193349,2025-11-06 19:34:23,1000,40,501,193.64916731037084
141,0.0,1.0,1.0,0.0002987587067764,1.0,0.0758881568908691,4146.305999929466,d1000_B501_R7_20251106_193349,2025-11-06 19:34:23,1000,40,501,193.64916731037084
142,0.0,1.0,1.0,0.0002987587067764,1.0,0.102982759475708,4150.543209431816,d1000_B501_R7_20251106_193349,2025-11-06 19:34:23,1000,40,501,193.64916731037084
143,0.0,1.0,1.0,0.0002987587067764,1.0,0.0919971466064453,4157.3229344480205,d1000_B501_R7_20251106_193349,2025-11-06 19:34:23,1000,40,501,193.64916731037084
144,0.0,1.0,1.0,0.0002987587067764,1.0,0.0873520374298095,4165.158668449898,d1000_B501_R7_20251106_193349,2025-11-06 19:34:23,1000,40,501,193.64916731037084
145,0.0,1.0,1.0,0.0002987587067764,1.0,0.0965771675109863,4170.674284386242,d1000_B501_R7_20251106_193349,2025-11-06 19:34:23,1000,40,501,193.64916731037084
146,0.0,1.0,1.0,0.0002987587067764,1.0,0.087228775024414,4178.407080707095,d1000_B501_R7_20251106_193349,2025-11-06 19:34:23,1000,40,501,193.64916731037084
147,0.0,1.0,1.0,0.0002987587067764,1.0,0.0880177021026611,4185.883006900074,d1000_B501_R7_20251106_193349,2025-11-06 19:34:23,1000,40,501,193.64916731037084
148,0.0,1.0,1.0,0.0002987587067764,1.0,0.0851278305053711,4193.967354467066,d1000_B501_R7_20251106_193349,2025-11-06 19:34:23,1000,40,501,193.64916731037084
149,0.0,1.0,1.0,0.0002987587067764,1.0,0.1096510887145996,4196.222592259082,d1000_B501_R7_20251106_193349,2025-11-06 19:34:23,1000,40,501,193.64916731037084
150,0.0,1.0,1.0,0.0002987587067764,1.0,0.0855598449707031,4204.027706971259,d1000_B501_R7_20251106_193349,2025-11-06 19:34:23,1000,40,501,193.64916731037084
151,0.0,1.0,1.0,0.0002987587067764,1.0,0.1134371757507324,4205.248015488149,d1000_B501_R7_20251106_193349,2025-11-06 19:34:23,1000,40,501,193.64916731037084
152,0.0,1.0,1.0,0.0002987587067764,1.0,0.0842578411102294,4213.251953674119,d1000_B501_R7_20251106_193349,2025-11-06 19:34:23,1000,40,501,193.64916731037084
153,0.0,1.0,1.0,0.0002987587067764,1.0,0.0854420661926269,4220.879390594995,d1000_B501_R7_20251106_193349,2025-11-06 19:34:23,1000,40,501,193.64916731037084
154,0.0,1.0,1.0,0.0002987587067764,1.0,0.1204800605773925,4220.437943061291,d1000_B501_R7_20251106_193349,2025-11-06 19:34:23,1000,40,501,193.64916731037084
155,0.0,1.0,1.0,0.0002987587067764,1.0,0.1008410453796386,4224.481889827463,d1000_B501_R7_20251106_193349,2025-11-06 19:34:23,1000,40,501,193.64916731037084
156,0.0,1.0,1.0,0.0002987587067764,1.0,0.0794088840484619,4233.345100420942,d1000_B501_R7_20251106_193349,2025-11-06 19:34:23,1000,40,501,193.64916731037084
157,0.0,1.0,1.0,0.0002987587067764,1.0,0.1164700984954834,4233.717774171406,d1000_B501_R7_20251106_193349,2025-11-06 19:34:23,1000,40,501,193.64916731037084
158,0.0,1.0,1.0,0.0002987587067764,1.0,0.0818808078765869,4241.890881169083,d1000_B501_R7_20251106_193349,2025-11-06 19:34:23,1000,40,501,193.64916731037084
159,0.0,1.0,1.0,0.0002987587067764,1.0,0.1112980842590332,4243.111640868586,d1000_B501_R7_20251106_193349,2025-11-06 19:34:23,1000,40,501,193.64916731037084
160,0.0,1.0,1.0,0.0002987587067764,1.0,0.0851378440856933,4250.443355872801,d1000_B501_R7_20251106_193349,2025-11-06 19:34:23,1000,40,501,193.64916731037084
161,0.0,1.0,1.0,0.0002987587067764,1.0,0.1050193309783935,4253.253659718293,d1000_B501_R7_20251106_193349,2025-11-06 19:34:23,1000,40,501,193.64916731037084
162,0.0,1.0,1.0,0.0002987587067764,1.0,0.1128077507019043,4254.242860823211,d1000_B501_R7_20251106_193349,2025-11-06 19:34:23,1000,40,501,193.64916731037084
163,0.0,1.0,1.0,0.0002987587067764,1.0,0.0966799259185791,4258.844012059587,d1000_B501_R7_20251106_193349,2025-11-06 19:34:23,1000,40,501,193.64916731037084
164,0.0,1.0,1.0,0.0002987587067764,1.0,0.09340500831604,4264.12621027286,d1000_B501_R7_20251106_193349,2025-11-06 19:34:23,1000,40,501,193.64916731037084
165,0.0,1.0,1.0,0.0002987587067764,1.0,0.0902090072631836,4270.046416661755,d1000_B501_R7_20251106_193349,2025-11-06 19:34:23,1000,40,501,193.64916731037084
166,0.0,1.0,1.0,0.0002987587067764,1.0,0.0768461227416992,4278.8399714917,d1000_B501_R7_20251106_193349,2025-11-06 19:34:23,1000,40,501,193.64916731037084
167,0.0,1.0,1.0,0.0002987587067764,1.0,0.0953528881072998,4283.541651981255,d1000_B501_R7_20251106_193349,2025-11-06 19:34:23,1000,40,501,193.64916731037084
168,0.0,1.0,1.0,0.0002987587067764,1.0,0.0978407859802246,4287.650603385414,d1000_B501_R7_20251106_193349,2025-11-06 19:34:23,1000,40,501,193.64916731037084
169,0.0,1.0,1.0,0.0002987587067764,1.0,0.0822577476501464,4295.084886417472,d1000_B501_R7_20251106_193349,2025-11-06 19:34:23,1000,40,501,193.64916731037084
170,0.0,1.0,1.0,0.0002987587067764,1.0,0.0900449752807617,4300.788153199982,d1000_B501_R7_20251106_193349,2025-11-06 19:34:23,1000,40,501,193.64916731037084
171,0.0,1.0,1.0,0.0002987587067764,1.0,0.1024110317230224,4303.760364878424,d1000_B501_R7_20251106_193349,2025-11-06 19:34:23,1000,40,501,193.64916731037084
172,0.0,1.0,1.0,0.0002987587067764,1.0,0.1135869026184082,4304.313060401758,d1000_B501_R7_20251106_193349,2025-11-06 19:34:23,1000,40,501,193.64916731037084
173,0.0,1.0,1.0,0.0002987587067764,1.0,0.0838479995727539,4311.172511087082,d1000_B501_R7_20251106_193349,2025-11-06 19:34:23,1000,40,501,193.64916731037084
174,0.0,1.0,1.0,0.0002987587067764,1.0,0.0930209159851074,4316.053329423557,d1000_B501_R7_20251106_193349,2025-11-06 19:34:23,1000,40,501,193.64916731037084
175,0.0,1.0,1.0,0.0002987587067764,1.0,0.1069159507751464,4317.946096657899,d1000_B501_R7_20251106_193349,2025-11-06 19:34:23,1000,40,501,193.64916731037084
176,0.0,1.0,1.0,0.0002987587067764,1.0,0.0846362113952636,4324.503412128354,d1000_B501_R7_20251106_193349,2025-11-06 19:34:23,1000,40,501,193.64916731037084
177,0.0,1.0,1.0,0.0002987587067764,1.0,0.1456770896911621,4318.23080321525,d1000_B501_R7_20251106_193349,2025-11-06 19:34:23,1000,40,501,193.64916731037084
178,0.0,1.0,1.0,0.0002987587067764,1.0,0.0825800895690918,4325.153506278919,d1000_B501_R7_20251106_193349,2025-11-06 19:34:23,1000,40,501,193.64916731037084
179,0.0,1.0,1.0,0.0002987587067764,1.0,0.0878798961639404,4330.923455865971,d1000_B501_R7_20251106_193349,2025-11-06 19:34:23,1000,40,501,193.64916731037084
180,0.0,1.0,1.0,0.0002987587067764,1.0,0.1054389476776123,4333.003992490626,d1000_B501_R7_20251106_193349,2025-11-06 19:34:23,1000,40,501,193.64916731037084
181,0.0,1.0,1.0,0.0002987587067764,1.0,0.1079819202423095,4334.398841981359,d1000_B501_R7_20251106_193349,2025-11-06 19:34:23,1000,40,501,193.64916731037084
182,0.0,1.0,1.0,0.0002987587067764,1.0,0.0824031829833984,4341.109868763923,d1000_B501_R7_20251106_193349,2025-11-06 19:34:23,1000,40,501,193.64916731037084
183,0.0,1.0,1.0,0.0002987587067764,1.0,0.1178491115570068,4340.561338824937,d1000_B501_R7_20251106_193349,2025-11-06 19:34:23,1000,40,501,193.64916731037084
184,0.0,1.0,1.0,0.0002987587067764,1.0,0.0906271934509277,4345.563119542553,d1000_B501_R7_20251106_193349,2025-11-06 19:34:23,1000,40,501,193.64916731037084
185,0.0,1.0,1.0,0.0002987587067764,1.0,0.1242821216583252,4343.6914479568195,d1000_B501_R7_20251106_193349,2025-11-06 19:34:23,1000,40,501,193.64916731037084
186,0.0,1.0,1.0,0.0002987587067764,1.0,0.0907058715820312,4348.618188605395,d1000_B501_R7_20251106_193349,2025-11-06 19:34:23,1000,40,501,193.64916731037084
187,0.0,1.0,1.0,0.0002987587067764,1.0,0.0720860958099365,4357.19075862821,d1000_B501_R7_20251106_193349,2025-11-06 19:34:23,1000,40,501,193.64916731037084
188,0.0,1.0,1.0,0.0002987587067764,1.0,0.0675930976867675,4366.5687310939675,d1000_B501_R7_20251106_193349,2025-11-06 19:34:23,1000,40,501,193.64916731037084
189,0.0,1.0,1.0,0.0002987587067764,1.0,0.123025894165039,4364.856873255886,d1000_B501_R7_20251106_193349,2025-11-06 19:34:23,1000,40,501,193.64916731037084
190,0.0,1.0,1.0,0.0002987587067764,1.0,0.1030750274658203,4367.14240847202,d1000_B501_R7_20251106_193349,2025-11-06 19:34:23,1000,40,501,193.64916731037084
191,0.0,1.0,1.0,0.0002987587067764,1.0,0.104158878326416,4369.189967255752,d1000_B501_R7_20251106_193349,2025-11-06 19:34:23,1000,40,501,193.64916731037084
192,0.0,1.0,1.0,0.0002987587067764,1.0,0.1450927257537841,4363.127472785955,d1000_B501_R7_20251106_193349,2025-11-06 19:34:23,1000,40,501,193.64916731037084
193,0.0,1.0,1.0,0.0002987587067764,1.0,0.0983293056488037,4366.321169013069,d1000_B501_R7_20251106_193349,2025-11-06 19:34:23,1000,40,501,193.64916731037084
194,0.0,1.0,1.0,0.0002987587067764,1.0,0.1183156967163086,4365.575079836975,d1000_B501_R7_20251106_193349,2025-11-06 19:34:23,1000,40,501,193.64916731037084
195,0.0,1.0,1.0,0.0002987587067764,1.0,0.0936090946197509,4369.644785617606,d1000_B501_R7_20251106_193349,2025-11-06 19:34:23,1000,40,501,193.64916731037084
196,0.0,1.0,1.0,0.0002987587067764,1.0,0.0963070392608642,4373.147555094747,d1000_B501_R7_20251106_193349,2025-11-06 19:34:23,1000,40,501,193.64916731037084
197,0.0,1.0,1.0,0.0002987587067764,1.0,0.092736005783081,4377.279471194776,d1000_B501_R7_20251106_193349,2025-11-06 19:34:23,1000,40,501,193.64916731037084
198,0.0,1.0,1.0,0.0002987587067764,1.0,0.1062209606170654,4378.795667549771,d1000_B501_R7_20251106_193349,2025-11-06 19:34:23,1000,40,501,193.64916731037084
199,0.0,1.0,1.0,0.0002987587067764,1.0,0.0875768661499023,4383.861332757316,d1000_B501_R7_20251106_193349,2025-11-06 19:34:23,1000,40,501,193.64916731037084
200,0.0,1.0,1.0,0.0002987587067764,1.0,0.0716910362243652,4391.933414903784,d1000_B501_R7_20251106_193349,2025-11-06 19:34:23,1000,40,501,193.64916731037084
201,0.0,1.0,1.0,0.0002987587067764,1.0,0.1213722229003906,4390.485314919755,d1000_B501_R7_20251106_193349,2025-11-06 19:34:23,1000,40,501,193.64916731037084
202,0.0,1.0,1.0,0.0002987587067764,1.0,0.1002213954925537,4393.049954730525,d1000_B501_R7_20251106_193349,2025-11-06 19:34:23,1000,40,501,193.64916731037084
203,0.0,1.0,1.0,0.0002987587067764,1.0,0.0980641841888427,4396.039204282764,d1000_B501_R7_20251106_193349,2025-11-06 19:34:23,1000,40,501,193.64916731037084
204,0.0,1.0,1.0,0.0002987587067764,1.0,0.1055490970611572,4397.57597085294,d1000_B501_R7_20251106_193349,2025-11-06 19:34:23,1000,40,501,193.64916731037084
205,0.0,1.0,1.0,0.0002987587067764,1.0,0.1157770156860351,4397.180275819115,d1000_B501_R7_20251106_193349,2025-11-06 19:34:23,1000,40,501,193.64916731037084
206,0.0,1.0,1.0,0.0002987587067764,1.0,0.0967071056365966,4400.348080826155,d1000_B501_R7_20251106_193349,2025-11-06 19:34:23,1000,40,501,193.64916731037084
207,0.0,1.0,1.0,0.0002987587067764,1.0,0.0922579765319824,4404.264885861047,d1000_B501_R7_20251106_193349,2025-11-06 19:34:23,1000,40,501,193.64916731037084
208,0.0,1.0,1.0,0.0002987587067764,1.0,0.1325199604034423,4400.700814627106,d1000_B501_R7_20251106_193349,2025-11-06 19:34:23,1000,40,501,193.64916731037084
209,0.0,1.0,1.0,0.0002987587067764,1.0,0.1018478870391845,4402.630086724633,d1000_B501_R7_20251106_193349,2025-11-06 19:34:23,1000,40,501,193.64916731037084
210,0.0,1.0,1.0,0.0002987587067764,1.0,0.1166560649871826,4402.010555475258,d1000_B501_R7_20251106_193349,2025-11-06 19:34:23,1000,40,501,193.64916731037084
211,0.0,1.0,1.0,0.0002987587067764,1.0,0.083921194076538,4407.418136780008,d1000_B501_R7_20251106_193349,2025-11-06 19:34:23,1000,40,501,193.64916731037084
212,0.0,1.0,1.0,0.0002987587067764,1.0,0.1032402515411377,4409.280568367163,d1000_B501_R7_20251106_193349,2025-11-06 19:34:23,1000,40,501,193.64916731037084
213,0.0,1.0,1.0,0.0002987587067764,1.0,0.1047441959381103,4410.84937025834,d1000_B501_R7_20251106_193349,2025-11-06 19:34:23,1000,40,501,193.64916731037084
214,0.0,1.0,1.0,0.0002987587067764,1.0,0.0817759037017822,4416.44876952842,d1000_B501_R7_20251106_193349,2025-11-06 19:34:23,1000,40,501,193.64916731037084
215,0.0,1.0,1.0,0.0002987587067764,1.0,0.0829749107360839,4421.914592247567,d1000_B501_R7_20251106_193349,2025-11-06 19:34:23,1000,40,501,193.64916731037084
216,0.0,1.0,1.0,0.0002987587067764,1.0,0.0838379859924316,4427.190715990136,d1000_B501_R7_20251106_193349,2025-11-06 19:34:23,1000,40,501,193.64916731037084
217,0.0,1.0,1.0,0.0002987587067764,1.0,0.0861001014709472,4431.955297237981,d1000_B501_R7_20251106_193349,2025-11-06 19:34:23,1000,40,501,193.64916731037084
218,0.0,1.0,1.0,0.0002987587067764,1.0,0.1161999702453613,4431.323016130918,d1000_B501_R7_20251106_193349,2025-11-06 19:34:23,1000,40,501,193.64916731037084
219,0.0,1.0,1.0,0.0002987587067764,1.0,0.1031486988067627,4433.034660681288,d1000_B501_R7_20251106_193349,2025-11-06 19:34:23,1000,40,501,193.64916731037084
220,0.0,1.0,1.0,0.0002987587067764,1.0,0.1253471374511718,4430.733858829048,d1000_B501_R7_20251106_193349,2025-11-06 19:34:23,1000,40,501,193.64916731037084
221,0.0,1.0,1.0,0.0002987587067764,1.0,0.0886459350585937,4435.005339635663,d1000_B501_R7_20251106_193349,2025-11-06 19:34:23,1000,40,501,193.64916731037084
222,0.0,1.0,1.0,0.0002987587067764,1.0,0.1027531623840332,4436.7658283225255,d1000_B501_R7_20251106_193349,2025-11-06 19:34:23,1000,40,501,193.64916731037084
223,0.0,1.0,1.0,0.0002987587067764,1.0,0.0918102264404296,4440.42503504594,d1000_B501_R7_20251106_193349,2025-11-06 19:34:23,1000,40,501,193.64916731037084
224,0.0,1.0,1.0,0.0002987587067764,1.0,0.1098377704620361,4440.877472522874,d1000_B501_R7_20251106_193349,2025-11-06 19:34:23,1000,40,501,193.64916731037084
225,0.0,1.0,1.0,0.0002987587067764,1.0,0.0801961421966552,4446.532418460091,d1000_B501_R7_20251106_193349,2025-11-06 19:34:23,1000,40,501,193.64916731037084
226,0.0,1.0,1.0,0.0002987587067764,1.0,0.1543798446655273,4439.232393045794,d1000_B501_R7_20251106_193349,2025-11-06 19:34:23,1000,40,501,193.64916731037084
227,0.0,1.0,1.0,0.0002987587067764,1.0,0.0781528949737548,4445.161300759449,d1000_B501_R7_20251106_193349,2025-11-06 19:34:23,1000,40,501,193.64916731037084
228,0.0,1.0,1.0,0.0002987587067764,1.0,0.0997781753540039,4447.348759674133,d1000_B501_R7_20251106_193349,2025-11-06 19:34:23,1000,40,501,193.64916731037084
229,0.0,1.0,1.0,0.0002987587067764,1.0,0.0822198390960693,4452.545166704873,d1000_B501_R7_20251106_193349,2025-11-06 19:34:23,1000,40,501,193.64916731037084
230,0.0,1.0,1.0,0.0002987587067764,1.0,0.0953831672668457,4455.435090724013,d1000_B501_R7_20251106_193349,2025-11-06 19:34:23,1000,40,501,193.64916731037084
231,0.0,1.0,1.0,0.0002987587067764,1.0,0.1101999282836914,4455.727984209044,d1000_B501_R7_20251106_193349,2025-11-06 19:34:23,1000,40,501,193.64916731037084
232,0.0,1.0,1.0,0.0002987587067764,1.0,0.0954248905181884,4458.585933549202,d1000_B501_R7_20251106_193349,2025-11-06 19:34:23,1000,40,501,193.64916731037084
233,0.0,1.0,1.0,0.0002987587067764,1.0,0.0963771343231201,4461.2618947672845,d1000_B501_R7_20251106_193349,2025-11-06 19:34:23,1000,40,501,193.64916731037084
234,0.0,1.0,1.0,0.0002987587067764,1.0,0.1065390110015869,4462.136570355123,d1000_B501_R7_20251106_193349,2025-11-06 19:34:23,1000,40,501,193.64916731037084
235,0.0,1.0,1.0,0.0002987587067764,1.0,0.100489854812622,4464.081369219748,d1000_B501_R7_20251106_193349,2025-11-06 19:34:23,1000,40,501,193.64916731037084
236,0.0,1.0,1.0,0.0002987587067764,1.0,0.0973098278045654,4466.5252008606,d1000_B501_R7_20251106_193349,2025-11-06 19:34:23,1000,40,501,193.64916731037084
237,0.0,1.0,1.0,0.0002987587067764,1.0,0.082676887512207,4471.416031697424,d1000_B501_R7_20251106_193349,2025-11-06 19:34:23,1000,40,501,193.64916731037084
238,0.0,1.0,1.0,0.0002987587067764,1.0,0.1069190502166748,4472.234200700791,d1000_B501_R7_20251106_193349,2025-11-06 19:34:23,1000,40,501,193.64916731037084
239,0.0,1.0,1.0,0.0002987587067764,1.0,0.1072981357574462,4472.976142542028,d1000_B501_R7_20251106_193349,2025-11-06 19:34:23,1000,40,501,193.64916731037084
240,0.0,1.0,1.0,0.0002987587067764,1.0,0.0847859382629394,4477.46327020916,d1000_B501_R7_20251106_193349,2025-11-06 19:34:23,1000,40,501,193.64916731037084
241,0.0,1.0,1.0,0.0002987587067764,1.0,0.1003668308258056,4479.292787605287,d1000_B501_R7_20251106_193349,2025-11-06 19:34:23,1000,40,501,193.64916731037084
242,0.0,1.0,1.0,0.0002987587067764,1.0,0.0816607475280761,4484.244478547245,d1000_B501_R7_20251106_193349,2025-11-06 19:34:23,1000,40,501,193.64916731037084
243,0.0,1.0,1.0,0.0002987587067764,1.0,0.0847642421722412,4488.65220415241,d1000_B501_R7_20251106_193349,2025-11-06 19:34:23,1000,40,501,193.64916731037084
244,0.0,1.0,1.0,0.0002987587067764,1.0,0.098301887512207,4490.808589857065,d1000_B501_R7_20251106_193349,2025-11-06 19:34:23,1000,40,501,193.64916731037084
245,0.0,1.0,1.0,0.0002987587067764,1.0,0.1187489032745361,4489.562083444867,d1000_B501_R7_20251106_193349,2025-11-06 19:34:23,1000,40,501,193.64916731037084
246,0.0,1.0,1.0,0.0002987587067764,1.0,0.1133158206939697,4489.256072399913,d1000_B501_R7_20251106_193349,2025-11-06 19:34:23,1000,40,501,193.64916731037084
247,0.0,1.0,1.0,0.0002987587067764,1.0,0.0867807865142822,4493.237908763869,d1000_B501_R7_20251106_193349,2025-11-06 19:34:23,1000,40,501,193.64916731037084
248,0.0,1.0,1.0,0.0002987587067764,1.0,0.111440896987915,4493.20860746687,d1000_B501_R7_20251106_193349,2025-11-06 19:34:23,1000,40,501,193.64916731037084
249,0.0,1.0,1.0,0.0002987587067764,1.0,0.0947110652923584,4495.881368754989,d1000_B501_R7_20251106_193349,2025-11-06 19:34:23,1000,40,501,193.64916731037084
250,0.0,1.0,1.0,0.0002987587067764,1.0,0.0996851921081543,4497.725365218418,d1000_B501_R7_20251106_193349,2025-11-06 19:34:23,1000,40,501,193.64916731037084
251,0.0,1.0,1.0,0.0002987587067764,1.0,0.0987751483917236,4499.679527680681,d1000_B501_R7_20251106_193349,2025-11-06 19:34:23,1000,40,501,193.64916731037084
252,0.0,1.0,1.0,0.0002987587067764,1.0,0.1018648147583007,4501.157951362862,d1000_B501_R7_20251106_193349,2025-11-06 19:34:23,1000,40,501,193.64916731037084
253,0.0,1.0,1.0,0.0002987587067764,1.0,0.1197497844696044,4499.745959409648,d1000_B501_R7_20251106_193349,2025-11-06 19:34:23,1000,40,501,193.64916731037084
254,0.0,1.0,1.0,0.0002987587067764,1.0,0.1037700176239013,4500.910474709989,d1000_B501_R7_20251106_193349,2025-11-06 19:34:23,1000,40,501,193.64916731037084
255,0.0,1.0,1.0,0.0002987587067764,1.0,0.1013350486755371,4502.434216342595,d1000_B501_R7_20251106_193349,2025-11-06 19:34:23,1000,40,501,193.64916731037084
256,0.0,1.0,1.0,0.0002987587067764,1.0,0.0926856994628906,4505.29380429376,d1000_B501_R7_20251106_193349,2025-11-06 19:34:23,1000,40,501,193.64916731037084
257,0.0,1.0,1.0,0.0002987587067764,1.0,0.0877037048339843,4508.94977418713,d1000_B501_R7_20251106_193349,2025-11-06 19:34:23,1000,40,501,193.64916731037084
258,0.0,1.0,1.0,0.0002987587067764,1.0,0.1068348884582519,4509.552807193215,d1000_B501_R7_20251106_193349,2025-11-06 19:34:23,1000,40,501,193.64916731037084
259,0.0,1.0,1.0,0.0002987587067764,1.0,0.0931048393249511,4512.334894495654,d1000_B501_R7_20251106_193349,2025-11-06 19:34:23,1000,40,501,193.64916731037084
260,0.0,1.0,1.0,0.0002987587067764,1.0,0.0989511013031005,4514.176790881842,d1000_B501_R7_20251106_193349,2025-11-06 19:34:23,1000,40,501,193.64916731037084
261,0.0,1.0,1.0,0.0002987587067764,1.0,0.0933399200439453,4516.867795418301,d1000_B501_R7_20251106_193349,2025-11-06 19:34:23,1000,40,501,193.64916731037084
262,0.0,1.0,1.0,0.0002987587067764,1.0,0.0923190116882324,4519.708983037898,d1000_B501_R7_20251106_193349,2025-11-06 19:34:23,1000,40,501,193.64916731037084
263,0.0,1.0,1.0,0.0002987587067764,1.0,0.0938429832458496,4522.306555274208,d1000_B501_R7_20251106_193349,2025-11-06 19:34:23,1000,40,501,193.64916731037084
264,0.0,1.0,1.0,0.0002987587067764,1.0,0.078373908996582,4527.268291640696,d1000_B501_R7_20251106_193349,2025-11-06 19:34:23,1000,40,501,193.64916731037084
265,0.0,1.0,1.0,0.0002987587067764,1.0,0.0886108875274658,4530.634660794741,d1000_B501_R7_20251106_193349,2025-11-06 19:34:23,1000,40,501,193.64916731037084
266,0.0,1.0,1.0,0.0002987587067764,1.0,0.1413888931274414,4525.823160127223,d1000_B501_R7_20251106_193349,2025-11-06 19:34:23,1000,40,501,193.64916731037084
267,0.0,1.0,1.0,0.0002987587067764,1.0,0.0934751033782959,4528.417159672221,d1000_B501_R7_20251106_193349,2025-11-06 19:34:23,1000,40,501,193.64916731037084
268,0.0,1.0,1.0,0.0002987587067764,1.0,0.0817620754241943,4532.764254721807,d1000_B501_R7_20251106_193349,2025-11-06 19:34:23,1000,40,501,193.64916731037084
269,0.0,1.0,1.0,0.0002987587067764,1.0,0.1114239692687988,4532.596539132733,d1000_B501_R7_20251106_193349,2025-11-06 19:34:23,1000,40,501,193.64916731037084
270,0.0,1.0,1.0,0.0002987587067764,1.0,0.0820951461791992,4536.868208550311,d1000_B501_R7_20251106_193349,2025-11-06 19:34:23,1000,40,501,193.64916731037084
271,0.0,1.0,1.0,0.0002987587067764,1.0,0.0975790023803711,4538.77231135269,d1000_B501_R7_20251106_193349,2025-11-06 19:34:23,1000,40,501,193.64916731037084
272,0.0,1.0,1.0,0.0002987587067764,1.0,0.117311954498291,4537.697626188709,d1000_B501_R7_20251106_193349,2025-11-06 19:34:23,1000,40,501,193.64916731037084
273,0.0,1.0,1.0,0.0002987587067764,1.0,0.1263930797576904,4535.249403800665,d1000_B501_R7_20251106_193349,2025-11-06 19:34:23,1000,40,501,193.64916731037084
274,0.0,1.0,1.0,0.0002987587067764,1.0,0.1125378608703613,4534.883226313654,d1000_B501_R7_20251106_193349,2025-11-06 19:34:23,1000,40,501,193.64916731037084
275,0.0,1.0,1.0,0.0002987587067764,1.0,0.0846047401428222,4538.693786346595,d1000_B501_R7_20251106_193349,2025-11-06 19:34:23,1000,40,501,193.64916731037084
276,0.0,1.0,1.0,0.0002987587067764,1.0,0.1165688037872314,4537.7327471348335,d1000_B501_R7_20251106_193349,2025-11-06 19:34:23,1000,40,501,193.64916731037084
277,0.0,1.0,1.0,0.0002987587067764,1.0,0.1050863265991211,4538.4496606508765,d1000_B501_R7_20251106_193349,2025-11-06 19:34:23,1000,40,501,193.64916731037084
278,0.0,1.0,1.0,0.0002987587067764,1.0,0.0995371341705322,4540.010577247439,d1000_B501_R7_20251106_193349,2025-11-06 19:34:23,1000,40,501,193.64916731037084
279,0.0,1.0,1.0,0.0002987587067764,1.0,0.1193139553070068,4538.664211269422,d1000_B501_R7_20251106_193349,2025-11-06 19:34:23,1000,40,501,193.64916731037084
280,0.0,1.0,1.0,0.0002987587067764,1.0,0.0992739200592041,4540.243733726031,d1000_B501_R7_20251106_193349,2025-11-06 19:34:23,1000,40,501,193.64916731037084
281,0.0,1.0,1.0,0.0002987587067764,1.0,0.1118750572204589,4539.983258547323,d1000_B501_R7_20251106_193349,2025-11-06 19:34:23,1000,40,501,193.64916731037084
282,0.0,1.0,1.0,0.0002987587067764,1.0,0.1136488914489746,4539.47008708916,d1000_B501_R7_20251106_193349,2025-11-06 19:34:23,1000,40,501,193.64916731037084
283,0.0,1.0,1.0,0.0002987587067764,1.0,0.1462140083312988,4534.244793656623,d1000_B501_R7_20251106_193349,2025-11-06 19:34:23,1000,40,501,193.64916731037084
284,0.0,1.0,1.0,0.0002987587067764,1.0,0.1291799545288086,4531.495813639663,d1000_B501_R7_20251106_193349,2025-11-06 19:34:23,1000,40,501,193.64916731037084
285,0.0,1.0,1.0,0.0002987587067764,1.0,0.1349749565124511,4527.921527373899,d1000_B501_R7_20251106_193349,2025-11-06 19:34:23,1000,40,501,193.64916731037084
286,0.0,1.0,1.0,0.0002987587067764,1.0,0.0894618034362793,4530.896102840305,d1000_B501_R7_20251106_193349,2025-11-06 19:34:23,1000,40,501,193.64916731037084
287,0.0,1.0,1.0,0.0002987587067764,1.0,0.0901789665222168,4533.75444129465,d1000_B501_R7_20251106_193349,2025-11-06 19:34:23,1000,40,501,193.64916731037084
288,0.0,1.0,1.0,0.0002987587067764,1.0,0.0957510471343994,4535.819854700282,d1000_B501_R7_20251106_193349,2025-11-06 19:34:23,1000,40,501,193.64916731037084
289,0.0,1.0,1.0,0.0002987587067764,1.0,0.0952489376068115,4537.940944495278,d1000_B501_R7_20251106_193349,2025-11-06 19:34:23,1000,40,501,193.64916731037084
290,0.0,1.0,1.0,0.0002987587067764,1.0,0.0960259437561035,4539.88958382677,d1000_B501_R7_20251106_193349,2025-11-06 19:34:23,1000,40,501,193.64916731037084
291,0.0,1.0,1.0,0.0002987587067764,1.0,0.0786468982696533,4544.304336954642,d1000_B501_R7_20251106_193349,2025-11-06 19:34:23,1000,40,501,193.64916731037084
292,0.0,1.0,1.0,0.0002987587067764,1.0,0.0916500091552734,4546.89766506694,d1000_B501_R7_20251106_193349,2025-11-06 19:34:23,1000,40,501,193.64916731037084
293,0.0,1.0,1.0,0.0002987587067764,1.0,0.1067142486572265,4547.346585236078,d1000_B501_R7_20251106_193349,2025-11-06 19:34:23,1000,40,501,193.64916731037084
294,0.0,1.0,1.0,0.0002987587067764,1.0,0.0893771648406982,4550.223768537108,d1000_B501_R7_20251106_193349,2025-11-06 19:34:23,1000,40,501,193.64916731037084
295,0.0,1.0,1.0,0.0002987587067764,1.0,0.0858192443847656,4553.598608791754,d1000_B501_R7_20251106_193349,2025-11-06 19:34:23,1000,40,501,193.64916731037084
296,0.0,1.0,1.0,0.0002987587067764,1.0,0.0775229930877685,4558.103866087332,d1000_B501_R7_20251106_193349,2025-11-06 19:34:23,1000,40,501,193.64916731037084
297,0.0,1.0,1.0,0.0002987587067764,1.0,0.1135699748992919,4557.5078042768555,d1000_B501_R7_20251106_193349,2025-11-06 19:34:23,1000,40,501,193.64916731037084
298,0.0,1.0,1.0,0.0002987587067764,1.0,0.104280948638916,4558.257717594929,d1000_B501_R7_20251106_193349,2025-11-06 19:34:23,1000,40,501,193.64916731037084
299,0.0,1.0,1.0,0.0002987587067764,1.0,0.1113519668579101,4558.030233363851,d1000_B501_R7_20251106_193349,2025-11-06 19:34:23,1000,40,501,193.64916731037084
